time,latitude,longitude,depth,mag,magType,nst,gap,dmin,rms,net,id,updated,place,type,horizontalError,depthError,magError,magNst,status,locationSource,magSource
1994-12-30T21:28:48.450Z,-5.092,103.514,99,5.1,mb,,,,1,us,usp0006qn6,2014-11-07T00:57:00.847Z,"121 km SSE of Pagar Alam, Indonesia",earthquake,,21.7,,19,reviewed,us,us
1994-12-30T03:46:35.310Z,-9.697,124.116,78.5,4.8,mb,,,,1.3,us,usp0006qm6,2014-11-07T00:57:00.717Z,"25 km NW of Soe, Indonesia",earthquake,,21.7,,4,reviewed,us,us
1994-12-29T06:15:10.280Z,-8.608,119.387,142.2,4.2,mb,,,,1.4,us,usp0006qk6,2014-11-07T00:57:00.590Z,"11 km W of Komodo, Indonesia",earthquake,,15.8,,2,reviewed,us,us
1994-12-29T04:33:53.090Z,-5.112,102.689,60.7,5.4,mb,,,,0.9,us,usp0006qk3,2022-04-28T17:19:32.470Z,"135 km SSW of Pagar Alam, Indonesia",earthquake,,11.7,,30,reviewed,us,us
1994-12-28T22:39:23.700Z,5.211,126.316,72.5,5,mb,,,,1.2,us,usp0006qjn,2014-11-07T00:57:00.531Z,"96 km ESE of Sarangani, Philippines",earthquake,,15.6,,6,reviewed,us,us
1994-12-28T15:01:47.950Z,-10.585,121.723,70.9,5.1,mb,,,,1,us,usp0006qhk,2014-11-07T00:57:00.275Z,"190 km ESE of Waingapu, Indonesia",earthquake,,9.7,,17,reviewed,us,us
1994-12-28T03:15:16.900Z,3.745,128.215,33,4.9,mb,,,,1.1,us,usp0006qgx,2014-11-07T00:57:00.141Z,"224 km N of Tobelo, Indonesia",earthquake,,,,5,reviewed,us,us
1994-12-27T21:59:50.500Z,4.295,125.924,182,4.9,mb,,,,0.8,us,usp0006qgt,2014-11-07T00:57:00.133Z,"132 km SSE of Sarangani, Philippines",earthquake,,16.7,,19,reviewed,us,us
1994-12-27T16:43:03.220Z,0.772,127.232,176,4.5,mb,,,,0.7,us,usp0006qgg,2014-11-07T00:57:00.026Z,"17 km W of Ternate, Indonesia",earthquake,,34.6,,1,reviewed,us,us
1994-12-26T13:28:25.420Z,1.212,117.98,33,4.9,mb,,,,0.6,us,usp0006qf3,2014-11-07T00:56:59.844Z,"131 km NNE of Bontang, Indonesia",earthquake,,,,7,reviewed,us,us
1994-12-25T20:17:13.870Z,-2.352,138.867,33,5.3,mw,,,,0.8,us,usp0006qen,2022-04-28T17:18:43.247Z,"198 km W of Abepura, Indonesia",earthquake,,,,,reviewed,us,hrv
1994-12-25T07:18:41.110Z,-1.625,127.267,33,4.8,mb,,,,1,us,usp0006qdx,2014-11-07T00:56:59.731Z,"250 km NNW of Ambon, Indonesia",earthquake,,,,2,reviewed,us,us
1994-12-24T21:43:04.160Z,-3.207,139.568,102,4.9,mb,,,,0.3,us,usp0006qdf,2014-11-07T00:56:59.680Z,"136 km WSW of Abepura, Indonesia",earthquake,,28.6,,4,reviewed,us,us
1994-12-24T17:46:55.930Z,5.52,127.254,112.9,4.7,mb,,,,0.4,us,usp0006qd8,2014-11-07T00:56:59.597Z,"151 km SE of Pondaguitan, Philippines",earthquake,,8.4,,11,reviewed,us,us
1994-12-24T04:57:03.570Z,-8.893,120.139,204.5,4.3,mb,,,,0.2,us,usp0006qck,2014-11-07T00:56:59.329Z,"47 km SW of Ruteng, Indonesia",earthquake,,37.6,,5,reviewed,us,us
1994-12-23T00:28:28.660Z,-4.995,133.503,33,5.4,mw,,,,1.2,us,usp0006qbc,2025-12-19T22:28:34.738Z,"108 km NE of Tual, Indonesia",earthquake,,,,,reviewed,us,hrv
1994-12-21T17:43:30.350Z,0.816,126.23,35.8,5.1,mw,,,,1,us,usp0006q9m,2022-04-28T17:18:38.315Z,"128 km W of Ternate, Indonesia",earthquake,,11.8,,,reviewed,us,hrv
1994-12-20T11:08:50.670Z,-6.134,103.933,37,5.5,mb,,,,1,us,usp0006q85,2022-04-28T17:18:32.835Z,"166 km WSW of Bandar Lampung, Indonesia",earthquake,,,,35,reviewed,us,us
1994-12-19T06:21:04.600Z,-9.415,124.331,97.4,4.5,mb,,,,1.1,us,usp0006q75,2014-11-07T00:56:58.727Z,"16 km WNW of Kefamenanu, Indonesia",earthquake,,13.6,,2,reviewed,us,us
1994-12-18T09:30:08.680Z,-10.903,123.827,87.8,4.3,mb,,,,1.2,us,usp0006q5y,2014-11-07T00:56:58.573Z,"84 km SSE of Kupang, Indonesia",earthquake,,12.5,,2,reviewed,us,us
1994-12-17T19:47:24.950Z,-4.254,134.252,33,4.5,mb,,,,1.2,us,usp0006q5b,2014-11-07T00:56:58.447Z,"170 km SW of Nabire, Indonesia",earthquake,,,,2,reviewed,us,us
1994-12-17T13:55:50.170Z,-4.745,103.227,33,5.4,mb,,,,1.1,us,usp0006q50,2014-11-07T00:56:58.406Z,"79 km S of Pagar Alam, Indonesia",earthquake,,,,16,reviewed,us,us
1994-12-17T13:11:38.830Z,-3.307,135.804,33,4.6,mb,,,,1.5,us,usp0006q4x,2014-11-07T00:56:58.390Z,"34 km E of Nabire, Indonesia",earthquake,,,,4,reviewed,us,us
1994-12-17T00:41:51.510Z,-0.231,124.331,70,4.5,mb,,,,1.6,us,usp0006q4a,2014-11-07T00:56:58.306Z,"164 km ESE of Gorontalo, Indonesia",earthquake,,34.2,,4,reviewed,us,us
1994-12-15T23:56:11.470Z,-3.262,139.842,114.4,5.8,mw,,,,0.9,us,usp0006q38,2022-04-28T17:18:12.150Z,"114 km SW of Abepura, Indonesia",earthquake,,,,,reviewed,us,hrv
1994-12-15T15:08:10.790Z,1.864,120.717,28.5,5,mb,,,,0.8,us,usp0006q30,2014-11-07T00:56:58.153Z,"299 km WNW of Gorontalo, Indonesia",earthquake,,,,14,reviewed,us,us
1994-12-14T19:44:31.010Z,2.729,128.158,56.2,5.7,mw,,,,1.3,us,usp0006q22,2022-04-28T17:18:00.855Z,"111 km N of Tobelo, Indonesia",earthquake,,,,,reviewed,us,hrv
1994-12-14T17:33:30.100Z,-8.468,128.713,186.9,4.8,mb,,,,0.9,us,usp0006q20,2014-11-07T00:56:57.914Z,"Timor Sea",earthquake,,30,,6,reviewed,us,us
1994-12-14T01:51:00.470Z,5.58,126.341,102.8,5,mb,,,,0.9,us,usp0006q14,2014-11-07T00:56:57.773Z,"86 km ESE of Caburan, Philippines",earthquake,,7.1,,11,reviewed,us,us
1994-12-13T20:27:47.630Z,-3.166,130.534,25,5.5,mw,,,,1.4,us,usp0006q0x,2022-04-28T17:17:49.809Z,"180 km E of Amahai, Indonesia",earthquake,,,,,reviewed,us,hrv
1994-12-12T14:52:53.310Z,-9.975,119.199,25.9,5.6,mw,,,,1.3,us,usp0006pz1,2022-04-28T17:17:31.333Z,"122 km WSW of Waingapu, Indonesia",earthquake,,,,,reviewed,us,hrv
1994-12-11T02:25:46.340Z,-5.829,104.661,51.3,5.2,mw,,,,1,us,usp0006px1,2022-04-28T17:17:19.402Z,"79 km WSW of Bandar Lampung, Indonesia",earthquake,,,,,reviewed,us,hrv
1994-12-10T19:04:16.990Z,-10.356,120.208,33,3.9,mb,,,,1,us,usp0006pwt,2014-11-07T00:56:57.143Z,"77 km S of Waingapu, Indonesia",earthquake,,,,3,reviewed,us,us
1994-12-10T11:19:19.250Z,5.767,126.331,106.3,5.1,mb,,,,0.9,us,usp0006pw7,2014-11-07T00:56:56.974Z,"67 km SSE of Pondaguitan, Philippines",earthquake,,5.9,,21,reviewed,us,us
1994-12-10T02:12:20.620Z,-6.172,103.653,80,5.2,mb,,,,0.8,us,usp0006pvm,2014-11-07T00:56:56.586Z,"196 km WSW of Bandar Lampung, Indonesia",earthquake,,,,7,reviewed,us,us
1994-12-09T04:28:55.080Z,-10.343,119.227,33,4.6,mb,,,,1.4,us,usp0006pu6,2014-11-07T00:56:56.148Z,"136 km WSW of Waingapu, Indonesia",earthquake,,,,2,reviewed,us,us
1994-12-09T00:50:50.220Z,-1.077,100.294,86.8,5.2,mb,,,,1,us,usp0006pu4,2014-11-07T00:56:56.129Z,"15 km SSW of Padang, Indonesia",earthquake,,5.6,,38,reviewed,us,us
1994-12-08T23:20:48.240Z,4.382,127.191,10,4.9,mb,,,,0.5,us,usp0006pu1,2014-11-07T00:56:56.121Z,"222 km ESE of Sarangani, Philippines",earthquake,,,,1,reviewed,us,us
1994-12-08T16:35:29.830Z,2.706,126.868,71,5.1,mb,,,,1.1,us,usp0006ptm,2014-11-07T00:56:56.043Z,"166 km NW of Tobelo, Indonesia",earthquake,,26.9,,5,reviewed,us,us
1994-12-08T13:00:09.640Z,3.062,126.92,33,4.9,mb,,,,1.5,us,usp0006pt9,2014-11-07T00:56:56.008Z,"190 km NW of Tobelo, Indonesia",earthquake,,,,8,reviewed,us,us
1994-12-08T08:30:26.800Z,1.967,120.844,38.1,5.7,mw,,,,1,us,usp0006pt0,2022-04-28T17:16:57.506Z,"293 km WNW of Gorontalo, Indonesia",earthquake,,7,,,reviewed,us,hrv
1994-12-07T23:08:37.590Z,-2.949,119.83,28,5.3,mw,,,,1,us,usp0006psm,2022-04-28T17:16:56.281Z,"7 km WNW of Rantepao, Indonesia",earthquake,,12.9,,,reviewed,us,hrv
1994-12-07T20:22:18.360Z,-3.459,130.94,33,5.5,mw,,,,1.3,us,usp0006pse,2022-04-28T17:16:49.356Z,"224 km E of Amahai, Indonesia",earthquake,,,,,reviewed,us,hrv
1994-12-05T16:02:07.550Z,-1.961,135.635,33,5.2,mb,,,,0.9,us,usp0006ppw,2014-11-07T00:56:55.092Z,"99 km SSW of Biak, Indonesia",earthquake,,,,12,reviewed,us,us
1994-12-05T07:07:08.010Z,-9.107,116.443,33,4,mb,,,,0.8,us,usp0006ppm,2014-11-07T00:56:55.010Z,"48 km SSE of Praya, Indonesia",earthquake,,,,2,reviewed,us,us
1994-12-04T18:12:34.620Z,2.621,95.845,26.5,4.9,mb,,,,1.2,us,usp0006pnv,2014-11-07T00:56:54.854Z,"61 km WNW of Sinabang, Indonesia",earthquake,,,,12,reviewed,us,us
1994-12-04T05:23:16.560Z,2.719,126.761,55.3,5.1,mw,,,,1.1,us,usp0006pmu,2025-12-19T22:27:39.362Z,"176 km NW of Tobelo, Indonesia",earthquake,,10.6,,,reviewed,us,hrv
1994-12-02T13:26:16.910Z,-3.946,140.101,33,4.3,mb,,,,0.7,us,usp0006pjx,2014-11-07T00:56:54.065Z,"160 km SSW of Abepura, Indonesia",earthquake,,,,2,reviewed,us,us
1994-12-02T12:10:24.040Z,1.955,120.837,35.6,5.2,mb,,,,0.8,us,usp0006pjs,2014-11-07T00:56:53.992Z,"293 km WNW of Gorontalo, Indonesia",earthquake,,8.1,,17,reviewed,us,us
1994-12-01T11:18:19.570Z,-7.468,128.546,135.2,5.4,mb,,,,0.9,us,usp0006phn,2022-04-28T17:16:24.787Z,"206 km NE of Lospalos, Timor Leste",earthquake,,5.5,,19,reviewed,us,us
1994-12-01T06:11:01.490Z,-7.639,128.173,84.1,5.4,mw,,,,0.9,us,usp0006phb,2025-12-19T22:27:10.874Z,"162 km NE of Lospalos, Timor Leste",earthquake,,5.2,,,reviewed,us,hrv
1994-12-01T03:55:07.490Z,-8.467,115.649,133.8,5,mb,,,,0.6,us,usp0006ph8,2014-11-07T00:56:53.153Z,"4 km ESE of Amlapura, Indonesia",earthquake,,6.1,,6,reviewed,us,us
1994-11-30T15:01:43.100Z,3.052,126.857,33,4.5,mb,,,,1.4,us,usp0006pgd,2014-11-07T00:56:51.440Z,"194 km NW of Tobelo, Indonesia",earthquake,,,,4,reviewed,us,us
1994-11-30T10:10:50.270Z,3.034,126.375,33,4.7,mb,,,,1.1,us,usp0006pfq,2014-11-07T00:56:51.391Z,"231 km NE of Laikit, Laikit II (Dimembe), Indonesia",earthquake,,,,4,reviewed,us,us
1994-11-30T09:10:23.430Z,2.917,126.435,33,5,mb,,,,1.1,us,usp0006pfm,2014-11-07T00:56:51.386Z,"218 km NW of Tobelo, Indonesia",earthquake,,,,6,reviewed,us,us
1994-11-30T08:43:02.120Z,-7.491,129.623,33,5.4,mb,,,,1.2,us,usp0006pfj,2014-11-07T00:56:51.383Z,"Kepulauan Babar, Indonesia",earthquake,,,,6,reviewed,us,us
1994-11-29T14:03:43.240Z,2.189,127.162,103.8,4.9,mb,,,,0.4,us,usp0006pdv,2014-11-07T00:56:51.156Z,"107 km WNW of Tobelo, Indonesia",earthquake,,9.5,,10,reviewed,us,us
1994-11-28T13:45:59.300Z,-2.526,138.688,33,5.5,mb,,,,1.1,us,usp0006pcb,2020-09-15T17:31:16.317Z,"216 km W of Abepura, Indonesia",earthquake,,,,10,reviewed,us,us
1994-11-27T18:27:08.010Z,5.768,119.324,27.3,5.5,mw,,,,1.3,us,usp0006pb7,2022-04-28T17:21:32.378Z,"92 km NNW of Sanga-Sanga, Philippines",earthquake,,,,,reviewed,us,hrv
1994-11-27T15:54:14.090Z,-5.478,101.772,33,4.6,mb,,,,0.6,us,usp0006paz,2014-11-07T00:56:50.926Z,"193 km SSW of Bengkulu, Indonesia",earthquake,,,,4,reviewed,us,us
1994-11-26T13:55:57.490Z,-6.263,130.108,160.6,4.4,mb,,,,1.2,us,usp0006p99,2014-11-07T00:56:50.809Z,"Banda Sea",earthquake,,31.5,,1,reviewed,us,us
1994-11-26T11:21:00.810Z,0.147,123.681,198.9,5.4,mw,,,,1.1,us,usp0006p95,2025-12-19T22:29:07.375Z,"81 km ESE of Gorontalo, Indonesia",earthquake,,3,,,reviewed,us,hrv
1994-11-26T08:13:31.300Z,2.908,128.386,65.6,5,mb,,,,1.3,us,usp0006p8t,2014-11-07T00:56:50.753Z,"136 km NNE of Tobelo, Indonesia",earthquake,,18,,5,reviewed,us,us
1994-11-24T10:09:44.980Z,-10.49,122.64,33,5,mb,,,,1,us,usp0006p5e,2014-11-07T00:56:50.320Z,"111 km WSW of Kupang, Indonesia",earthquake,,,,4,reviewed,us,us
1994-11-23T20:42:20.840Z,-9.22,106.785,33,5.4,mb,,,,0.7,us,usp0006p4d,2014-11-07T00:56:50.242Z,"234 km SSW of Banjar, Indonesia",earthquake,,,,11,reviewed,us,us
1994-11-23T15:22:30.270Z,0.867,125.991,72.8,5.1,mb,,,,0.9,us,usp0006p3x,2014-11-07T00:56:50.201Z,"129 km ESE of Tondano, Indonesia",earthquake,,21.3,,12,reviewed,us,us
1994-11-23T04:24:29.230Z,-8.138,122.099,190.6,5,mb,,,,0.6,us,usp0006p3b,2014-11-07T00:56:50.153Z,"54 km NNW of Maumere, Indonesia",earthquake,,30.7,,3,reviewed,us,us
1994-11-22T18:10:47.730Z,-1.874,136.115,33,5.1,mw,,,,1,us,usp0006p2p,2022-04-28T17:21:15.339Z,"77 km S of Biak, Indonesia",earthquake,,,,,reviewed,us,hrv
1994-11-22T15:05:02.650Z,3.235,127.922,138.2,5.2,mw,,,,0.9,us,usp0006p2g,2025-12-19T22:28:54.252Z,"166 km N of Tobelo, Indonesia",earthquake,,9.1,,,reviewed,us,hrv
1994-11-22T04:56:50.030Z,-1.949,102.579,235.9,5.1,mb,,,,0.6,us,usp0006p1f,2014-11-07T00:56:49.803Z,"83 km WSW of Bejubang Dua, Indonesia",earthquake,,16.4,,4,reviewed,us,us
1994-11-21T10:27:01.610Z,-2.262,136.111,33,4.4,ms,,,,1.2,us,usp0006p08,2014-11-07T00:56:49.710Z,"120 km S of Biak, Indonesia",earthquake,,,,1,reviewed,us,us
1994-11-21T01:59:00.900Z,-8.891,114.204,33,4.9,mb,,,,0.8,us,usp0006nzk,2014-11-07T00:56:49.481Z,"52 km SSW of Muncar, Indonesia",earthquake,,,,7,reviewed,us,us
1994-11-20T18:34:34.490Z,4.33,97.591,153.4,6.1,mwb,,,,1.3,us,usp0006nz3,2022-04-28T17:21:03.881Z,"44 km WSW of Langsa, Indonesia",earthquake,,,,,reviewed,us,us
1994-11-20T16:59:05.630Z,-2.001,135.932,16,6.3,mwb,,,,1.1,us,usp0006nyy,2022-04-28T17:21:01.815Z,"92 km S of Biak, Indonesia",earthquake,,,,,reviewed,us,us
1994-11-20T16:12:36.980Z,-9.873,113.692,33,4.9,mb,,,,1.1,us,usp0006nyv,2014-11-07T00:56:49.308Z,"171 km SSW of Gambiran Satu, Indonesia",earthquake,,,,4,reviewed,us,us
1994-11-20T15:56:11.750Z,-3.93,129.87,33,4.9,mb,,,,1,us,usp0006nyt,2014-11-07T00:56:49.302Z,"124 km ESE of Amahai, Indonesia",earthquake,,,,7,reviewed,us,us
1994-11-20T14:29:05.370Z,0.854,127.195,120.9,5,mb,,,,1.1,us,usp0006nyn,2014-11-07T00:56:49.274Z,"22 km WNW of Ternate, Indonesia",earthquake,,,,7,reviewed,us,us
1994-11-20T08:13:44.860Z,-8.859,109.552,33,4,mb,,,,1.2,us,usp0006nye,2014-11-07T00:56:49.237Z,"127 km SW of Srandakan, Indonesia",earthquake,,,,3,reviewed,us,us
1994-11-20T04:02:05.390Z,2.87,125.95,136.9,4.6,mb,,,,0.7,us,usp0006ny5,2014-11-07T00:56:49.194Z,"187 km NE of Laikit, Laikit II (Dimembe), Indonesia",earthquake,,16.1,,1,reviewed,us,us
1994-11-20T02:24:20.400Z,-5.95,128.921,327.3,4.7,mb,,,,0.4,us,usp0006nxz,2014-11-07T00:56:49.161Z,"262 km SSE of Ambon, Indonesia",earthquake,,21.2,,7,reviewed,us,us
1994-11-18T20:33:34.610Z,-2.618,138.534,33,4.9,mb,,,,0.9,us,usp0006nw8,2014-11-07T00:56:48.228Z,"233 km W of Abepura, Indonesia",earthquake,,,,7,reviewed,us,us
1994-11-18T17:16:56.120Z,-6.657,130.13,185.9,4.8,mb,,,,0.5,us,usp0006nw0,2014-11-07T00:56:48.197Z,"Banda Sea",earthquake,,12.6,,7,reviewed,us,us
1994-11-18T16:27:12.320Z,2.086,128.568,170.5,4.8,mb,,,,0.9,us,usp0006nvw,2014-11-07T00:56:48.189Z,"73 km ENE of Tobelo, Indonesia",earthquake,,11.5,,4,reviewed,us,us
1994-11-17T14:04:49.320Z,-1.952,99.816,47,5.2,mb,,,,0.9,us,usp0006ntu,2014-11-07T00:56:48.001Z,"126 km SSW of Padang, Indonesia",earthquake,,,,20,reviewed,us,us
1994-11-17T11:26:01.470Z,1.357,126.995,142.9,5.1,mb,,,,0.9,us,usp0006ntm,2014-11-07T00:56:47.969Z,"76 km NW of Ternate, Indonesia",earthquake,,13.2,,12,reviewed,us,us
1994-11-17T10:27:31.000Z,-0.518,99.159,64.7,5.1,mb,,,,0.8,us,usp0006nte,2014-11-07T00:56:47.958Z,"107 km W of Pariaman, Indonesia",earthquake,,14.7,,9,reviewed,us,us
1994-11-17T07:10:16.100Z,-9.324,128.305,140.9,4.2,mb,,,,1.3,us,usp0006nt4,2014-11-07T00:56:47.936Z,"168 km ESE of Lospalos, Timor Leste",earthquake,,45.2,,1,reviewed,us,us
1994-11-17T03:04:42.040Z,0.037,126.612,75.4,4.6,mb,,,,1.3,us,usp0006nst,2014-11-07T00:56:47.901Z,"119 km SW of Ternate, Indonesia",earthquake,,16.5,,2,reviewed,us,us
1994-11-15T20:18:11.310Z,-5.589,110.186,560.6,6.5,mw,,,,0.9,us,usp0006npt,2022-04-28T17:20:42.545Z,"114 km NNW of Batang, Indonesia",earthquake,,,,,reviewed,us,hrv
1994-11-14T10:41:00.000Z,0.957,127.239,33,4.2,mb,,,,0.2,us,usp0006nme,2014-11-07T00:56:47.263Z,"24 km NW of Ternate, Indonesia",earthquake,,,,2,reviewed,us,us
1994-11-14T01:28:50.330Z,4.211,126.386,95.3,4.8,mb,,,,1.1,us,usp0006nkx,2014-11-07T00:56:47.218Z,"166 km SE of Sarangani, Philippines",earthquake,,20.6,,7,reviewed,us,us
1994-11-13T09:07:12.180Z,-0.221,124.424,35.3,5.2,mw,,,,1.1,us,usp0006ngd,2025-12-19T22:28:46.411Z,"173 km ESE of Gorontalo, Indonesia",earthquake,,,,,reviewed,us,hrv
1994-11-12T16:55:31.520Z,-9.189,123.772,33,4.8,mb,,,,0.9,us,usp0006nfa,2014-11-07T00:56:46.786Z,"45 km N of Naisano Dua, Indonesia",earthquake,,,,4,reviewed,us,us
1994-11-12T03:20:56.220Z,-8.395,121.731,33,3.7,mb,,,,0.6,us,usp0006nec,2014-11-07T00:56:46.712Z,"50 km N of Ende, Indonesia",earthquake,,,,2,reviewed,us,us
1994-11-10T15:47:35.590Z,2.73,126.729,33,5.1,mb,,,,1.2,us,usp0006ncn,2014-11-07T00:56:46.498Z,"180 km NW of Tobelo, Indonesia",earthquake,,,,14,reviewed,us,us
1994-11-10T06:02:13.030Z,-7.236,129.272,96.2,5.2,mw,,,,1.2,us,usp0006nc5,2025-12-19T22:28:44.558Z,"288 km ENE of Lospalos, Timor Leste",earthquake,,,,,reviewed,us,hrv
1994-11-10T05:26:53.770Z,-7.054,129.375,131.1,3.6,mb,,,,0.2,us,usp0006nc4,2014-11-07T00:56:46.443Z,"Kepulauan Babar, Indonesia",earthquake,,45,,1,reviewed,us,us
1994-11-10T03:30:08.970Z,2.981,128.073,89.1,5,mb,,,,0.9,us,usp0006nc1,2014-11-07T00:56:46.415Z,"138 km N of Tobelo, Indonesia",earthquake,,,,25,reviewed,us,us
1994-11-09T21:49:47.970Z,-9.466,113.172,33,4.8,mb,,,,1.4,us,usp0006nbq,2014-11-07T00:56:46.383Z,"132 km S of Kencong, Indonesia",earthquake,,,,3,reviewed,us,us
1994-11-09T20:22:18.080Z,2.595,128.494,222.7,5,mb,,,,0.7,us,usp0006nbh,2014-11-07T00:56:46.368Z,"109 km NNE of Tobelo, Indonesia",earthquake,,8.6,,14,reviewed,us,us
1994-11-07T13:43:35.570Z,-10.101,124.823,33,4.6,mb,,,,1.4,us,usp0006n7m,2014-11-07T00:56:45.297Z,"64 km ESE of Soe, Indonesia",earthquake,,,,1,reviewed,us,us
1994-11-07T06:41:18.540Z,-9.366,113.158,10,4.1,mb,,,,1.4,us,usp0006n70,2014-11-07T00:56:44.687Z,"121 km S of Kencong, Indonesia",earthquake,,,,2,reviewed,us,us
1994-11-06T15:09:14.560Z,-7.685,129.158,113.6,4.3,mb,,,,1.2,us,usp0006n6r,2014-11-07T00:56:44.122Z,"255 km ENE of Lospalos, Timor Leste",earthquake,,28.7,,1,reviewed,us,us
1994-11-06T09:22:35.560Z,-8.354,115.733,33,3.7,mb,,,,0.9,us,usp0006n6j,2014-11-07T00:56:43.869Z,"16 km NE of Amlapura, Indonesia",earthquake,,,,1,reviewed,us,us
1994-11-06T00:18:44.110Z,-8.467,123.953,147,3.6,mb,,,,0.7,us,usp0006n65,2014-11-07T00:56:43.306Z,"93 km NNW of Pante Makasar, Timor Leste",earthquake,,23.3,,1,reviewed,us,us
1994-11-05T23:15:04.910Z,-7.115,131.827,61.9,4.5,mb,,,,1.5,us,usp0006n64,2014-11-07T00:56:43.282Z,"193 km SSW of Tual, Indonesia",earthquake,,24.8,,3,reviewed,us,us
1994-11-05T17:43:15.240Z,-7.059,129.063,140,4,mb,,,,0.3,us,usp0006n5z,2014-11-07T00:56:43.089Z,"279 km NE of Lospalos, Timor Leste",earthquake,,42,,1,reviewed,us,us
1994-11-05T14:57:13.200Z,-6.67,131.667,33,4,mb,,,,1.2,us,usp0006n5v,2014-11-07T00:56:42.917Z,"166 km SW of Tual, Indonesia",earthquake,,,,1,reviewed,us,us
1994-11-04T14:00:36.300Z,-8.687,118.507,106.9,4.2,mb,,,,1.2,us,usp0006n47,2014-11-07T00:56:40.347Z,"17 km SSE of Dompu, Indonesia",earthquake,,30.2,,4,reviewed,us,us
1994-11-04T11:06:03.970Z,-10.536,109.047,33,4.4,mb,,,,1.5,us,usp0006n40,2014-11-07T00:56:39.895Z,"south of Java, Indonesia",earthquake,,,,3,reviewed,us,us
1994-11-04T03:53:38.230Z,0.69,127.027,10,4.9,mb,,,,1,us,usp0006n3j,2014-11-07T00:56:39.144Z,"41 km WSW of Ternate, Indonesia",earthquake,,,,8,reviewed,us,us
1994-11-03T08:24:40.280Z,-4.606,130.765,33,4.6,mb,,,,1,us,usp0006n2n,2014-11-07T00:56:38.673Z,"247 km WNW of Tual, Indonesia",earthquake,,,,1,reviewed,us,us
1994-11-03T08:04:52.180Z,-5.141,133.625,33,4.3,mb,,,,1.3,us,usp0006n2m,2014-11-07T00:56:38.654Z,"110 km ENE of Tual, Indonesia",earthquake,,,,1,reviewed,us,us
1994-11-02T23:00:24.330Z,-9.683,118.598,31.6,4.8,mb,,,,1.2,us,usp0006n29,2014-11-07T00:56:38.481Z,"127 km S of Dompu, Indonesia",earthquake,,9,,13,reviewed,us,us
1994-11-02T01:43:55.540Z,5.099,118.643,55.2,5.7,mw,,,,1.1,us,usp0006n10,2022-04-28T17:19:47.686Z,"35 km ENE of Lahad Datu, Malaysia",earthquake,,3.3,,,reviewed,us,hrv
1994-11-01T11:41:16.790Z,-8.76,117.951,136.8,4.6,mb,,,,0.8,us,usp0006n0a,2014-11-07T00:56:37.249Z,"61 km WSW of Dompu, Indonesia",earthquake,,10.1,,8,reviewed,us,us
1994-10-31T21:19:07.870Z,-2.358,138.376,10,5.2,mw,,,,0.9,us,usp0006mz4,2025-12-19T22:18:02.221Z,"252 km W of Abepura, Indonesia",earthquake,,,,,reviewed,us,hrv
1994-10-31T19:05:11.750Z,2.658,126.707,101.7,4.6,mb,,,,0.7,us,usp0006myx,2014-11-07T00:56:34.782Z,"177 km NW of Tobelo, Indonesia",earthquake,,13.8,,3,reviewed,us,us
1994-10-31T11:48:13.920Z,3.019,96.192,29.4,6.2,mw,,,,1.1,us,usp0006myc,2022-04-28T17:30:38.106Z,"63 km NNW of Sinabang, Indonesia",earthquake,,,,,reviewed,us,hrv
1994-10-30T18:40:40.670Z,-8.193,127.383,110.8,4.2,mb,,,,1.2,us,usp0006mxm,2014-11-07T00:56:34.624Z,"55 km NE of Lospalos, Timor Leste",earthquake,,56,,1,reviewed,us,us
1994-10-30T17:21:08.250Z,-6.868,129.023,190.9,5,mb,,,,1.1,us,usp0006mxh,2014-11-07T00:56:34.615Z,"288 km NE of Lospalos, Timor Leste",earthquake,,8.7,,23,reviewed,us,us
1994-10-30T10:31:24.640Z,-1.258,134.551,10,4.7,mb,,,,0.7,us,usp0006mx3,2014-11-07T00:56:34.585Z,"69 km SE of Manokwari, Indonesia",earthquake,,,,2,reviewed,us,us
1994-10-30T08:11:29.830Z,-6.183,129.446,264.1,5.9,mw,,,,1,us,usp0006mwx,2022-04-28T17:30:31.785Z,"Banda Sea",earthquake,,,,,reviewed,us,hrv
1994-10-29T21:50:42.720Z,-5.361,102.692,33,4.1,mb,,,,1.3,us,usp0006mwa,2014-11-07T00:56:34.473Z,"160 km SSW of Pagar Alam, Indonesia",earthquake,,,,1,reviewed,us,us
1994-10-29T02:29:03.060Z,-2.915,139.08,33,4.7,mb,,,,1.1,us,usp0006mv9,2014-11-07T00:56:34.390Z,"176 km WSW of Abepura, Indonesia",earthquake,,,,9,reviewed,us,us
1994-10-27T03:43:02.340Z,3.389,124.18,415.8,4.3,mb,,,,0.8,us,usp0006msc,2014-11-07T00:56:33.931Z,"223 km NNW of Manado, Indonesia",earthquake,,9.6,,6,reviewed,us,us
1994-10-27T03:03:45.890Z,4.904,95.632,110.9,4.6,mb,,,,1.1,us,usp0006ms9,2014-11-07T00:56:33.919Z,"64 km SW of Sigli, Indonesia",earthquake,,15.9,,19,reviewed,us,us
1994-10-27T02:00:44.220Z,-7.241,129.63,87.3,3.4,mb,,,,0.1,us,usp0006ms8,2014-11-07T00:56:33.917Z,"Kepulauan Babar, Indonesia",earthquake,,41.6,,1,reviewed,us,us
1994-10-26T23:49:42.680Z,-3.622,130.195,93.6,4.8,mb,,,,1.4,us,usp0006ms6,2014-11-07T00:56:33.914Z,"145 km ESE of Amahai, Indonesia",earthquake,,27.5,,2,reviewed,us,us
1994-10-26T16:03:37.830Z,-7.255,124.853,495.3,4.1,mb,,,,0.7,us,usp0006mru,2014-11-07T00:56:33.880Z,"155 km NNW of Maubara, Timor Leste",earthquake,,31.2,,4,reviewed,us,us
1994-10-26T09:06:57.890Z,-7.906,129.268,117.3,4.3,mb,,,,0.4,us,usp0006mr9,2014-11-07T00:56:33.833Z,"259 km ENE of Lospalos, Timor Leste",earthquake,,42.7,,2,reviewed,us,us
1994-10-26T04:48:48.630Z,-5.278,101.426,33,5,mb,,,,0.8,us,usp0006mqz,2014-11-07T00:56:33.814Z,"188 km SSW of Bengkulu, Indonesia",earthquake,,,,13,reviewed,us,us
1994-10-25T13:06:57.140Z,-5.937,129.712,90.9,3.9,mb,,,,0.1,us,usp0006mpv,2014-11-07T00:56:33.643Z,"Banda Sea",earthquake,,48.2,,1,reviewed,us,us
1994-10-25T06:59:52.190Z,-7.308,128.956,174.8,4.5,mb,,,,1.9,us,usp0006mp6,2014-11-07T00:56:33.601Z,"Kepulauan Barat Daya, Indonesia",earthquake,,45,,1,reviewed,us,us
1994-10-25T04:37:45.070Z,1.83,126.023,40.9,5.5,mw,,,,1.1,us,usp0006mp0,2025-12-19T22:30:36.911Z,"122 km ENE of Laikit, Laikit II (Dimembe), Indonesia",earthquake,,10.1,,,reviewed,us,hrv
1994-10-24T12:59:03.860Z,-7.395,129.329,118.8,4.4,mb,,,,1.4,us,usp0006mn0,2014-11-07T00:56:33.323Z,"285 km ENE of Lospalos, Timor Leste",earthquake,,40.3,,1,reviewed,us,us
1994-10-24T05:36:40.700Z,-6.37,129.896,82.2,3.3,mb,,,,0.9,us,usp0006mmg,2014-11-07T00:56:33.293Z,"Banda Sea",earthquake,,50,,1,reviewed,us,us
1994-10-24T02:02:20.900Z,4.594,127.991,69.1,5.1,mw,,,,1.1,us,usp0006mm7,2025-12-19T22:30:33.938Z,"280 km SE of Pondaguitan, Philippines",earthquake,,9.6,,,reviewed,us,hrv
1994-10-24T01:06:07.570Z,-6.436,130.186,107,4.5,mb,,,,1,us,usp0006mm1,2014-11-07T00:56:33.219Z,"297 km WSW of Tual, Indonesia",earthquake,,46.8,,1,reviewed,us,us
1994-10-23T22:40:56.340Z,-6.922,129.358,152.8,4.6,mb,,,,1.1,us,usp0006mkx,2014-11-07T00:56:33.189Z,"Banda Sea",earthquake,,11.7,,4,reviewed,us,us
1994-10-23T09:17:47.410Z,-9.151,129.983,265.2,4.3,mb,,,,0.2,us,usp0006mk6,2014-11-07T00:56:33.117Z,"297 km NNW of Wurrumiyanga, Australia",earthquake,,30.1,,2,reviewed,us,us
1994-10-22T23:21:04.360Z,-8.278,114.896,178.2,4.5,mb,,,,0.8,us,usp0006mj9,2014-11-07T00:56:33.024Z,"10 km SSW of Seririt, Indonesia",earthquake,,15.4,,2,reviewed,us,us
1994-10-22T18:43:49.320Z,-0.578,127.721,33,5.2,mw,,,,1.2,us,usp0006mht,2022-04-28T17:30:11.093Z,"146 km S of Sofifi, Indonesia",earthquake,,,,,reviewed,us,hrv
1994-10-22T10:19:33.790Z,-5.192,102.864,86.7,4.4,mb,,,,0.5,us,usp0006mh6,2014-11-07T00:56:32.633Z,"135 km SSW of Pagar Alam, Indonesia",earthquake,,23.8,,5,reviewed,us,us
1994-10-21T11:36:51.150Z,-1.256,127.705,10,5.3,mw,,,,1.5,us,usp0006mff,2025-12-19T22:30:30.458Z,"221 km S of Sofifi, Indonesia",earthquake,,,,,reviewed,us,hrv
1994-10-21T03:31:49.170Z,2.305,128.097,33,4.8,mb,,,,1.4,us,usp0006mew,2014-11-07T00:56:32.372Z,"64 km N of Tobelo, Indonesia",earthquake,,,,4,reviewed,us,us
1994-10-20T16:21:24.340Z,-1.092,128.154,33,4.6,mb,,,,0.7,us,usp0006mef,2014-11-07T00:56:32.342Z,"212 km SSE of Sofifi, Indonesia",earthquake,,,,2,reviewed,us,us
1994-10-20T15:49:48.510Z,-1.032,128.307,33,4.4,mb,,,,1.4,us,usp0006mee,2014-11-07T00:56:32.341Z,"212 km SSE of Sofifi, Indonesia",earthquake,,,,1,reviewed,us,us
1994-10-19T10:31:26.180Z,-7.434,127.138,23.9,4.7,mb,,,,1.6,us,usp0006mc0,2014-11-07T00:56:32.089Z,"121 km N of Lospalos, Timor Leste",earthquake,,,,2,reviewed,us,us
1994-10-18T03:43:49.000Z,-8.471,123.901,156.6,4.5,mb,,,,0.7,us,usp0006m9m,2014-11-07T00:56:31.803Z,"96 km NNW of Pante Makasar, Timor Leste",earthquake,,29.3,,1,reviewed,us,us
1994-10-16T09:32:38.140Z,-2.453,140.327,33,4,mb,,,,0.5,us,usp0006m6q,2014-11-07T00:56:31.500Z,"37 km WNW of Abepura, Indonesia",earthquake,,,,2,reviewed,us,us
1994-10-16T07:05:22.860Z,-7.107,128.708,33,4.2,mb,,,,0.9,us,usp0006m6n,2014-11-07T00:56:31.497Z,"245 km NE of Lospalos, Timor Leste",earthquake,,,,3,reviewed,us,us
1994-10-15T19:04:25.540Z,-1.394,127.546,19.2,4.8,mb,,,,1.3,us,usp0006m5q,2014-11-07T00:56:31.323Z,"235 km S of Sofifi, Indonesia",earthquake,,,,2,reviewed,us,us
1994-10-15T12:51:12.870Z,-3.024,139.617,33,4.7,mb,,,,1.4,us,usp0006m5g,2014-11-07T00:56:31.279Z,"122 km WSW of Abepura, Indonesia",earthquake,,,,6,reviewed,us,us
1994-10-15T07:08:29.720Z,-3.096,139.666,33,4.9,mb,,,,1.3,us,usp0006m51,2014-11-07T00:56:31.244Z,"120 km WSW of Abepura, Indonesia",earthquake,,,,6,reviewed,us,us
1994-10-15T01:26:23.210Z,-4.913,104.76,142,4.9,mb,,,,1.2,us,usp0006m4q,2014-11-07T00:56:31.194Z,"16 km SW of Kotabumi, Indonesia",earthquake,,,,24,reviewed,us,us
1994-10-14T07:01:15.450Z,-8.325,128.418,182,4.5,mb,,,,1.3,us,usp0006m3k,2014-11-07T00:56:31.057Z,"157 km E of Lospalos, Timor Leste",earthquake,,35.6,,1,reviewed,us,us
1994-10-14T02:38:40.720Z,-9.392,115.871,105.9,4.6,mb,,,,1.2,us,usp0006m36,2014-11-07T00:56:31.029Z,"76 km SSW of Lembar, Indonesia",earthquake,,9.4,,5,reviewed,us,us
1994-10-14T00:03:08.700Z,-8.634,118.843,33,4.3,mb,,,,0.1,us,usp0006m31,2014-11-07T00:56:31.014Z,"23 km SSE of Bima, Indonesia",earthquake,,,,1,reviewed,us,us
1994-10-13T05:04:24.980Z,-1.212,127.912,10.7,6.4,mwb,,,,1.3,us,usp0006m1p,2022-04-28T17:29:55.886Z,"219 km S of Sofifi, Indonesia",earthquake,,,,,reviewed,us,us
1994-10-12T12:29:04.460Z,-6.341,130.211,136,4.5,mb,,,,1.3,us,usp0006m0q,2014-11-07T00:56:30.718Z,"292 km WSW of Tual, Indonesia",earthquake,,29.1,,2,reviewed,us,us
1994-10-12T07:23:55.400Z,-3.473,130.872,26.7,5,mb,,,,1.4,us,usp0006m05,2014-11-07T00:56:30.654Z,"217 km E of Amahai, Indonesia",earthquake,,,,14,reviewed,us,us
1994-10-12T02:58:00.250Z,1.519,127.166,149.8,5.1,mb,,,,1.5,us,usp0006kzs,2014-11-07T00:56:30.523Z,"84 km NNW of Ternate, Indonesia",earthquake,,21.2,,2,reviewed,us,us
1994-10-11T23:13:48.780Z,-6.971,102.764,30,5.2,mb,,,,1.2,us,usp0006kzm,2014-11-07T00:56:30.500Z,"southwest of Sumatra, Indonesia",earthquake,,,,12,reviewed,us,us
1994-10-11T14:11:15.890Z,-7.483,127.004,354,4.6,mb,,,,1.4,us,usp0006kz1,2014-11-07T00:56:30.424Z,"114 km N of Lospalos, Timor Leste",earthquake,,23.1,,2,reviewed,us,us
1994-10-11T12:36:26.090Z,-2.34,133.886,33,4.9,mb,,,,1.6,us,usp0006kyx,2014-11-07T00:56:30.406Z,"164 km S of Manokwari, Indonesia",earthquake,,,,8,reviewed,us,us
1994-10-11T03:12:56.990Z,-9.952,122.277,33,4.2,mb,,,,1.5,us,usp0006ky5,2014-11-07T00:56:30.329Z,"139 km SSE of Ende, Indonesia",earthquake,,,,1,reviewed,us,us
1994-10-11T02:46:42.410Z,1.219,97.711,33,4.9,mb,,,,0.9,us,usp0006ky3,2014-11-07T00:56:30.318Z,"118 km S of Singkil, Indonesia",earthquake,,,,13,reviewed,us,us
1994-10-10T20:19:09.450Z,-1.133,128.031,33,4.8,mb,,,,1,us,usp0006kxm,2014-11-07T00:56:30.208Z,"213 km SSE of Sofifi, Indonesia",earthquake,,,,3,reviewed,us,us
1994-10-10T16:27:47.480Z,-7.753,129.423,211.2,4.9,mb,,,,0.2,us,usp0006kx9,2014-11-07T00:56:30.171Z,"280 km ENE of Lospalos, Timor Leste",earthquake,,32.4,,13,reviewed,us,us
1994-10-09T02:16:18.380Z,-0.27,130.012,33,4.3,mb,,,,1,us,usp0006ktz,2014-11-07T00:56:29.619Z,"154 km WNW of Sorong, Indonesia",earthquake,,,,2,reviewed,us,us
1994-10-09T00:04:25.210Z,-1.321,127.93,33,4.8,mb,,,,1.4,us,usp0006ktt,2014-11-07T00:56:29.600Z,"231 km S of Sofifi, Indonesia",earthquake,,,,4,reviewed,us,us
1994-10-08T23:19:54.040Z,-1.228,128.174,33,4.8,mb,,,,1.1,us,usp0006ktn,2014-11-07T00:56:29.566Z,"227 km SSE of Sofifi, Indonesia",earthquake,,,,2,reviewed,us,us
1994-10-08T21:44:07.210Z,-1.258,127.98,16.6,6.8,mwb,,,,1.2,us,usp0006ktd,2022-04-28T17:29:18.362Z,"225 km SSE of Sofifi, Indonesia",earthquake,,,,,reviewed,us,us
1994-10-08T16:42:36.930Z,-0.879,131.148,33,4.7,mb,,,,1.4,us,usp0006kt0,2014-11-07T00:56:29.460Z,"12 km W of Sorong, Indonesia",earthquake,,,,5,reviewed,us,us
1994-10-07T23:26:38.270Z,-8.297,116.763,33,5,mb,,,,1.3,us,usp0006krx,2014-11-07T00:56:29.072Z,"24 km NNE of Labuan Lombok, Indonesia",earthquake,,,,14,reviewed,us,us
1994-10-07T15:17:47.950Z,1.378,127.222,159.7,5.3,mb,,,,1.1,us,usp0006krc,2014-11-07T00:56:28.988Z,"67 km NNW of Ternate, Indonesia",earthquake,,9.3,,9,reviewed,us,us
1994-10-06T07:15:18.110Z,-8.388,127.402,166,4.9,mb,,,,1,us,usp0006knb,2014-11-07T00:56:28.526Z,"46 km ENE of Lospalos, Timor Leste",earthquake,,40.5,,2,reviewed,us,us
1994-10-05T17:24:34.210Z,-7.492,107.145,33,4.8,mb,,,,1.4,us,usp0006km7,2014-11-07T00:56:28.292Z,"45 km SW of Banjar, Indonesia",earthquake,,,,8,reviewed,us,us
1994-10-04T12:09:40.150Z,-6.218,104.891,24.3,5.2,mw,,,,0.9,us,usp0006kdk,2025-12-19T22:29:54.272Z,"96 km SSW of Bandar Lampung, Indonesia",earthquake,,,,,reviewed,us,hrv
1994-10-04T09:54:20.770Z,-5.958,110.22,652.2,5,mb,,,,0.6,us,usp0006kdd,2014-11-07T00:56:26.320Z,"79 km NW of Batang, Indonesia",earthquake,,8.6,,14,reviewed,us,us
1994-10-04T01:53:44.050Z,-5.869,130.728,97.6,4.6,mb,,,,0.8,us,usp0006kcw,2014-11-07T00:56:26.257Z,"225 km W of Tual, Indonesia",earthquake,,14.3,,6,reviewed,us,us
1994-10-03T16:22:56.440Z,-2.1,133.901,33,5.1,mw,,,,1.4,us,usp0006kc6,2022-04-28T17:22:12.810Z,"137 km S of Manokwari, Indonesia",earthquake,,,,,reviewed,us,hrv
1994-10-03T14:47:07.980Z,-2.228,133.762,33,4.7,mb,,,,1.3,us,usp0006kc5,2014-11-07T00:56:26.152Z,"154 km SSW of Manokwari, Indonesia",earthquake,,,,4,reviewed,us,us
1994-10-03T11:12:14.180Z,-1.297,123.49,33,4.1,mb,,,,1.3,us,usp0006kbt,2014-11-07T00:56:26.098Z,"87 km ESE of Luwuk, Indonesia",earthquake,,,,3,reviewed,us,us
1994-10-02T20:06:13.470Z,-2.257,138.232,33,4.7,mb,,,,1,us,usp0006kb1,2014-11-07T00:56:25.915Z,"267 km ESE of Biak, Indonesia",earthquake,,,,2,reviewed,us,us
1994-10-02T19:48:48.860Z,-7.066,128.975,115.2,4.8,mb,,,,1.2,us,usp0006kaz,2014-11-07T00:56:25.885Z,"271 km NE of Lospalos, Timor Leste",earthquake,,14.9,,7,reviewed,us,us
1994-10-01T19:48:26.560Z,5.576,127.497,60.2,5,mb,,,,0.9,us,usp0006k9g,2014-11-07T00:56:25.137Z,"169 km ESE of Pondaguitan, Philippines",earthquake,,14.8,,8,reviewed,us,us
1994-09-30T06:45:09.500Z,-3.166,127.41,26.7,5.2,mw,,,,1.4,us,usp0006k7a,2022-04-28T17:33:01.009Z,"104 km NW of Ambon, Indonesia",earthquake,,,,,reviewed,us,hrv
1994-09-30T03:17:45.460Z,5.192,127.327,88.9,5,mb,,,,1.1,us,usp0006k73,2014-11-07T00:56:21.638Z,"Philippine Islands region",earthquake,,9.2,,18,reviewed,us,us
1994-09-30T02:15:15.590Z,-3.309,135.974,73.7,5.2,mb,,,,1.4,us,usp0006k6x,2014-11-07T00:56:21.613Z,"52 km E of Nabire, Indonesia",earthquake,,25.5,,1,reviewed,us,us
1994-09-29T07:32:39.920Z,0.431,126.105,10,4.6,mb,,,,0.8,us,usp0006k5v,2014-11-07T00:56:21.257Z,"147 km WSW of Ternate, Indonesia",earthquake,,,,3,reviewed,us,us
1994-09-28T21:22:10.880Z,-4.708,102.2,46.3,5.5,mw,,,,1.1,us,usp0006k5c,2022-04-28T17:32:59.249Z,"100 km S of Bengkulu, Indonesia",earthquake,,,,,reviewed,us,hrv
1994-09-28T17:33:58.210Z,-5.731,110.364,628.2,6,mw,,,,0.9,us,usp0006k58,2022-04-28T17:32:57.698Z,"91 km NNW of Batang, Indonesia",earthquake,,,,,reviewed,us,hrv
1994-09-28T16:39:51.670Z,-5.786,110.352,637.5,6.6,mw,,,,1,us,usp0006k55,2022-04-28T17:32:56.345Z,"86 km NNW of Batang, Indonesia",earthquake,,,,,reviewed,us,hrv
1994-09-28T14:03:51.660Z,2.088,127.283,80.1,4.6,mb,,,,1,us,usp0006k53,2014-11-07T00:56:20.802Z,"90 km WNW of Tobelo, Indonesia",earthquake,,45,,4,reviewed,us,us
1994-09-27T16:59:27.230Z,1.134,126.198,45.6,5.2,mb,,,,1,us,usp0006k3h,2014-11-07T00:56:20.625Z,"137 km WNW of Ternate, Indonesia",earthquake,,8.3,,30,reviewed,us,us
1994-09-26T21:31:19.900Z,-3.125,127.468,33,5.4,mw,,,,1.1,us,usp0006k1v,2022-04-28T17:32:46.998Z,"101 km NW of Ambon, Indonesia",earthquake,,,,,reviewed,us,hrv
1994-09-26T13:41:54.480Z,-8.679,118.164,33,4.5,mb,,,,1.5,us,usp0006k1b,2014-11-07T00:56:20.421Z,"36 km WSW of Dompu, Indonesia",earthquake,,,,2,reviewed,us,us
1994-09-26T12:05:31.400Z,3.529,125.62,154.1,4.9,mb,,,,1.1,us,usp0006k17,2014-11-07T00:56:20.410Z,"207 km S of Sarangani, Philippines",earthquake,,8.6,,12,reviewed,us,us
1994-09-25T19:00:04.310Z,-4.262,135.899,33,4.4,mb,,,,1,us,usp0006jzx,2014-11-07T00:56:20.053Z,"109 km SSE of Nabire, Indonesia",earthquake,,,,2,reviewed,us,us
1994-09-25T02:46:36.560Z,-0.232,125.455,33,4.7,mb,,,,1.2,us,usp0006jz3,2014-11-07T00:56:19.755Z,"180 km SSE of Tondano, Indonesia",earthquake,,,,3,reviewed,us,us
1994-09-24T05:06:04.420Z,1.94,95.761,33,4.7,mb,,,,1.5,us,usp0006jxk,2014-11-07T00:56:19.609Z,"91 km SW of Sinabang, Indonesia",earthquake,,,,3,reviewed,us,us
1994-09-23T13:53:20.700Z,-8.557,116.76,95.5,4.1,mb,,,,0.8,us,usp0006jwq,2014-11-07T00:56:19.517Z,"12 km ESE of Labuan Lombok, Indonesia",earthquake,,25.2,,2,reviewed,us,us
1994-09-23T11:08:02.920Z,-9.461,112.916,71.9,4.9,mb,,,,0.9,us,usp0006jwj,2014-11-07T00:56:19.501Z,"139 km SSW of Kencong, Indonesia",earthquake,,10,,9,reviewed,us,us
1994-09-22T18:24:18.210Z,-6.397,131.735,55.3,4.6,mb,,,,1.1,us,usp0006jvc,2014-11-07T00:56:19.368Z,"141 km SW of Tual, Indonesia",earthquake,,16.1,,5,reviewed,us,us
1994-09-21T06:09:17.060Z,1.091,127.161,143,5.2,mw,,,,1,us,usp0006jt4,2025-12-19T22:31:15.643Z,"41 km NW of Ternate, Indonesia",earthquake,,7.3,,,reviewed,us,hrv
1994-09-20T20:24:16.010Z,2.179,126.42,33,4.5,mb,,,,1.4,us,usp0006jsj,2014-11-07T00:56:19.016Z,"178 km ENE of Laikit, Laikit II (Dimembe), Indonesia",earthquake,,,,3,reviewed,us,us
1994-09-20T05:46:37.790Z,-9.114,127.712,33,4.5,mb,,,,1.6,us,usp0006jr3,2014-11-07T00:56:18.844Z,"Timor Sea",earthquake,,,,3,reviewed,us,us
1994-09-19T22:57:56.750Z,-7.548,128.549,150,4.3,mb,,,,0.7,us,usp0006jqk,2014-11-07T00:56:18.763Z,"202 km ENE of Lospalos, Timor Leste",earthquake,,,,2,reviewed,us,us
1994-09-19T20:20:23.430Z,-4.21,101.236,33,4.7,mb,,,,1.2,us,usp0006jqd,2014-11-07T00:56:18.739Z,"122 km WSW of Bengkulu, Indonesia",earthquake,,,,5,reviewed,us,us
1994-09-19T18:03:24.010Z,-7.702,130.126,33,5.2,mw,,,,1.2,us,usp0006jq8,2022-04-28T17:32:19.438Z,"Pulau Pulau Tanimbar, Indonesia",earthquake,,,,,reviewed,us,hrv
1994-09-19T13:09:05.050Z,-7.467,128.397,150.4,5.4,mw,,,,1.1,us,usp0006jpx,2025-12-19T22:31:14.851Z,"193 km NE of Lospalos, Timor Leste",earthquake,,,,,reviewed,us,hrv
1994-09-19T11:10:15.820Z,-6.658,129.693,139.7,5,mb,,,,1.2,us,usp0006jpr,2014-11-07T00:56:18.651Z,"Banda Sea",earthquake,,21.5,,7,reviewed,us,us
1994-09-19T07:56:09.680Z,-9.746,118.397,33,3.7,mb,,,,1.4,us,usp0006jpc,2014-11-07T00:56:18.626Z,"133 km S of Dompu, Indonesia",earthquake,,,,2,reviewed,us,us
1994-09-18T09:55:36.920Z,-8.438,119.702,156.2,4.9,mb,,,,0.8,us,usp0006jn8,2014-11-07T00:56:18.539Z,"21 km WNW of Labuan Bajo, Indonesia",earthquake,,17.8,,3,reviewed,us,us
1994-09-18T05:07:11.050Z,-3.376,130.391,25.6,4.8,mb,,,,1.4,us,usp0006jmy,2014-11-07T00:56:18.522Z,"163 km E of Amahai, Indonesia",earthquake,,,,4,reviewed,us,us
1994-09-17T03:30:57.450Z,0.134,122.038,198,5,mb,,,,1.2,us,usp0006jjw,2014-11-07T00:56:18.116Z,"122 km WSW of Gorontalo, Indonesia",earthquake,,,,12,reviewed,us,us
1994-09-16T08:15:58.900Z,-5.347,102.831,33,5.4,mb,,,,1.2,us,usp0006jhv,2022-04-28T17:31:57.922Z,"153 km SSW of Pagar Alam, Indonesia",earthquake,,,,20,reviewed,us,us
1994-09-15T22:04:33.520Z,-1.335,133.788,33,4.4,mb,,,,0.8,us,usp0006jh3,2014-11-07T00:56:17.564Z,"60 km SSW of Manokwari, Indonesia",earthquake,,,,1,reviewed,us,us
1994-09-15T14:59:53.110Z,4.108,95.662,33,4.6,mb,,,,1.4,us,usp0006jgs,2014-11-07T00:56:17.496Z,"51 km W of Meulaboh, Indonesia",earthquake,,,,8,reviewed,us,us
1994-09-15T14:31:41.670Z,-10.839,124.579,33,4.5,mb,,,,1.1,us,usp0006jgq,2014-11-07T00:56:17.491Z,"112 km SSE of Soe, Indonesia",earthquake,,,,1,reviewed,us,us
1994-09-15T07:48:04.330Z,-10.039,118.885,33,4.8,mb,,,,1.1,us,usp0006jg1,2014-11-07T00:56:17.440Z,"157 km WSW of Waingapu, Indonesia",earthquake,,,,6,reviewed,us,us
1994-09-14T13:19:01.000Z,5.928,125.772,142.2,5.2,mb,,,,1.2,us,usp0006jf2,2014-11-07T00:56:17.226Z,"12 km SE of Mangili, Philippines",earthquake,,9.7,,11,reviewed,us,us
1994-09-13T23:57:47.500Z,-8.06,117.939,211.5,4.6,mb,,,,1.6,us,usp0006je5,2014-11-07T00:56:16.642Z,"63 km NE of Pototano, Indonesia",earthquake,,17.6,,2,reviewed,us,us
1994-09-13T19:32:31.840Z,1.31,126.679,33,4.6,mb,,,,1.5,us,usp0006jdw,2014-11-07T00:56:16.116Z,"97 km NW of Ternate, Indonesia",earthquake,,,,2,reviewed,us,us
1994-09-13T19:00:47.330Z,-5.684,131.23,33,4.7,mb,,,,1.3,us,usp0006jdt,2014-11-07T00:56:16.080Z,"168 km W of Tual, Indonesia",earthquake,,,,1,reviewed,us,us
1994-09-13T09:08:24.230Z,-7.74,127.855,134.2,4.8,mb,,,,1.3,us,usp0006jcn,2014-11-07T00:56:15.931Z,"128 km NE of Lospalos, Timor Leste",earthquake,,22.3,,2,reviewed,us,us
1994-09-12T11:30:14.920Z,-8.91,106.476,33,5.7,mw,,,,1.2,us,usp0006j9a,2022-04-28T17:31:43.057Z,"212 km S of Pelabuhanratu, Indonesia",earthquake,,,,,reviewed,us,hrv
1994-09-12T11:27:12.320Z,1.251,123.069,33,4.8,mb,,,,1.3,us,usp0006j99,2014-11-07T00:56:15.397Z,"78 km N of Gorontalo, Indonesia",earthquake,,,,8,reviewed,us,us
1994-09-12T11:01:56.110Z,1.345,98.053,115.2,4.7,mb,,,,1.2,us,usp0006j98,2014-11-07T00:56:15.393Z,"92 km WSW of Sibolga, Indonesia",earthquake,,20.3,,11,reviewed,us,us
1994-09-11T10:11:34.430Z,5.406,126.766,33,4.9,mb,,,,1.1,us,usp0006j85,2014-11-07T00:56:15.176Z,"124 km SSE of Pondaguitan, Philippines",earthquake,,,,4,reviewed,us,us
1994-09-11T06:32:01.860Z,-2.852,136.22,25.7,4.8,mb,,,,1.3,us,usp0006j7w,2014-11-07T00:56:15.132Z,"97 km NE of Nabire, Indonesia",earthquake,,,,5,reviewed,us,us
1994-09-11T04:24:54.340Z,-8.108,107.649,33,4.7,mb,,,,1.2,us,usp0006j7q,2014-11-07T00:56:15.108Z,"97 km SSW of Singaparna, Indonesia",earthquake,,,,7,reviewed,us,us
1994-09-10T00:13:53.770Z,5.388,126.323,33,4.8,mb,,,,1.1,us,usp0006j69,2014-11-07T00:56:14.863Z,"95 km E of Sarangani, Philippines",earthquake,,,,3,reviewed,us,us
1994-09-09T18:45:04.690Z,1.895,128.347,120,5.4,mb,,,,1.1,us,usp0006j5t,2014-11-07T00:56:14.824Z,"41 km ENE of Tobelo, Indonesia",earthquake,,,,16,reviewed,us,us
1994-09-09T04:16:15.770Z,5.056,127.351,86.9,4.6,mb,,,,1,us,usp0006j54,2014-11-07T00:56:14.776Z,"194 km SE of Pondaguitan, Philippines",earthquake,,11.8,,9,reviewed,us,us
1994-09-08T19:29:10.170Z,-7.313,125.864,33,4.5,mb,,,,1.1,us,usp0006j4p,2014-11-07T00:56:14.726Z,"133 km N of Manatutu, Timor Leste",earthquake,,,,6,reviewed,us,us
1994-09-08T09:26:21.650Z,-8.121,122.571,209.3,4.6,mb,,,,0.9,us,usp0006j3n,2014-11-07T00:56:14.625Z,"67 km NE of Maumere, Indonesia",earthquake,,18.1,,1,reviewed,us,us
1994-09-08T08:50:42.360Z,0.54,126.173,52.1,5.7,mw,,,,1.3,us,usp0006j3j,2022-04-28T17:31:30.337Z,"137 km WSW of Ternate, Indonesia",earthquake,,,,,reviewed,us,hrv
1994-09-07T18:48:24.600Z,-10.699,113.444,33,5,mb,,,,1.2,us,usp0006j2s,2014-11-07T00:56:14.281Z,"266 km SSW of Gambiran Satu, Indonesia",earthquake,,,,9,reviewed,us,us
1994-09-07T18:21:01.290Z,-10.696,113.435,33,4.5,mb,,,,1.4,us,usp0006j2n,2014-11-07T00:56:14.264Z,"266 km SSW of Gambiran Satu, Indonesia",earthquake,,,,5,reviewed,us,us
1994-09-06T19:13:31.350Z,1.344,132.51,33,4.9,mb,,,,1.1,us,usp0006j1t,2014-11-07T00:56:14.174Z,"239 km SE of Tobi Village, Palau",earthquake,,,,7,reviewed,us,us
1994-09-05T01:06:55.340Z,3.304,124.527,33,5.1,mb,,,,0.9,us,usp0006hz4,2014-11-07T00:56:13.628Z,"204 km N of Manado, Indonesia",earthquake,,,,10,reviewed,us,us
1994-09-05T00:01:15.450Z,3.327,128.085,33,4.4,mb,,,,0.2,us,usp0006hz2,2014-11-07T00:56:13.620Z,"north of Halmahera, Indonesia",earthquake,,,,1,reviewed,us,us
1994-09-04T23:55:43.170Z,-6.703,130.509,33,4.1,mb,,,,0.8,us,usp0006hz1,2014-11-07T00:56:13.616Z,"275 km WSW of Tual, Indonesia",earthquake,,,,2,reviewed,us,us
1994-09-04T21:38:59.870Z,1.906,95.046,33,5,mb,,,,0.7,us,usp0006hyx,2014-11-07T00:56:13.596Z,"161 km WSW of Sinabang, Indonesia",earthquake,,,,40,reviewed,us,us
1994-09-04T12:13:30.940Z,-8.001,127.697,142.6,4,mb,,,,0.7,us,usp0006hyf,2014-11-07T00:56:13.510Z,"96 km NE of Lospalos, Timor Leste",earthquake,,13.3,,1,reviewed,us,us
1994-09-04T01:51:52.000Z,-7.206,129.256,98.2,4.5,mb,,,,1,us,usp0006hxu,2014-11-07T00:56:13.415Z,"288 km ENE of Lospalos, Timor Leste",earthquake,,24.3,,2,reviewed,us,us
1994-09-03T15:24:27.090Z,-5.963,124.931,33,4.2,mb,,,,1.3,us,usp0006hx4,2014-11-07T00:56:13.260Z,"290 km ESE of Katabu, Indonesia",earthquake,,,,3,reviewed,us,us
1994-09-03T13:28:08.820Z,-8.685,105.952,33,4.8,mb,,,,1.3,us,usp0006hx0,2014-11-07T00:56:13.219Z,"199 km SSW of Pelabuhanratu, Indonesia",earthquake,,,,6,reviewed,us,us
1994-09-03T07:45:52.090Z,-6.17,130.639,127.9,5.2,mb,,,,0.8,us,usp0006hwq,2014-11-07T00:56:13.137Z,"241 km WSW of Tual, Indonesia",earthquake,,16.4,,8,reviewed,us,us
1994-09-02T18:38:31.660Z,-9.135,119.655,33,4.8,mb,,,,0.7,us,usp0006hvp,2014-11-07T00:56:12.819Z,"62 km SSE of Komodo, Indonesia",earthquake,,,,5,reviewed,us,us
1994-09-02T15:56:15.710Z,-3.309,130.79,39.1,5.5,mb,,,,1.1,us,usp0006hvj,2020-09-15T17:23:06.850Z,"207 km E of Amahai, Indonesia",earthquake,,19,,8,reviewed,us,us
1994-09-02T13:55:27.700Z,4.901,127.522,96.5,5.1,mw,,,,1,us,usp0006hve,2025-12-19T22:30:57.851Z,"219 km SE of Pondaguitan, Philippines",earthquake,,6.7,,,reviewed,us,hrv
1994-09-02T13:00:38.020Z,0.059,122.419,193.6,4.7,mb,,,,0.8,us,usp0006hvb,2014-11-07T00:56:12.709Z,"89 km SW of Gorontalo, Indonesia",earthquake,,18.3,,4,reviewed,us,us
1994-09-02T10:08:37.550Z,2.184,126.488,33,5.1,mb,,,,0.1,us,usp0006hv5,2014-11-07T00:56:12.666Z,"176 km WNW of Tobelo, Indonesia",earthquake,,,,2,reviewed,us,us
1994-08-31T12:17:54.760Z,-6.739,104.276,33,5,mb,,,,1.2,us,usp0006hr6,2014-11-07T00:56:09.174Z,"176 km WSW of Labuan, Indonesia",earthquake,,,,9,reviewed,us,us
1994-08-31T05:17:43.000Z,3.765,95.579,33,4.8,mb,,,,1,us,usp0006hqw,2014-11-07T00:56:09.093Z,"73 km SW of Meulaboh, Indonesia",earthquake,,,,19,reviewed,us,us
1994-08-31T02:57:41.700Z,0.25,128.541,33,4.8,mb,,,,1.2,us,usp0006hqs,2014-11-07T00:56:09.072Z,"121 km ESE of Sofifi, Indonesia",earthquake,,,,5,reviewed,us,us
1994-08-30T19:42:46.510Z,-6.965,124.111,595.6,6.2,mw,,,,1,us,usp0006hqe,2022-04-28T17:35:22.915Z,"218 km NNW of Maubara, Timor Leste",earthquake,,,,,reviewed,us,hrv
1994-08-30T04:38:11.660Z,4.436,125.779,108.5,5.3,mb,,,,0.9,us,usp0006hpf,2014-11-07T00:56:08.672Z,"112 km SSE of Sarangani, Philippines",earthquake,,14.5,,3,reviewed,us,us
1994-08-29T12:27:13.630Z,5.059,127.794,83.1,4.2,mb,,,,0.5,us,usp0006hnk,2014-11-07T00:56:08.255Z,"229 km SE of Pondaguitan, Philippines",earthquake,,39.3,,3,reviewed,us,us
1994-08-29T05:47:36.330Z,-6.045,130.441,192.7,5.2,mb,,,,0.7,us,usp0006hn2,2014-11-07T00:56:08.184Z,"260 km W of Tual, Indonesia",earthquake,,14,,17,reviewed,us,us
1994-08-29T03:53:41.380Z,2.401,127.201,87.8,5,mb,,,,0.8,us,usp0006hn0,2014-11-07T00:56:08.177Z,"116 km NW of Tobelo, Indonesia",earthquake,,10,,21,reviewed,us,us
1994-08-29T00:15:48.910Z,-5.975,130.456,33,4.6,mb,,,,1.3,us,usp0006hmk,2014-11-07T00:56:08.100Z,"257 km W of Tual, Indonesia",earthquake,,,,2,reviewed,us,us
1994-08-28T22:20:55.620Z,-6.926,130.489,60.6,4.6,mb,,,,1.3,us,usp0006hmh,2014-11-07T00:56:08.085Z,"288 km WSW of Tual, Indonesia",earthquake,,24.3,,2,reviewed,us,us
1994-08-28T19:42:13.910Z,5.613,126.44,60.7,4.8,mb,,,,0.8,us,usp0006hm9,2014-11-07T00:56:08.048Z,"87 km SSE of Pondaguitan, Philippines",earthquake,,9.3,,5,reviewed,us,us
1994-08-28T15:41:29.240Z,5.659,126.234,68.9,5.6,mw,,,,1.1,us,usp0006hm4,2022-04-28T17:35:09.233Z,"71 km ESE of Caburan, Philippines",earthquake,,3.5,,,reviewed,us,hrv
1994-08-28T06:24:12.620Z,-7.256,129.239,146.8,5.5,mb,,,,1.1,us,usp0006hkd,2022-04-28T17:34:59.572Z,"283 km ENE of Lospalos, Timor Leste",earthquake,,7.3,,19,reviewed,us,us
1994-08-26T22:35:25.660Z,-6.068,125.744,536.3,4.9,mb,,,,0.8,us,usp0006hhv,2014-11-07T00:56:07.701Z,"271 km N of Manatutu, Timor Leste",earthquake,,16.5,,5,reviewed,us,us
1994-08-26T13:54:05.170Z,3.636,125.704,33,4.8,mb,,,,0.6,us,usp0006hhe,2014-11-07T00:56:07.673Z,"197 km S of Sarangani, Philippines",earthquake,,,,4,reviewed,us,us
1994-08-25T21:20:03.850Z,3.681,126.731,64.5,5.3,mb,,,,1,us,usp0006hgd,2014-11-07T00:56:07.592Z,"Pulau-Pulau Talaud, Indonesia",earthquake,,8.3,,23,reviewed,us,us
1994-08-25T13:22:37.350Z,3.893,127.992,33,4.6,mb,,,,0.5,us,usp0006hg3,2014-11-07T00:56:07.574Z,"239 km N of Tobelo, Indonesia",earthquake,,,,3,reviewed,us,us
1994-08-24T10:12:50.850Z,5.518,125.877,118.9,4.7,mb,,,,0.9,us,usp0006he2,2014-11-07T00:56:07.374Z,"47 km ENE of Sarangani, Philippines",earthquake,,8.9,,4,reviewed,us,us
1994-08-24T08:53:48.940Z,-10.939,112.886,33,5.2,mb,,,,1.1,us,usp0006hdw,2014-11-07T00:56:07.360Z,"298 km S of Kencong, Indonesia",earthquake,,,,11,reviewed,us,us
1994-08-24T07:38:05.430Z,5.978,124.053,560.3,5,mb,,,,0.8,us,usp0006hdu,2014-11-07T00:56:07.351Z,"29 km SSW of Palimbang, Philippines",earthquake,,6.9,,18,reviewed,us,us
1994-08-23T21:13:26.820Z,-4.969,130.922,33,4.8,mb,,,,0.9,us,usp0006hd9,2014-11-07T00:56:07.281Z,"215 km WNW of Tual, Indonesia",earthquake,,,,2,reviewed,us,us
1994-08-23T19:52:34.060Z,2.407,126.15,33,5.2,mb,,,,1.3,us,usp0006hd7,2014-11-07T00:56:07.277Z,"165 km NE of Laikit, Laikit II (Dimembe), Indonesia",earthquake,,,,4,reviewed,us,us
1994-08-23T06:16:35.940Z,0.354,122.35,132.4,5,mb,,,,0.6,us,usp0006hc7,2014-11-07T00:56:07.170Z,"81 km WSW of Gorontalo, Indonesia",earthquake,,14.6,,8,reviewed,us,us
1994-08-21T21:57:55.920Z,-9.168,111.849,57.8,5.2,mb,,,,0.8,us,usp0006ha0,2014-11-07T00:56:06.854Z,"116 km S of Boyolangu, Indonesia",earthquake,,17.5,,16,reviewed,us,us
1994-08-21T11:28:58.280Z,5.834,125.679,75.7,4.3,mb,,,,0.8,us,usp0006h9g,2014-11-07T00:56:06.746Z,"10 km SSE of Caburan, Philippines",earthquake,,25.4,,1,reviewed,us,us
1994-08-21T06:54:00.850Z,-9.828,122.151,33,4.8,mb,,,,1,us,usp0006h97,2014-11-07T00:56:06.718Z,"121 km SSE of Ende, Indonesia",earthquake,,,,7,reviewed,us,us
1994-08-20T18:18:25.450Z,3.12,127.42,76.5,5.4,mw,,,,1.3,us,usp0006h86,2025-12-19T22:31:27.665Z,"167 km NNW of Tobelo, Indonesia",earthquake,,7.1,,,reviewed,us,hrv
1994-08-18T04:13:05.000Z,-7.97,107.96,35.7,4.8,mb,,,,1.2,us,usp0006h3c,2014-11-07T00:56:05.003Z,"70 km SSW of Singaparna, Indonesia",earthquake,,,,21,reviewed,us,us
1994-08-18T01:42:13.780Z,-7.214,120.501,551.4,4.9,mb,,,,1.2,us,usp0006h34,2014-11-07T00:56:04.971Z,"154 km N of Ruteng, Indonesia",earthquake,,13,,19,reviewed,us,us
1994-08-17T22:31:49.490Z,-4.736,103.151,93.1,5.1,mb,,,,1.2,us,usp0006h2w,2014-11-07T00:56:04.868Z,"79 km S of Pagar Alam, Indonesia",earthquake,,,,21,reviewed,us,us
1994-08-16T23:32:08.540Z,3.749,126.578,33,4.9,mb,,,,0.6,us,usp0006h1e,2014-11-07T00:56:04.732Z,"220 km SE of Sarangani, Philippines",earthquake,,,,6,reviewed,us,us
1994-08-16T21:58:15.030Z,3.871,95.091,33,4.4,mb,,,,0.8,us,usp0006h1b,2014-11-07T00:56:04.728Z,"118 km WSW of Meulaboh, Indonesia",earthquake,,,,6,reviewed,us,us
1994-08-15T22:38:28.460Z,2.62,123.717,401.3,4.9,mb,,,,1.1,us,usp0006gzk,2014-11-07T00:56:03.820Z,"178 km NW of Manado, Indonesia",earthquake,,6.6,,14,reviewed,us,us
1994-08-14T19:17:37.580Z,-5.884,129.587,236.4,4.6,mb,,,,1,us,usp0006gyp,2014-11-07T00:56:03.689Z,"287 km SSE of Ambon, Indonesia",earthquake,,16.3,,2,reviewed,us,us
1994-08-14T14:04:04.270Z,-4.778,138.75,33,4.5,mb,,,,1.6,us,usp0006gyk,2014-11-07T00:56:03.684Z,"Papua, Indonesia",earthquake,,,,4,reviewed,us,us
1994-08-14T05:47:22.740Z,-8.139,120.223,199.3,4.6,mb,,,,0.6,us,usp0006gxz,2014-11-07T00:56:03.549Z,"54 km NE of Labuan Bajo, Indonesia",earthquake,,11.2,,2,reviewed,us,us
1994-08-14T00:23:09.040Z,-9.701,124.281,33,4.4,mb,,,,1,us,usp0006gxg,2014-11-07T00:56:02.873Z,"17 km N of Soe, Indonesia",earthquake,,,,1,reviewed,us,us
1994-08-13T06:31:06.170Z,2.536,99.273,177.2,4.9,mb,,,,1.4,us,usp0006gwk,2014-11-07T00:56:02.758Z,"40 km ESE of Parapat, Indonesia",earthquake,,13.3,,11,reviewed,us,us
1994-08-11T21:13:52.210Z,2.884,95.955,33,4.9,mb,,,,0.5,us,usp0006gux,2014-11-07T00:56:02.459Z,"65 km NW of Sinabang, Indonesia",earthquake,,,,11,reviewed,us,us
1994-08-11T10:21:50.270Z,-2.604,134.257,33,4.7,mb,,,,1.4,us,usp0006gu9,2014-11-07T00:56:01.867Z,"161 km WNW of Nabire, Indonesia",earthquake,,,,6,reviewed,us,us
1994-08-11T08:16:45.380Z,3.403,126.505,33,5.2,mb,,,,1.2,us,usp0006gu1,2014-11-07T00:56:01.847Z,"249 km NW of Tobelo, Indonesia",earthquake,,,,4,reviewed,us,us
1994-08-11T07:14:46.000Z,-7.417,129.103,159.2,4.7,mb,,,,1,us,usp0006gty,2014-11-07T00:56:01.841Z,"262 km ENE of Lospalos, Timor Leste",earthquake,,10.7,,6,reviewed,us,us
1994-08-10T07:31:40.720Z,-1.667,135.616,33,5,mb,,,,1.1,us,usp0006gsf,2014-11-07T00:56:01.619Z,"73 km SW of Insrom, Indonesia",earthquake,,,,6,reviewed,us,us
1994-08-10T04:46:35.470Z,1.243,120.526,33,4.9,mb,,,,1.2,us,usp0006gsc,2014-11-07T00:56:01.587Z,"248 km NNE of Palu, Indonesia",earthquake,,,,4,reviewed,us,us
1994-08-08T09:13:05.730Z,-8.019,130.482,128.2,4.4,mb,,,,1.3,us,usp0006gq0,2014-11-07T00:56:01.283Z,"Pulau Pulau Tanimbar, Indonesia",earthquake,,50.3,,4,reviewed,us,us
1994-08-07T10:11:02.940Z,-5.474,133.763,33,4.3,mb,,,,1.3,us,usp0006gnx,2014-11-07T00:56:01.123Z,"113 km E of Tual, Indonesia",earthquake,,,,2,reviewed,us,us
1994-08-07T05:52:27.610Z,-10.271,119.978,25.8,5.2,mw,,,,1.4,us,usp0006gnc,2022-04-28T17:33:38.536Z,"74 km SSW of Waingapu, Indonesia",earthquake,,,,,reviewed,us,hrv
1994-08-06T23:56:05.850Z,-7.158,129.185,193.2,5.4,mb,,,,0.9,us,usp0006gn1,2014-11-07T00:56:01.000Z,"284 km ENE of Lospalos, Timor Leste",earthquake,,8.5,,11,reviewed,us,us
1994-08-06T23:46:33.440Z,-8.563,110.28,33,4.3,mb,,,,1.5,us,usp0006gmz,2014-11-07T00:56:00.995Z,"67 km S of Bambanglipuro, Indonesia",earthquake,,,,5,reviewed,us,us
1994-08-06T18:44:13.840Z,1.821,127.053,101.7,4.7,mb,,,,1.3,us,usp0006gmn,2014-11-07T00:56:00.915Z,"106 km W of Tobelo, Indonesia",earthquake,,9.5,,5,reviewed,us,us
1994-08-06T13:15:30.520Z,-10.921,113.6,33,5.4,mb,,,,0.6,us,usp0006gm9,2014-11-07T00:56:00.864Z,"285 km SSW of Gambiran Satu, Indonesia",earthquake,,,,9,reviewed,us,us
1994-08-06T10:35:50.370Z,3.29,126.821,87.8,4.7,mb,,,,1.4,us,usp0006gm3,2014-11-07T00:56:00.840Z,"217 km NW of Tobelo, Indonesia",earthquake,,13.6,,8,reviewed,us,us
1994-08-05T20:56:09.710Z,2.21,129.109,33,4.5,mb,,,,1,us,usp0006gkd,2014-11-07T00:56:00.682Z,"133 km ENE of Tobelo, Indonesia",earthquake,,,,6,reviewed,us,us
1994-08-05T11:14:18.030Z,-2.791,138.993,33,4.5,mb,,,,1.5,us,usp0006gjm,2014-11-07T00:56:00.513Z,"183 km W of Abepura, Indonesia",earthquake,,,,4,reviewed,us,us
1994-08-05T03:39:05.250Z,-3.177,101.466,68.5,5.4,mw,,,,0.9,us,usp0006gj3,2022-04-28T17:33:12.987Z,"112 km NW of Bengkulu, Indonesia",earthquake,,8,,,reviewed,us,hrv
1994-08-04T22:15:37.770Z,-6.338,131.575,33,6.2,mw,,,,0.9,us,usp0006gj0,2022-04-28T17:33:11.510Z,"152 km WSW of Tual, Indonesia",earthquake,,,,,reviewed,us,hrv
1994-08-04T02:36:55.490Z,5.885,95.136,33,4.4,mb,,,,1.5,us,usp0006gh1,2014-11-07T00:55:59.786Z,"19 km W of Sabang, Indonesia",earthquake,,,,11,reviewed,us,us
1994-08-04T02:31:45.120Z,5.959,95.142,65.1,4.8,mb,,,,1.2,us,usp0006gh0,2014-11-07T00:55:59.768Z,"20 km WNW of Sabang, Indonesia",earthquake,,,,29,reviewed,us,us
1994-08-04T01:09:36.290Z,-9.857,112.711,23.2,5.1,mb,,,,1.2,us,usp0006ggw,2014-11-07T00:55:59.735Z,"182 km S of Dampit, Indonesia",earthquake,,,,24,reviewed,us,us
1994-08-03T17:44:16.050Z,-6.255,130.46,121.1,5.2,mb,,,,1.2,us,usp0006ggd,2014-11-07T00:55:59.636Z,"263 km WSW of Tual, Indonesia",earthquake,,14.4,,19,reviewed,us,us
1994-08-03T04:06:52.920Z,-7.801,128.497,33,4.2,mb,,,,1,us,usp0006gfn,2014-11-07T00:55:59.402Z,"183 km ENE of Lospalos, Timor Leste",earthquake,,,,2,reviewed,us,us
1994-08-02T07:37:52.820Z,-10.422,117.005,48.6,5.1,mb,,,,1.1,us,usp0006geb,2014-11-07T00:55:58.793Z,"206 km SSE of Praya, Indonesia",earthquake,,10.6,,28,reviewed,us,us
1994-08-01T16:05:08.840Z,3.316,128.254,33,4.5,mb,,,,0.8,us,usp0006gdj,2014-11-07T00:55:57.914Z,"177 km N of Tobelo, Indonesia",earthquake,,,,2,reviewed,us,us
1994-08-01T09:24:10.200Z,-10.076,113.117,110.5,4.7,mb,,,,0.5,us,usp0006gd9,2014-11-07T00:55:57.787Z,"200 km S of Kencong, Indonesia",earthquake,,22.3,,9,reviewed,us,us
1994-07-31T12:07:50.200Z,-4.093,135.969,33,4.6,mb,,,,0.9,us,usp0006gc5,2014-11-07T00:55:55.950Z,"96 km SSE of Nabire, Indonesia",earthquake,,,,2,reviewed,us,us
1994-07-31T06:09:34.470Z,2.326,128.64,93.6,4.5,mb,,,,1.4,us,usp0006gbr,2014-11-07T00:55:55.921Z,"96 km NE of Tobelo, Indonesia",earthquake,,55.7,,3,reviewed,us,us
1994-07-29T22:56:28.390Z,-8.972,124.253,74.2,4.9,mb,,,,1.4,us,usp0006ga0,2014-11-07T00:55:55.698Z,"29 km NNW of Pante Makasar, Timor Leste",earthquake,,25,,7,reviewed,us,us
1994-07-29T16:05:23.970Z,-3.221,135.841,21.3,5,mb,,,,0.8,us,usp0006g9j,2014-11-07T00:55:55.660Z,"40 km ENE of Nabire, Indonesia",earthquake,,,,13,reviewed,us,us
1994-07-29T13:13:37.020Z,-10.639,113.27,33,4.7,ms,,,,1.2,us,usp0006g96,2014-11-07T00:55:55.632Z,"260 km S of Kencong, Indonesia",earthquake,,,,3,reviewed,us,us
1994-07-29T08:44:04.100Z,-4.791,103.129,33,4.4,mb,,,,1.1,us,usp0006g8x,2014-11-07T00:55:55.596Z,"85 km S of Pagar Alam, Indonesia",earthquake,,,,3,reviewed,us,us
1994-07-28T22:55:18.430Z,0.931,126.632,33,5,mb,,,,0.4,us,usp0006g8a,2014-11-07T00:55:55.456Z,"85 km W of Ternate, Indonesia",earthquake,,,,3,reviewed,us,us
1994-07-28T12:18:35.280Z,-9.775,118.651,33,4.6,mb,,,,1.3,us,usp0006g7w,2014-11-07T00:55:55.406Z,"138 km S of Dompu, Indonesia",earthquake,,,,1,reviewed,us,us
1994-07-28T03:24:48.900Z,1.636,125.774,90.5,5,mb,,,,1,us,usp0006g7a,2014-11-07T00:55:55.360Z,"90 km E of Laikit, Laikit II (Dimembe), Indonesia",earthquake,,15,,6,reviewed,us,us
1994-07-27T13:27:49.970Z,-8.327,119.728,190.7,5.2,mb,,,,1.1,us,usp0006g6f,2014-11-07T00:55:55.239Z,"25 km NW of Labuan Bajo, Indonesia",earthquake,,5.5,,16,reviewed,us,us
1994-07-27T09:55:55.310Z,-3.308,139.149,90.5,5.4,mw,,,,1,us,usp0006g67,2025-12-19T22:34:05.207Z,"182 km WSW of Abepura, Indonesia",earthquake,,5.7,,,reviewed,us,hrv
1994-07-26T16:17:44.630Z,4.886,126.296,33,4.5,mb,,,,0.9,us,usp0006g54,2014-11-07T00:55:55.107Z,"108 km ESE of Sarangani, Philippines",earthquake,,,,2,reviewed,us,us
1994-07-26T01:46:33.100Z,-10.263,113.59,33,5.7,mb,,,,1.1,us,usp0006g4g,2022-04-28T17:38:11.805Z,"215 km SSW of Gambiran Satu, Indonesia",earthquake,,,,42,reviewed,us,us
1994-07-25T20:02:15.000Z,-8.831,118.995,119.1,3.7,mb,,,,1.4,us,usp0006g46,2014-11-07T00:55:54.977Z,"50 km SE of Bima, Indonesia",earthquake,,16.7,,3,reviewed,us,us
1994-07-25T17:26:39.300Z,-10.939,113.021,33,4.9,mb,,,,1.1,us,usp0006g43,2014-11-07T00:55:54.956Z,"296 km S of Kencong, Indonesia",earthquake,,,,13,reviewed,us,us
1994-07-24T23:38:57.890Z,-10.014,112.545,33,4.4,mb,,,,1.2,us,usp0006g37,2014-11-07T00:55:54.681Z,"200 km S of Dampit, Indonesia",earthquake,,,,3,reviewed,us,us
1994-07-24T23:08:36.270Z,-7.742,128.593,164,4.8,mb,,,,0.9,us,usp0006g36,2014-11-07T00:55:54.679Z,"195 km ENE of Lospalos, Timor Leste",earthquake,,14.8,,3,reviewed,us,us
1994-07-24T22:11:49.540Z,-4.616,107.558,33,5,mb,,,,1.4,us,usp0006g34,2014-11-07T00:55:54.674Z,"173 km N of Rengasdengklok, Indonesia",earthquake,,,,9,reviewed,us,us
1994-07-24T21:57:27.400Z,-10.654,113.269,34.3,5.4,mw,,,,1.1,us,usp0006g33,2025-12-19T22:34:03.784Z,"262 km S of Kencong, Indonesia",earthquake,,,,,reviewed,us,hrv
1994-07-24T10:59:50.690Z,-4.107,102.782,82.6,5.4,mb,,,,0.9,us,usp0006g2m,2022-04-28T17:37:45.282Z,"52 km W of Pagar Alam, Indonesia",earthquake,,8.5,,46,reviewed,us,us
1994-07-24T02:32:06.940Z,-7.323,127.956,108,5,mb,,,,0.6,us,usp0006g24,2014-11-07T00:55:54.410Z,"169 km NE of Lospalos, Timor Leste",earthquake,,23,,7,reviewed,us,us
1994-07-24T02:20:27.160Z,-6.474,130.29,192,4.8,mb,,,,0.8,us,usp0006g23,2014-11-07T00:55:54.406Z,"288 km WSW of Tual, Indonesia",earthquake,,24.1,,9,reviewed,us,us
1994-07-23T23:47:55.910Z,2.984,128.573,237,4.7,mb,,,,0.8,us,usp0006g1y,2014-11-07T00:55:54.209Z,"152 km NNE of Tobelo, Indonesia",earthquake,,11.2,,5,reviewed,us,us
1994-07-23T04:38:43.510Z,-1.031,97.475,31.8,5.1,mw,,,,0.8,us,usp0006g0v,2025-12-19T22:33:46.544Z,"297 km W of Pariaman, Indonesia",earthquake,,,,,reviewed,us,hrv
1994-07-21T21:30:06.980Z,-2.383,130.382,33,4.3,mb,,,,1.1,us,usp0006fz2,2014-11-07T00:55:53.358Z,"192 km SSW of Sorong, Indonesia",earthquake,,,,2,reviewed,us,us
1994-07-21T15:52:44.320Z,-9.664,112.836,23.3,5.3,mb,,,,1,us,usp0006fyq,2014-11-07T00:55:53.162Z,"160 km S of Dampit, Indonesia",earthquake,,,,25,reviewed,us,us
1994-07-21T13:51:47.450Z,-9.876,124.697,33,3.9,mb,,,,1.1,us,usp0006fyj,2014-11-07T00:55:53.154Z,"45 km E of Soe, Indonesia",earthquake,,,,2,reviewed,us,us
1994-07-21T11:46:04.830Z,-1.68,135.47,33,5.1,mb,,,,1.3,us,usp0006fyb,2014-11-07T00:55:53.132Z,"86 km SW of Insrom, Indonesia",earthquake,,,,10,reviewed,us,us
1994-07-21T07:04:40.090Z,-9.136,123.697,57.1,4.8,mb,,,,0.5,us,usp0006fy1,2014-11-07T00:55:53.114Z,"51 km N of Naisano Dua, Indonesia",earthquake,,20,,8,reviewed,us,us
1994-07-20T16:50:15.810Z,-9.922,112.244,33,4.5,mb,,,,1.4,us,usp0006fx9,2014-11-07T00:55:53.041Z,"196 km S of Sumberpucung, Indonesia",earthquake,,,,4,reviewed,us,us
1994-07-19T05:31:51.350Z,-7.387,119.771,433.6,5.1,mb,,,,0.7,us,usp0006fw0,2014-11-07T00:55:52.903Z,"123 km N of Labuan Bajo, Indonesia",earthquake,,7.6,,12,reviewed,us,us
1994-07-19T00:40:52.140Z,-3.071,129.969,33,4.5,mb,,,,1,us,usp0006fvt,2014-11-07T00:55:52.883Z,"120 km ENE of Amahai, Indonesia",earthquake,,,,3,reviewed,us,us
1994-07-18T20:06:21.670Z,-7.457,129.723,206.3,4.6,mb,,,,0.9,us,usp0006fvk,2014-11-07T00:55:52.861Z,"Kepulauan Babar, Indonesia",earthquake,,23.3,,2,reviewed,us,us
1994-07-18T16:33:59.840Z,-9.591,112.939,33,5.5,mw,,,,1.3,us,usp0006fvc,2022-04-28T17:37:23.080Z,"south of Java, Indonesia",earthquake,,,,,reviewed,us,hrv
1994-07-18T14:34:50.140Z,-0.812,133.585,33,4.8,mb,,,,0.5,us,usp0006fv9,2014-11-07T00:55:52.782Z,"53 km W of Manokwari, Indonesia",earthquake,,,,3,reviewed,us,us
1994-07-18T09:28:58.940Z,-6.991,103.045,20,4.9,mb,,,,1.1,us,usp0006fuw,2014-11-07T00:55:52.739Z,"299 km SW of Bandar Lampung, Indonesia",earthquake,,,,8,reviewed,us,us
1994-07-18T06:14:09.290Z,-7.178,130.05,231.6,4.5,mb,,,,0.9,us,usp0006fuq,2014-11-07T00:55:52.726Z,"Pulau Pulau Tanimbar, Indonesia",earthquake,,11.9,,1,reviewed,us,us
1994-07-18T05:24:21.270Z,-9.74,112.493,33,5.4,mb,,,,1.1,us,usp0006fup,2014-11-07T00:55:52.716Z,"171 km S of Dampit, Indonesia",earthquake,,,,22,reviewed,us,us
1994-07-17T20:54:48.990Z,0.063,123.507,164.2,4.5,mb,,,,1.2,us,usp0006fu4,2014-11-07T00:55:52.632Z,"72 km SE of Gorontalo, Indonesia",earthquake,,25.1,,3,reviewed,us,us
1994-07-17T12:43:09.030Z,3.47,126.685,76.5,4.9,mb,,,,0.9,us,usp0006ftn,2014-11-07T00:55:52.584Z,"242 km NW of Tobelo, Indonesia",earthquake,,16,,11,reviewed,us,us
1994-07-17T04:42:41.940Z,-5.941,107.515,314.1,5.2,mw,,,,1.2,us,usp0006ft2,2025-12-19T22:32:52.267Z,"34 km NE of Rengasdengklok, Indonesia",earthquake,,5.4,,,reviewed,us,hrv
1994-07-17T03:03:04.930Z,-7.555,129.796,162.3,4.6,mb,,,,0.8,us,usp0006fsw,2014-11-07T00:55:52.480Z,"Kepulauan Babar, Indonesia",earthquake,,17,,2,reviewed,us,us
1994-07-16T18:05:05.600Z,-4.619,125.615,442.7,5.7,mwb,,,,1,us,usp0006fsd,2022-04-28T17:37:19.646Z,"Banda Sea",earthquake,,,,,reviewed,us,us
1994-07-16T14:26:00.860Z,-7.289,129.665,170.9,4.8,mb,,,,0.6,us,usp0006fsa,2014-11-07T00:55:52.406Z,"Kepulauan Babar, Indonesia",earthquake,,20.4,,1,reviewed,us,us
1994-07-15T22:32:16.380Z,-2.822,129.719,33,4.9,mb,,,,0.7,us,usp0006fr6,2014-11-07T00:55:52.321Z,"105 km ENE of Amahai, Indonesia",earthquake,,,,4,reviewed,us,us
1994-07-15T18:35:19.270Z,2.747,128.679,227.5,4.9,mb,,,,0.5,us,usp0006fqw,2014-11-07T00:55:52.298Z,"135 km NNE of Tobelo, Indonesia",earthquake,,9.9,,5,reviewed,us,us
1994-07-15T15:43:28.500Z,-7.127,126.752,337.9,4.5,mb,,,,1,us,usp0006fqm,2014-11-07T00:55:52.254Z,"152 km NNE of Baukau, Timor Leste",earthquake,,28.2,,1,reviewed,us,us
1994-07-14T15:03:38.830Z,-7.503,132.799,33,3.6,mb,,,,1.7,us,usp0006fp0,2014-11-07T00:55:52.070Z,"207 km S of Tual, Indonesia",earthquake,,,,1,reviewed,us,us
1994-07-14T07:10:59.930Z,-5.437,133.782,28.1,5.2,mw,,,,0.8,us,usp0006fnb,2022-04-28T17:37:13.887Z,"116 km E of Tual, Indonesia",earthquake,,,,,reviewed,us,hrv
1994-07-14T00:26:25.210Z,-10.8,113.696,33,4.4,mb,,,,1.5,us,usp0006fmu,2014-11-07T00:55:51.941Z,"270 km S of Gambiran Satu, Indonesia",earthquake,,,,2,reviewed,us,us
1994-07-13T22:23:51.660Z,-4.318,135.087,25.7,5.1,mb,,,,1,us,usp0006fmp,2014-11-07T00:55:51.894Z,"115 km SSW of Nabire, Indonesia",earthquake,,,,15,reviewed,us,us
1994-07-13T13:25:05.870Z,3.625,126.274,33,4.7,mb,,,,1.5,us,usp0006fm0,2014-11-07T00:55:51.831Z,"216 km SSE of Sarangani, Philippines",earthquake,,,,8,reviewed,us,us
1994-07-13T11:45:23.360Z,-7.532,127.77,158.8,6.5,mw,,,,1.1,us,usp0006fkv,2022-04-28T17:37:06.117Z,"138 km NE of Lospalos, Timor Leste",earthquake,,,,,reviewed,us,hrv
1994-07-13T06:23:06.910Z,-6.582,130.542,72.1,4.6,mb,,,,0.9,us,usp0006fk5,2014-11-07T00:55:51.509Z,"266 km WSW of Tual, Indonesia",earthquake,,24.5,,6,reviewed,us,us
1994-07-12T22:40:24.470Z,-6.199,105.445,33,5,mb,,,,1.2,us,usp0006fj9,2014-11-07T00:55:51.288Z,"46 km WNW of Labuan, Indonesia",earthquake,,,,15,reviewed,us,us
1994-07-12T16:11:14.550Z,-2.805,129.574,35.7,4.9,mb,,,,1,us,usp0006fhx,2014-11-07T00:55:51.249Z,"93 km NE of Amahai, Indonesia",earthquake,,14,,2,reviewed,us,us
1994-07-11T22:43:34.220Z,3.197,126.577,68.8,4.8,mb,,,,1.1,us,usp0006fgu,2014-11-07T00:55:51.109Z,"227 km NW of Tobelo, Indonesia",earthquake,,11,,9,reviewed,us,us
1994-07-11T09:38:26.130Z,-10.931,112.947,33,4.8,mb,,,,1.6,us,usp0006ffs,2014-11-07T00:55:51.013Z,"296 km S of Kencong, Indonesia",earthquake,,,,3,reviewed,us,us
1994-07-11T02:47:59.730Z,-0.684,133.547,29.5,4.9,mb,,,,1,us,usp0006ff9,2014-11-07T00:55:50.965Z,"60 km WNW of Manokwari, Indonesia",earthquake,,,,17,reviewed,us,us
1994-07-11T00:59:20.110Z,-3.033,129.952,33,4.9,mb,,,,1.2,us,usp0006ff4,2014-11-07T00:55:50.950Z,"119 km ENE of Amahai, Indonesia",earthquake,,,,13,reviewed,us,us
1994-07-10T21:17:46.130Z,-9.853,124.442,33,4.8,mb,,,,0.9,us,usp0006fev,2014-11-07T00:55:50.914Z,"17 km E of Soe, Indonesia",earthquake,,,,4,reviewed,us,us
1994-07-10T14:44:03.640Z,-6.356,128.978,190.2,4.5,mb,,,,1.2,us,usp0006fek,2014-11-07T00:55:50.889Z,"Banda Sea",earthquake,,27.1,,1,reviewed,us,us
1994-07-09T04:18:08.760Z,-7.949,120.269,33,4.8,mb,,,,1,us,usp0006fcw,2014-11-07T00:55:50.679Z,"73 km NE of Labuan Bajo, Indonesia",earthquake,,,,7,reviewed,us,us
1994-07-08T21:53:39.430Z,-10.773,113.138,33,4.6,mb,,,,0.9,us,usp0006fce,2014-11-07T00:55:50.637Z,"276 km S of Kencong, Indonesia",earthquake,,,,3,reviewed,us,us
1994-07-08T08:43:37.060Z,-10.31,113.77,40.4,4.9,mb,,,,1.1,us,usp0006fbs,2014-11-07T00:55:50.570Z,"215 km S of Gambiran Satu, Indonesia",earthquake,,13.6,,5,reviewed,us,us
1994-07-08T04:22:05.360Z,0.27,125.368,67,4.9,mb,,,,1.5,us,usp0006fbd,2014-11-07T00:55:50.543Z,"125 km SSE of Tondano, Indonesia",earthquake,,15.6,,6,reviewed,us,us
1994-07-07T08:36:28.980Z,-9.844,120.648,33,4.1,mb,,,,1.4,us,usp0006fak,2014-11-07T00:55:50.471Z,"46 km ESE of Waingapu, Indonesia",earthquake,,,,2,reviewed,us,us
1994-07-06T10:12:49.350Z,-7.384,129.569,169.4,4.5,mb,,,,1.2,us,usp0006f9d,2014-11-07T00:55:50.320Z,"Kepulauan Babar, Indonesia",earthquake,,12.4,,2,reviewed,us,us
1994-07-06T09:44:49.520Z,-8.782,129.157,33,4.4,mb,,,,1.5,us,usp0006f9b,2014-11-07T00:55:50.315Z,"239 km E of Lospalos, Timor Leste",earthquake,,,,1,reviewed,us,us
1994-07-06T09:13:10.170Z,5.983,125.929,151,5.9,mw,,,,1.1,us,usp0006f99,2022-04-28T17:36:39.716Z,"27 km E of Mangili, Philippines",earthquake,,,,,reviewed,us,hrv
1994-07-05T14:27:20.800Z,-9.986,112.716,33,4.4,mb,,,,0.3,us,usp0006f7c,2014-11-07T00:55:49.995Z,"196 km S of Dampit, Indonesia",earthquake,,,,3,reviewed,us,us
1994-07-04T18:09:33.670Z,-2.57,140.376,33,4.9,mb,,,,0.8,us,usp0006f6a,2014-11-07T00:55:49.588Z,"28 km W of Abepura, Indonesia",earthquake,,,,2,reviewed,us,us
1994-07-03T14:43:00.320Z,-9.464,124.343,74.9,5,mb,,,,1.3,us,usp0006f4d,2014-11-07T00:55:49.132Z,"14 km W of Kefamenanu, Indonesia",earthquake,,9.5,,1,reviewed,us,us
1994-07-03T09:44:32.340Z,-7.539,128.564,146.4,4.7,mb,,,,1.1,us,usp0006f45,2014-11-07T00:55:49.081Z,"203 km ENE of Lospalos, Timor Leste",earthquake,,12.2,,3,reviewed,us,us
1994-07-02T19:33:57.800Z,-10.1,112.755,33,4.2,mb,,,,1.1,us,usp0006f31,2014-11-07T00:55:48.835Z,"208 km S of Dampit, Indonesia",earthquake,,,,3,reviewed,us,us
1994-07-02T18:10:59.520Z,-3.653,140.022,51.4,4.8,mb,,,,1.3,us,usp0006f2y,2014-11-07T00:55:48.815Z,"135 km SSW of Abepura, Indonesia",earthquake,,10.4,,12,reviewed,us,us
1994-07-02T09:14:43.030Z,-5.763,131.103,87.7,5.8,mwb,,,,1,us,usp0006f2g,2022-04-28T17:36:08.261Z,"183 km W of Tual, Indonesia",earthquake,,2.4,,,reviewed,us,us
1994-07-02T02:38:22.640Z,-3.243,135.878,34,5.6,mw,,,,1,us,usp0006f26,2022-04-28T17:22:35.255Z,"Papua, Indonesia",earthquake,,,,,reviewed,us,hrv
1994-07-01T16:13:53.160Z,5.024,125.615,10,4.7,mb,,,,1.2,us,usp0006f1t,2014-11-07T00:55:47.993Z,"45 km SSE of Sarangani, Philippines",earthquake,,,,3,reviewed,us,us
1994-07-01T01:57:57.160Z,-7.96,109.137,101.4,5.1,mw,,,,1.2,us,usp0006f13,2025-12-19T22:31:55.825Z,"38 km SSW of Kroya, Indonesia",earthquake,,7.9,,,reviewed,us,hrv
1994-06-30T09:18:38.200Z,-6.795,130.375,105.8,5,mb,,,,1.1,us,usp0006f07,2014-11-07T00:55:45.298Z,"293 km WSW of Tual, Indonesia",earthquake,,15,,2,reviewed,us,us
1994-06-30T02:46:25.900Z,-10.689,113.466,60.9,3.9,mb,,,,0.5,us,usp0006ezu,2014-11-07T00:55:45.261Z,"264 km SSW of Gambiran Satu, Indonesia",earthquake,,34,,1,reviewed,us,us
1994-06-29T22:59:38.880Z,-7.486,128.607,132,5.1,mb,,,,1.1,us,usp0006ezm,2014-11-07T00:55:45.194Z,"211 km ENE of Lospalos, Timor Leste",earthquake,,13.6,,10,reviewed,us,us
1994-06-28T14:45:17.420Z,-10.85,112.636,33,5.1,mb,,,,1.5,us,usp0006ext,2014-11-07T00:55:45.001Z,"292 km S of Dampit, Indonesia",earthquake,,,,4,reviewed,us,us
1994-06-27T09:04:56.970Z,1.298,126.144,10,5.1,mb,,,,0.9,us,usp0006ew7,2014-11-07T00:55:44.854Z,"131 km E of Laikit, Laikit II (Dimembe), Indonesia",earthquake,,,,2,reviewed,us,us
1994-06-27T06:55:58.250Z,-10.822,112.534,33,4.4,mb,,,,1,us,usp0006ew0,2014-11-07T00:55:44.829Z,"289 km S of Dampit, Indonesia",earthquake,,,,2,reviewed,us,us
1994-06-26T06:14:36.280Z,-10.77,113.311,33,5,mb,,,,1.2,us,usp0006euj,2014-11-07T00:55:44.651Z,"275 km S of Kencong, Indonesia",earthquake,,,,18,reviewed,us,us
1994-06-26T03:19:38.110Z,-9.053,118.718,33,4,mb,,,,1.5,us,usp0006euf,2014-11-07T00:55:44.647Z,"63 km SSE of Dompu, Indonesia",earthquake,,,,2,reviewed,us,us
1994-06-25T15:50:00.680Z,2.801,127.061,73.6,4.8,mb,,,,1,us,usp0006etr,2014-11-07T00:55:44.591Z,"158 km NW of Tobelo, Indonesia",earthquake,,36.2,,2,reviewed,us,us
1994-06-25T07:35:47.530Z,3.805,95.901,52,4.4,mb,,,,0.7,us,usp0006esy,2014-11-07T00:55:44.484Z,"45 km SW of Meulaboh, Indonesia",earthquake,,21.7,,7,reviewed,us,us
1994-06-24T21:20:20.750Z,-10.315,114.117,33,4.8,mb,,,,1.4,us,usp0006esa,2014-11-07T00:55:44.430Z,"203 km SW of Jimbaran, Indonesia",earthquake,,,,5,reviewed,us,us
1994-06-24T18:40:29.920Z,1.377,122.423,76,4.7,mb,,,,1.2,us,usp0006es2,2014-11-07T00:55:44.411Z,"116 km NW of Gorontalo, Indonesia",earthquake,,17.4,,9,reviewed,us,us
1994-06-24T03:07:58.900Z,-9.202,113.646,33,4.9,mb,,,,1.5,us,usp0006erb,2014-11-07T00:55:44.350Z,"104 km SSW of Gambiran Satu, Indonesia",earthquake,,,,2,reviewed,us,us
1994-06-23T13:58:46.770Z,-10.892,112.537,54.4,4.6,mb,,,,1,us,usp0006eqw,2014-11-07T00:55:44.314Z,"297 km S of Dampit, Indonesia",earthquake,,26.6,,5,reviewed,us,us
1994-06-23T13:46:17.190Z,-10.728,112.6,33,4.5,mb,,,,1.1,us,usp0006eqv,2014-11-07T00:55:44.312Z,"278 km S of Dampit, Indonesia",earthquake,,,,2,reviewed,us,us
1994-06-22T19:11:54.580Z,-10.565,112.644,33,5.1,mb,,,,1,us,usp0006ept,2014-11-07T00:55:44.124Z,"260 km S of Dampit, Indonesia",earthquake,,,,7,reviewed,us,us
1994-06-22T18:45:44.800Z,-10.63,112.571,33,4.7,mb,,,,0.9,us,usp0006epn,2014-11-07T00:55:44.113Z,"268 km S of Dampit, Indonesia",earthquake,,,,3,reviewed,us,us
1994-06-22T18:19:20.530Z,-10.209,112.143,33,4.2,mb,,,,1.4,us,usp0006epk,2014-11-07T00:55:44.110Z,"south of Java, Indonesia",earthquake,,,,1,reviewed,us,us
1994-06-22T16:18:25.780Z,-6.043,130.905,105.8,5.2,mb,,,,0.9,us,usp0006epc,2022-04-28T17:40:42.187Z,"209 km WSW of Tual, Indonesia",earthquake,,5.9,,28,reviewed,us,us
1994-06-22T16:13:21.670Z,-10.785,112.549,33,4.4,mb,,,,0.9,us,usp0006epb,2014-11-07T00:55:44.086Z,"285 km S of Dampit, Indonesia",earthquake,,,,4,reviewed,us,us
1994-06-22T14:36:11.150Z,-10.329,116.775,33,4.9,mb,,,,0.3,us,usp0006ep7,2014-11-07T00:55:44.075Z,"187 km SSE of Praya, Indonesia",earthquake,,,,4,reviewed,us,us
1994-06-22T13:58:31.280Z,-10.829,113.051,40.1,4.6,mb,,,,1.2,us,usp0006ep6,2014-11-07T00:55:44.073Z,"283 km S of Kencong, Indonesia",earthquake,,13.4,,2,reviewed,us,us
1994-06-22T04:29:56.550Z,5.281,127.002,85.4,4.8,mb,,,,1.5,us,usp0006enu,2014-11-07T00:55:44.055Z,"150 km SE of Pondaguitan, Philippines",earthquake,,17.6,,3,reviewed,us,us
1994-06-21T01:07:34.300Z,-9.476,112.577,33,4.7,mb,,,,0.4,us,usp0006emn,2014-11-07T00:55:43.956Z,"141 km S of Dampit, Indonesia",earthquake,,,,5,reviewed,us,us
1994-06-21T00:07:39.910Z,-7.729,126.861,33,4.3,mb,,,,1,us,usp0006emh,2014-11-07T00:55:43.938Z,"88 km N of Lospalos, Timor Leste",earthquake,,,,1,reviewed,us,us
1994-06-19T19:18:13.980Z,2.972,96.222,33,4.5,mb,,,,1.1,us,usp0006ek1,2014-11-07T00:55:43.456Z,"57 km NNW of Sinabang, Indonesia",earthquake,,,,4,reviewed,us,us
1994-06-19T13:50:38.140Z,-10.596,113.483,19.8,5.1,mb,,,,1.2,us,usp0006ejk,2014-11-07T00:55:43.416Z,"254 km SSW of Gambiran Satu, Indonesia",earthquake,,,,3,reviewed,us,us
1994-06-19T12:57:01.280Z,-10.346,113.479,33,5.3,mb,,,,1.3,us,usp0006ejg,2014-11-07T00:55:43.391Z,"south of Java, Indonesia",earthquake,,,,26,reviewed,us,us
1994-06-19T07:45:11.040Z,-10.775,113.642,33,4.4,mb,,,,1.1,us,usp0006ehx,2014-11-07T00:55:43.342Z,"269 km SSW of Gambiran Satu, Indonesia",earthquake,,,,2,reviewed,us,us
1994-06-19T03:20:46.170Z,-9.472,112.757,33,5.3,mb,,,,1.3,us,usp0006ehn,2014-11-07T00:55:43.316Z,"139 km S of Dampit, Indonesia",earthquake,,,,27,reviewed,us,us
1994-06-18T22:38:19.000Z,-10.15,113.632,46,5.5,mw,,,,1.4,us,usp0006ehe,2022-04-28T17:40:34.402Z,"202 km SSW of Gambiran Satu, Indonesia",earthquake,,,,,reviewed,us,hrv
1994-06-16T17:40:20.220Z,-9.418,107.704,33,4.7,mb,,,,0.9,us,usp0006edn,2014-11-07T00:55:42.689Z,"231 km SSW of Kawalu, Indonesia",earthquake,,,,7,reviewed,us,us
1994-06-16T14:39:02.100Z,-10.596,113.328,37,4.4,mb,,,,1.3,us,usp0006ed8,2014-11-07T00:55:42.652Z,"255 km S of Kencong, Indonesia",earthquake,,,,3,reviewed,us,us
1994-06-16T13:56:17.430Z,-0.066,123.097,173.3,5.1,mb,,,,1,us,usp0006ed5,2014-11-07T00:55:42.644Z,"66 km S of Gorontalo, Indonesia",earthquake,,10.7,,16,reviewed,us,us
1994-06-16T12:48:45.720Z,-10.65,113.475,33,5,mb,,,,1.4,us,usp0006ed2,2014-11-07T00:55:42.638Z,"260 km SSW of Gambiran Satu, Indonesia",earthquake,,,,6,reviewed,us,us
1994-06-16T10:12:46.920Z,-7.391,128.125,108.6,5.9,mwb,,,,1.1,us,usp0006ecs,2022-04-28T17:40:11.184Z,"176 km NE of Lospalos, Timor Leste",earthquake,,,,,reviewed,us,us
1994-06-16T05:58:14.150Z,-7.288,127.999,118.5,4.9,mb,,,,1.3,us,usp0006eca,2014-11-07T00:55:42.472Z,"175 km NE of Lospalos, Timor Leste",earthquake,,22.3,,8,reviewed,us,us
1994-06-16T02:02:38.180Z,-10.719,112.318,33,4.6,mb,,,,1.3,us,usp0006ec3,2014-11-07T00:55:42.459Z,"281 km S of Dampit, Indonesia",earthquake,,,,5,reviewed,us,us
1994-06-16T00:36:03.340Z,-10.598,113.294,33,4.8,mb,,,,1.4,us,usp0006eby,2014-11-07T00:55:42.443Z,"256 km S of Kencong, Indonesia",earthquake,,,,7,reviewed,us,us
1994-06-16T00:13:14.000Z,-10.644,112.425,26.4,4.6,mb,,,,1.6,us,usp0006ebw,2014-11-07T00:55:42.438Z,"271 km S of Dampit, Indonesia",earthquake,,,,9,reviewed,us,us
1994-06-15T20:06:18.350Z,-10.747,113.117,33,4.6,mb,,,,1.2,us,usp0006ebr,2014-11-07T00:55:42.423Z,"273 km S of Kencong, Indonesia",earthquake,,,,3,reviewed,us,us
1994-06-15T17:40:07.150Z,-10.819,113.249,33,4.7,mb,,,,1.5,us,usp0006ebk,2014-11-07T00:55:42.414Z,"280 km S of Kencong, Indonesia",earthquake,,,,3,reviewed,us,us
1994-06-15T13:53:53.080Z,-10.384,112.44,31.2,5,mb,,,,1.3,us,usp0006eb8,2014-11-07T00:55:42.379Z,"242 km S of Dampit, Indonesia",earthquake,,,,13,reviewed,us,us
1994-06-15T12:19:09.630Z,-10.462,113.453,25.5,4.8,mb,,,,1.4,us,usp0006eb4,2014-11-07T00:55:42.367Z,"241 km SSW of Gambiran Satu, Indonesia",earthquake,,,,8,reviewed,us,us
1994-06-15T12:10:56.480Z,-10.498,113.441,24.7,5.2,mb,,,,1.5,us,usp0006eb2,2014-11-07T00:55:42.358Z,"245 km S of Kencong, Indonesia",earthquake,,,,22,reviewed,us,us
1994-06-15T10:28:50.600Z,-10.168,113.749,28.8,6.1,mw,,,,1.4,us,usp0006eb0,2022-04-28T17:40:04.459Z,"201 km SSW of Gambiran Satu, Indonesia",earthquake,,,,,reviewed,us,hrv
1994-06-15T09:50:23.040Z,-10.149,113.686,28.8,5.5,mb,,,,1.1,us,usp0006eaz,2022-04-28T17:40:02.855Z,"200 km SSW of Gambiran Satu, Indonesia",earthquake,,,,41,reviewed,us,us
1994-06-15T09:36:03.840Z,-10.518,113.727,33,4.8,mb,,,,1.4,us,usp0006eax,2014-11-07T00:55:42.318Z,"239 km S of Gambiran Satu, Indonesia",earthquake,,,,2,reviewed,us,us
1994-06-15T09:22:57.220Z,-10.335,113.66,19.9,6.2,mwb,,,,1.4,us,usp0006eaw,2022-04-28T17:39:57.534Z,"221 km SSW of Gambiran Satu, Indonesia",earthquake,,,,,reviewed,us,us
1994-06-15T06:18:45.100Z,-9.438,113.066,28.6,5.1,mb,,,,1.1,us,usp0006eah,2014-11-07T00:55:42.249Z,"131 km SSW of Kencong, Indonesia",earthquake,,,,25,reviewed,us,us
1994-06-14T22:38:22.270Z,-10.655,113.164,10,4.5,mb,,,,0.6,us,usp0006e9n,2014-11-07T00:55:42.162Z,"263 km S of Kencong, Indonesia",earthquake,,,,4,reviewed,us,us
1994-06-14T21:01:55.470Z,1.525,126.305,33,5.6,mw,,,,1.2,us,usp0006e9h,2022-04-28T17:39:52.113Z,"144 km NW of Ternate, Indonesia",earthquake,,,,,reviewed,us,hrv
1994-06-14T19:40:13.230Z,-10.86,113.274,33,4.7,mb,,,,0.9,us,usp0006e9f,2014-11-07T00:55:42.135Z,"285 km S of Kencong, Indonesia",earthquake,,,,6,reviewed,us,us
1994-06-14T16:25:41.630Z,-10.822,112.991,33,4.8,mb,,,,0.7,us,usp0006e99,2014-11-07T00:55:42.102Z,"283 km S of Kencong, Indonesia",earthquake,,,,8,reviewed,us,us
1994-06-14T16:00:41.880Z,-10.487,113.512,33,5.1,mb,,,,1.3,us,usp0006e98,2014-11-07T00:55:42.096Z,"241 km SSW of Gambiran Satu, Indonesia",earthquake,,,,21,reviewed,us,us
1994-06-14T15:20:51.240Z,-10.507,113.476,27.4,5.2,mw,,,,1.3,us,usp0006e95,2025-12-19T22:40:27.186Z,"245 km SSW of Gambiran Satu, Indonesia",earthquake,,,,,reviewed,us,hrv
1994-06-14T14:54:55.570Z,-10.526,113.443,25.3,5.1,mb,,,,1.4,us,usp0006e94,2014-11-07T00:55:42.072Z,"248 km SSW of Gambiran Satu, Indonesia",earthquake,,,,11,reviewed,us,us
1994-06-14T08:17:49.360Z,-10.66,113.275,24.7,4.9,mb,,,,1.2,us,usp0006e8m,2014-11-07T00:55:42.025Z,"263 km S of Kencong, Indonesia",earthquake,,,,12,reviewed,us,us
1994-06-14T06:22:33.130Z,-10.862,113.495,33,4.7,mb,,,,1.6,us,usp0006e8d,2014-11-07T00:55:41.961Z,"282 km SSW of Gambiran Satu, Indonesia",earthquake,,,,4,reviewed,us,us
1994-06-14T05:34:49.030Z,-10.906,112.928,33,4.4,mb,,,,1.1,us,usp0006e8c,2014-11-07T00:55:41.960Z,"294 km S of Kencong, Indonesia",earthquake,,,,2,reviewed,us,us
1994-06-14T03:28:26.310Z,-10.632,113.412,33,4.7,mb,,,,1.5,us,usp0006e8a,2014-11-07T00:55:41.957Z,"259 km S of Kencong, Indonesia",earthquake,,,,8,reviewed,us,us
1994-06-14T02:35:27.870Z,-10.676,113.305,32.2,5.1,mb,,,,1.1,us,usp0006e87,2014-11-07T00:55:41.943Z,"264 km S of Kencong, Indonesia",earthquake,,,,19,reviewed,us,us
1994-06-14T01:48:18.830Z,-10.547,113.389,30.5,5.1,mb,,,,1.1,us,usp0006e83,2014-11-07T00:55:41.929Z,"250 km S of Kencong, Indonesia",earthquake,,,,13,reviewed,us,us
1994-06-14T01:26:08.470Z,-10.758,113.065,10,4.7,mb,,,,0.7,us,usp0006e82,2014-11-07T00:55:41.927Z,"275 km S of Kencong, Indonesia",earthquake,,,,7,reviewed,us,us
1994-06-14T00:37:48.510Z,-10.461,113.575,33,4.4,mb,,,,0.6,us,usp0006e7z,2014-11-07T00:55:41.917Z,"south of Java, Indonesia",earthquake,,,,3,reviewed,us,us
1994-06-13T22:48:27.540Z,-10.328,113.621,25.5,5.6,mb,,,,1.2,us,usp0006e7v,2022-04-28T17:39:46.740Z,"221 km SSW of Gambiran Satu, Indonesia",earthquake,,,,43,reviewed,us,us
1994-06-13T21:53:29.820Z,3.922,128.169,55.3,5.6,mw,,,,1.1,us,usp0006e7t,2022-04-28T17:39:44.935Z,"243 km N of Tobelo, Indonesia",earthquake,,,,,reviewed,us,hrv
1994-06-13T21:50:54.680Z,-10.802,112.894,33,5.1,mb,,,,0.8,us,usp0006e7s,2014-11-07T00:55:41.860Z,"283 km S of Kencong, Indonesia",earthquake,,,,15,reviewed,us,us
1994-06-13T21:10:06.160Z,-10.233,113.569,33,5.8,ms,,,,1.2,us,usp0006e7q,2022-04-28T17:39:32.483Z,"213 km SSW of Gambiran Satu, Indonesia",earthquake,,,,5,reviewed,us,us
1994-06-13T21:04:09.430Z,-10.285,113.491,23.5,5.6,mw,,,,1.4,us,usp0006e7n,2022-04-28T17:39:26.547Z,"221 km SSW of Gambiran Satu, Indonesia",earthquake,,,,,reviewed,us,hrv
1994-06-13T06:49:31.230Z,-10.775,113.632,27.5,5,ms,,,,1.4,us,usp0006e6j,2014-11-07T00:55:41.698Z,"269 km SSW of Gambiran Satu, Indonesia",earthquake,,,,2,reviewed,us,us
1994-06-13T02:06:37.780Z,-10.553,113.422,33,4.9,mb,,,,1.3,us,usp0006e6b,2014-11-07T00:55:41.678Z,"251 km S of Kencong, Indonesia",earthquake,,,,11,reviewed,us,us
1994-06-12T14:00:20.060Z,-10.967,112.291,33,4.9,mb,,,,1.1,us,usp0006e5m,2014-11-07T00:55:41.629Z,"south of Java, Indonesia",earthquake,,,,1,reviewed,us,us
1994-06-12T13:53:07.570Z,-10.615,112.6,34.2,5.3,mb,,,,1.1,us,usp0006e5k,2014-11-07T00:55:41.618Z,"266 km S of Dampit, Indonesia",earthquake,,,,33,reviewed,us,us
1994-06-12T08:27:50.320Z,-10.981,113.239,33,4.5,mb,,,,1.2,us,usp0006e4z,2014-11-07T00:55:41.557Z,"298 km S of Kencong, Indonesia",earthquake,,,,2,reviewed,us,us
1994-06-12T08:03:23.460Z,-10.827,112.056,33,5,mb,,,,0.7,us,usp0006e4y,2014-11-07T00:55:41.555Z,"298 km S of Sumberpucung, Indonesia",earthquake,,,,5,reviewed,us,us
1994-06-12T07:57:03.270Z,-10.726,112.217,24.6,4.9,mb,,,,1.2,us,usp0006e4w,2014-11-07T00:55:41.550Z,"284 km SSW of Dampit, Indonesia",earthquake,,,,6,reviewed,us,us
1994-06-12T02:14:42.120Z,-10.837,112.99,33,5.1,mb,,,,0.9,us,usp0006e4m,2014-11-07T00:55:41.521Z,"285 km S of Kencong, Indonesia",earthquake,,,,4,reviewed,us,us
1994-06-12T01:47:19.150Z,-10.575,112.783,33,5.3,mb,,,,0.9,us,usp0006e4g,2014-11-07T00:55:41.508Z,"261 km S of Dampit, Indonesia",earthquake,,,,24,reviewed,us,us
1994-06-12T01:35:21.400Z,-10.458,112.826,33,5.1,mw,,,,1.1,us,usp0006e4d,2025-12-19T22:40:26.479Z,"south of Java, Indonesia",earthquake,,,,,reviewed,us,hrv
1994-06-12T00:46:40.880Z,-1.332,97.579,33,4.5,mb,,,,0.7,us,usp0006e49,2014-11-07T00:55:41.393Z,"293 km WSW of Pariaman, Indonesia",earthquake,,,,7,reviewed,us,us
1994-06-11T21:59:22.450Z,-10.624,112.677,33,5.1,mb,,,,0.9,us,usp0006e44,2014-11-07T00:55:41.155Z,"266 km S of Dampit, Indonesia",earthquake,,,,9,reviewed,us,us
1994-06-11T20:19:17.160Z,-10.76,112.568,31,4.9,mb,,,,0.9,us,usp0006e42,2014-11-07T00:55:41.064Z,"282 km S of Dampit, Indonesia",earthquake,,,,5,reviewed,us,us
1994-06-11T17:08:30.130Z,-1.724,99.785,41.8,5.1,mb,,,,0.8,us,usp0006e3w,2014-11-07T00:55:40.939Z,"106 km SW of Padang, Indonesia",earthquake,,,,35,reviewed,us,us
1994-06-10T19:17:52.290Z,-10.291,113.502,33,5.4,mb,,,,1.1,us,usp0006e2b,2014-11-07T00:55:40.767Z,"221 km SSW of Gambiran Satu, Indonesia",earthquake,,,,25,reviewed,us,us
1994-06-10T19:11:16.650Z,-10.391,112.726,28.6,5.3,mb,,,,1.2,us,usp0006e2a,2014-11-07T00:55:40.758Z,"241 km S of Dampit, Indonesia",earthquake,,,,33,reviewed,us,us
1994-06-10T07:10:52.170Z,-9.127,128.559,131,4.5,mb,,,,1.3,us,usp0006e1f,2014-11-07T00:55:40.699Z,"184 km ESE of Lospalos, Timor Leste",earthquake,,33.5,,2,reviewed,us,us
1994-06-09T23:09:58.820Z,-10.687,113.298,33,4.8,mb,,,,0.5,us,usp0006e0u,2014-11-07T00:55:40.598Z,"265 km S of Kencong, Indonesia",earthquake,,,,6,reviewed,us,us
1994-06-09T16:37:46.530Z,-10.143,113.623,33,5.8,mb,,,,1.1,us,usp0006e0g,2022-04-28T17:39:07.595Z,"201 km SSW of Gambiran Satu, Indonesia",earthquake,,,,39,reviewed,us,us
1994-06-09T03:04:34.190Z,-1.884,99.557,33,5.4,mb,,,,1,us,usp0006dzg,2014-11-07T00:55:40.411Z,"136 km SW of Padang, Indonesia",earthquake,,,,31,reviewed,us,us
1994-06-08T19:41:44.010Z,-10.659,113.378,33,4.6,mb,,,,1.1,us,usp0006dyz,2014-11-07T00:55:40.251Z,"262 km S of Kencong, Indonesia",earthquake,,,,5,reviewed,us,us
1994-06-08T19:19:57.940Z,-10.637,112.672,37.7,5.1,mb,,,,1,us,usp0006dyy,2014-11-07T00:55:40.243Z,"268 km S of Dampit, Indonesia",earthquake,,,,18,reviewed,us,us
1994-06-08T08:29:25.380Z,-10.391,112.604,33,4.3,mb,,,,0.5,us,usp0006dya,2014-11-07T00:55:40.174Z,"241 km S of Dampit, Indonesia",earthquake,,,,3,reviewed,us,us
1994-06-08T06:03:03.670Z,-10.612,113.463,33,4.9,mb,,,,1.5,us,usp0006dy3,2014-11-07T00:55:40.159Z,"256 km SSW of Gambiran Satu, Indonesia",earthquake,,,,8,reviewed,us,us
1994-06-07T23:07:41.560Z,-10.583,112.808,38.4,4.8,mb,,,,1,us,usp0006dxp,2014-11-07T00:55:40.126Z,"261 km SSW of Kencong, Indonesia",earthquake,,,,8,reviewed,us,us
1994-06-07T18:31:42.080Z,-5.792,104.436,41.7,5.4,mw,,,,1,us,usp0006dxe,2022-04-28T17:38:45.710Z,"99 km WSW of Bandar Lampung, Indonesia",earthquake,,,,,reviewed,us,hrv
1994-06-07T13:17:01.860Z,2.675,127.464,62.8,4.8,mb,,,,1.3,us,usp0006dwv,2014-11-07T00:55:39.999Z,"120 km NNW of Tobelo, Indonesia",earthquake,,18.1,,6,reviewed,us,us
1994-06-07T11:03:27.240Z,-7.017,129.089,176.9,5,mb,,,,0.4,us,usp0006dwn,2014-11-07T00:55:39.988Z,"284 km NE of Lospalos, Timor Leste",earthquake,,39.5,,6,reviewed,us,us
1994-06-07T07:50:39.580Z,-7.535,120.074,414.7,5,mb,,,,1.2,us,usp0006dw1,2014-11-07T00:55:39.941Z,"108 km N of Labuan Bajo, Indonesia",earthquake,,8.2,,18,reviewed,us,us
1994-06-07T06:35:20.830Z,-10.844,113.141,33,4.4,mb,,,,0.8,us,usp0006dvz,2014-11-07T00:55:39.937Z,"284 km S of Kencong, Indonesia",earthquake,,,,3,reviewed,us,us
1994-06-07T04:47:58.330Z,-10.772,112.842,33,4.9,mb,,,,1.4,us,usp0006dvw,2014-11-07T00:55:39.930Z,"281 km SSW of Kencong, Indonesia",earthquake,,,,3,reviewed,us,us
1994-06-07T04:42:52.930Z,-9.656,113.072,33,5.2,mb,,,,0.9,us,usp0006dvv,2014-11-07T00:55:39.926Z,"155 km SSW of Kencong, Indonesia",earthquake,,,,7,reviewed,us,us
1994-06-06T22:10:34.440Z,-10.968,112.628,33,4.8,mb,,,,1.4,us,usp0006dva,2014-11-07T00:55:39.875Z,"south of Java, Indonesia",earthquake,,,,6,reviewed,us,us
1994-06-06T16:49:36.570Z,-7.383,128.522,168.7,4.7,mb,,,,1.3,us,usp0006dv2,2014-11-07T00:55:39.778Z,"209 km NE of Lospalos, Timor Leste",earthquake,,18.2,,9,reviewed,us,us
1994-06-06T15:33:48.450Z,-10.775,113.289,33,4.8,mb,,,,1.2,us,usp0006duy,2014-11-07T00:55:39.768Z,"275 km S of Kencong, Indonesia",earthquake,,,,7,reviewed,us,us
1994-06-06T11:12:08.730Z,-10.894,113.536,33.8,4.8,mb,,,,1.1,us,usp0006duh,2014-11-07T00:55:39.732Z,"284 km SSW of Gambiran Satu, Indonesia",earthquake,,,,12,reviewed,us,us
1994-06-06T10:14:11.160Z,-10.663,112.561,35.1,5.3,mb,,,,1,us,usp0006due,2014-11-07T00:55:39.724Z,"271 km S of Dampit, Indonesia",earthquake,,,,22,reviewed,us,us
1994-06-06T08:18:11.420Z,-10.832,113.148,41.6,5.1,mb,,,,1.2,us,usp0006du5,2014-11-07T00:55:39.666Z,"282 km S of Kencong, Indonesia",earthquake,,,,20,reviewed,us,us
1994-06-06T05:44:13.120Z,-10.811,112.511,34.6,4.8,mb,,,,1.2,us,usp0006dtu,2014-11-07T00:55:39.628Z,"288 km S of Dampit, Indonesia",earthquake,,,,5,reviewed,us,us
1994-06-06T05:32:54.880Z,-10.587,112.618,20.5,5.1,mw,,,,1.3,us,usp0006dtt,2025-12-19T22:40:18.494Z,"263 km S of Dampit, Indonesia",earthquake,,8.4,,,reviewed,us,hrv
1994-06-06T04:55:11.880Z,-10.639,112.535,43.9,5.3,mb,,,,0.9,us,usp0006dtp,2014-11-07T00:55:39.600Z,"269 km S of Dampit, Indonesia",earthquake,,,,20,reviewed,us,us
1994-06-06T03:05:42.400Z,-3.891,129.587,33,4.7,mb,,,,1.2,us,usp0006dtk,2014-11-07T00:55:39.595Z,"95 km SE of Amahai, Indonesia",earthquake,,,,6,reviewed,us,us
1994-06-06T02:23:33.750Z,-10.932,112.491,33,5,mb,,,,1.2,us,usp0006dth,2014-11-07T00:55:39.591Z,"south of Java, Indonesia",earthquake,,,,5,reviewed,us,us
1994-06-06T02:18:36.500Z,-10.515,113.411,21.9,5.1,mb,,,,1.2,us,usp0006dtg,2014-11-07T00:55:39.585Z,"246 km S of Kencong, Indonesia",earthquake,,,,13,reviewed,us,us
1994-06-06T01:08:31.290Z,-10.812,113.324,34.3,5.3,mw,,,,1.3,us,usp0006dtd,2025-12-19T22:40:17.787Z,"279 km S of Kencong, Indonesia",earthquake,,,,,reviewed,us,hrv
1994-06-05T20:11:14.230Z,-10.273,114.154,33,5.1,mb,,,,0.9,us,usp0006dt2,2014-11-07T00:55:39.526Z,"197 km SW of Jimbaran, Indonesia",earthquake,,,,11,reviewed,us,us
1994-06-05T18:30:15.130Z,-10.683,112.417,35.8,5.2,mb,,,,1.2,us,usp0006dsw,2014-11-07T00:55:39.510Z,"275 km S of Dampit, Indonesia",earthquake,,,,23,reviewed,us,us
1994-06-05T17:51:57.020Z,-10.645,112.654,39.8,5.5,mw,,,,1.3,us,usp0006dsu,2025-12-19T22:40:17.057Z,"269 km S of Dampit, Indonesia",earthquake,,,,,reviewed,us,hrv
1994-06-05T16:29:08.460Z,-10.837,114,33,4.4,mb,,,,0.3,us,usp0006dsq,2014-11-07T00:55:39.483Z,"259 km SSW of Jimbaran, Indonesia",earthquake,,,,6,reviewed,us,us
1994-06-05T15:02:29.580Z,-10.779,112.724,43.9,4.8,mb,,,,1.2,us,usp0006dsm,2014-11-07T00:55:39.475Z,"283 km S of Dampit, Indonesia",earthquake,,,,9,reviewed,us,us
1994-06-05T10:10:25.580Z,-6.468,129.004,33,5.2,mb,,,,1.2,us,usp0006dsb,2014-11-07T00:55:39.430Z,"Banda Sea",earthquake,,,,6,reviewed,us,us
1994-06-05T06:50:51.010Z,-10.425,114.77,166.1,4.6,mb,,,,0.9,us,usp0006dry,2014-11-07T00:55:39.402Z,"185 km SSW of Jimbaran, Indonesia",earthquake,,26.9,,6,reviewed,us,us
1994-06-05T06:20:58.550Z,-10.015,112.878,32.3,5.4,mb,,,,1.1,us,usp0006drw,2014-11-07T00:55:39.387Z,"198 km SSW of Kencong, Indonesia",earthquake,,,,36,reviewed,us,us
1994-06-05T05:56:45.390Z,-10.717,113.492,33,5.6,mb,,,,1.2,us,usp0006dru,2022-04-28T17:38:40.167Z,"266 km SSW of Gambiran Satu, Indonesia",earthquake,,,,49,reviewed,us,us
1994-06-05T05:32:33.680Z,-10.827,113.45,39.9,5.2,mb,,,,1.2,us,usp0006drr,2014-11-07T00:55:39.362Z,"279 km SSW of Gambiran Satu, Indonesia",earthquake,,,,16,reviewed,us,us
1994-06-05T04:13:25.390Z,-10.613,113.322,27.5,4.8,ms,,,,1.1,us,usp0006drm,2014-11-07T00:55:39.349Z,"257 km S of Kencong, Indonesia",earthquake,,,,1,reviewed,us,us
1994-06-05T01:45:02.160Z,-10.349,113.398,25.9,6.1,mw,,,,1.3,us,usp0006drj,2022-04-28T17:38:38.454Z,"228 km S of Kencong, Indonesia",earthquake,,,,,reviewed,us,hrv
1994-06-04T23:59:04.930Z,1.248,127.052,160.7,5.1,mb,,,,1,us,usp0006dre,2014-11-07T00:55:39.243Z,"62 km NW of Ternate, Indonesia",earthquake,,19.3,,8,reviewed,us,us
1994-06-04T20:09:34.700Z,-10.826,113.199,30.3,5.5,mw,,,,1.2,us,usp0006dr6,2022-04-28T17:38:35.661Z,"281 km S of Kencong, Indonesia",earthquake,,,,,reviewed,us,hrv
1994-06-04T14:57:59.660Z,-10.559,112.889,33.4,5.4,mw,,,,1.2,us,usp0006dqr,2025-12-19T22:40:10.821Z,"257 km SSW of Kencong, Indonesia",earthquake,,,,,reviewed,us,hrv
1994-06-04T12:04:27.870Z,-10.696,113.555,28.5,5.2,mw,,,,1.1,us,usp0006dqb,2025-12-19T22:40:09.339Z,"262 km SSW of Gambiran Satu, Indonesia",earthquake,,,,,reviewed,us,hrv
1994-06-04T11:36:36.070Z,-10.831,113.225,34.1,5.6,mw,,,,1.2,us,usp0006dq9,2022-04-28T17:38:34.224Z,"282 km S of Kencong, Indonesia",earthquake,,,,,reviewed,us,hrv
1994-06-04T11:18:53.040Z,-10.79,113.338,30.9,5.2,mw,,,,1.2,us,usp0006dq5,2025-12-19T22:35:46.917Z,"277 km S of Kencong, Indonesia",earthquake,,,,,reviewed,us,hrv
1994-06-04T11:00:17.740Z,-9.614,114.559,33,4.5,mb,,,,0.9,us,usp0006dq2,2014-11-07T00:55:39.004Z,"112 km SW of Jimbaran, Indonesia",earthquake,,,,1,reviewed,us,us
1994-06-04T09:25:40.950Z,-10.904,113.789,43.6,4.8,mb,,,,0.8,us,usp0006dpy,2014-11-07T00:55:38.992Z,"277 km SSW of Jimbaran, Indonesia",earthquake,,,,9,reviewed,us,us
1994-06-04T05:54:29.300Z,-10.567,113.186,32.5,5.4,mb,,,,1.2,us,usp0006dpk,2014-11-07T00:55:38.914Z,"253 km S of Kencong, Indonesia",earthquake,,,,37,reviewed,us,us
1994-06-04T05:01:50.350Z,-9.464,113.715,33,4.6,mb,,,,1.1,us,usp0006dpf,2014-11-07T00:55:38.899Z,"127 km SSW of Gambiran Satu, Indonesia",earthquake,,,,6,reviewed,us,us
1994-06-04T00:57:50.660Z,-10.777,113.366,11.2,6.5,mw,,,,1.2,us,usp0006dp4,2022-04-28T17:38:32.778Z,"275 km S of Kencong, Indonesia",earthquake,,,,,reviewed,us,hrv
1994-06-04T00:52:35.770Z,-2.984,129.127,22.3,5.3,mb,,,,1.1,us,usp0006dp3,2014-11-07T00:55:38.795Z,"45 km NNE of Amahai, Indonesia",earthquake,,,,29,reviewed,us,us
1994-06-03T23:42:31.070Z,-10.473,112.81,32.3,5.5,mb,,,,1.2,us,usp0006dnv,2014-11-07T00:55:38.758Z,"249 km SSW of Kencong, Indonesia",earthquake,,,,35,reviewed,us,us
1994-06-03T23:02:00.550Z,-10.395,113.588,23.9,5.6,mb,,,,1.1,us,usp0006dns,2014-11-07T00:55:38.738Z,"229 km SSW of Gambiran Satu, Indonesia",earthquake,,,,39,reviewed,us,us
1994-06-03T22:11:45.720Z,-10.981,112.569,33,4.7,mb,,,,1,us,usp0006dnn,2014-11-07T00:55:38.653Z,"south of Java, Indonesia",earthquake,,,,6,reviewed,us,us
1994-06-03T21:59:45.030Z,-10.543,113.013,33,5.3,mb,,,,1.1,us,usp0006dnk,2014-11-07T00:55:38.644Z,"252 km S of Kencong, Indonesia",earthquake,,,,21,reviewed,us,us
1994-06-03T21:57:29.960Z,-10.559,112.802,33,5.2,mb,,,,0.8,us,usp0006dnj,2014-11-07T00:55:38.638Z,"259 km SSW of Kencong, Indonesia",earthquake,,,,13,reviewed,us,us
1994-06-03T21:21:09.540Z,-10.416,112.897,43.5,5.9,mb,,,,1.2,us,usp0006dnf,2022-04-28T17:38:29.874Z,"241 km SSW of Kencong, Indonesia",earthquake,,,,46,reviewed,us,us
1994-06-03T21:19:50.120Z,-10.548,112.873,33,5.3,mb,,,,1.3,us,usp0006dne,2014-11-07T00:55:38.586Z,"256 km SSW of Kencong, Indonesia",earthquake,,,,15,reviewed,us,us
1994-06-03T21:06:59.880Z,-10.362,112.892,25.9,6.6,mw,,,,1.2,us,usp0006dnc,2022-04-28T17:38:28.431Z,"235 km SSW of Kencong, Indonesia",earthquake,,,,,reviewed,us,hrv
1994-06-03T18:54:46.730Z,-10.656,113.017,33,5.1,mb,,,,1,us,usp0006dn4,2014-11-07T00:55:38.431Z,"265 km S of Kencong, Indonesia",earthquake,,,,12,reviewed,us,us
1994-06-03T18:16:19.090Z,-10.468,112.962,40.3,5.6,mw,,,,1.3,us,usp0006dmz,2022-04-28T17:38:26.988Z,"245 km S of Kencong, Indonesia",earthquake,,,,,reviewed,us,hrv
1994-06-03T16:33:10.520Z,-9.44,113.045,28.3,5.3,mb,,,,1.1,us,usp0006dmw,2014-11-07T00:55:38.294Z,"132 km SSW of Kencong, Indonesia",earthquake,,,,33,reviewed,us,us
1994-06-03T13:39:24.300Z,-9.421,114.333,33,5.4,mb,,,,1.1,us,usp0006dmr,2014-11-07T00:55:38.267Z,"109 km S of Muncar, Indonesia",earthquake,,,,14,reviewed,us,us
1994-06-03T12:33:22.670Z,-10.489,113.076,33,5.4,mb,,,,1,us,usp0006dmh,2014-11-07T00:55:38.226Z,"246 km S of Kencong, Indonesia",earthquake,,,,16,reviewed,us,us
1994-06-03T10:14:39.410Z,-10.981,112.739,33,5.1,mb,,,,1.4,us,usp0006dmd,2014-11-07T00:55:38.052Z,"south of Java, Indonesia",earthquake,,,,8,reviewed,us,us
1994-06-03T05:22:31.760Z,3.583,126.232,10,4.7,ms,,,,0.9,us,usp0006dkp,2014-11-07T00:55:37.703Z,"218 km SSE of Sarangani, Philippines",earthquake,,,,1,reviewed,us,us
1994-06-03T05:10:07.560Z,-10.219,113.508,33,5,ms,,,,1.1,us,usp0006dkn,2014-11-07T00:55:37.697Z,"213 km SSW of Gambiran Satu, Indonesia",earthquake,,,,1,reviewed,us,us
1994-06-03T04:54:50.030Z,-10.391,112.998,42.7,5.6,mw,,,,1.2,us,usp0006dkm,2022-04-28T17:38:23.997Z,"236 km S of Kencong, Indonesia",earthquake,,,,,reviewed,us,hrv
1994-06-03T04:17:26.550Z,-10.003,113.305,33,4.4,mb,,,,0.6,us,usp0006dkh,2014-11-07T00:55:37.637Z,"190 km S of Kencong, Indonesia",earthquake,,,,2,reviewed,us,us
1994-06-03T02:55:17.480Z,-10.351,112.766,23.2,5.1,mb,,,,1.2,us,usp0006dkc,2014-11-07T00:55:37.613Z,"236 km S of Dampit, Indonesia",earthquake,,,,10,reviewed,us,us
1994-06-02T23:32:11.740Z,-10.72,112.621,33,4.6,mb,,,,0.9,us,usp0006dk2,2014-11-07T00:55:37.551Z,"277 km S of Dampit, Indonesia",earthquake,,,,4,reviewed,us,us
1994-06-02T23:18:50.560Z,-10.388,113.044,33,4.9,mb,,,,1,us,usp0006dk0,2014-11-07T00:55:37.542Z,"235 km S of Kencong, Indonesia",earthquake,,,,4,reviewed,us,us
1994-06-02T21:04:49.680Z,-10.214,113.499,24,4.9,mb,,,,1.3,us,usp0006dju,2014-11-07T00:55:37.514Z,"213 km SSW of Gambiran Satu, Indonesia",earthquake,,,,10,reviewed,us,us
1994-06-02T19:45:18.630Z,-4.362,107.885,33,5.2,mb,,,,0.3,us,usp0006djq,2014-11-07T00:55:37.496Z,"168 km SSW of Manggar, Indonesia",earthquake,,,,9,reviewed,us,us
1994-06-02T18:44:45.860Z,-10.095,113.47,33,4.7,mb,,,,0.6,us,usp0006djp,2014-11-07T00:55:37.493Z,"200 km S of Kencong, Indonesia",earthquake,,,,4,reviewed,us,us
1994-06-02T18:17:34.020Z,-10.477,112.835,18.4,7.8,mw,,,,1.1,us,usp0006djk,2022-05-09T22:49:51.097Z,"249 km SSW of Kencong, Indonesia",earthquake,,4,,,reviewed,us,hrv
1994-06-02T03:40:34.240Z,-4.997,131.349,35.4,5.1,mb,,,,0.9,us,usp0006dhh,2014-11-07T00:55:36.348Z,"170 km WNW of Tual, Indonesia",earthquake,,11.3,,18,reviewed,us,us
1994-06-01T21:43:09.530Z,5.284,126.354,88.1,4.8,mb,,,,1,us,usp0006dh7,2014-11-07T00:55:36.227Z,"99 km E of Sarangani, Philippines",earthquake,,12.2,,6,reviewed,us,us
1994-05-31T19:37:29.350Z,-1.171,98.587,33,4.8,mb,,,,0.8,us,usp0006df7,2014-11-07T00:55:33.254Z,"181 km WSW of Pariaman, Indonesia",earthquake,,,,10,reviewed,us,us
1994-05-31T16:48:32.950Z,-8.908,120.247,206.2,4.4,mb,,,,1.3,us,usp0006dew,2014-11-07T00:55:33.164Z,"40 km SW of Ruteng, Indonesia",earthquake,,36.4,,2,reviewed,us,us
1994-05-31T11:58:22.830Z,2.631,127.585,33,4.5,mb,,,,0.7,us,usp0006den,2014-11-07T00:55:32.957Z,"110 km NNW of Tobelo, Indonesia",earthquake,,,,3,reviewed,us,us
1994-05-31T01:15:36.210Z,-8.874,119.369,95,4.9,mb,,,,0.5,us,usp0006de2,2014-11-07T00:55:32.897Z,"34 km SSW of Komodo, Indonesia",earthquake,,29.8,,5,reviewed,us,us
1994-05-30T20:37:28.470Z,4.085,125.83,180.4,5,mb,,,,1.1,us,usp0006ddr,2014-11-07T00:55:32.871Z,"151 km SSE of Sarangani, Philippines",earthquake,,7.6,,9,reviewed,us,us
1994-05-30T10:31:45.660Z,2.899,128.206,87.3,4.7,mb,,,,1.3,us,usp0006dcx,2014-11-07T00:55:32.812Z,"131 km N of Tobelo, Indonesia",earthquake,,16.4,,2,reviewed,us,us
1994-05-30T09:55:33.480Z,-8.795,122.993,122.1,4.9,mb,,,,1.1,us,usp0006dcu,2014-11-07T00:55:32.802Z,"88 km ESE of Maumere, Indonesia",earthquake,,10,,16,reviewed,us,us
1994-05-30T02:51:06.330Z,-8.065,120.226,199,5,mb,,,,1,us,usp0006dcb,2014-11-07T00:55:32.746Z,"60 km NE of Labuan Bajo, Indonesia",earthquake,,8.6,,8,reviewed,us,us
1994-05-29T04:20:53.870Z,-0.097,126.569,66.9,4.8,mb,,,,1.2,us,usp0006db3,2014-11-07T00:55:32.584Z,"133 km SW of Ternate, Indonesia",earthquake,,11.5,,5,reviewed,us,us
1994-05-28T19:49:59.290Z,-2.254,138.986,33,4.4,mb,,,,0.3,us,usp0006dah,2014-11-07T00:55:32.381Z,"186 km WNW of Abepura, Indonesia",earthquake,,,,2,reviewed,us,us
1994-05-28T19:05:55.290Z,-1.978,138.628,33,4.9,mb,,,,1.2,us,usp0006daf,2014-11-07T00:55:32.375Z,"233 km WNW of Abepura, Indonesia",earthquake,,,,9,reviewed,us,us
1994-05-28T08:49:48.740Z,-5.872,107.311,297,4.6,mb,,,,1,us,usp0006d9u,2014-11-07T00:55:32.301Z,"31 km N of Rengasdengklok, Indonesia",earthquake,,9.3,,3,reviewed,us,us
1994-05-28T07:27:47.120Z,-6.015,128.714,326.6,4.5,mb,,,,1.1,us,usp0006d9r,2014-11-07T00:55:32.282Z,"263 km SSE of Ambon, Indonesia",earthquake,,7.7,,10,reviewed,us,us
1994-05-28T06:44:19.380Z,-10.335,113.085,33,4.5,mb,,,,0.5,us,usp0006d9m,2014-11-07T00:55:32.272Z,"229 km S of Kencong, Indonesia",earthquake,,,,3,reviewed,us,us
1994-05-27T14:47:03.690Z,-7.469,129.421,206.5,5.1,mb,,,,1.2,us,usp0006d8p,2014-11-07T00:55:32.193Z,"291 km ENE of Lospalos, Timor Leste",earthquake,,39.1,,3,reviewed,us,us
1994-05-27T08:02:58.430Z,-9.052,118.348,33,4.6,mb,,,,1.2,us,usp0006d85,2014-11-07T00:55:32.163Z,"58 km SSW of Dompu, Indonesia",earthquake,,,,3,reviewed,us,us
1994-05-27T06:53:04.970Z,-6.221,130.45,128.4,5.3,mw,,,,0.9,us,usp0006d82,2025-12-19T22:46:38.711Z,"263 km WSW of Tual, Indonesia",earthquake,,5.1,,,reviewed,us,hrv
1994-05-26T13:12:04.360Z,-7.677,128.646,140.7,4.9,mb,,,,1.3,us,usp0006d68,2014-11-07T00:55:31.986Z,"204 km ENE of Lospalos, Timor Leste",earthquake,,29.5,,1,reviewed,us,us
1994-05-26T08:01:51.200Z,-4.455,134.535,33,5.3,mw,,,,0.8,us,usp0006d5n,2022-04-28T17:43:20.083Z,"161 km SW of Nabire, Indonesia",earthquake,,,,,reviewed,us,hrv
1994-05-25T16:36:53.360Z,-1.962,138.805,27.8,5.6,mw,,,,0.9,us,usp0006d41,2022-04-28T17:43:13.656Z,"215 km WNW of Abepura, Indonesia",earthquake,,,,,reviewed,us,hrv
1994-05-25T12:09:00.340Z,-10.167,123.623,33,4.4,mb,,,,1.3,us,usp0006d3e,2014-11-07T00:55:31.491Z,"1 km ENE of Kupang, Indonesia",earthquake,,,,2,reviewed,us,us
1994-05-25T04:03:41.260Z,-4.199,135.489,33,6.5,mwb,,,,1.2,us,usp0006d2j,2022-04-28T17:43:05.166Z,"92 km S of Nabire, Indonesia",earthquake,,,,,reviewed,us,us
1994-05-24T17:14:51.560Z,2.664,128.572,227.7,4.9,mb,,,,0.9,us,usp0006d1d,2014-11-07T00:55:31.101Z,"120 km NNE of Tobelo, Indonesia",earthquake,,6.5,,29,reviewed,us,us
1994-05-24T15:15:47.330Z,-2.054,102.121,33,4.5,mb,,,,0.8,us,usp0006d17,2014-11-07T00:55:31.091Z,"81 km E of Sungai Penuh, Indonesia",earthquake,,,,3,reviewed,us,us
1994-05-24T09:33:28.700Z,-0.75,127.353,10,5.2,mb,,,,1.1,us,usp0006d0u,2014-11-07T00:55:31.062Z,"166 km S of Sofifi, Indonesia",earthquake,,,,8,reviewed,us,us
1994-05-23T22:21:07.530Z,-6.96,129.331,175.3,4.4,mb,,,,0.8,us,usp0006czp,2014-11-07T00:55:30.588Z,"Banda Sea",earthquake,,30.4,,2,reviewed,us,us
1994-05-23T08:50:12.070Z,3.333,128.122,102.4,4.3,mb,,,,1,us,usp0006cz7,2014-11-07T00:55:30.512Z,"177 km N of Tobelo, Indonesia",earthquake,,29,,3,reviewed,us,us
1994-05-22T22:20:05.680Z,2.668,127.079,80.7,5.1,mb,,,,1,us,usp0006cyj,2014-11-07T00:55:30.235Z,"146 km NW of Tobelo, Indonesia",earthquake,,7.5,,23,reviewed,us,us
1994-05-22T21:30:35.690Z,-7.405,128.659,182.5,4.9,mb,,,,0.8,us,usp0006cyf,2014-11-07T00:55:30.224Z,"220 km NE of Lospalos, Timor Leste",earthquake,,7.6,,7,reviewed,us,us
1994-05-21T21:32:22.790Z,5.726,124.75,68.5,4.6,mb,,,,1.3,us,usp0006cwj,2014-11-07T00:55:30.005Z,"20 km SSW of Katubao, Philippines",earthquake,,16.1,,4,reviewed,us,us
1994-05-21T18:13:19.220Z,5.57,124.879,40.4,4.5,mb,,,,0.9,us,usp0006cwd,2014-11-07T00:55:29.995Z,"33 km SSW of Daliao, Philippines",earthquake,,14.3,,4,reviewed,us,us
1994-05-21T16:45:48.500Z,-5.948,130.934,129.4,4.6,mb,,,,1.1,us,usp0006cwc,2014-11-07T00:55:29.993Z,"204 km W of Tual, Indonesia",earthquake,,26.1,,1,reviewed,us,us
1994-05-21T01:56:05.490Z,-10.178,122.987,10,4.8,mb,,,,1.1,us,usp0006cvc,2014-11-07T00:55:29.918Z,"67 km W of Kupang, Indonesia",earthquake,,,,3,reviewed,us,us
1994-05-20T12:47:33.620Z,-8.193,124.914,33,4.7,mb,,,,1.3,us,usp0006cuw,2014-11-07T00:55:29.842Z,"56 km NW of Maubara, Timor Leste",earthquake,,,,7,reviewed,us,us
1994-05-20T10:26:28.240Z,-1.971,99.532,24.3,5.2,mb,,,,1.1,us,usp0006cuq,2014-11-07T00:55:29.774Z,"145 km SW of Padang, Indonesia",earthquake,,,,31,reviewed,us,us
1994-05-20T07:46:32.360Z,5.008,125.645,190.5,4.8,mb,,,,0.9,us,usp0006cue,2014-11-07T00:55:29.755Z,"48 km SSE of Sarangani, Philippines",earthquake,,7.7,,6,reviewed,us,us
1994-05-20T06:02:34.510Z,-4.997,131.968,23.9,5.2,mb,,,,1,us,usp0006cu9,2014-11-07T00:55:29.740Z,"111 km NW of Tual, Indonesia",earthquake,,7.5,,21,reviewed,us,us
1994-05-20T04:44:11.910Z,-8.144,124.816,33,5.5,mb,,,,1.1,us,usp0006cu6,2022-04-28T17:42:26.842Z,"67 km NW of Maubara, Timor Leste",earthquake,,,,19,reviewed,us,us
1994-05-20T04:38:32.890Z,-8.189,124.766,25.3,5.5,mw,,,,1.4,us,usp0006cu4,2022-04-28T17:42:25.666Z,"67 km NW of Maubara, Timor Leste",earthquake,,,,,reviewed,us,hrv
1994-05-20T01:01:12.910Z,-8.188,124.849,21.8,4.9,mb,,,,1.2,us,usp0006ctx,2014-11-07T00:55:29.686Z,"61 km NW of Maubara, Timor Leste",earthquake,,,,9,reviewed,us,us
1994-05-19T23:41:43.450Z,-8.204,124.813,33,5.3,mw,,,,1.4,us,usp0006ctt,2022-04-28T17:42:24.632Z,"62 km NW of Maubara, Timor Leste",earthquake,,,,,reviewed,us,hrv
1994-05-19T17:38:36.470Z,-8.212,128.836,33,4.5,mb,,,,1.5,us,usp0006cte,2014-11-07T00:55:29.625Z,"205 km E of Lospalos, Timor Leste",earthquake,,,,1,reviewed,us,us
1994-05-18T14:33:28.900Z,-2.064,99.736,24.5,5.2,mb,,,,1.2,us,usp0006cs3,2014-11-07T00:55:29.480Z,"141 km SSW of Padang, Indonesia",earthquake,,,,30,reviewed,us,us
1994-05-18T06:01:13.590Z,-7.048,129.241,33,4.7,mb,,,,1.2,us,usp0006crf,2014-11-07T00:55:29.413Z,"296 km ENE of Lospalos, Timor Leste",earthquake,,,,4,reviewed,us,us
1994-05-17T13:18:01.500Z,2.263,126.707,33,4.7,mb,,,,0.8,us,usp0006cqd,2014-11-07T00:55:29.189Z,"156 km WNW of Tobelo, Indonesia",earthquake,,,,7,reviewed,us,us
1994-05-17T09:46:13.400Z,-1.902,99.618,33,5.9,mw,,,,1.4,us,usp0006cq4,2022-04-28T17:42:18.800Z,"133 km SW of Padang, Indonesia",earthquake,,,,,reviewed,us,hrv
1994-05-17T09:45:25.910Z,-2.116,99.521,22.5,5.9,mw,,,,1.2,us,usp0006cq3,2022-04-28T17:42:12.610Z,"158 km SW of Padang, Indonesia",earthquake,,,,,reviewed,us,hrv
1994-05-16T18:36:38.260Z,-2.077,99.509,33,5,mb,,,,0.8,us,usp0006cp2,2014-11-07T00:55:29.054Z,"156 km SW of Padang, Indonesia",earthquake,,,,9,reviewed,us,us
1994-05-16T08:07:30.420Z,-5.701,114.513,33,4.5,mb,,,,1.7,us,usp0006cn3,2014-11-07T00:55:28.969Z,"161 km NNE of Sumenep, Indonesia",earthquake,,,,3,reviewed,us,us
1994-05-16T04:26:51.900Z,-8.057,117.446,33,4.4,mb,,,,1.2,us,usp0006cmr,2014-11-07T00:55:28.945Z,"39 km N of Pototano, Indonesia",earthquake,,,,1,reviewed,us,us
1994-05-15T19:52:07.130Z,2.54,128.878,33,4.9,mb,,,,1.4,us,usp0006cm5,2014-11-07T00:55:28.891Z,"131 km NE of Tobelo, Indonesia",earthquake,,,,10,reviewed,us,us
1994-05-14T16:07:30.310Z,-7.456,128.882,112.3,4.2,mb,,,,0.6,us,usp0006cjd,2014-11-07T00:55:28.588Z,"238 km ENE of Lospalos, Timor Leste",earthquake,,22.1,,1,reviewed,us,us
1994-05-12T15:09:29.110Z,4.611,126.598,24.3,4.9,mb,,,,1.2,us,usp0006cf4,2014-11-07T00:55:28.174Z,"153 km SE of Sarangani, Philippines",earthquake,,,,19,reviewed,us,us
1994-05-11T21:14:33.760Z,-2.056,99.669,28,6.1,mwb,,,,1.1,us,usp0006ce0,2022-04-28T17:42:07.839Z,"144 km SSW of Padang, Indonesia",earthquake,,,,,reviewed,us,us
1994-05-11T19:58:25.870Z,0.869,125.247,114.7,4.6,mb,,,,0.8,us,usp0006cdw,2014-11-07T00:55:27.994Z,"60 km SE of Tondano, Indonesia",earthquake,,12.9,,3,reviewed,us,us
1994-05-11T08:18:15.670Z,-2.008,99.77,20.5,6.5,mwb,,,,1,us,usp0006cd7,2022-04-28T17:42:01.289Z,"133 km SSW of Padang, Indonesia",earthquake,,,,,reviewed,us,us
1994-05-10T18:41:27.240Z,-7.291,123.362,601.5,4.8,mb,,,,0.8,us,usp0006ccf,2014-11-07T00:55:27.774Z,"194 km NE of Maumere, Indonesia",earthquake,,53.4,,3,reviewed,us,us
1994-05-10T13:46:30.640Z,-8.304,125.269,33,4.5,mb,,,,1.2,us,usp0006cc7,2014-11-07T00:55:27.760Z,"32 km NNW of Likisá, Timor Leste",earthquake,,,,3,reviewed,us,us
1994-05-10T06:26:53.840Z,5.234,125.971,110.6,4.6,mb,,,,1.4,us,usp0006cbp,2014-11-07T00:55:27.642Z,"59 km ESE of Sarangani, Philippines",earthquake,,15.8,,2,reviewed,us,us
1994-05-09T21:12:45.350Z,-7.482,107.104,98.6,4.8,mb,,,,1.1,us,usp0006cb0,2014-11-07T00:55:27.530Z,"48 km SW of Banjar, Indonesia",earthquake,,12.2,,6,reviewed,us,us
1994-05-09T12:36:37.260Z,-2.06,99.731,27.6,5.7,mw,,,,1,us,usp0006cah,2022-04-28T17:41:47.986Z,"141 km SSW of Padang, Indonesia",earthquake,,,,,reviewed,us,hrv
1994-05-09T12:09:36.620Z,-7.34,127.872,82.9,5.2,mb,,,,1.5,us,usp0006cae,2014-11-07T00:55:27.427Z,"162 km NE of Lospalos, Timor Leste",earthquake,,29.2,,6,reviewed,us,us
1994-05-09T06:25:42.010Z,-3.378,138.47,33,4.8,mb,,,,1,us,usp0006c9y,2014-11-07T00:55:27.385Z,"255 km WSW of Abepura, Indonesia",earthquake,,,,4,reviewed,us,us
1994-05-08T20:12:22.680Z,-1.057,97.547,33,4.7,mb,,,,1.1,us,usp0006c9g,2014-11-07T00:55:27.342Z,"290 km W of Pariaman, Indonesia",earthquake,,,,13,reviewed,us,us
1994-05-08T12:56:51.480Z,4.519,125.84,177,5,mb,,,,0.9,us,usp0006c90,2014-11-07T00:55:27.306Z,"106 km SSE of Sarangani, Philippines",earthquake,,5.2,,31,reviewed,us,us
1994-05-08T06:50:07.770Z,-1.09,97.57,33,4.5,mb,,,,0.2,us,usp0006c8q,2014-11-07T00:55:27.279Z,"288 km W of Pariaman, Indonesia",earthquake,,,,6,reviewed,us,us
1994-05-06T09:46:02.710Z,-1.03,97.364,33,4.1,mb,,,,0.7,us,usp0006c65,2014-11-07T00:55:26.875Z,"southwest of Sumatra, Indonesia",earthquake,,,,4,reviewed,us,us
1994-05-06T07:44:36.280Z,2.494,125.858,84.6,4.7,mb,,,,0.5,us,usp0006c61,2014-11-07T00:55:26.869Z,"148 km NE of Laikit, Laikit II (Dimembe), Indonesia",earthquake,,13,,5,reviewed,us,us
1994-05-04T15:46:59.840Z,-1.178,97.536,31.3,4.5,mb,,,,1.1,us,usp0006c2d,2014-11-07T00:55:26.447Z,"294 km WSW of Pariaman, Indonesia",earthquake,,,,10,reviewed,us,us
1994-05-04T12:43:38.280Z,-1.052,97.727,33,4.6,mb,,,,0.4,us,usp0006c25,2014-11-07T00:55:26.425Z,"270 km W of Pariaman, Indonesia",earthquake,,,,5,reviewed,us,us
1994-05-04T07:12:03.350Z,-1.141,97.552,29.5,4.7,mb,,,,0.7,us,usp0006c1k,2014-11-07T00:55:26.305Z,"291 km WSW of Pariaman, Indonesia",earthquake,,,,11,reviewed,us,us
1994-05-04T05:56:54.790Z,-0.984,97.378,34.7,4.8,mb,,,,1.1,us,usp0006c1e,2014-11-07T00:55:26.148Z,"Kepulauan Batu, Indonesia",earthquake,,,,19,reviewed,us,us
1994-05-04T05:46:35.580Z,-1.723,97.721,33,4.4,mb,,,,0.8,us,usp0006c1c,2014-11-07T00:55:26.141Z,"293 km WSW of Pariaman, Indonesia",earthquake,,,,6,reviewed,us,us
1994-05-04T05:25:48.070Z,-8.096,129.897,178.2,4.6,mb,,,,1.3,us,usp0006c1b,2014-11-07T00:55:26.137Z,"Kepulauan Babar, Indonesia",earthquake,,47.5,,1,reviewed,us,us
1994-05-03T22:53:46.700Z,-1.889,138.812,21.8,5.3,mb,,,,1,us,usp0006c0w,2014-11-07T00:55:26.048Z,"217 km WNW of Abepura, Indonesia",earthquake,,,,17,reviewed,us,us
1994-05-03T08:07:16.520Z,-3.728,126.262,33,4.8,mb,,,,1.2,us,usp0006bza,2014-11-07T00:55:25.577Z,"213 km W of Ambon, Indonesia",earthquake,,,,4,reviewed,us,us
1994-05-03T02:53:21.330Z,-1.11,97.666,33,4.7,mb,,,,1.1,us,usp0006byv,2014-11-07T00:55:25.420Z,"278 km W of Pariaman, Indonesia",earthquake,,,,8,reviewed,us,us
1994-05-02T22:20:37.020Z,-1.074,97.593,33,4.9,mb,,,,1,us,usp0006by9,2014-11-07T00:55:25.338Z,"285 km W of Pariaman, Indonesia",earthquake,,,,20,reviewed,us,us
1994-05-02T17:14:00.880Z,-1.116,97.487,15.1,6.1,mw,,,,1,us,usp0006bxg,2022-04-28T17:41:02.887Z,"298 km W of Pariaman, Indonesia",earthquake,,,,,reviewed,us,hrv
1994-05-02T14:51:25.310Z,-4.307,135.329,33,5.3,mb,,,,1,us,usp0006bxd,2014-11-07T00:55:25.012Z,"106 km S of Nabire, Indonesia",earthquake,,,,15,reviewed,us,us
1994-05-01T17:29:23.720Z,-9.9,113.234,108.1,4.8,mb,,,,0.7,us,usp0006bw7,2014-11-07T00:55:24.607Z,"179 km S of Kencong, Indonesia",earthquake,,12.1,,3,reviewed,us,us
1994-04-30T03:41:25.220Z,-9.329,113.101,86.6,5,mb,,,,1.1,us,usp0006btz,2014-11-07T00:55:21.977Z,"119 km SSW of Kencong, Indonesia",earthquake,,11.5,,13,reviewed,us,us
1994-04-27T23:32:56.210Z,-8.391,125.711,33,4.8,ms,,,,1.2,us,usp0006brf,2014-11-07T00:55:21.571Z,"15 km NNW of Metinaro, Timor Leste",earthquake,,,,1,reviewed,us,us
1994-04-27T21:39:35.240Z,-7.264,120.425,553.1,5,mb,,,,1,us,usp0006bre,2014-11-07T00:55:21.565Z,"148 km NNE of Labuan Bajo, Indonesia",earthquake,,6.6,,22,reviewed,us,us
1994-04-27T18:27:07.140Z,-3.364,135.742,33,5,mb,,,,0.9,us,usp0006bra,2014-11-07T00:55:21.541Z,"26 km E of Nabire, Indonesia",earthquake,,,,15,reviewed,us,us
1994-04-27T10:26:49.610Z,-9.838,112.803,33,3.9,mb,,,,1.2,us,usp0006bqp,2014-11-07T00:55:21.439Z,"179 km S of Dampit, Indonesia",earthquake,,,,2,reviewed,us,us
1994-04-27T08:22:32.850Z,-9.514,112.849,67,5.2,mb,,,,1.1,us,usp0006bq9,2014-11-07T00:55:21.352Z,"144 km S of Dampit, Indonesia",earthquake,,8.7,,28,reviewed,us,us
1994-04-27T04:06:08.060Z,-9.698,112.881,33,4.1,mb,,,,1.4,us,usp0006bq2,2014-11-07T00:55:21.312Z,"165 km S of Dampit, Indonesia",earthquake,,,,2,reviewed,us,us
1994-04-27T03:09:21.250Z,-8.778,122.988,33,4.4,mb,,,,1.3,us,usp0006bpx,2014-11-07T00:55:21.298Z,"87 km ESE of Maumere, Indonesia",earthquake,,,,3,reviewed,us,us
1994-04-27T00:00:38.240Z,-9.63,112.671,33,4.2,mb,,,,1.2,us,usp0006bpm,2014-11-07T00:55:21.262Z,"157 km S of Dampit, Indonesia",earthquake,,,,3,reviewed,us,us
1994-04-26T18:55:27.840Z,-1.174,127.64,61.4,4.8,mb,,,,1.3,us,usp0006bpd,2014-11-07T00:55:21.175Z,"211 km S of Sofifi, Indonesia",earthquake,,37.6,,4,reviewed,us,us
1994-04-26T17:23:39.730Z,-9.599,112.807,33,4.6,mb,,,,0.8,us,usp0006bp8,2014-11-07T00:55:21.165Z,"153 km S of Dampit, Indonesia",earthquake,,,,8,reviewed,us,us
1994-04-26T09:16:49.640Z,-9.427,112.949,33,5.2,mb,,,,1.1,us,usp0006bnt,2014-11-07T00:55:21.131Z,"134 km SSW of Kencong, Indonesia",earthquake,,,,30,reviewed,us,us
1994-04-26T08:37:47.530Z,-9.444,113.01,33,5,mb,,,,1.2,us,usp0006bnn,2014-11-07T00:55:21.106Z,"134 km SSW of Kencong, Indonesia",earthquake,,,,7,reviewed,us,us
1994-04-26T06:57:33.570Z,-9.577,112.773,33,4.7,mb,,,,0.9,us,usp0006bnb,2014-11-07T00:55:21.090Z,"151 km S of Dampit, Indonesia",earthquake,,,,11,reviewed,us,us
1994-04-26T06:24:54.380Z,-9.458,112.843,33,4.4,mb,,,,0.8,us,usp0006bn9,2014-11-07T00:55:21.086Z,"138 km S of Dampit, Indonesia",earthquake,,,,5,reviewed,us,us
1994-04-26T06:19:33.720Z,-9.87,113.045,33,4.4,mb,,,,0.4,us,usp0006bn8,2014-11-07T00:55:21.085Z,"179 km SSW of Kencong, Indonesia",earthquake,,,,2,reviewed,us,us
1994-04-26T04:29:20.930Z,-9.5,112.883,33,5.2,mb,,,,1.2,us,usp0006bn3,2014-11-07T00:55:21.070Z,"143 km S of Dampit, Indonesia",earthquake,,,,33,reviewed,us,us
1994-04-26T03:46:48.960Z,-9.445,113.007,33,4.8,mb,,,,1.2,us,usp0006bn2,2014-11-07T00:55:21.067Z,"134 km SSW of Kencong, Indonesia",earthquake,,,,11,reviewed,us,us
1994-04-26T03:31:41.080Z,-9.448,112.94,33,4.8,mb,,,,1.3,us,usp0006bn1,2014-11-07T00:55:21.063Z,"137 km SSW of Kencong, Indonesia",earthquake,,,,11,reviewed,us,us
1994-04-26T02:20:19.050Z,-9.511,112.609,33,4.6,mb,,,,0.6,us,usp0006bmz,2014-11-07T00:55:21.059Z,"144 km S of Dampit, Indonesia",earthquake,,,,3,reviewed,us,us
1994-04-25T23:27:59.290Z,-9.845,112.647,33,4.7,mb,,,,1.4,us,usp0006bms,2014-11-07T00:55:21.022Z,"181 km S of Dampit, Indonesia",earthquake,,,,2,reviewed,us,us
1994-04-25T23:23:52.040Z,-9.493,112.867,47.5,4.7,mb,,,,1.3,us,usp0006bmr,2014-11-07T00:55:21.018Z,"142 km S of Dampit, Indonesia",earthquake,,23.1,,13,reviewed,us,us
1994-04-25T22:43:37.910Z,-9.493,113.055,92.6,5.1,mb,,,,0.9,us,usp0006bmq,2014-11-07T00:55:21.013Z,"138 km SSW of Kencong, Indonesia",earthquake,,9.8,,17,reviewed,us,us
1994-04-25T22:21:51.520Z,-9.343,113.058,67.7,5.8,mw,,,,1.1,us,usp0006bmm,2022-04-28T17:46:33.213Z,"122 km SSW of Kencong, Indonesia",earthquake,,,,,reviewed,us,hrv
1994-04-25T19:20:39.960Z,-7.262,119.17,606.3,4.9,mb,,,,0.7,us,usp0006bmg,2014-11-07T00:55:20.971Z,"141 km NNE of Bima, Indonesia",earthquake,,11.4,,6,reviewed,us,us
1994-04-25T15:25:28.210Z,-3.036,136.459,33,4.8,mb,,,,1.2,us,usp0006bm4,2014-11-07T00:55:20.911Z,"112 km ENE of Nabire, Indonesia",earthquake,,,,6,reviewed,us,us
1994-04-25T11:09:18.820Z,-9.445,112.294,33,4.5,mb,,,,1.2,us,usp0006bkv,2014-11-07T00:55:20.899Z,"143 km S of Sumberpucung, Indonesia",earthquake,,,,4,reviewed,us,us
1994-04-25T10:16:08.410Z,-8.632,121.611,159.7,4.6,mb,,,,0.5,us,usp0006bkr,2014-11-07T00:55:20.893Z,"24 km NNW of Ende, Indonesia",earthquake,,29.5,,3,reviewed,us,us
1994-04-25T03:23:07.390Z,-4.023,138.376,92.7,4.8,mb,,,,1.1,us,usp0006bk4,2014-11-07T00:55:20.847Z,"296 km WSW of Abepura, Indonesia",earthquake,,12.4,,7,reviewed,us,us
1994-04-22T21:07:46.440Z,-4.839,138.133,33,5.1,mb,,,,0.9,us,usp0006bgg,2014-11-07T00:55:20.328Z,"Papua, Indonesia",earthquake,,,,5,reviewed,us,us
1994-04-22T09:11:24.640Z,-8.242,119.88,184.1,4.9,mb,,,,1.1,us,usp0006bfh,2014-11-07T00:55:20.113Z,"28 km N of Labuan Bajo, Indonesia",earthquake,,16.8,,16,reviewed,us,us
1994-04-21T23:43:58.830Z,4.73,125.348,65.9,4.6,mb,,,,1.2,us,usp0006bev,2014-11-07T00:55:20.058Z,"75 km S of Sarangani, Philippines",earthquake,,9.5,,11,reviewed,us,us
1994-04-21T20:16:38.570Z,4.259,125.88,112,4.5,mb,,,,1.4,us,usp0006ber,2014-11-07T00:55:19.975Z,"134 km SSE of Sarangani, Philippines",earthquake,,14.3,,11,reviewed,us,us
1994-04-20T16:48:30.270Z,1.89,128.204,103.8,5,mb,,,,1.1,us,usp0006bcz,2014-11-07T00:55:19.619Z,"28 km NE of Tobelo, Indonesia",earthquake,,19.6,,15,reviewed,us,us
1994-04-19T09:39:21.900Z,-3.774,101.509,42.1,5,mb,,,,1,us,usp0006bax,2014-11-07T00:55:19.388Z,"84 km W of Bengkulu, Indonesia",earthquake,,,,15,reviewed,us,us
1994-04-19T09:31:54.080Z,-3.834,135.584,33,4.7,mb,,,,1.2,us,usp0006baw,2014-11-07T00:55:19.385Z,"53 km S of Nabire, Indonesia",earthquake,,,,4,reviewed,us,us
1994-04-19T05:48:07.560Z,1.228,123.361,26,5.3,mw,,,,1.2,us,usp0006bae,2022-04-28T17:22:43.130Z,"83 km NNE of Gorontalo, Indonesia",earthquake,,,,,reviewed,us,hrv
1994-04-18T00:32:24.390Z,-3.32,139.828,33,4.8,mb,,,,1.3,us,usp0006b8m,2014-11-07T00:55:19.035Z,"119 km SW of Abepura, Indonesia",earthquake,,,,13,reviewed,us,us
1994-04-17T14:06:15.400Z,-3.027,137.265,33,5,mb,,,,0.9,us,usp0006b87,2014-11-07T00:55:18.983Z,"199 km E of Nabire, Indonesia",earthquake,,,,28,reviewed,us,us
1994-04-16T15:16:35.040Z,1.877,127.382,99.5,5.6,mw,,,,1,us,usp0006b6s,2022-04-28T17:45:36.233Z,"71 km WNW of Tobelo, Indonesia",earthquake,,6.5,,,reviewed,us,hrv
1994-04-16T03:56:38.890Z,1.662,127.013,113.6,4.2,mb,,,,0.8,us,usp0006b60,2014-11-07T00:55:18.625Z,"104 km NNW of Ternate, Indonesia",earthquake,,20.7,,2,reviewed,us,us
1994-04-15T20:17:55.600Z,-3.154,135.894,25.6,5.4,mw,,,,1.2,us,usp0006b58,2022-04-28T17:45:19.321Z,"Papua, Indonesia",earthquake,,,,,reviewed,us,hrv
1994-04-15T18:45:14.360Z,-9.683,124.518,55.5,4.3,mb,,,,1.3,us,usp0006b55,2014-11-07T00:55:18.511Z,"26 km S of Kefamenanu, Indonesia",earthquake,,22.7,,1,reviewed,us,us
1994-04-14T13:13:12.710Z,-9.031,127.105,33,4.7,mb,,,,1.7,us,usp0006b34,2014-11-07T00:55:18.288Z,"57 km SSE of Lospalos, Timor Leste",earthquake,,,,8,reviewed,us,us
1994-04-14T03:28:26.580Z,-6.587,129.771,166.2,5.7,mw,,,,1,us,usp0006b23,2022-04-28T17:44:55.786Z,"Banda Sea",earthquake,,,,,reviewed,us,hrv
1994-04-13T22:22:29.900Z,-3.136,135.968,28.5,6.5,mw,,,,1.1,us,usp0006b1z,2022-04-28T17:44:49.941Z,"57 km ENE of Nabire, Indonesia",earthquake,,,,,reviewed,us,hrv
1994-04-11T10:13:16.300Z,-4.771,103.297,100.2,4.9,mb,,,,1.1,us,usp0006ay4,2014-11-07T00:55:17.615Z,"82 km S of Pagar Alam, Indonesia",earthquake,,14.4,,6,reviewed,us,us
1994-04-10T15:07:40.590Z,-1.106,138.5,33,5.2,mb,,,,1.2,us,usp0006awy,2014-11-07T00:55:17.411Z,"269 km E of Biak, Indonesia",earthquake,,,,11,reviewed,us,us
1994-04-09T23:26:05.800Z,-6.448,126.76,470.9,4.9,mb,,,,1,us,usp0006aw3,2014-11-07T00:55:17.271Z,"226 km N of Baukau, Timor Leste",earthquake,,6.9,,19,reviewed,us,us
1994-04-09T01:29:00.850Z,-0.572,123.238,29,5.4,mw,,,,1.4,us,usp0006av0,2022-04-28T17:44:24.256Z,"65 km NE of Luwuk, Indonesia",earthquake,,,,,reviewed,us,hrv
1994-04-07T03:11:43.770Z,2.624,126.95,33,5,mb,,,,1.1,us,usp0006ars,2014-11-07T00:55:16.765Z,"153 km NW of Tobelo, Indonesia",earthquake,,,,6,reviewed,us,us
1994-04-05T11:14:05.710Z,-7.51,129.146,129.5,4.5,mb,,,,1.3,us,usp0006ap7,2014-11-07T00:55:16.057Z,"261 km ENE of Lospalos, Timor Leste",earthquake,,15.9,,4,reviewed,us,us
1994-04-04T02:46:58.050Z,2.057,126.563,33,4.7,mb,,,,0.8,us,usp0006akv,2014-11-07T00:55:15.530Z,"164 km WNW of Tobelo, Indonesia",earthquake,,,,4,reviewed,us,us
1994-04-03T21:47:54.000Z,-5.488,139.359,36.6,4.9,mb,,,,1.2,us,usp0006akk,2014-11-07T00:55:15.376Z,"225 km WNW of Kiunga, Papua New Guinea",earthquake,,12,,6,reviewed,us,us
1994-04-03T07:53:18.430Z,-9.728,128.341,188.4,4.4,mb,,,,1.5,us,usp0006ajt,2014-11-07T00:55:15.146Z,"198 km SE of Lospalos, Timor Leste",earthquake,,38.3,,1,reviewed,us,us
1994-04-02T22:00:10.920Z,-8.075,120.884,33,4,mb,,,,1.2,us,usp0006aja,2014-11-07T00:55:14.977Z,"75 km NE of Ruteng, Indonesia",earthquake,,,,2,reviewed,us,us
1994-04-02T21:16:12.380Z,0.63,121.535,85.2,4.7,mb,,,,1,us,usp0006aj7,2014-11-07T00:55:14.964Z,"170 km W of Gorontalo, Indonesia",earthquake,,25.5,,5,reviewed,us,us
1994-04-02T19:50:09.370Z,-7.344,129.777,145.5,4.3,mb,,,,0.9,us,usp0006aj3,2014-11-07T00:55:14.932Z,"Kepulauan Babar, Indonesia",earthquake,,20.8,,1,reviewed,us,us
1994-04-02T02:11:08.720Z,0.508,122.275,118.6,5.1,mb,,,,1,us,usp0006agw,2014-11-07T00:55:14.561Z,"87 km W of Gorontalo, Indonesia",earthquake,,7.4,,15,reviewed,us,us
1994-04-01T16:27:26.430Z,2.767,128.411,33,4.6,mb,,,,1.2,us,usp0006agb,2014-11-07T00:55:14.169Z,"123 km NNE of Tobelo, Indonesia",earthquake,,,,5,reviewed,us,us
1994-04-01T07:01:18.730Z,-9.922,122.613,33,3.9,mb,,,,1,us,usp0006afh,2014-11-07T00:55:13.641Z,"112 km WNW of Kupang, Indonesia",earthquake,,,,1,reviewed,us,us
1994-03-31T08:12:56.010Z,1.879,126.712,59.4,4.8,mb,,,,1.3,us,usp0006adr,2014-11-07T00:55:11.740Z,"141 km NNW of Ternate, Indonesia",earthquake,,12,,10,reviewed,us,us
1994-03-30T06:06:38.540Z,3.899,126.532,79.1,4.9,mb,,,,0.9,us,usp0006ack,2014-11-07T00:55:11.522Z,"204 km SE of Sarangani, Philippines",earthquake,,9.2,,8,reviewed,us,us
1994-03-30T05:30:51.640Z,-7.816,123.171,228.8,4.6,mb,,,,0.2,us,usp0006ach,2014-11-07T00:55:11.518Z,"138 km NE of Maumere, Indonesia",earthquake,,27.1,,1,reviewed,us,us
1994-03-29T17:21:17.350Z,-7.17,118.228,33,4.6,mb,,,,1.5,us,usp0006abz,2014-11-07T00:55:11.484Z,"152 km NNW of Bima, Indonesia",earthquake,,,,4,reviewed,us,us
1994-03-29T09:37:04.290Z,3.142,126.806,46.2,4.8,mb,,,,0.7,us,usp0006abg,2014-11-07T00:55:11.455Z,"205 km NW of Tobelo, Indonesia",earthquake,,12.4,,7,reviewed,us,us
1994-03-28T17:31:55.730Z,-7.289,106.163,77.1,4.7,mb,,,,1.2,us,usp0006aaq,2014-11-07T00:55:11.389Z,"54 km SW of Pelabuhanratu, Indonesia",earthquake,,22,,9,reviewed,us,us
1994-03-27T18:31:10.090Z,2.733,124.814,33,4.6,mb,,,,1.2,us,usp0006a9g,2014-11-07T00:55:11.296Z,"138 km N of Manado, Indonesia",earthquake,,,,2,reviewed,us,us
1994-03-27T15:52:11.060Z,1.307,99.44,202.6,3,mb,,,,1.4,us,usp0006a9c,2014-11-07T00:55:11.289Z,"20 km ESE of Padangsidempuan, Indonesia",earthquake,,38.6,,1,reviewed,us,us
1994-03-26T18:55:16.620Z,2.67,123.216,459.2,4.3,mb,,,,1.3,us,usp0006a7x,2014-11-07T00:55:11.147Z,"224 km NW of Manado, Indonesia",earthquake,,15.7,,7,reviewed,us,us
1994-03-26T15:10:47.470Z,-8.522,118.244,33,5.1,mb,,,,1,us,usp0006a7m,2014-11-07T00:55:11.127Z,"24 km W of Dompu, Indonesia",earthquake,,,,2,reviewed,us,us
1994-03-26T10:22:34.860Z,-8.38,119.965,147,4.9,mb,,,,1,us,usp0006a78,2014-11-07T00:55:11.068Z,"15 km NNE of Labuan Bajo, Indonesia",earthquake,,12.9,,15,reviewed,us,us
1994-03-25T14:35:18.470Z,-4.459,135.025,33,4.7,mb,,,,1,us,usp0006a5r,2014-11-07T00:55:10.906Z,"132 km SSW of Nabire, Indonesia",earthquake,,,,2,reviewed,us,us
1994-03-25T12:51:58.420Z,-8.769,111.799,97.1,4.8,mb,,,,1.1,us,usp0006a5j,2014-11-07T00:55:10.886Z,"72 km S of Boyolangu, Indonesia",earthquake,,12.6,,14,reviewed,us,us
1994-03-24T13:26:10.550Z,-9.112,119.567,33,4.9,mb,,,,1.4,us,usp0006a3x,2014-11-07T00:55:10.728Z,"58 km S of Komodo, Indonesia",earthquake,,,,8,reviewed,us,us
1994-03-24T11:41:50.670Z,-8.418,118.749,33,4.7,mb,,,,1.3,us,usp0006a3p,2014-11-07T00:55:10.709Z,"5 km NNE of Bima, Indonesia",earthquake,,,,11,reviewed,us,us
1994-03-24T11:00:47.070Z,4.429,125.801,175.1,4.6,mb,,,,1,us,usp0006a3k,2014-11-07T00:55:10.701Z,"114 km SSE of Sarangani, Philippines",earthquake,,8.1,,11,reviewed,us,us
1994-03-22T20:24:30.030Z,-2.129,138.753,33,4.8,mb,,,,1,us,usp0006a13,2014-11-07T00:55:10.477Z,"215 km WNW of Abepura, Indonesia",earthquake,,,,8,reviewed,us,us
1994-03-22T16:21:40.650Z,2.818,96.286,49.3,4.2,mb,,,,0.5,us,usp0006a0z,2014-11-07T00:55:10.466Z,"38 km NNW of Sinabang, Indonesia",earthquake,,28.6,,3,reviewed,us,us
1994-03-19T18:52:09.160Z,-5.45,102.51,43.8,4.6,mb,,,,1.7,us,usp00069xg,2014-11-07T00:55:10.113Z,"177 km SSW of Pagar Alam, Indonesia",earthquake,,,,4,reviewed,us,us
1994-03-19T10:31:39.870Z,-6.09,123.489,638.4,4.7,mb,,,,1.1,us,usp00069wy,2014-11-07T00:55:10.075Z,"167 km SE of Katabu, Indonesia",earthquake,,32.5,,7,reviewed,us,us
1994-03-19T09:42:58.520Z,3.525,126.646,34.8,5.1,mb,,,,1.1,us,usp00069wx,2014-11-07T00:55:10.071Z,"245 km SSE of Sarangani, Philippines",earthquake,,,,16,reviewed,us,us
1994-03-18T11:59:59.100Z,-7.706,123.717,272.5,4.3,mb,,,,0.9,us,usp00069vf,2014-11-07T00:55:09.892Z,"180 km NNW of Pante Makasar, Timor Leste",earthquake,,16.5,,3,reviewed,us,us
1994-03-18T10:12:04.130Z,1.159,132.217,33,4.9,mb,,,,1.4,us,usp00069v7,2014-11-07T00:55:09.876Z,"237 km SSE of Tobi Village, Palau",earthquake,,,,8,reviewed,us,us
1994-03-18T08:41:39.880Z,-4.254,140.823,33,4.8,mb,,,,1.3,us,usp00069v3,2014-11-07T00:55:09.870Z,"181 km SSW of Vanimo, Papua New Guinea",earthquake,,,,3,reviewed,us,us
1994-03-16T08:38:36.430Z,-6.75,127.265,391.8,4.6,mb,,,,1.1,us,usp00069s9,2014-11-07T00:55:09.561Z,"198 km N of Lospalos, Timor Leste",earthquake,,6,,8,reviewed,us,us
1994-03-16T00:02:36.190Z,-7.149,108.542,33,5,mb,,,,1.2,us,usp00069rv,2014-11-07T00:55:09.288Z,"20 km SSE of Kuningan, Indonesia",earthquake,,,,15,reviewed,us,us
1994-03-15T11:08:57.680Z,-5.626,104.189,104.5,4.6,mb,,,,1.2,us,usp00069r2,2014-11-07T00:55:09.149Z,"117 km SW of Kotabumi, Indonesia",earthquake,,21.3,,4,reviewed,us,us
1994-03-14T11:39:37.310Z,1.757,129.283,32,4.9,mb,,,,1.2,us,usp00069ps,2014-11-07T00:55:08.935Z,"141 km E of Tobelo, Indonesia",earthquake,,,,14,reviewed,us,us
1994-03-13T19:27:34.650Z,1.631,129.241,32.9,4.6,mb,,,,0.9,us,usp00069p2,2014-11-07T00:55:08.807Z,"137 km E of Tobelo, Indonesia",earthquake,,,,9,reviewed,us,us
1994-03-13T18:46:45.850Z,2.197,126.864,114.4,4.7,mb,,,,1.4,us,usp00069p0,2014-11-07T00:55:08.802Z,"137 km WNW of Tobelo, Indonesia",earthquake,,26,,5,reviewed,us,us
1994-03-13T18:42:54.550Z,1.684,129.288,31.4,4.7,mb,,,,1,us,usp00069nz,2014-11-07T00:55:08.800Z,"142 km E of Tobelo, Indonesia",earthquake,,,,11,reviewed,us,us
1994-03-13T10:50:11.150Z,-7.666,111.429,97.2,5,mb,,,,1.3,us,usp00069n6,2014-11-07T00:55:08.720Z,"11 km WSW of Madiun, Indonesia",earthquake,,,,16,reviewed,us,us
1994-03-13T03:54:28.130Z,-5.999,129.927,33,4.7,mb,,,,1.3,us,usp00069mx,2014-11-07T00:55:08.699Z,"Banda Sea",earthquake,,,,1,reviewed,us,us
1994-03-13T02:26:21.360Z,-5.407,130.898,88.6,4.9,mb,,,,0.9,us,usp00069mt,2014-11-07T00:55:08.667Z,"206 km W of Tual, Indonesia",earthquake,,12,,10,reviewed,us,us
1994-03-10T20:04:35.410Z,-5.028,131.751,33,4.3,mb,,,,1.3,us,usp00069h4,2014-11-07T00:55:08.142Z,"129 km WNW of Tual, Indonesia",earthquake,,,,1,reviewed,us,us
1994-03-09T09:36:45.300Z,-6.552,132.82,62,4.6,mb,,,,1.2,us,usp00069et,2014-11-07T00:55:07.634Z,"102 km S of Tual, Indonesia",earthquake,,23.7,,2,reviewed,us,us
1994-03-08T00:08:15.800Z,-10.49,120.076,33,4.3,mb,,,,1.4,us,usp00069ct,2014-11-07T00:55:07.393Z,"94 km SSW of Waingapu, Indonesia",earthquake,,,,2,reviewed,us,us
1994-03-07T17:07:26.330Z,-8.415,117.182,33,4.7,mb,,,,1.3,us,usp00069cj,2014-11-07T00:55:07.357Z,"27 km WNW of Sumbawa Besar, Indonesia",earthquake,,,,2,reviewed,us,us
1994-03-06T05:20:43.960Z,-6.402,130.536,132.4,4.7,mb,,,,1.4,us,usp00069aj,2014-11-07T00:55:06.990Z,"259 km WSW of Tual, Indonesia",earthquake,,29.9,,2,reviewed,us,us
1994-03-05T19:15:36.850Z,0.934,126.051,53.7,4.6,mb,,,,1,us,usp000699w,2014-11-07T00:55:06.866Z,"133 km ESE of Tondano, Indonesia",earthquake,,17.2,,6,reviewed,us,us
1994-03-05T11:53:06.030Z,-7.794,124.688,200.1,4.4,mb,,,,1.2,us,usp000699k,2014-11-07T00:55:06.804Z,"106 km NNW of Maubara, Timor Leste",earthquake,,36.7,,2,reviewed,us,us
1994-03-05T01:44:24.950Z,-4.925,131.067,33,4.5,mb,,,,0.7,us,usp0006990,2014-11-07T00:55:06.644Z,"202 km WNW of Tual, Indonesia",earthquake,,,,5,reviewed,us,us
1994-03-03T22:56:12.670Z,1.908,97.892,33,4.5,mb,,,,1,us,usp000697m,2014-11-07T00:55:06.295Z,"43 km SSE of Singkil, Indonesia",earthquake,,,,4,reviewed,us,us
1994-03-03T05:51:49.750Z,0.419,125.973,36.9,5.3,mw,,,,1,us,usp000696j,2025-12-19T22:47:21.010Z,"153 km SE of Tondano, Indonesia",earthquake,,,,,reviewed,us,hrv
1994-03-03T01:59:22.360Z,-4.579,135.083,33,4.7,mb,,,,1.5,us,usp000696c,2014-11-07T00:55:05.863Z,"142 km SSW of Nabire, Indonesia",earthquake,,,,3,reviewed,us,us
1994-03-02T20:34:25.870Z,-7.401,128.662,156.3,4.5,mb,,,,1.2,us,usp0006961,2014-11-07T00:55:05.791Z,"221 km NE of Lospalos, Timor Leste",earthquake,,28,,3,reviewed,us,us
1994-02-28T22:55:49.110Z,-9.238,108.052,33,4.6,ms,,,,1.1,us,usp000693j,2014-11-07T00:55:02.078Z,"206 km S of Kawalu, Indonesia",earthquake,,,,1,reviewed,us,us
1994-02-27T10:59:53.510Z,-6.862,129.087,57.8,4.9,mb,,,,1.2,us,usp000691q,2014-11-07T00:55:01.855Z,"294 km NE of Lospalos, Timor Leste",earthquake,,15.1,,18,reviewed,us,us
1994-02-24T08:02:15.470Z,-4.807,103.195,61.5,5.3,mb,,,,0.9,us,usp00068xy,2014-11-07T00:55:01.192Z,"86 km S of Pagar Alam, Indonesia",earthquake,,5.7,,37,reviewed,us,us
1994-02-23T14:53:42.180Z,-6.186,130.079,33,5,mb,,,,1.1,us,usp00068wz,2014-11-07T00:55:00.976Z,"Banda Sea",earthquake,,,,17,reviewed,us,us
1994-02-22T20:59:09.480Z,0.734,125.795,33,4.5,mb,,,,0.9,us,usp00068vq,2014-11-07T00:55:00.775Z,"116 km ESE of Tondano, Indonesia",earthquake,,,,1,reviewed,us,us
1994-02-22T14:54:12.680Z,-9.693,123.831,33,3.8,mb,,,,0.7,us,usp00068ve,2014-11-07T00:55:00.733Z,"12 km SSE of Naisano Dua, Indonesia",earthquake,,,,1,reviewed,us,us
1994-02-21T17:53:43.580Z,2.672,99.183,178.5,4.4,mb,,,,0.5,us,usp00068uf,2014-11-07T00:55:00.647Z,"27 km E of Parapat, Indonesia",earthquake,,14.5,,7,reviewed,us,us
1994-02-20T11:28:54.560Z,3.971,125.907,149.1,4.9,mb,,,,1.2,us,usp00068sh,2014-11-07T00:55:00.435Z,"165 km SSE of Sarangani, Philippines",earthquake,,,,36,reviewed,us,us
1994-02-20T09:14:50.320Z,3.727,127.938,113.3,5,mb,,,,1.2,us,usp00068sb,2014-11-07T00:55:00.416Z,"221 km N of Tobelo, Indonesia",earthquake,,15.3,,9,reviewed,us,us
1994-02-20T05:41:56.110Z,-8.148,119.957,33,5,mb,,,,1.5,us,usp00068rz,2014-11-07T00:55:00.385Z,"39 km N of Labuan Bajo, Indonesia",earthquake,,,,12,reviewed,us,us
1994-02-20T05:23:28.930Z,2.059,126.359,33,4.8,mb,,,,1.5,us,usp00068rs,2014-11-07T00:55:00.370Z,"166 km ENE of Laikit, Laikit II (Dimembe), Indonesia",earthquake,,,,5,reviewed,us,us
1994-02-20T03:02:48.730Z,0.19,121.489,188,4.6,mb,,,,1,us,usp00068rm,2014-11-07T00:55:00.354Z,"Minahasa, Sulawesi, Indonesia",earthquake,,12.1,,11,reviewed,us,us
1994-02-20T01:54:35.760Z,2.059,126.475,28.4,6,mw,,,,1.1,us,usp00068rg,2022-04-28T17:50:47.700Z,"172 km NW of Ternate, Indonesia",earthquake,,,,,reviewed,us,hrv
1994-02-19T17:12:12.650Z,5.834,126.787,29.8,5.1,mb,,,,1.4,us,usp00068r8,2014-11-07T00:55:00.243Z,"89 km SE of Pondaguitan, Philippines",earthquake,,,,32,reviewed,us,us
1994-02-19T16:17:24.830Z,4.855,126.444,26.1,4.8,mb,,,,1.1,us,usp00068r7,2014-11-07T00:55:00.235Z,"124 km ESE of Sarangani, Philippines",earthquake,,,,24,reviewed,us,us
1994-02-19T12:14:02.050Z,2.522,112.71,33,4.7,mb,,,,1.4,us,usp00068qz,2020-09-15T16:58:49.738Z,"63 km NNW of Kapit, Malaysia",earthquake,,,,21,reviewed,us,us
1994-02-18T19:11:09.620Z,-9.75,112.804,53.3,5,mb,,,,1.2,us,usp00068q3,2014-11-07T00:55:00.126Z,"170 km S of Dampit, Indonesia",earthquake,,9.6,,17,reviewed,us,us
1994-02-17T02:54:11.540Z,-5.41,106.575,288.6,4.7,mb,,,,1,us,usp00068mn,2014-11-07T00:54:59.705Z,"76 km N of Teluknaga, Indonesia",earthquake,,,,25,reviewed,us,us
1994-02-15T23:41:43.070Z,-10.12,118.899,25.7,5.2,mb,,,,1.4,us,usp00068k0,2014-11-07T00:54:59.405Z,"158 km WSW of Waingapu, Indonesia",earthquake,,,,22,reviewed,us,us
1994-02-15T17:07:43.800Z,-4.967,104.302,23.1,6.9,mw,,,,1.3,us,usp00068jd,2022-04-28T17:49:47.002Z,"66 km WSW of Kotabumi, Indonesia",earthquake,,,,,reviewed,us,hrv
1994-02-15T12:09:21.760Z,3.694,126.604,42,4.8,mb,,,,1,us,usp00068hx,2014-11-07T00:54:59.127Z,"227 km SE of Sarangani, Philippines",earthquake,,,,21,reviewed,us,us
1994-02-14T18:12:32.540Z,-0.397,123.366,32.4,4.7,mb,,,,1.2,us,usp00068h6,2014-11-07T00:54:59.064Z,"88 km NE of Luwuk, Indonesia",earthquake,,,,7,reviewed,us,us
1994-02-14T14:21:25.940Z,-10.479,123.952,26.4,4.8,mb,,,,1.1,us,usp00068gz,2014-11-07T00:54:59.043Z,"50 km SE of Kupang, Indonesia",earthquake,,,,11,reviewed,us,us
1994-02-13T01:13:02.410Z,-6.892,126.788,377.2,4.7,mb,,,,1.2,us,usp00068ey,2014-11-07T00:54:58.773Z,"178 km NNE of Baukau, Timor Leste",earthquake,,6.6,,19,reviewed,us,us
1994-02-12T23:36:06.580Z,-10.026,121.831,33,4,mb,,,,1.4,us,usp00068eu,2014-11-07T00:54:58.763Z,"132 km S of Ende, Indonesia",earthquake,,,,2,reviewed,us,us
1994-02-12T06:49:55.760Z,2.485,112.765,28.9,5.3,mb,,,,1,us,usp00068dv,2020-09-15T16:57:27.229Z,"57 km NNW of Kapit, Malaysia",earthquake,,,,49,reviewed,us,us
1994-02-11T07:56:55.020Z,4.831,95.184,97.5,5,mb,,,,0.9,us,usp00068bt,2014-11-07T00:54:57.991Z,"80 km SSW of Banda Aceh, Indonesia",earthquake,,14.1,,18,reviewed,us,us
1994-02-10T14:52:14.610Z,-2.035,139.415,22.1,5,mb,,,,1.1,us,usp00068ar,2014-11-07T00:54:57.888Z,"148 km WNW of Abepura, Indonesia",earthquake,,,,13,reviewed,us,us
1994-02-09T22:38:21.540Z,-7.831,128.656,179.1,4.6,mb,,,,1.4,us,usp000689r,2014-11-07T00:54:57.792Z,"197 km ENE of Lospalos, Timor Leste",earthquake,,38.1,,1,reviewed,us,us
1994-02-09T22:02:07.970Z,-8.012,120.157,211.3,4.8,mb,,,,0.8,us,usp000689n,2014-11-07T00:54:57.786Z,"61 km NNE of Labuan Bajo, Indonesia",earthquake,,22,,4,reviewed,us,us
1994-02-09T16:41:27.620Z,-5.035,139.376,33,4.4,mb,,,,0.6,us,usp0006897,2014-11-07T00:54:57.735Z,"243 km WNW of Kiunga, Papua New Guinea",earthquake,,,,1,reviewed,us,us
1994-02-09T05:21:47.910Z,-8.956,123.625,105.3,4.4,mb,,,,0.9,us,usp000688g,2014-11-07T00:54:57.669Z,"72 km NNW of Naisano Dua, Indonesia",earthquake,,9.5,,9,reviewed,us,us
1994-02-08T21:56:16.400Z,-4.241,140.644,74.7,5.6,mw,,,,1,us,usp0006884,2022-04-28T17:48:59.963Z,"181 km S of Abepura, Indonesia",earthquake,,,,,reviewed,us,hrv
1994-02-08T03:20:07.490Z,-4.753,103.198,96.6,4.8,mb,,,,1.1,us,usp000686w,2014-11-07T00:54:57.437Z,"80 km S of Pagar Alam, Indonesia",earthquake,,18.2,,10,reviewed,us,us
1994-02-08T00:18:09.290Z,1.68,127.118,96.9,4.9,mb,,,,0.7,us,usp000686n,2014-11-07T00:54:57.392Z,"99 km W of Tobelo, Indonesia",earthquake,,15,,13,reviewed,us,us
1994-02-07T00:51:09.230Z,-2.908,129.61,10,4.8,mb,,,,1.3,us,usp000685q,2014-11-07T00:54:57.283Z,"90 km ENE of Amahai, Indonesia",earthquake,,,,8,reviewed,us,us
1994-02-06T21:17:35.950Z,-8.75,127.381,29.2,4.7,mb,,,,1.4,us,usp000685f,2014-11-07T00:54:57.262Z,"49 km ESE of Lospalos, Timor Leste",earthquake,,,,10,reviewed,us,us
1994-02-06T14:25:42.070Z,-0.638,131.491,33,4.8,mb,,,,1,us,usp0006855,2014-11-07T00:54:57.241Z,"36 km NE of Sorong, Indonesia",earthquake,,,,17,reviewed,us,us
1994-02-05T04:50:55.440Z,2.079,128.477,132,4.6,mb,,,,0.9,us,usp000682d,2014-11-07T00:54:56.777Z,"64 km NE of Tobelo, Indonesia",earthquake,,23,,10,reviewed,us,us
1994-02-05T02:03:29.380Z,1.2,127.868,37.9,4.7,mb,,,,1,us,usp0006827,2014-11-07T00:54:56.760Z,"Halmahera, Indonesia",earthquake,,22.2,,10,reviewed,us,us
1994-02-04T13:09:08.210Z,-8.751,120.863,33,4.3,mb,,,,1,us,usp0006811,2014-11-07T00:54:56.575Z,"46 km ESE of Ruteng, Indonesia",earthquake,,,,2,reviewed,us,us
1994-02-04T11:27:07.120Z,1.134,127.506,33,4.8,mb,,,,1,us,usp000680w,2014-11-07T00:54:56.549Z,"40 km NNE of Ternate, Indonesia",earthquake,,,,12,reviewed,us,us
1994-02-03T22:02:20.740Z,-5.553,125.51,33,4.7,mb,,,,1.5,us,usp00067zn,2014-11-07T00:54:56.331Z,"Banda Sea",earthquake,,,,7,reviewed,us,us
1994-02-03T17:59:45.280Z,-9.455,123.062,33,3.4,mb,,,,1.5,us,usp00067z3,2014-11-07T00:54:56.111Z,"79 km WNW of Naisano Dua, Indonesia",earthquake,,,,1,reviewed,us,us
1994-02-02T00:42:13.150Z,-4.286,129.564,107.8,4.8,mb,,,,1,us,usp00067vg,2014-11-07T00:54:54.550Z,"126 km SE of Amahai, Indonesia",earthquake,,28.4,,10,reviewed,us,us
1994-02-01T18:08:56.880Z,-9.284,130.45,33,4.6,mb,,,,1.1,us,usp00067v4,2014-11-07T00:54:54.166Z,"274 km N of Wurrumiyanga, Australia",earthquake,,,,2,reviewed,us,us
1994-02-01T16:29:47.110Z,4.889,127.796,122,4.8,mb,,,,0.9,us,usp00067v0,2014-11-07T00:54:54.051Z,"242 km SE of Pondaguitan, Philippines",earthquake,,16,,8,reviewed,us,us
1994-02-01T08:31:27.980Z,-7.283,128.391,128.3,4.6,mb,,,,0.5,us,usp00067uj,2014-11-07T00:54:53.649Z,"205 km NE of Lospalos, Timor Leste",earthquake,,24.2,,2,reviewed,us,us
1994-02-01T03:40:52.500Z,1.147,127.619,33,4.7,mb,,,,1.4,us,usp00067u5,2014-11-07T00:54:53.321Z,"45 km N of Sofifi, Indonesia",earthquake,,,,6,reviewed,us,us
1994-01-31T22:19:41.720Z,-8.101,128.617,151.8,3.6,mb,,,,0.5,us,usp00067tq,2014-11-07T00:54:51.854Z,"184 km ENE of Lospalos, Timor Leste",earthquake,,40.9,,1,reviewed,us,us
1994-01-31T13:58:38.860Z,-7.389,120.744,489.4,4.4,mb,,,,1.2,us,usp00067t4,2014-11-07T00:54:51.812Z,"138 km NNE of Ruteng, Indonesia",earthquake,,11.9,,4,reviewed,us,us
1994-01-31T12:57:23.490Z,-8.459,120.595,154.6,5,mb,,,,1.1,us,usp00067t0,2014-11-07T00:54:51.805Z,"22 km NE of Ruteng, Indonesia",earthquake,,20.1,,1,reviewed,us,us
1994-01-31T10:06:59.480Z,-6.687,131.333,65,4.9,mb,,,,1.4,us,usp00067sr,2014-11-07T00:54:51.791Z,"195 km SW of Tual, Indonesia",earthquake,,27.2,,1,reviewed,us,us
1994-01-31T07:49:15.440Z,-0.174,122.962,94.7,4.8,mb,,,,1.2,us,usp00067sh,2014-11-07T00:54:51.772Z,"79 km S of Gorontalo, Indonesia",earthquake,,,,8,reviewed,us,us
1994-01-31T01:28:04.750Z,-6.791,130.233,33,4.6,mb,,,,1.3,us,usp00067s4,2014-11-07T00:54:51.744Z,"Banda Sea",earthquake,,,,2,reviewed,us,us
1994-01-30T19:17:13.150Z,-10.176,119.851,33,4.3,mb,,,,1.4,us,usp00067rr,2014-11-07T00:54:51.686Z,"73 km SW of Waingapu, Indonesia",earthquake,,,,2,reviewed,us,us
1994-01-29T22:27:06.080Z,-7.345,128.643,142.2,4.7,mb,,,,0.9,us,usp00067qr,2014-11-07T00:54:51.507Z,"223 km NE of Lospalos, Timor Leste",earthquake,,8.4,,4,reviewed,us,us
1994-01-29T08:44:46.030Z,-6.572,128.103,338.3,4.3,mb,,,,0.9,us,usp00067p6,2014-11-07T00:54:51.251Z,"247 km NNE of Lospalos, Timor Leste",earthquake,,8.8,,1,reviewed,us,us
1994-01-27T11:07:34.040Z,-3.231,129.813,68,4.7,mb,,,,1.5,us,usp00067hs,2014-11-07T00:54:50.925Z,"100 km E of Amahai, Indonesia",earthquake,,25.5,,5,reviewed,us,us
1994-01-27T09:27:53.340Z,-4.335,102.693,83.7,5,mb,,,,0.9,us,usp00067hk,2014-11-07T00:54:50.917Z,"70 km WSW of Pagar Alam, Indonesia",earthquake,,7.6,,12,reviewed,us,us
1994-01-27T00:28:37.220Z,0.044,123.598,158.7,5.1,mb,,,,1,us,usp00067h2,2014-11-07T00:54:50.860Z,"80 km SE of Gorontalo, Indonesia",earthquake,,,,32,reviewed,us,us
1994-01-26T01:11:36.580Z,1.213,127.695,15.4,4.6,mb,,,,1.3,us,usp00067ex,2014-11-07T00:54:50.636Z,"54 km NNE of Sofifi, Indonesia",earthquake,,,,10,reviewed,us,us
1994-01-25T21:38:15.500Z,-6.271,129.484,95.7,5.1,mb,,,,1.1,us,usp00067er,2014-11-07T00:54:50.624Z,"Banda Sea",earthquake,,32.7,,1,reviewed,us,us
1994-01-25T11:18:31.810Z,1.202,127.549,40.3,4.9,mb,,,,1,us,usp00067dr,2014-11-07T00:54:50.467Z,"49 km NNE of Ternate, Indonesia",earthquake,,13.3,,11,reviewed,us,us
1994-01-25T04:17:05.090Z,-8.049,128.102,140,4.6,mb,,,,0.5,us,usp00067d4,2014-11-07T00:54:50.360Z,"132 km ENE of Lospalos, Timor Leste",earthquake,,34.1,,2,reviewed,us,us
1994-01-25T02:07:25.020Z,1.43,127.825,33,4.8,mb,,,,0.9,us,usp00067cu,2014-11-07T00:54:50.335Z,"38 km SSW of Tobelo, Indonesia",earthquake,,,,12,reviewed,us,us
1994-01-25T01:31:10.410Z,1.379,127.634,33,4.5,mb,,,,1.2,us,usp00067cs,2014-11-07T00:54:50.331Z,"56 km SW of Tobelo, Indonesia",earthquake,,,,6,reviewed,us,us
1994-01-25T00:05:42.240Z,1.059,127.41,32.8,4.8,mb,,,,1,us,usp00067cp,2014-11-07T00:54:50.326Z,"29 km N of Ternate, Indonesia",earthquake,,,,12,reviewed,us,us
1994-01-24T17:21:31.070Z,1.078,127.891,23.7,4.9,mb,,,,1.1,us,usp00067c4,2014-11-07T00:54:50.242Z,"52 km NE of Sofifi, Indonesia",earthquake,,,,19,reviewed,us,us
1994-01-24T16:17:36.110Z,1.206,128.055,74.6,4.8,mb,,,,1.2,us,usp00067by,2014-11-07T00:54:50.233Z,"57 km S of Tobelo, Indonesia",earthquake,,25.2,,9,reviewed,us,us
1994-01-24T16:11:24.190Z,1.005,127.785,24.5,5.4,mw,,,,0.9,us,usp00067bx,2022-04-28T17:53:20.383Z,"38 km NE of Sofifi, Indonesia",earthquake,,,,,reviewed,us,hrv
1994-01-23T22:51:05.260Z,2.643,128.838,140,4.7,mb,,,,0.7,us,usp00067a4,2014-11-07T00:54:50.104Z,"136 km NE of Tobelo, Indonesia",earthquake,,,,4,reviewed,us,us
1994-01-23T12:49:37.100Z,1.137,128.314,15.3,4.4,mb,,,,0.9,us,usp000679d,2014-11-07T00:54:49.947Z,"73 km SSE of Tobelo, Indonesia",earthquake,,,,6,reviewed,us,us
1994-01-23T10:17:46.900Z,1.057,127.565,94.6,4.6,mb,,,,0.7,us,usp0006797,2014-11-07T00:54:49.935Z,"35 km N of Sofifi, Indonesia",earthquake,,17.8,,7,reviewed,us,us
1994-01-23T01:40:16.060Z,1.14,128.082,33,4.7,mb,,,,0.9,us,usp000678e,2014-11-07T00:54:49.888Z,"65 km S of Tobelo, Indonesia",earthquake,,,,7,reviewed,us,us
1994-01-23T00:03:21.840Z,0.877,125.998,102,4.4,mb,,,,1.3,us,usp0006788,2014-11-07T00:54:49.875Z,"129 km ESE of Tondano, Indonesia",earthquake,,53.8,,4,reviewed,us,us
1994-01-22T23:52:59.460Z,0.998,127.77,33,4.9,mb,,,,0.9,us,usp0006787,2014-11-07T00:54:49.871Z,"37 km NE of Sofifi, Indonesia",earthquake,,,,19,reviewed,us,us
1994-01-22T14:36:17.610Z,2.459,125.577,33,4.4,mb,,,,0.9,us,usp000677v,2014-11-07T00:54:49.843Z,"126 km NNE of Laikit, Laikit II (Dimembe), Indonesia",earthquake,,,,4,reviewed,us,us
1994-01-22T12:50:12.110Z,0.856,127.517,33,4.6,mb,,,,1,us,usp000677s,2014-11-07T00:54:49.838Z,"13 km NNW of Sofifi, Indonesia",earthquake,,,,9,reviewed,us,us
1994-01-22T04:10:10.760Z,0.809,127.537,33,5,mb,,,,0.9,us,usp0006773,2014-11-07T00:54:49.776Z,"8 km NNW of Sofifi, Indonesia",earthquake,,,,17,reviewed,us,us
1994-01-21T18:23:29.440Z,0.913,127.743,33,4.6,mb,,,,0.6,us,usp000675w,2014-11-07T00:54:49.683Z,"28 km NE of Sofifi, Indonesia",earthquake,,,,7,reviewed,us,us
1994-01-21T18:14:40.590Z,0.88,127.552,33,5,mb,,,,0.8,us,usp000675v,2014-11-07T00:54:49.680Z,"15 km N of Sofifi, Indonesia",earthquake,,,,9,reviewed,us,us
1994-01-21T18:00:17.670Z,-4.859,103.664,89.9,6,mw,,,,0.9,us,usp000675u,2022-04-28T17:53:15.577Z,"98 km SW of Baturaja, Indonesia",earthquake,,,,,reviewed,us,hrv
1994-01-21T13:47:42.400Z,1.15,127.51,33,4.5,mb,,,,1.2,us,usp000675h,2014-11-07T00:54:49.607Z,"42 km NNE of Ternate, Indonesia",earthquake,,,,6,reviewed,us,us
1994-01-21T07:37:09.190Z,-1.42,139.786,33,4.1,mb,,,,1,us,usp000674t,2014-11-07T00:54:49.564Z,"160 km NW of Abepura, Indonesia",earthquake,,,,2,reviewed,us,us
1994-01-21T05:20:45.030Z,1.079,128.016,33,4.4,mb,,,,1.4,us,usp000674h,2014-11-07T00:54:49.463Z,"63 km NE of Sofifi, Indonesia",earthquake,,,,5,reviewed,us,us
1994-01-21T02:50:16.030Z,0.851,127.682,33,5,mb,,,,1.5,us,usp0006745,2014-11-07T00:54:49.444Z,"18 km NE of Sofifi, Indonesia",earthquake,,,,8,reviewed,us,us
1994-01-21T02:24:29.960Z,1.015,127.733,19.9,7,mwb,,,,1.2,us,usp0006744,2022-04-28T17:53:14.262Z,"36 km NNE of Sofifi, Indonesia",earthquake,,,,,reviewed,us,us
1994-01-20T08:36:07.090Z,-5.628,130.882,56.1,5.1,mb,,,,1.2,us,usp000671s,2014-11-07T00:54:49.174Z,"207 km W of Tual, Indonesia",earthquake,,,,30,reviewed,us,us
1994-01-19T07:51:26.080Z,-3.318,135.711,33,5,mb,,,,1.6,us,usp00066y0,2014-11-07T00:54:48.489Z,"23 km E of Nabire, Indonesia",earthquake,,,,6,reviewed,us,us
1994-01-19T01:53:34.900Z,-3.176,135.97,23.2,6.8,mw,,,,1.2,us,usp00066x3,2022-04-28T17:52:58.619Z,"55 km ENE of Nabire, Indonesia",earthquake,,,,,reviewed,us,hrv
1994-01-18T19:21:26.770Z,2.453,125.999,33,4.7,mb,,,,0.9,us,usp00066w8,2014-11-07T00:54:48.294Z,"156 km NE of Laikit, Laikit II (Dimembe), Indonesia",earthquake,,,,4,reviewed,us,us
1994-01-18T06:46:10.120Z,-8.364,113.187,140.7,5.2,mb,,,,1.1,us,usp00066tf,2014-11-07T00:54:48.042Z,"21 km WSW of Kencong, Indonesia",earthquake,,,,26,reviewed,us,us
1994-01-17T04:23:01.030Z,-7.014,129.38,203.6,4.3,mb,,,,0.4,us,usp00066ju,2014-11-07T00:54:47.274Z,"Kepulauan Babar, Indonesia",earthquake,,31,,1,reviewed,us,us
1994-01-17T00:50:26.240Z,-7.779,128.183,176.6,3.9,mb,,,,1.6,us,usp00066jn,2014-11-07T00:54:47.261Z,"154 km ENE of Lospalos, Timor Leste",earthquake,,24.9,,1,reviewed,us,us
1994-01-16T22:53:38.010Z,-8.906,123.674,33,4.9,mb,,,,1.2,us,usp00066jm,2014-11-07T00:54:47.259Z,"77 km N of Naisano Dua, Indonesia",earthquake,,,,4,reviewed,us,us
1994-01-16T20:46:38.360Z,-3.133,120.784,33,4.6,mb,,,,1.2,us,usp00066jg,2014-11-07T00:54:47.250Z,"67 km ESE of Palopo, Indonesia",earthquake,,,,11,reviewed,us,us
1994-01-16T20:12:18.700Z,-7.483,128.449,145.1,5.4,mw,,,,1.1,us,usp00066je,2025-12-19T22:49:16.087Z,"196 km NE of Lospalos, Timor Leste",earthquake,,,,,reviewed,us,hrv
1994-01-16T19:28:27.580Z,3.71,126.328,33,4.8,mb,,,,1.2,us,usp00066jc,2014-11-07T00:54:47.213Z,"210 km SSE of Sarangani, Philippines",earthquake,,,,18,reviewed,us,us
1994-01-16T19:12:58.160Z,-8.746,114.699,115.2,5,mb,,,,0.9,us,usp00066ja,2014-11-07T00:54:47.208Z,"43 km SSE of Negara, Indonesia",earthquake,,11.1,,4,reviewed,us,us
1994-01-16T11:46:33.570Z,-8.708,127.313,28.4,4.8,mb,,,,1.6,us,usp00066hr,2014-11-07T00:54:47.145Z,"40 km ESE of Lospalos, Timor Leste",earthquake,,,,10,reviewed,us,us
1994-01-16T05:02:56.940Z,-7.165,129.125,156.3,4.8,mb,,,,0.9,us,usp00066ha,2014-11-07T00:54:47.118Z,"278 km ENE of Lospalos, Timor Leste",earthquake,,18.6,,4,reviewed,us,us
1994-01-15T23:07:09.070Z,0.07,123.648,128.8,5.2,mw,,,,1.2,us,usp00066h0,2025-12-19T22:49:11.653Z,"83 km SE of Gorontalo, Indonesia",earthquake,,,,,reviewed,us,hrv
1994-01-15T20:05:18.970Z,-5.567,130.695,33,5,mb,,,,1.2,us,usp00066gr,2014-11-07T00:54:47.042Z,"228 km W of Tual, Indonesia",earthquake,,,,8,reviewed,us,us
1994-01-15T07:42:24.520Z,1.979,126.845,27.9,5.7,mw,,,,1,us,usp00066g0,2022-04-28T17:52:45.968Z,"132 km WNW of Tobelo, Indonesia",earthquake,,,,,reviewed,us,hrv
1994-01-15T03:59:17.300Z,-1.047,100.355,102,5.1,mb,,,,1.2,us,usp00066fu,2014-11-07T00:54:46.926Z,"10 km S of Padang, Indonesia",earthquake,,10.7,,22,reviewed,us,us
1994-01-14T21:41:01.870Z,-6.262,129.455,33,4.9,mb,,,,0.8,us,usp00066fg,2014-11-07T00:54:46.888Z,"Banda Sea",earthquake,,,,2,reviewed,us,us
1994-01-14T17:41:42.580Z,-10.427,119.025,33,4.5,mb,,,,0.9,us,usp00066f8,2014-11-07T00:54:46.871Z,"160 km WSW of Waingapu, Indonesia",earthquake,,,,2,reviewed,us,us
1994-01-14T09:07:28.000Z,-6.32,128.402,356,4.7,mb,,,,0.9,us,usp00066em,2014-11-07T00:54:46.807Z,"288 km NNE of Lospalos, Timor Leste",earthquake,,3.8,,24,reviewed,us,us
1994-01-14T02:08:54.850Z,-3.481,131.119,62.7,5.2,mb,,,,1.2,us,usp00066ee,2014-11-07T00:54:46.779Z,"244 km E of Amahai, Indonesia",earthquake,,12.2,,8,reviewed,us,us
1994-01-13T23:34:50.440Z,-1.58,133.067,36.9,4.9,mb,,,,1.4,us,usp00066e7,2014-11-07T00:54:46.749Z,"136 km SW of Manokwari, Indonesia",earthquake,,,,21,reviewed,us,us
1994-01-13T20:26:42.900Z,2.716,127.17,22.3,5.3,mb,,,,1.1,us,usp00066e2,2022-04-28T17:52:42.474Z,"143 km NW of Tobelo, Indonesia",earthquake,,,,43,reviewed,us,us
1994-01-10T07:51:25.760Z,-0.73,98.5,30.1,5,mb,,,,1.2,us,usp0006693,2014-11-07T00:54:45.809Z,"180 km W of Pariaman, Indonesia",earthquake,,,,21,reviewed,us,us
1994-01-09T20:40:34.600Z,1.445,128.579,88.1,4.4,mb,,,,1,us,usp000668e,2014-11-07T00:54:45.667Z,"70 km ESE of Tobelo, Indonesia",earthquake,,28.6,,4,reviewed,us,us
1994-01-09T18:29:41.790Z,1.344,127.136,117.7,5,mb,,,,0.5,us,usp0006687,2014-11-07T00:54:45.518Z,"67 km NNW of Ternate, Indonesia",earthquake,,12,,10,reviewed,us,us
1994-01-09T09:25:29.630Z,2.773,96.342,33,4.4,mb,,,,1.3,us,usp000667c,2014-11-07T00:54:45.079Z,"32 km N of Sinabang, Indonesia",earthquake,,,,4,reviewed,us,us
1994-01-09T02:56:57.590Z,-10.926,116.151,33,5.1,mb,,,,0.7,us,usp000666z,2014-11-07T00:54:45.047Z,"243 km S of Lembar, Indonesia",earthquake,,,,10,reviewed,us,us
1994-01-08T21:16:44.570Z,3.232,96.072,64.5,4.5,mb,,,,0.9,us,usp000666t,2014-11-07T00:54:45.002Z,"89 km NNW of Sinabang, Indonesia",earthquake,,13.6,,10,reviewed,us,us
1994-01-08T05:17:59.610Z,1.597,128.986,93.6,4.7,mb,,,,1.1,us,usp000665u,2014-11-07T00:54:44.658Z,"109 km E of Tobelo, Indonesia",earthquake,,15.8,,13,reviewed,us,us
1994-01-08T03:27:17.550Z,-0.225,125.833,33,4.8,mb,,,,1,us,usp000665q,2014-11-07T00:54:44.647Z,"197 km SSE of Tondano, Indonesia",earthquake,,,,18,reviewed,us,us
1994-01-07T19:29:09.910Z,-6.659,130.654,33,5.3,mb,,,,0.8,us,usp000665a,2014-11-07T00:54:44.613Z,"258 km WSW of Tual, Indonesia",earthquake,,,,4,reviewed,us,us
1994-01-07T19:23:53.340Z,-0.591,98.601,29.7,5.6,mw,,,,1,us,usp0006659,2022-04-28T17:52:16.771Z,"169 km W of Pariaman, Indonesia",earthquake,,,,,reviewed,us,hrv
1994-01-07T11:05:22.510Z,4.842,96.402,173.1,5.4,mb,,,,1,us,usp000664w,2022-04-28T17:52:15.117Z,"43 km SSE of Reuleuet, Indonesia",earthquake,,,,119,reviewed,us,us
1994-01-07T10:50:36.530Z,-2.994,136.422,33,5.1,mb,,,,0.8,us,usp000664u,2014-11-07T00:54:44.518Z,"110 km ENE of Nabire, Indonesia",earthquake,,,,10,reviewed,us,us
1994-01-05T23:59:34.240Z,-6.194,130.453,120,4.8,mb,,,,1.1,us,usp0006630,2014-11-07T00:54:44.167Z,"262 km WSW of Tual, Indonesia",earthquake,,,,5,reviewed,us,us
1994-01-05T12:06:58.350Z,-4.348,134.893,33,4.2,mb,,,,1.5,us,usp0006626,2014-11-07T00:54:43.900Z,"128 km SSW of Nabire, Indonesia",earthquake,,,,1,reviewed,us,us
1994-01-05T03:25:47.730Z,3.154,126.83,71.5,4.9,mb,,,,1,us,usp000661k,2014-11-07T00:54:43.744Z,"205 km NW of Tobelo, Indonesia",earthquake,,13.6,,13,reviewed,us,us
1994-01-04T19:51:40.160Z,-4.172,135.22,16.6,5.5,mb,,,,1.2,us,usp0006610,2022-04-28T17:51:57.849Z,"95 km SSW of Nabire, Indonesia",earthquake,,,,45,reviewed,us,us
1994-01-04T19:31:59.880Z,-4.301,135.145,11,6,mwb,,,,1.1,us,usp000660z,2022-04-28T17:51:56.095Z,"111 km SSW of Nabire, Indonesia",earthquake,,,,,reviewed,us,us
1994-01-04T12:12:28.340Z,-0.26,124.322,87.1,5.1,mb,,,,1.2,us,usp000660d,2014-11-07T00:54:43.306Z,"165 km ESE of Gorontalo, Indonesia",earthquake,,9.7,,32,reviewed,us,us
1994-01-03T19:16:06.520Z,0.291,125.609,33,4.9,mb,,,,0.9,us,usp00065z5,2014-11-07T00:54:42.961Z,"136 km SE of Tondano, Indonesia",earthquake,,,,4,reviewed,us,us
1994-01-03T10:32:18.060Z,-6.076,130.379,138.1,5,mb,,,,0.9,us,usp00065yu,2014-11-07T00:54:42.802Z,"267 km W of Tual, Indonesia",earthquake,,27.1,,7,reviewed,us,us
1994-01-01T18:38:51.200Z,-9.02,123.675,112.5,4.5,mb,,,,1,us,usp00065x8,2014-11-07T00:54:41.912Z,"64 km N of Naisano Dua, Indonesia",earthquake,,12.7,,9,reviewed,us,us
1994-01-01T02:32:12.490Z,4.627,127.64,123,5.1,mw,,,,0.9,us,usp00065we,2025-12-19T22:48:59.201Z,"251 km SE of Pondaguitan, Philippines",earthquake,,,,,reviewed,us,hrv
1993-12-31T16:53:09.100Z,3.032,96.41,72.6,4.9,mb,,,,1,us,usp00065vx,2014-11-07T00:54:39.403Z,"61 km N of Sinabang, Indonesia",earthquake,,12.8,,31,reviewed,us,us
1993-12-31T12:16:47.470Z,-6.825,129.654,129.1,5,mb,,,,0.9,us,usp00065vk,2014-11-07T00:54:39.383Z,"Banda Sea",earthquake,,20.6,,7,reviewed,us,us
1993-12-30T19:18:46.960Z,-1.626,133.775,61.5,5,mb,,,,1.4,us,usp00065up,2014-11-07T00:54:39.273Z,"90 km SSW of Manokwari, Indonesia",earthquake,,19.4,,10,reviewed,us,us
1993-12-28T10:32:09.950Z,-6.435,102.631,33,4.8,mb,,,,0.6,us,usp00065rd,2014-11-07T00:54:38.753Z,"275 km SSW of Pagar Alam, Indonesia",earthquake,,,,8,reviewed,us,us
1993-12-28T05:42:00.740Z,-1.899,120.925,60.5,5.1,mb,,,,1.1,us,usp00065r3,2014-11-07T00:54:38.714Z,"58 km SSE of Poso, Indonesia",earthquake,,9.6,,11,reviewed,us,us
1993-12-28T05:34:23.600Z,-7.08,128.196,116.4,4.3,mb,,,,0.6,us,usp00065r1,2014-11-07T00:54:38.705Z,"207 km NE of Lospalos, Timor Leste",earthquake,,25.6,,3,reviewed,us,us
1993-12-28T04:57:11.710Z,0.972,121.764,33,4.4,mb,,,,0.7,us,usp00065qz,2014-11-07T00:54:38.699Z,"152 km WNW of Gorontalo, Indonesia",earthquake,,,,4,reviewed,us,us
1993-12-27T18:21:11.230Z,-1.16,121.276,33.9,4.8,mb,,,,0.9,us,usp00065qc,2014-11-07T00:54:38.502Z,"63 km ENE of Poso, Indonesia",earthquake,,15.4,,15,reviewed,us,us
1993-12-26T19:54:01.480Z,2.977,125.037,33,4.8,mb,,,,0.4,us,usp00065ph,2014-11-07T00:54:38.428Z,"164 km N of Laikit, Laikit II (Dimembe), Indonesia",earthquake,,,,3,reviewed,us,us
1993-12-25T14:07:13.810Z,-5.767,104.186,76.5,5.2,mw,,,,1.2,us,usp00065mr,2025-12-19T22:50:21.093Z,"124 km WSW of Bandar Lampung, Indonesia",earthquake,,12.5,,,reviewed,us,hrv
1993-12-25T11:41:53.180Z,-8.154,119.753,156.7,4.6,mb,,,,0.8,us,usp00065m9,2014-11-07T00:54:38.231Z,"40 km NNW of Labuan Bajo, Indonesia",earthquake,,32.9,,6,reviewed,us,us
1993-12-25T02:06:03.650Z,4.31,127.723,176,4.6,mb,,,,0.6,us,usp00065jm,2014-11-07T00:54:38.116Z,"278 km ESE of Sarangani, Philippines",earthquake,,16.6,,8,reviewed,us,us
1993-12-24T22:59:27.870Z,-4.117,135.603,33,4.8,mb,,,,1.2,us,usp00065jf,2014-11-07T00:54:38.098Z,"84 km S of Nabire, Indonesia",earthquake,,,,4,reviewed,us,us
1993-12-22T10:35:17.450Z,-4.938,132.083,33,5.2,mw,,,,0.9,us,usp00065f9,2022-04-28T17:55:05.187Z,"106 km NW of Tual, Indonesia",earthquake,,,,,reviewed,us,hrv
1993-12-22T02:46:06.180Z,0.306,125.981,118.7,4.5,mb,,,,0.8,us,usp00065ex,2014-11-07T00:54:37.615Z,"162 km SE of Tondano, Indonesia",earthquake,,20.9,,3,reviewed,us,us
1993-12-22T02:45:07.760Z,-4.414,123.487,192.1,4.8,mb,,,,1.3,us,usp00065ew,2014-11-07T00:54:37.612Z,"118 km ESE of Kendari, Indonesia",earthquake,,16.4,,11,reviewed,us,us
1993-12-21T12:12:37.840Z,3.647,95.743,73.2,4.8,mb,,,,0.9,us,usp00065e5,2014-11-07T00:54:37.517Z,"69 km SW of Meulaboh, Indonesia",earthquake,,20.9,,7,reviewed,us,us
1993-12-20T13:56:14.870Z,-6.876,131.34,7.7,6.3,mwb,,,,1.2,us,usp00065d4,2022-04-28T17:55:03.546Z,"208 km SW of Tual, Indonesia",earthquake,,,,,reviewed,us,us
1993-12-19T23:44:10.320Z,3.064,126.853,92.4,4.4,mb,,,,1.2,us,usp00065c6,2014-11-07T00:54:37.304Z,"195 km NW of Tobelo, Indonesia",earthquake,,19.2,,7,reviewed,us,us
1993-12-19T10:31:28.640Z,5.746,127.004,43,5.4,mw,,,,1,us,usp00065bh,2025-12-19T22:50:17.609Z,"113 km SE of Pondaguitan, Philippines",earthquake,,,,,reviewed,us,hrv
1993-12-19T10:27:12.090Z,-7.156,129.38,127.8,4.9,mb,,,,1,us,usp00065bg,2014-11-07T00:54:37.162Z,"Kepulauan Babar, Indonesia",earthquake,,14.5,,7,reviewed,us,us
1993-12-19T05:00:04.010Z,-6.413,130.45,127.1,3.8,mb,,,,1.4,us,usp00065b7,2014-11-07T00:54:37.137Z,"269 km WSW of Tual, Indonesia",earthquake,,21.3,,1,reviewed,us,us
1993-12-18T17:16:36.930Z,-6.622,130.454,50.3,5,mb,,,,0.9,us,usp00065ap,2014-11-07T00:54:36.947Z,"277 km WSW of Tual, Indonesia",earthquake,,5.4,,30,reviewed,us,us
1993-12-17T22:41:13.670Z,0.369,125.698,16.8,4.9,mb,,,,1.2,us,usp000659e,2014-11-07T00:54:36.435Z,"135 km SE of Tondano, Indonesia",earthquake,,,,18,reviewed,us,us
1993-12-16T12:17:21.890Z,3.774,127.888,96.9,5,mb,,,,0.8,us,usp0006571,2014-11-07T00:54:36.131Z,"226 km N of Tobelo, Indonesia",earthquake,,8.2,,23,reviewed,us,us
1993-12-16T03:12:13.430Z,4.06,126.682,91.5,5,mb,,,,1.3,us,usp000656j,2014-11-07T00:54:36.076Z,"200 km SE of Sarangani, Philippines",earthquake,,9.7,,18,reviewed,us,us
1993-12-16T03:12:01.240Z,-9.183,127.618,33,5,mb,,,,1.3,us,usp000656h,2014-11-07T00:54:36.073Z,"99 km SE of Lospalos, Timor Leste",earthquake,,,,8,reviewed,us,us
1993-12-16T01:05:32.780Z,-0.872,124.177,91.6,4.8,mb,,,,1,us,usp000656d,2014-11-07T00:54:36.063Z,"154 km E of Luwuk, Indonesia",earthquake,,16.3,,8,reviewed,us,us
1993-12-15T20:17:41.460Z,0.513,126.01,30.7,5,mb,,,,1,us,usp0006561,2014-11-07T00:54:36.009Z,"150 km SE of Tondano, Indonesia",earthquake,,,,20,reviewed,us,us
1993-12-15T00:23:26.770Z,0.463,126.211,45.4,5.1,mb,,,,1.4,us,usp0006555,2014-11-07T00:54:35.937Z,"135 km WSW of Ternate, Indonesia",earthquake,,,,23,reviewed,us,us
1993-12-14T21:41:51.140Z,0.504,126.271,33,4.9,mb,,,,1.2,us,usp0006552,2014-11-07T00:54:35.919Z,"127 km WSW of Ternate, Indonesia",earthquake,,,,10,reviewed,us,us
1993-12-14T10:10:01.860Z,1.773,97.089,33,4.8,mb,,,,0.9,us,usp000654j,2014-11-07T00:54:35.867Z,"96 km SW of Singkil, Indonesia",earthquake,,,,8,reviewed,us,us
1993-12-14T08:47:42.980Z,4.839,127.628,87,4.9,mb,,,,0.8,us,usp000654g,2014-11-07T00:54:35.863Z,"232 km SE of Pondaguitan, Philippines",earthquake,,8.5,,9,reviewed,us,us
1993-12-13T17:13:40.890Z,0.491,126.292,16.2,5.1,mb,,,,1.3,us,usp0006531,2014-11-07T00:54:35.699Z,"126 km WSW of Ternate, Indonesia",earthquake,,,,23,reviewed,us,us
1993-12-13T16:27:47.600Z,0.483,126.1,33,5.4,mw,,,,1.1,us,usp000652x,2022-04-28T17:54:20.306Z,"146 km WSW of Ternate, Indonesia",earthquake,,,,,reviewed,us,hrv
1993-12-13T01:12:33.610Z,3.57,96.593,128.3,4.5,mb,,,,1.2,us,usp000652d,2014-11-07T00:54:35.617Z,"81 km SE of Meulaboh, Indonesia",earthquake,,29.7,,7,reviewed,us,us
1993-12-12T19:17:31.550Z,0.071,125.744,33,4.8,mb,,,,1.3,us,usp0006522,2014-11-07T00:54:35.573Z,"164 km SE of Tondano, Indonesia",earthquake,,,,6,reviewed,us,us
1993-12-12T18:26:28.690Z,0.344,125.925,33,5.9,mw,,,,1,us,usp000651z,2022-04-28T17:54:04.172Z,"154 km SE of Tondano, Indonesia",earthquake,,,,,reviewed,us,hrv
1993-12-12T17:03:19.340Z,0.317,125.939,23,5.9,mwb,,,,1.1,us,usp000651v,2022-04-28T17:53:58.946Z,"158 km SE of Tondano, Indonesia",earthquake,,,,,reviewed,us,us
1993-12-12T15:33:34.060Z,-4.152,135.007,33,4.9,mb,,,,1.3,us,usp000651s,2014-11-07T00:54:35.477Z,"103 km SSW of Nabire, Indonesia",earthquake,,,,12,reviewed,us,us
1993-12-12T12:17:54.600Z,0.684,100.344,217.3,4.6,mb,,,,0.7,us,usp000651e,2014-11-07T00:54:35.422Z,"104 km NNW of Payakumbuh, Indonesia",earthquake,,8.3,,6,reviewed,us,us
1993-12-11T18:03:46.670Z,-8.097,123.446,134.8,4.9,mb,,,,0.8,us,usp0006506,2014-11-07T00:54:35.283Z,"147 km ENE of Maumere, Indonesia",earthquake,,17,,12,reviewed,us,us
1993-12-11T17:53:15.200Z,-2.132,134.239,33,4.4,mb,,,,1.1,us,usp0006505,2014-11-07T00:54:35.281Z,"141 km S of Manokwari, Indonesia",earthquake,,,,3,reviewed,us,us
1993-12-11T14:45:39.960Z,0.331,126.061,33,5,mb,,,,1.4,us,usp00064zy,2014-11-07T00:54:35.263Z,"155 km WSW of Ternate, Indonesia",earthquake,,,,10,reviewed,us,us
1993-12-11T09:26:27.150Z,-8.401,120.203,161.7,4.3,mb,,,,0.2,us,usp00064zf,2014-11-07T00:54:35.217Z,"36 km ENE of Labuan Bajo, Indonesia",earthquake,,39.8,,3,reviewed,us,us
1993-12-11T03:13:56.460Z,0.576,126.049,80.4,4.9,mb,,,,1.1,us,usp00064z6,2014-11-07T00:54:35.190Z,"150 km ESE of Tondano, Indonesia",earthquake,,21.3,,1,reviewed,us,us
1993-12-11T01:59:44.030Z,2.378,128.378,23.4,4.7,mb,,,,0.9,us,usp00064z3,2014-11-07T00:54:35.177Z,"82 km NNE of Tobelo, Indonesia",earthquake,,,,10,reviewed,us,us
1993-12-10T22:21:16.670Z,0.517,125.863,27.7,5.3,mb,,,,1,us,usp00064yq,2014-11-07T00:54:35.114Z,"137 km SE of Tondano, Indonesia",earthquake,,,,37,reviewed,us,us
1993-12-10T21:16:26.260Z,0.422,125.581,73.6,4.7,mb,,,,1.1,us,usp00064yn,2014-11-07T00:54:35.110Z,"122 km SE of Tondano, Indonesia",earthquake,,22.2,,8,reviewed,us,us
1993-12-10T18:44:25.640Z,0.411,125.916,33,4.9,mb,,,,1.1,us,usp00064yh,2014-11-07T00:54:35.080Z,"149 km SE of Tondano, Indonesia",earthquake,,,,9,reviewed,us,us
1993-12-10T15:08:12.020Z,0.317,125.865,33,4.7,mb,,,,1,us,usp00064ye,2014-11-07T00:54:35.073Z,"152 km SE of Tondano, Indonesia",earthquake,,,,7,reviewed,us,us
1993-12-10T13:10:47.830Z,0.411,125.796,33,4.8,mb,,,,1.3,us,usp00064y7,2014-11-07T00:54:35.052Z,"139 km SE of Tondano, Indonesia",earthquake,,,,9,reviewed,us,us
1993-12-10T07:33:41.260Z,0.222,125.594,26.3,5,mb,,,,0.6,us,usp00064xu,2014-11-07T00:54:34.950Z,"141 km SSE of Tondano, Indonesia",earthquake,,,,10,reviewed,us,us
1993-12-10T03:58:45.050Z,0.457,125.761,29.3,4.9,mb,,,,1.4,us,usp00064xp,2014-11-07T00:54:34.915Z,"133 km SE of Tondano, Indonesia",earthquake,,,,14,reviewed,us,us
1993-12-09T18:59:17.000Z,0.311,125.736,33,4.8,mb,,,,1,us,usp00064x8,2014-11-07T00:54:34.882Z,"143 km SE of Tondano, Indonesia",earthquake,,,,5,reviewed,us,us
1993-12-09T18:30:10.030Z,0.534,126.082,33,5,mb,,,,0.9,us,usp00064x7,2014-11-07T00:54:34.881Z,"147 km W of Ternate, Indonesia",earthquake,,,,5,reviewed,us,us
1993-12-09T14:11:53.160Z,0.273,125.718,34.7,5.1,mb,,,,1,us,usp00064x1,2014-11-07T00:54:34.843Z,"145 km SE of Tondano, Indonesia",earthquake,,,,12,reviewed,us,us
1993-12-09T14:06:58.440Z,0.26,125.776,53.9,4.7,mb,,,,1.4,us,usp00064wz,2014-11-07T00:54:34.840Z,"Molucca Sea",earthquake,,20,,5,reviewed,us,us
1993-12-09T13:31:08.760Z,0.423,126.128,84.8,5,mb,,,,1.2,us,usp00064wx,2014-11-07T00:54:34.836Z,"145 km WSW of Ternate, Indonesia",earthquake,,15.9,,5,reviewed,us,us
1993-12-09T12:40:30.330Z,0.354,125.764,33,5,mb,,,,1,us,usp00064wv,2014-11-07T00:54:34.830Z,"141 km SE of Tondano, Indonesia",earthquake,,,,17,reviewed,us,us
1993-12-09T12:07:36.620Z,0.38,125.896,33.7,5.2,mb,,,,1.2,us,usp00064wu,2014-11-07T00:54:34.827Z,"Molucca Sea",earthquake,,15.4,,9,reviewed,us,us
1993-12-09T12:05:24.780Z,0.315,125.739,33,5,mb,,,,0.7,us,usp00064wt,2014-11-07T00:54:34.824Z,"143 km SE of Tondano, Indonesia",earthquake,,,,11,reviewed,us,us
1993-12-09T11:59:28.790Z,0.344,125.835,42.1,4.9,mb,,,,1.2,us,usp00064ws,2014-11-07T00:54:34.821Z,"147 km SE of Tondano, Indonesia",earthquake,,12.5,,9,reviewed,us,us
1993-12-09T11:50:54.640Z,0.314,125.821,48.7,5,mb,,,,1.1,us,usp00064wr,2014-11-07T00:54:34.818Z,"149 km SE of Tondano, Indonesia",earthquake,,8.8,,12,reviewed,us,us
1993-12-09T11:44:01.030Z,0.13,125.638,33,4.8,mb,,,,1.1,us,usp00064wq,2014-11-07T00:54:34.815Z,"153 km SSE of Tondano, Indonesia",earthquake,,,,1,reviewed,us,us
1993-12-09T11:38:27.960Z,0.425,125.891,15.9,6.8,mw,,,,1.2,us,usp00064wp,2022-04-28T17:53:50.067Z,"Molucca Sea",earthquake,,,,,reviewed,us,hrv
1993-12-09T11:34:37.190Z,0.279,125.74,33,5,mb,,,,1.2,us,usp00064wn,2014-11-07T00:54:34.758Z,"146 km SE of Tondano, Indonesia",earthquake,,,,5,reviewed,us,us
1993-12-09T10:22:57.210Z,-0.709,133.119,10,4.6,mb,,,,0.5,us,usp00064wg,2014-11-07T00:54:34.745Z,"106 km W of Manokwari, Indonesia",earthquake,,,,2,reviewed,us,us
1993-12-09T09:35:44.190Z,0.215,125.743,33,4.8,mb,,,,1.2,us,usp00064wd,2014-11-07T00:54:34.739Z,"151 km SE of Tondano, Indonesia",earthquake,,,,2,reviewed,us,us
1993-12-09T08:27:16.570Z,0.48,125.841,39.2,5.1,mb,,,,1.1,us,usp00064w8,2014-11-07T00:54:34.724Z,"137 km SE of Tondano, Indonesia",earthquake,,11.5,,8,reviewed,us,us
1993-12-09T05:41:23.360Z,0.288,125.545,33,4.6,mb,,,,1,us,usp00064w7,2014-11-07T00:54:34.723Z,"132 km SSE of Tondano, Indonesia",earthquake,,,,5,reviewed,us,us
1993-12-09T05:33:11.820Z,0.39,125.914,33,5,mb,,,,0.9,us,usp00064w6,2014-11-07T00:54:34.721Z,"150 km SE of Tondano, Indonesia",earthquake,,,,4,reviewed,us,us
1993-12-09T05:13:53.680Z,0.447,125.649,33,4.7,mb,,,,1.5,us,usp00064w5,2014-11-07T00:54:34.720Z,"125 km SE of Tondano, Indonesia",earthquake,,,,1,reviewed,us,us
1993-12-09T04:32:19.520Z,0.486,125.995,14.5,6.9,mw,,,,1.2,us,usp00064w3,2022-04-28T17:53:48.682Z,"150 km SE of Tondano, Indonesia",earthquake,,,,,reviewed,us,hrv
1993-12-08T23:37:13.330Z,-6.53,129.979,98.6,5.2,mb,,,,1,us,usp00064vu,2014-11-07T00:54:34.587Z,"Banda Sea",earthquake,,10.9,,20,reviewed,us,us
1993-12-08T20:52:54.400Z,-8.792,110.373,96.9,4.8,mb,,,,1.2,us,usp00064vt,2014-11-07T00:54:34.584Z,"92 km S of Pundong, Indonesia",earthquake,,13.6,,10,reviewed,us,us
1993-12-08T19:43:45.420Z,-1.825,133.061,33,4.4,mb,,,,0.3,us,usp00064vr,2014-11-07T00:54:34.581Z,"154 km SW of Manokwari, Indonesia",earthquake,,,,3,reviewed,us,us
1993-12-07T23:55:54.340Z,-0.842,136.809,33,4.4,mb,,,,0.5,us,usp00064ud,2014-11-07T00:54:34.437Z,"88 km ENE of Biak, Indonesia",earthquake,,,,3,reviewed,us,us
1993-12-07T16:27:25.570Z,0.73,122.702,77.9,5.6,mw,,,,1.1,us,usp00064u1,2022-04-28T17:53:45.884Z,"45 km WNW of Gorontalo, Indonesia",earthquake,,,,,reviewed,us,hrv
1993-12-07T11:50:15.170Z,-2.445,139.9,16.6,5.1,mb,,,,1.1,us,usp00064tj,2014-11-07T00:54:34.322Z,"83 km WNW of Abepura, Indonesia",earthquake,,5.2,,26,reviewed,us,us
1993-12-07T11:15:27.630Z,-3.881,139.663,10,4.5,mb,,,,1.2,us,usp00064tg,2014-11-07T00:54:34.317Z,"178 km SW of Abepura, Indonesia",earthquake,,,,1,reviewed,us,us
1993-12-07T03:27:33.510Z,-6.342,129.352,247.7,4.8,mb,,,,0.9,us,usp00064sy,2014-11-07T00:54:34.259Z,"Banda Sea",earthquake,,14.4,,1,reviewed,us,us
1993-12-06T21:55:57.120Z,-1.013,121.339,33,4.7,mb,,,,0.8,us,usp00064sm,2014-11-07T00:54:34.187Z,"77 km ENE of Poso, Indonesia",earthquake,,,,12,reviewed,us,us
1993-12-06T08:36:22.870Z,-5.982,130.68,123,5.1,mb,,,,1,us,usp00064rw,2014-11-07T00:54:33.942Z,"232 km W of Tual, Indonesia",earthquake,,6.6,,6,reviewed,us,us
1993-12-06T04:59:12.080Z,-4.542,138.192,33,5.2,mb,,,,1.5,us,usp00064rm,2014-11-07T00:54:33.907Z,"Papua, Indonesia",earthquake,,,,7,reviewed,us,us
1993-12-05T19:37:01.450Z,-6.467,130.426,136.9,5.4,mw,,,,1.1,us,usp00064r3,2025-12-19T22:50:04.898Z,"273 km WSW of Tual, Indonesia",earthquake,,,,,reviewed,us,hrv
1993-12-04T17:21:23.260Z,-3.59,131.256,33,5.5,mw,,,,1.1,us,usp00064nc,2022-04-28T17:53:37.260Z,"261 km E of Amahai, Indonesia",earthquake,,,,,reviewed,us,hrv
1993-12-04T12:55:46.330Z,-3.62,131.248,33,5,mb,,,,0.9,us,usp00064n7,2014-11-07T00:54:33.023Z,"260 km E of Amahai, Indonesia",earthquake,,,,15,reviewed,us,us
1993-12-01T19:44:54.630Z,2.367,125.506,33,4.9,mb,,,,1,us,usp00064hj,2014-11-07T00:54:31.412Z,"113 km NNE of Laikit, Laikit II (Dimembe), Indonesia",earthquake,,,,9,reviewed,us,us
1993-12-01T19:13:34.010Z,-5.28,131.16,106.1,5.1,mb,,,,1,us,usp00064hh,2014-11-07T00:54:31.390Z,"180 km WNW of Tual, Indonesia",earthquake,,,,19,reviewed,us,us
1993-12-01T08:21:54.360Z,-6.276,127.988,361.1,5.4,mw,,,,1.2,us,usp00064gp,2025-12-19T22:49:48.756Z,"271 km NNE of Lospalos, Timor Leste",earthquake,,8.1,,,reviewed,us,hrv
1993-12-01T03:54:42.210Z,-4.276,127.594,254.2,4.8,mb,,,,1.1,us,usp00064gg,2014-11-07T00:54:30.093Z,"91 km SW of Ambon, Indonesia",earthquake,,17.8,,9,reviewed,us,us
1993-12-01T01:51:06.590Z,-2.544,139.828,33,5.2,mb,,,,1.2,us,usp00064gb,2014-11-07T00:54:29.982Z,"89 km W of Abepura, Indonesia",earthquake,,,,15,reviewed,us,us
1993-11-30T20:06:48.300Z,-7.334,129.138,145.9,4.4,mb,,,,0.5,us,usp00064g2,2014-11-07T00:54:28.273Z,"270 km ENE of Lospalos, Timor Leste",earthquake,,57.2,,1,reviewed,us,us
1993-11-30T03:21:31.470Z,-3.58,101.601,45.2,5.1,mb,,,,1.1,us,usp00064ey,2014-11-07T00:54:28.176Z,"77 km WNW of Bengkulu, Indonesia",earthquake,,,,17,reviewed,us,us
1993-11-29T13:44:49.110Z,2.394,121.215,37,4.9,mb,,,,0.7,us,usp00064dv,2014-11-07T00:54:28.065Z,"290 km NW of Gorontalo, Indonesia",earthquake,,8.2,,14,reviewed,us,us
1993-11-29T07:32:05.590Z,-0.105,123.005,145.5,5.1,mb,,,,1.1,us,usp00064dm,2014-11-07T00:54:28.032Z,"71 km S of Gorontalo, Indonesia",earthquake,,7,,53,reviewed,us,us
1993-11-28T12:40:49.560Z,-3.827,128.726,142.3,5,mb,,,,1.1,us,usp00064cn,2014-11-07T00:54:27.918Z,"58 km SSW of Amahai, Indonesia",earthquake,,,,19,reviewed,us,us
1993-11-28T10:50:27.150Z,-5.599,110.267,569.4,5.5,mw,,,,1,us,usp00064ce,2022-04-28T17:56:37.229Z,"109 km NNW of Batang, Indonesia",earthquake,,,,,reviewed,us,hrv
1993-11-27T07:42:31.230Z,-6.898,130.484,117.1,5.1,mb,,,,0.8,us,usp00064ab,2014-11-07T00:54:27.686Z,"287 km WSW of Tual, Indonesia",earthquake,,13.6,,4,reviewed,us,us
1993-11-26T21:12:30.450Z,-3.355,129.765,33,5,mb,,,,1.1,us,usp000649k,2014-11-07T00:54:27.503Z,"93 km E of Amahai, Indonesia",earthquake,,,,2,reviewed,us,us
1993-11-26T17:14:56.400Z,-7.301,128.543,118.7,5,mb,,,,0.9,us,usp0006498,2014-11-07T00:54:27.483Z,"217 km NE of Lospalos, Timor Leste",earthquake,,25.6,,4,reviewed,us,us
1993-11-26T12:08:05.550Z,-8.765,123.953,35.5,5,mb,,,,1.1,us,usp000648s,2014-11-07T00:54:27.447Z,"67 km NW of Pante Makasar, Timor Leste",earthquake,,27.5,,6,reviewed,us,us
1993-11-26T10:53:36.620Z,2.199,126.959,70.3,5,mb,,,,1.1,us,usp000648n,2014-11-07T00:54:27.437Z,"127 km WNW of Tobelo, Indonesia",earthquake,,8.9,,20,reviewed,us,us
1993-11-25T21:47:06.660Z,-8.118,122.914,230.3,4.5,mb,,,,0.7,us,usp000647w,2014-11-07T00:54:27.377Z,"95 km NE of Maumere, Indonesia",earthquake,,27.1,,4,reviewed,us,us
1993-11-24T22:54:00.130Z,-7.382,125.81,32,4.7,mb,,,,1.1,us,usp000645z,2014-11-07T00:54:27.089Z,"126 km N of Manatutu, Timor Leste",earthquake,,,,10,reviewed,us,us
1993-11-24T12:29:48.390Z,5.85,126.254,59,5,mb,,,,1,us,usp0006456,2014-11-07T00:54:27.032Z,"57 km S of Pondaguitan, Philippines",earthquake,,8.3,,24,reviewed,us,us
1993-11-23T15:34:55.250Z,-4.244,129.62,120,5.2,mb,,,,0.9,us,usp000643w,2014-11-07T00:54:26.845Z,"126 km SE of Amahai, Indonesia",earthquake,,,,4,reviewed,us,us
1993-11-23T02:10:30.200Z,3.926,126.771,68.1,4.3,mb,,,,1.4,us,usp000642x,2014-11-07T00:54:26.775Z,"218 km SE of Sarangani, Philippines",earthquake,,26.7,,3,reviewed,us,us
1993-11-22T04:16:51.240Z,-7.343,128.976,33,4.4,mb,,,,0.3,us,usp000641d,2014-11-07T00:54:26.337Z,"254 km ENE of Lospalos, Timor Leste",earthquake,,,,1,reviewed,us,us
1993-11-22T03:00:55.820Z,5.877,126.229,38,5.9,mwb,,,,1.2,us,usp0006419,2022-04-28T17:56:28.061Z,"53 km S of Pondaguitan, Philippines",earthquake,,,,,reviewed,us,us
1993-11-21T12:58:48.040Z,-3.902,130.801,33,4.5,mb,,,,1,us,usp000640g,2014-11-07T00:54:26.235Z,"218 km ESE of Amahai, Indonesia",earthquake,,,,4,reviewed,us,us
1993-11-19T11:53:18.150Z,1.838,126.465,33,4.6,mb,,,,1.4,us,usp00063x1,2014-11-07T00:54:25.823Z,"154 km NW of Ternate, Indonesia",earthquake,,,,5,reviewed,us,us
1993-11-18T13:07:48.660Z,2.376,126.584,33,4.9,mb,,,,1,us,usp00063vc,2014-11-07T00:54:25.437Z,"174 km WNW of Tobelo, Indonesia",earthquake,,,,19,reviewed,us,us
1993-11-18T07:02:46.300Z,2.339,125.946,112.8,4.7,mb,,,,1.4,us,usp00063uy,2014-11-07T00:54:25.392Z,"143 km NE of Laikit, Laikit II (Dimembe), Indonesia",earthquake,,20.7,,7,reviewed,us,us
1993-11-17T15:35:12.410Z,-6.379,130.003,156.1,5,mb,,,,0.9,us,usp00063u5,2014-11-07T00:54:25.333Z,"Banda Sea",earthquake,,10.9,,8,reviewed,us,us
1993-11-17T02:42:29.670Z,1.577,124.033,239.5,5.5,mw,,,,1,us,usp00063tf,2025-12-19T22:50:52.752Z,"90 km WNW of Tomohon, Indonesia",earthquake,,,,,reviewed,us,hrv
1993-11-16T11:59:57.510Z,-8.679,111.439,33,4.8,ms,,,,1,us,usp00063sk,2014-11-07T00:54:25.065Z,"72 km SSW of Trenggalek, Indonesia",earthquake,,,,4,reviewed,us,us
1993-11-16T01:13:14.570Z,0.082,123.752,153.1,4.7,mb,,,,1,us,usp00063s2,2014-11-07T00:54:25.029Z,"91 km ESE of Gorontalo, Indonesia",earthquake,,,,11,reviewed,us,us
1993-11-15T12:34:40.740Z,-10.761,110.804,33,4.6,mb,,,,1.3,us,usp00063rd,2014-11-07T00:54:24.967Z,"south of Java, Indonesia",earthquake,,,,4,reviewed,us,us
1993-11-14T22:07:08.810Z,-6.727,130.185,33,4.5,mb,,,,1,us,usp00063q9,2014-11-07T00:54:24.895Z,"Banda Sea",earthquake,,,,2,reviewed,us,us
1993-11-14T19:49:31.600Z,-5.938,104.188,86,5.1,mb,,,,1.1,us,usp00063q4,2014-11-07T00:54:24.873Z,"131 km WSW of Bandar Lampung, Indonesia",earthquake,,10.7,,32,reviewed,us,us
1993-11-14T05:55:36.650Z,-8.151,123.428,33,4,mb,,,,1.6,us,usp00063pa,2014-11-07T00:54:24.802Z,"143 km ENE of Maumere, Indonesia",earthquake,,,,1,reviewed,us,us
1993-11-13T23:44:22.860Z,3.211,128.151,33,5.2,mb,,,,1.1,us,usp00063nz,2014-11-07T00:54:24.749Z,"164 km N of Tobelo, Indonesia",earthquake,,,,26,reviewed,us,us
1993-11-13T22:42:10.550Z,-7.608,127.65,33,5.1,mb,,,,1.4,us,usp00063ny,2014-11-07T00:54:24.741Z,"123 km NE of Lospalos, Timor Leste",earthquake,,,,24,reviewed,us,us
1993-11-12T19:19:07.490Z,4.773,127.558,107,5,mb,,,,0.8,us,usp00063m7,2014-11-07T00:54:24.451Z,"232 km SE of Pondaguitan, Philippines",earthquake,,,,30,reviewed,us,us
1993-11-12T07:16:24.930Z,-7.917,127.639,115.6,4.5,mb,,,,0.5,us,usp00063jy,2014-11-07T00:54:24.316Z,"97 km NE of Lospalos, Timor Leste",earthquake,,35.2,,1,reviewed,us,us
1993-11-12T05:17:23.900Z,-5.185,138.848,33,4.3,mb,,,,0.8,us,usp00063ju,2014-11-07T00:54:24.300Z,"289 km WNW of Kiunga, Papua New Guinea",earthquake,,,,2,reviewed,us,us
1993-11-10T17:35:30.040Z,2.903,128.665,33,4.9,mb,,,,0.7,us,usp00063fv,2014-11-07T00:54:23.860Z,"148 km NNE of Tobelo, Indonesia",earthquake,,,,6,reviewed,us,us
1993-11-09T13:40:05.610Z,-4.201,139.455,33,4.7,mb,,,,1.3,us,usp00063du,2014-11-07T00:54:23.321Z,"220 km SW of Abepura, Indonesia",earthquake,,,,1,reviewed,us,us
1993-11-08T21:14:46.540Z,-5.709,129.69,198.6,4.8,mb,,,,1,us,usp00063cw,2014-11-07T00:54:22.909Z,"275 km SSE of Amahai, Indonesia",earthquake,,7,,18,reviewed,us,us
1993-11-08T18:10:05.190Z,-0.707,99.047,33,4.8,mb,,,,0.6,us,usp00063cn,2014-11-07T00:54:22.839Z,"119 km W of Pariaman, Indonesia",earthquake,,,,6,reviewed,us,us
1993-11-08T16:43:08.100Z,2.913,125.412,194.3,4.9,mb,,,,1.2,us,usp00063ck,2014-11-07T00:54:22.833Z,"164 km NNE of Laikit, Laikit II (Dimembe), Indonesia",earthquake,,13.6,,29,reviewed,us,us
1993-11-08T15:46:46.460Z,-9.285,128.545,115.5,3.6,mb,,,,1.1,us,usp00063cd,2014-11-07T00:54:22.813Z,"189 km ESE of Lospalos, Timor Leste",earthquake,,42,,1,reviewed,us,us
1993-11-08T11:47:30.160Z,-7.53,128.278,132.4,4.3,mb,,,,1.3,us,usp00063c3,2014-11-07T00:54:22.790Z,"178 km NE of Lospalos, Timor Leste",earthquake,,26,,3,reviewed,us,us
1993-11-08T01:40:49.030Z,-9.537,119.168,33,4.2,mb,,,,1.1,us,usp00063bg,2014-11-07T00:54:22.740Z,"110 km SSW of Komodo, Indonesia",earthquake,,,,1,reviewed,us,us
1993-11-07T02:33:38.300Z,2.258,128.769,33,4.4,mb,,,,0.5,us,usp000639u,2014-11-07T00:54:22.509Z,"102 km NE of Tobelo, Indonesia",earthquake,,,,3,reviewed,us,us
1993-11-06T04:35:42.510Z,1.464,126.311,74.5,5,mb,,,,1.2,us,usp000638h,2014-11-07T00:54:22.075Z,"140 km WNW of Ternate, Indonesia",earthquake,,15.3,,22,reviewed,us,us
1993-11-05T07:02:06.110Z,-7.033,106.101,74.8,5.2,mw,,,,1.1,us,usp0006375,2025-12-19T22:35:12.865Z,"50 km W of Pelabuhanratu, Indonesia",earthquake,,8.2,,,reviewed,us,hrv
1993-11-04T20:59:21.740Z,-7.507,128.709,150,4.6,mb,,,,1,us,usp000636j,2014-11-07T00:54:21.525Z,"219 km ENE of Lospalos, Timor Leste",earthquake,,,,2,reviewed,us,us
1993-11-04T16:26:51.810Z,1.331,127.062,113.6,4.7,mb,,,,0.6,us,usp0006368,2014-11-07T00:54:21.488Z,"69 km NNW of Ternate, Indonesia",earthquake,,10.4,,3,reviewed,us,us
1993-11-04T13:40:37.200Z,0.13,126.121,54.4,4.7,mb,,,,1.2,us,usp0006364,2014-11-07T00:54:21.465Z,"158 km WSW of Ternate, Indonesia",earthquake,,,,10,reviewed,us,us
1993-11-04T07:55:38.710Z,-9.776,123.071,62.3,4.7,mb,,,,1.5,us,usp000635g,2014-11-07T00:54:21.292Z,"73 km NW of Kupang, Indonesia",earthquake,,22.9,,4,reviewed,us,us
1993-11-03T14:54:44.790Z,-5.667,134.038,33,4.4,mb,,,,1.3,us,usp000634d,2014-11-07T00:54:20.870Z,"142 km E of Tual, Indonesia",earthquake,,,,1,reviewed,us,us
1993-11-02T22:18:35.990Z,-6.727,129.862,173.2,5,mb,,,,1.1,us,usp000633c,2014-11-07T00:54:20.631Z,"Banda Sea",earthquake,,16.1,,7,reviewed,us,us
1993-11-02T15:40:16.360Z,-5.231,134.727,33,4.7,mb,,,,1.5,us,usp000632u,2014-11-07T00:54:20.533Z,"223 km ENE of Tual, Indonesia",earthquake,,,,4,reviewed,us,us
1993-11-02T12:33:57.370Z,-5.473,101.907,33,4.6,mb,,,,1,us,usp000632p,2014-11-07T00:54:20.511Z,"189 km SSW of Bengkulu, Indonesia",earthquake,,,,4,reviewed,us,us
1993-11-02T09:57:33.040Z,1.605,128.89,102.7,4.8,mb,,,,1.1,us,usp000632j,2014-11-07T00:54:20.474Z,"98 km E of Tobelo, Indonesia",earthquake,,14.1,,14,reviewed,us,us
1993-11-01T13:54:18.700Z,-2.955,126.25,33,4.8,mb,,,,0.7,us,usp0006319,2014-11-07T00:54:19.402Z,"229 km WNW of Ambon, Indonesia",earthquake,,,,5,reviewed,us,us
1993-11-01T00:01:19.650Z,2.042,98.121,83.7,5.3,mw,,,,0.9,us,usp00062zz,2025-12-19T22:50:33.510Z,"45 km SE of Singkil, Indonesia",earthquake,,8.3,,,reviewed,us,hrv
1993-10-31T17:02:54.850Z,4.647,125.783,190.1,5.1,mb,,,,1.2,us,usp00062zn,2014-11-07T00:54:16.462Z,"90 km SSE of Sarangani, Philippines",earthquake,,6.3,,25,reviewed,us,us
1993-10-31T12:41:31.770Z,3.348,122.729,562.1,4.9,mb,,,,0.8,us,usp00062zd,2014-11-07T00:54:16.450Z,"Celebes Sea",earthquake,,6.1,,13,reviewed,us,us
1993-10-30T02:25:56.530Z,-7.627,119.962,224.8,4.8,mb,,,,0.6,us,usp00062wz,2014-11-07T00:54:16.174Z,"96 km N of Labuan Bajo, Indonesia",earthquake,,37.5,,5,reviewed,us,us
1993-10-29T21:09:12.340Z,-7.046,131.148,108.7,4.1,mb,,,,1,us,usp00062wk,2014-11-07T00:54:16.138Z,"236 km SW of Tual, Indonesia",earthquake,,16.2,,2,reviewed,us,us
1993-10-28T09:50:06.310Z,-6.879,128.785,182.2,5.1,mb,,,,1.1,us,usp00062ue,2014-11-07T00:54:15.880Z,"268 km NE of Lospalos, Timor Leste",earthquake,,7.3,,26,reviewed,us,us
1993-10-28T05:37:55.040Z,-6.982,129.531,113.7,4.9,mb,,,,1.3,us,usp00062u0,2014-11-07T00:54:15.841Z,"Banda Sea",earthquake,,12.9,,8,reviewed,us,us
1993-10-26T09:19:16.590Z,-5.622,133.785,33,4.9,mb,,,,0.9,us,usp00062qp,2014-11-07T00:54:15.476Z,"114 km E of Tual, Indonesia",earthquake,,,,13,reviewed,us,us
1993-10-26T04:28:13.240Z,-7.401,128.42,125.4,4.4,mb,,,,1.1,us,usp00062q4,2014-11-07T00:54:15.439Z,"199 km NE of Lospalos, Timor Leste",earthquake,,18.8,,4,reviewed,us,us
1993-10-25T08:39:19.830Z,-7.851,130.128,33,5.3,mw,,,,1.1,us,usp00062mu,2022-04-28T17:58:39.452Z,"Pulau Pulau Tanimbar, Indonesia",earthquake,,,,,reviewed,us,hrv
1993-10-25T06:44:25.960Z,-5.455,135.735,33,3.9,mb,,,,1.2,us,usp00062mq,2014-11-07T00:54:15.138Z,"233 km S of Nabire, Indonesia",earthquake,,,,2,reviewed,us,us
1993-10-25T02:16:39.560Z,-6.999,129.25,16.6,5,mb,,,,1.3,us,usp00062mc,2014-11-07T00:54:15.109Z,"Banda Sea",earthquake,,13,,10,reviewed,us,us
1993-10-24T20:31:56.640Z,-3.502,126.428,33,5,mb,,,,1.1,us,usp00062m0,2014-11-07T00:54:15.064Z,"196 km W of Ambon, Indonesia",earthquake,,,,20,reviewed,us,us
1993-10-24T03:19:42.980Z,-4.359,129.086,189.7,5.1,mb,,,,0.9,us,usp00062j9,2014-11-07T00:54:14.801Z,"114 km S of Amahai, Indonesia",earthquake,,4,,49,reviewed,us,us
1993-10-23T07:22:31.330Z,1.873,122.435,52.8,5.3,mw,,,,1,us,usp00062gs,2025-12-19T22:51:17.058Z,"163 km NNW of Gorontalo, Indonesia",earthquake,,,,,reviewed,us,hrv
1993-10-22T15:30:30.930Z,-0.157,123.047,156.2,5,mb,,,,1.2,us,usp00062fh,2014-11-07T00:54:14.411Z,"76 km S of Gorontalo, Indonesia",earthquake,,,,26,reviewed,us,us
1993-10-21T22:59:18.710Z,-7.988,128.26,67.4,4.2,mb,,,,0.9,us,usp00062dt,2014-11-07T00:54:14.164Z,"151 km ENE of Lospalos, Timor Leste",earthquake,,26.4,,1,reviewed,us,us
1993-10-21T22:20:37.070Z,-9.436,120.347,33,4.3,mb,,,,0.6,us,usp00062dr,2014-11-07T00:54:14.157Z,"26 km NNE of Waingapu, Indonesia",earthquake,,,,3,reviewed,us,us
1993-10-21T18:07:33.690Z,0.006,126.012,33,4.8,mb,,,,1,us,usp00062db,2014-11-07T00:54:14.105Z,"175 km WSW of Ternate, Indonesia",earthquake,,,,7,reviewed,us,us
1993-10-21T15:08:33.780Z,-4.731,135.215,10,4.4,mb,,,,0.5,us,usp00062d3,2014-11-07T00:54:14.088Z,"154 km SSW of Nabire, Indonesia",earthquake,,,,2,reviewed,us,us
1993-10-21T13:35:51.000Z,-6.521,131.233,85,5.2,mb,,,,1.4,us,usp00062cw,2014-11-07T00:54:14.071Z,"194 km WSW of Tual, Indonesia",earthquake,,21.7,,1,reviewed,us,us
1993-10-21T05:14:41.670Z,-2.61,138.173,33,5,mb,,,,1.4,us,usp00062c0,2014-11-07T00:54:14.000Z,"273 km W of Abepura, Indonesia",earthquake,,,,1,reviewed,us,us
1993-10-20T18:08:21.740Z,-7.465,130.559,21.5,4.9,mb,,,,1.2,us,usp00062be,2014-11-07T00:54:13.950Z,"Pulau Pulau Tanimbar, Indonesia",earthquake,,,,13,reviewed,us,us
1993-10-20T07:21:27.020Z,-6.722,128.719,33,4.4,mb,,,,1.7,us,usp00062a9,2014-11-07T00:54:13.852Z,"275 km NE of Lospalos, Timor Leste",earthquake,,,,2,reviewed,us,us
1993-10-18T22:21:52.010Z,-3.188,134.382,33,4.7,mb,,,,1.4,us,usp0006280,2014-11-07T00:54:13.606Z,"125 km W of Nabire, Indonesia",earthquake,,,,4,reviewed,us,us
1993-10-17T09:23:00.980Z,-7.275,119.75,447.8,5.1,mb,,,,1.2,us,usp000624j,2014-11-07T00:54:13.067Z,"135 km N of Labuan Bajo, Indonesia",earthquake,,7.7,,32,reviewed,us,us
1993-10-16T07:41:02.450Z,-6.14,128.94,33,4.7,mb,,,,1.5,us,usp000622v,2014-11-07T00:54:12.898Z,"283 km SSE of Ambon, Indonesia",earthquake,,,,4,reviewed,us,us
1993-10-15T21:31:37.380Z,4.214,127.797,126,5.3,mb,,,,1,us,usp000622b,2014-11-07T00:54:12.772Z,"275 km N of Tobelo, Indonesia",earthquake,,14.4,,16,reviewed,us,us
1993-10-15T01:12:19.870Z,3.274,127.08,33,4.8,mb,,,,1.3,us,usp000620y,2014-11-07T00:54:12.667Z,"199 km NNW of Tobelo, Indonesia",earthquake,,,,8,reviewed,us,us
1993-10-14T13:30:04.230Z,-7.47,128.319,133.8,4.7,mb,,,,1,us,usp00061zv,2014-11-07T00:54:12.566Z,"186 km NE of Lospalos, Timor Leste",earthquake,,16.8,,7,reviewed,us,us
1993-10-13T07:08:36.000Z,-8.438,106.817,33,5.1,mb,,,,1.5,us,usp00061wn,2014-11-07T00:54:12.263Z,"153 km SSW of Banjar, Indonesia",earthquake,,,,1,reviewed,us,us
1993-10-12T22:22:47.420Z,1.441,127.108,33,4.9,mb,,,,0.8,us,usp00061vs,2014-11-07T00:54:12.053Z,"78 km NNW of Ternate, Indonesia",earthquake,,,,4,reviewed,us,us
1993-10-10T14:33:11.020Z,-7.288,126.274,449.1,4.8,mb,,,,0.9,us,usp00061rv,2014-11-07T00:54:11.484Z,"132 km N of Baukau, Timor Leste",earthquake,,9,,23,reviewed,us,us
1993-10-10T12:42:34.050Z,-3.935,103.702,33,4.7,mb,,,,1.4,us,usp00061rs,2014-11-07T00:54:11.472Z,"11 km W of Tanjungagung, Indonesia",earthquake,,,,11,reviewed,us,us
1993-10-09T09:19:48.420Z,3.54,129.936,194.7,4.5,mb,,,,1.3,us,usp00061q0,2014-11-07T00:54:11.263Z,"144 km WNW of Tobi Village, Palau",earthquake,,22.4,,6,reviewed,us,us
1993-10-09T09:09:48.610Z,2.68,128.603,33,4.6,mb,,,,0.6,us,usp00061px,2014-11-07T00:54:11.257Z,"124 km NNE of Tobelo, Indonesia",earthquake,,,,2,reviewed,us,us
1993-10-09T03:59:44.100Z,-6.665,127.262,435.5,4,mb,,,,0.7,us,usp00061pr,2014-11-07T00:54:11.246Z,"207 km N of Lospalos, Timor Leste",earthquake,,25.1,,1,reviewed,us,us
1993-10-08T05:16:10.170Z,5.567,126.517,91.9,5.3,mw,,,,1.1,us,usp00061nd,2025-12-19T22:51:06.146Z,"95 km SSE of Pondaguitan, Philippines",earthquake,,3.6,,,reviewed,us,hrv
1993-10-06T18:16:44.410Z,3.442,127.035,52.1,4.8,mb,,,,1.2,us,usp00061kc,2014-11-07T00:54:10.877Z,"218 km NNW of Tobelo, Indonesia",earthquake,,9.4,,15,reviewed,us,us
1993-10-06T10:55:49.650Z,-3.646,136.284,24.6,5,mb,,,,0.7,us,usp00061ju,2014-11-07T00:54:10.834Z,"92 km ESE of Nabire, Indonesia",earthquake,,,,8,reviewed,us,us
1993-10-06T09:18:44.630Z,-4.083,129.668,28.2,4.9,mw,,,,1.1,us,usp00061jn,2016-11-09T23:39:47.944Z,"116 km SE of Amahai, Indonesia",earthquake,,7.9,,,reviewed,us,hrv
1993-10-06T05:20:39.960Z,-6.085,129.154,37.2,4.7,mb,,,,1.3,us,usp00061jf,2014-11-07T00:54:10.800Z,"285 km SSE of Ambon, Indonesia",earthquake,,15.9,,6,reviewed,us,us
1993-10-06T02:16:39.770Z,-6.817,129.237,200.6,4.4,mb,,,,1.3,us,usp00061j6,2014-11-07T00:54:10.784Z,"Banda Sea",earthquake,,24.8,,1,reviewed,us,us
1993-10-05T05:09:45.760Z,-6.13,128.965,13.1,6.6,mwb,,,,1.2,us,usp00061gr,2022-04-28T17:57:19.183Z,"282 km SSE of Ambon, Indonesia",earthquake,,,,,reviewed,us,us
1993-10-05T04:05:06.920Z,-3.142,129.451,102,4.7,mb,,,,1,us,usp00061gn,2014-11-07T00:54:10.578Z,"62 km ENE of Amahai, Indonesia",earthquake,,44.4,,5,reviewed,us,us
1993-10-04T16:43:38.300Z,-7.723,131.027,52.1,4.9,mb,,,,1.2,us,usp00061fy,2014-11-07T00:54:10.165Z,"Pulau Pulau Tanimbar, Indonesia",earthquake,,9.8,,8,reviewed,us,us
1993-10-03T18:12:11.160Z,-9.763,114.471,33,4.3,mb,,,,1,us,usp00061e9,2014-11-07T00:54:09.680Z,"131 km SW of Jimbaran, Indonesia",earthquake,,,,3,reviewed,us,us
1993-10-03T08:15:54.360Z,5.207,125.374,198.3,5,mb,,,,1.1,us,usp00061df,2014-11-07T00:54:09.467Z,"23 km SSW of Sarangani, Philippines",earthquake,,6.6,,31,reviewed,us,us
1993-10-03T08:13:14.410Z,-8.658,121.652,168.4,4.8,mb,,,,1.2,us,usp00061de,2014-11-07T00:54:09.462Z,"20 km N of Ende, Indonesia",earthquake,,16.4,,2,reviewed,us,us
1993-10-02T06:52:52.220Z,1.592,126.77,100.8,5.2,mb,,,,0.9,us,usp00061c4,2014-11-07T00:54:08.746Z,"111 km NW of Ternate, Indonesia",earthquake,,9.7,,18,reviewed,us,us
1993-09-30T05:41:15.070Z,-1.681,100.573,68.7,5.3,mb,,,,1,us,usp000618z,2014-11-07T00:54:04.960Z,"84 km SSE of Padang, Indonesia",earthquake,,11,,54,reviewed,us,us
1993-09-30T01:04:05.630Z,4.259,126.743,88.3,4.7,mb,,,,1.1,us,usp000618p,2014-11-07T00:54:04.730Z,"190 km SE of Sarangani, Philippines",earthquake,,13.6,,9,reviewed,us,us
1993-09-29T11:16:03.540Z,0.494,121.528,96.6,6.4,mw,,,,1.2,us,usp000617r,2022-04-28T18:01:19.712Z,"170 km W of Gorontalo, Indonesia",earthquake,,,,,reviewed,us,hrv
1993-09-29T06:00:22.360Z,-0.168,125.212,33,4.3,mb,,,,1.4,us,usp0006170,2014-11-07T00:54:03.555Z,"166 km SSE of Tondano, Indonesia",earthquake,,,,4,reviewed,us,us
1993-09-28T17:39:26.850Z,2.543,128.454,33,4.6,mb,,,,1,us,usp0006169,2014-11-07T00:54:03.352Z,"102 km NNE of Tobelo, Indonesia",earthquake,,,,8,reviewed,us,us
1993-09-28T11:21:19.640Z,-10.839,118.318,10,3.9,mb,,,,1.7,us,usp000615v,2014-11-07T00:54:03.323Z,"250 km WSW of Waingapu, Indonesia",earthquake,,,,3,reviewed,us,us
1993-09-28T09:58:32.730Z,-7.402,129.799,131.8,4.3,mb,,,,0.3,us,usp000615p,2014-11-07T00:54:03.316Z,"Kepulauan Babar, Indonesia",earthquake,,58.1,,2,reviewed,us,us
1993-09-27T04:20:48.910Z,-8.413,121.739,33,5.2,mb,,,,0.9,us,usp000613r,2014-11-07T00:54:03.097Z,"48 km N of Ende, Indonesia",earthquake,,,,21,reviewed,us,us
1993-09-27T04:11:15.500Z,-5.917,130.58,104,4.6,mb,,,,0.9,us,usp000613q,2014-11-07T00:54:03.095Z,"242 km W of Tual, Indonesia",earthquake,,19.7,,2,reviewed,us,us
1993-09-27T00:30:20.720Z,-3.659,132.187,33,4.2,mb,,,,1.2,us,usp000613f,2014-11-07T00:54:03.076Z,"226 km NNW of Tual, Indonesia",earthquake,,,,1,reviewed,us,us
1993-09-26T17:39:24.710Z,5.664,127.16,147.7,4.9,mb,,,,1,us,usp0006133,2014-11-07T00:54:03.048Z,"133 km SE of Pondaguitan, Philippines",earthquake,,7.5,,24,reviewed,us,us
1993-09-26T15:59:03.240Z,2.028,126.473,14.3,5.2,mb,,,,1,us,usp000612z,2014-11-07T00:54:03.032Z,"170 km NW of Ternate, Indonesia",earthquake,,,,40,reviewed,us,us
1993-09-25T15:41:45.240Z,-3.389,130.485,33,4.8,mb,,,,1.3,us,usp000611e,2014-11-07T00:54:02.714Z,"174 km E of Amahai, Indonesia",earthquake,,,,1,reviewed,us,us
1993-09-25T02:33:25.050Z,0.799,100.63,33,4.5,mb,,,,1.1,us,usp0006106,2014-11-07T00:54:02.612Z,"78 km WSW of Balaipungut, Indonesia",earthquake,,,,4,reviewed,us,us
1993-09-24T16:35:50.090Z,-3.965,129.943,33,4.8,mb,,,,1.1,us,usp00060z7,2014-11-07T00:54:02.513Z,"133 km ESE of Amahai, Indonesia",earthquake,,,,14,reviewed,us,us
1993-09-24T16:17:26.000Z,-9.562,122.457,33,4.7,mb,,,,1.4,us,usp00060z6,2014-11-07T00:54:02.509Z,"107 km SSE of Maumere, Indonesia",earthquake,,,,10,reviewed,us,us
1993-09-24T08:55:18.860Z,-7.6,119.379,281.6,5,mb,,,,1.2,us,usp00060yp,2014-11-07T00:54:02.478Z,"110 km N of Komodo, Indonesia",earthquake,,9.4,,9,reviewed,us,us
1993-09-23T22:05:17.670Z,1.01,126.469,68.5,4.6,mb,,,,1,us,usp00060y3,2014-11-07T00:54:02.345Z,"104 km WNW of Ternate, Indonesia",earthquake,,15.8,,9,reviewed,us,us
1993-09-23T21:59:55.460Z,-4.278,102.824,79.5,4.9,mb,,,,0.7,us,usp00060y1,2014-11-07T00:54:02.341Z,"54 km WSW of Pagar Alam, Indonesia",earthquake,,19.4,,6,reviewed,us,us
1993-09-23T02:52:05.170Z,1.313,120.446,33,5.2,mb,,,,1.5,us,usp00060wh,2014-11-07T00:54:02.191Z,"253 km NNE of Palu, Indonesia",earthquake,,,,1,reviewed,us,us
1993-09-22T23:22:41.570Z,5.161,126.905,33,4.8,mb,,,,1.4,us,usp00060w8,2014-11-07T00:54:02.173Z,"155 km SSE of Pondaguitan, Philippines",earthquake,,,,3,reviewed,us,us
1993-09-22T16:15:36.430Z,4.06,122.892,556.5,4.9,mb,,,,1,us,usp00060vk,2014-11-07T00:54:02.123Z,"244 km SSE of Tabiauan, Philippines",earthquake,,5,,28,reviewed,us,us
1993-09-20T23:04:12.610Z,-5.225,102.829,39.3,5.6,mw,,,,1.1,us,usp00060q5,2022-04-28T18:00:57.212Z,"140 km SSW of Pagar Alam, Indonesia",earthquake,,,,,reviewed,us,hrv
1993-09-20T10:50:37.270Z,-4.782,134.211,33,4.7,mb,,,,1.4,us,usp00060pb,2014-11-07T00:53:59.655Z,"186 km ENE of Tual, Indonesia",earthquake,,,,5,reviewed,us,us
1993-09-20T10:18:31.350Z,-4.628,134.446,17.8,5.2,ms,,,,1,us,usp00060pa,2014-11-07T00:53:59.648Z,"182 km SW of Nabire, Indonesia",earthquake,,,,3,reviewed,us,us
1993-09-18T00:27:47.940Z,1.632,126.77,39.8,5.6,mw,,,,1.2,us,usp00060je,2022-04-28T18:00:52.178Z,"115 km NW of Ternate, Indonesia",earthquake,,,,,reviewed,us,hrv
1993-09-17T21:20:20.820Z,-8.192,117.881,24,5.2,mb,,,,1.2,us,usp00060j8,2014-11-07T00:53:58.828Z,"50 km ENE of Pototano, Indonesia",earthquake,,,,25,reviewed,us,us
1993-09-17T19:16:36.840Z,-5.536,131.107,33,5.3,mb,,,,1,us,usp00060j3,2014-11-07T00:53:58.816Z,"182 km W of Tual, Indonesia",earthquake,,,,25,reviewed,us,us
1993-09-17T11:01:16.540Z,-6.818,125.246,525.4,4.8,mb,,,,0.7,us,usp00060h9,2014-11-07T00:53:58.748Z,"195 km N of Dili, Timor Leste",earthquake,,14.9,,17,reviewed,us,us
1993-09-16T12:34:41.440Z,4.388,125.374,168.9,4.8,mb,,,,1.3,us,usp00060fg,2014-11-07T00:53:58.595Z,"112 km S of Sarangani, Philippines",earthquake,,13.8,,10,reviewed,us,us
1993-09-15T21:27:12.640Z,-6.331,130.722,158.7,4.5,mb,,,,1.1,us,usp00060e8,2014-11-07T00:53:58.438Z,"237 km WSW of Tual, Indonesia",earthquake,,18.3,,2,reviewed,us,us
1993-09-15T06:52:55.040Z,-6.039,127.63,401.5,4.4,mb,,,,0.9,us,usp00060cs,2014-11-07T00:53:58.328Z,"266 km SSW of Ambon, Indonesia",earthquake,,12.2,,5,reviewed,us,us
1993-09-14T01:34:15.740Z,0.582,126.765,42.1,5.2,ms,,,,1.3,us,usp00060a3,2014-11-07T00:53:58.050Z,"72 km WSW of Ternate, Indonesia",earthquake,,10.8,,1,reviewed,us,us
1993-09-13T04:41:14.650Z,1.461,97.536,36,5.2,mb,,,,1.1,us,usp000608a,2014-11-07T00:53:57.454Z,"95 km SSW of Singkil, Indonesia",earthquake,,,,53,reviewed,us,us
1993-09-12T19:22:10.410Z,0.724,122.516,33,4.5,mb,,,,0.9,us,usp000607j,2014-11-07T00:53:57.363Z,"64 km WNW of Gorontalo, Indonesia",earthquake,,,,7,reviewed,us,us
1993-09-12T09:33:33.730Z,-7.227,128.526,121.4,4.8,mb,,,,1,us,usp000606v,2014-11-07T00:53:57.301Z,"221 km NE of Lospalos, Timor Leste",earthquake,,15.6,,11,reviewed,us,us
1993-09-12T06:35:01.540Z,-1.293,100.418,48.3,4.8,mb,,,,1.2,us,usp000606k,2014-11-07T00:53:57.256Z,"38 km S of Padang, Indonesia",earthquake,,,,8,reviewed,us,us
1993-09-11T18:14:02.090Z,-3.805,131.345,23.7,5,mb,,,,1.1,us,usp000605v,2014-11-07T00:53:57.105Z,"255 km NW of Tual, Indonesia",earthquake,,,,29,reviewed,us,us
1993-09-11T12:44:51.900Z,2.245,126.754,72.7,5,mb,,,,1.1,us,usp000605e,2014-11-07T00:53:57.046Z,"150 km WNW of Tobelo, Indonesia",earthquake,,8.2,,19,reviewed,us,us
1993-09-11T05:58:34.670Z,-5.502,131.123,92.6,4.6,mb,,,,0.9,us,usp000604f,2014-11-07T00:53:56.945Z,"181 km W of Tual, Indonesia",earthquake,,10.2,,3,reviewed,us,us
1993-09-11T02:02:18.990Z,-8.823,106.21,33,5,mb,,,,1,us,usp000603x,2014-11-07T00:53:56.827Z,"206 km S of Pelabuhanratu, Indonesia",earthquake,,,,5,reviewed,us,us
1993-09-11T01:43:32.100Z,-7.459,127.789,149.5,4.9,mb,,,,1.1,us,usp000603v,2014-11-07T00:53:56.823Z,"146 km NE of Lospalos, Timor Leste",earthquake,,19.7,,4,reviewed,us,us
1993-09-10T16:37:42.250Z,-8.505,122.288,33,3.9,mb,,,,1.5,us,usp000602t,2014-11-07T00:53:56.628Z,"15 km NNE of Maumere, Indonesia",earthquake,,,,2,reviewed,us,us
1993-09-10T07:36:06.300Z,2.227,126.805,86.7,4.9,mb,,,,0.7,us,usp000601t,2014-11-07T00:53:56.505Z,"144 km WNW of Tobelo, Indonesia",earthquake,,12.3,,4,reviewed,us,us
1993-09-09T20:53:48.880Z,-6.236,131.955,53.9,4.2,mb,,,,1.4,us,usp0006013,2014-11-07T00:53:56.442Z,"110 km SW of Tual, Indonesia",earthquake,,19.3,,2,reviewed,us,us
1993-09-09T08:49:00.500Z,-4.356,135.705,10,4.5,mb,,,,1.2,us,usp0005zzy,2014-11-07T00:53:56.307Z,"112 km SSE of Nabire, Indonesia",earthquake,,,,2,reviewed,us,us
1993-09-08T22:08:02.550Z,2.559,128.784,23.9,4.9,mb,,,,1.1,us,usp0005zz1,2014-11-07T00:53:56.211Z,"125 km NE of Tobelo, Indonesia",earthquake,,,,18,reviewed,us,us
1993-09-07T22:58:26.340Z,-10.96,112.426,33,4.2,ms,,,,0.8,us,usp0005zxf,2014-11-07T00:53:56.057Z,"south of Java, Indonesia",earthquake,,,,1,reviewed,us,us
1993-09-07T14:26:36.450Z,1.362,122.636,33,4.1,mb,,,,0.9,us,usp0005zww,2014-11-07T00:53:55.996Z,"102 km NNW of Gorontalo, Indonesia",earthquake,,,,2,reviewed,us,us
1993-09-07T04:44:42.230Z,-7.363,128.779,117.2,5.1,mb,,,,1,us,usp0005zvk,2014-11-07T00:53:55.890Z,"Kepulauan Barat Daya, Indonesia",earthquake,,11.8,,16,reviewed,us,us
1993-09-07T02:28:31.440Z,-7.431,127.746,118.6,4.4,mb,,,,1.4,us,usp0005zve,2014-11-07T00:53:55.839Z,"146 km NE of Lospalos, Timor Leste",earthquake,,26.1,,3,reviewed,us,us
1993-09-05T20:16:34.960Z,2.536,124.68,305.7,4.6,mb,,,,1.4,us,usp0005zt5,2014-11-07T00:53:55.518Z,"118 km N of Manado, Indonesia",earthquake,,22.3,,10,reviewed,us,us
1993-09-05T17:21:01.980Z,-10.174,122.718,33,4.8,mb,,,,1.1,us,usp0005zsx,2014-11-07T00:53:55.488Z,"97 km W of Kupang, Indonesia",earthquake,,,,1,reviewed,us,us
1993-09-04T23:08:33.560Z,-7.439,126.656,273.9,5.1,mb,,,,0.9,us,usp0005zry,2014-11-07T00:53:55.284Z,"116 km N of Baukau, Timor Leste",earthquake,,12.1,,5,reviewed,us,us
1993-09-04T21:39:33.840Z,-9.571,122.528,32.5,6.2,mw,,,,1.3,us,usp0005zrt,2022-04-28T17:59:38.512Z,"110 km SSE of Maumere, Indonesia",earthquake,,3.1,,,reviewed,us,hrv
1993-09-04T11:02:36.930Z,-7.166,116.877,33,4.4,mb,,,,1.3,us,usp0005zr5,2014-11-07T00:53:54.895Z,"149 km N of Labuan Lombok, Indonesia",earthquake,,,,3,reviewed,us,us
1993-09-03T23:09:42.970Z,-7.97,127.285,58.9,5.1,mb,,,,1,us,usp0005zq8,2014-11-07T00:53:54.617Z,"68 km NNE of Lospalos, Timor Leste",earthquake,,12.5,,15,reviewed,us,us
1993-09-03T08:44:26.940Z,-6.99,129.602,109.8,4.9,mb,,,,0.8,us,usp0005zp4,2014-11-07T00:53:54.222Z,"Banda Sea",earthquake,,20.4,,4,reviewed,us,us
1993-09-02T14:07:09.070Z,2.382,128.562,233.4,5.1,mb,,,,0.8,us,usp0005zn4,2014-11-07T00:53:53.856Z,"94 km NE of Tobelo, Indonesia",earthquake,,4.3,,45,reviewed,us,us
1993-09-01T14:36:27.640Z,2.888,96.203,46.6,5.3,mb,,,,0.8,us,usp0005zkb,2014-11-07T00:53:53.490Z,"49 km NNW of Sinabang, Indonesia",earthquake,,7.9,,82,reviewed,us,us
1993-09-01T14:03:19.160Z,2.986,96.122,34,6.3,mw,,,,1.2,us,usp0005zk8,2022-04-28T17:59:09.754Z,"62 km NNW of Sinabang, Indonesia",earthquake,,,,,reviewed,us,hrv
1993-09-01T11:48:38.440Z,-4.331,102.567,71,5.7,mwb,,,,0.9,us,usp0005zjz,2022-04-28T17:59:08.618Z,"67 km SSE of Bengkulu, Indonesia",earthquake,,,,,reviewed,us,us
1993-08-31T17:04:02.090Z,-3.741,137.934,33,4.9,mb,,,,1.4,us,usp0005zhr,2014-11-07T00:53:50.185Z,"273 km E of Nabire, Indonesia",earthquake,,,,5,reviewed,us,us
1993-08-31T03:50:28.650Z,-7.017,129.365,122.5,5.2,mw,,,,1,us,usp0005zgq,2025-12-19T22:52:29.458Z,"Kepulauan Babar, Indonesia",earthquake,,4.1,,,reviewed,us,hrv
1993-08-30T16:08:44.700Z,-0.606,135.594,24.7,4.7,mb,,,,1.2,us,usp0005zg4,2014-11-07T00:53:49.985Z,"76 km NW of Insrom, Indonesia",earthquake,,,,6,reviewed,us,us
1993-08-30T08:05:15.190Z,2.42,126.687,63.4,5,mb,,,,1,us,usp0005zfp,2014-11-07T00:53:49.930Z,"165 km WNW of Tobelo, Indonesia",earthquake,,12.9,,18,reviewed,us,us
1993-08-29T09:57:54.960Z,-7.005,129.56,146.7,5.9,mwb,,,,1,us,usp0005zef,2022-04-28T18:05:39.813Z,"Kepulauan Babar, Indonesia",earthquake,,,,,reviewed,us,us
1993-08-28T18:00:38.300Z,-4.727,106.879,33,4.6,mb,,,,1.2,us,usp0005zd7,2014-11-07T00:53:49.496Z,"154 km N of Teluknaga, Indonesia",earthquake,,,,5,reviewed,us,us
1993-08-28T16:50:53.560Z,5.443,126.464,33,4.3,mb,,,,0.8,us,usp0005zd5,2014-11-07T00:53:49.487Z,"105 km ESE of Caburan, Philippines",earthquake,,,,5,reviewed,us,us
1993-08-27T12:54:19.940Z,-3.4,138.348,69.1,4.3,mb,,,,1.1,us,usp0005zb2,2014-11-07T00:53:49.351Z,"269 km WSW of Abepura, Indonesia",earthquake,,19.2,,4,reviewed,us,us
1993-08-27T00:51:23.120Z,2.435,126.742,81.7,4.8,mb,,,,0.8,us,usp0005z9u,2014-11-07T00:53:49.098Z,"161 km WNW of Tobelo, Indonesia",earthquake,,11.2,,7,reviewed,us,us
1993-08-26T16:14:29.920Z,4.412,127.155,76.1,4.8,mb,,,,1.3,us,usp0005z94,2014-11-07T00:53:48.939Z,"217 km ESE of Sarangani, Philippines",earthquake,,16.4,,3,reviewed,us,us
1993-08-26T01:43:10.470Z,-8.672,110.358,66.4,5.3,mb,,,,1.1,us,usp0005z77,2014-11-07T00:53:48.526Z,"79 km S of Pundong, Indonesia",earthquake,,,,55,reviewed,us,us
1993-08-26T00:49:33.160Z,-7.481,105.736,33,4.7,mb,,,,1.4,us,usp0005z74,2014-11-07T00:53:48.510Z,"105 km WSW of Pelabuhanratu, Indonesia",earthquake,,,,7,reviewed,us,us
1993-08-25T18:29:35.460Z,-5.398,133.721,33,4.3,mb,,,,1.4,us,usp0005z6r,2014-11-07T00:53:48.479Z,"110 km ENE of Tual, Indonesia",earthquake,,,,1,reviewed,us,us
1993-08-25T16:35:35.910Z,-3.718,128.091,121.8,4.9,mb,,,,0.9,us,usp0005z6k,2014-11-07T00:53:48.471Z,"10 km WSW of Ambon, Indonesia",earthquake,,7.1,,14,reviewed,us,us
1993-08-24T21:23:16.000Z,-8.438,121.639,33,5.4,mw,,,,1.1,us,usp0005z55,2022-04-28T18:05:12.284Z,"44 km N of Ende, Indonesia",earthquake,,,,,reviewed,us,hrv
1993-08-23T10:43:09.670Z,-3.904,130.9,33,4.3,mb,,,,0.2,us,usp0005z1y,2014-11-07T00:53:47.839Z,"228 km ESE of Amahai, Indonesia",earthquake,,,,1,reviewed,us,us
1993-08-22T19:46:54.380Z,-0.577,123.283,109.1,4.9,mb,,,,0.8,us,usp0005z0s,2014-11-07T00:53:47.726Z,"68 km NE of Luwuk, Indonesia",earthquake,,12.4,,17,reviewed,us,us
1993-08-22T14:51:32.300Z,-0.347,122.611,101.4,4.3,mb,,,,1.1,us,usp0005z06,2014-11-07T00:53:47.674Z,"69 km NNW of Luwuk, Indonesia",earthquake,,22.6,,3,reviewed,us,us
1993-08-20T15:11:56.660Z,-2.303,128.184,33,4.6,mb,,,,1.3,us,usp0005yx2,2014-11-07T00:53:47.127Z,"140 km NW of Amahai, Indonesia",earthquake,,,,2,reviewed,us,us
1993-08-20T07:07:37.180Z,-0.443,123.156,49.2,4.6,mb,,,,1.2,us,usp0005ywb,2014-11-07T00:53:46.363Z,"69 km NE of Luwuk, Indonesia",earthquake,,18.5,,3,reviewed,us,us
1993-08-19T04:31:03.950Z,1.928,127.603,79.7,5.4,mb,,,,1.3,us,usp0005ytn,2022-04-28T18:04:20.787Z,"50 km WNW of Tobelo, Indonesia",earthquake,,,,46,reviewed,us,us
1993-08-18T14:33:34.310Z,1.354,122.545,449.9,4.7,mb,,,,0.9,us,usp0005ysr,2014-11-07T00:53:45.881Z,"107 km NNW of Gorontalo, Indonesia",earthquake,,10.8,,13,reviewed,us,us
1993-08-17T10:56:32.070Z,-8.606,118.409,126.3,4.9,mb,,,,1,us,usp0005yqt,2014-11-07T00:53:45.617Z,"9 km SW of Dompu, Indonesia",earthquake,,10.3,,7,reviewed,us,us
1993-08-17T03:25:27.860Z,3.953,125.93,147.6,4.9,mb,,,,1.3,us,usp0005yq1,2014-11-07T00:53:45.533Z,"168 km SSE of Sarangani, Philippines",earthquake,,,,22,reviewed,us,us
1993-08-16T14:57:04.730Z,5.247,126.679,33,4.2,mb,,,,1.4,us,usp0005yp4,2014-11-07T00:53:45.470Z,"135 km SSE of Pondaguitan, Philippines",earthquake,,,,1,reviewed,us,us
1993-08-16T10:03:55.150Z,-4.333,135.421,33,4.4,mb,,,,1.5,us,usp0005ynp,2014-11-07T00:53:44.702Z,"107 km S of Nabire, Indonesia",earthquake,,,,2,reviewed,us,us
1993-08-15T12:06:15.610Z,-0.208,124.295,89.8,4.6,mb,,,,1.3,us,usp0005yk9,2014-11-07T00:53:44.340Z,"160 km ESE of Gorontalo, Indonesia",earthquake,,13.3,,4,reviewed,us,us
1993-08-15T02:02:04.260Z,-6.625,132.417,33,4,mb,,,,1.4,us,usp0005yjk,2014-11-07T00:53:44.253Z,"116 km SSW of Tual, Indonesia",earthquake,,,,1,reviewed,us,us
1993-08-15T01:09:00.240Z,-9.299,123.812,84.1,4.5,mb,,,,0.8,us,usp0005yjj,2014-11-07T00:53:44.252Z,"33 km N of Naisano Dua, Indonesia",earthquake,,36.3,,1,reviewed,us,us
1993-08-13T19:59:54.750Z,3.493,122.614,552.7,4.9,mb,,,,0.8,us,usp0005ygj,2014-11-07T00:53:43.738Z,"291 km SSE of Tabiauan, Philippines",earthquake,,5.7,,17,reviewed,us,us
1993-08-11T23:16:48.650Z,4.333,95.133,33,4.4,mb,,,,0.8,us,usp0005ycz,2014-11-07T00:53:42.700Z,"112 km W of Meulaboh, Indonesia",earthquake,,,,4,reviewed,us,us
1993-08-11T11:14:36.320Z,2.919,126.445,33,5.1,mb,,,,1,us,usp0005ybv,2014-11-07T00:53:42.497Z,"218 km NW of Tobelo, Indonesia",earthquake,,,,38,reviewed,us,us
1993-08-10T11:43:45.260Z,-2.321,133.572,33,4.6,ms,,,,1.4,us,usp0005y8x,2014-11-07T00:53:42.164Z,"170 km SSW of Manokwari, Indonesia",earthquake,,,,1,reviewed,us,us
1993-08-08T07:43:07.940Z,-6.126,130.541,90.5,5,mb,,,,1,us,usp0005y3h,2014-11-07T00:53:40.922Z,"250 km WSW of Tual, Indonesia",earthquake,,23.6,,5,reviewed,us,us
1993-08-08T03:42:36.920Z,-8.882,118.295,33,4.1,mb,,,,1.2,us,usp0005y39,2014-11-07T00:53:40.897Z,"42 km SSW of Dompu, Indonesia",earthquake,,,,3,reviewed,us,us
1993-08-08T00:31:06.690Z,0.841,120.368,34.1,5.5,mw,,,,1.1,us,usp0005y34,2022-04-28T18:02:39.438Z,"201 km NNE of Palu, Indonesia",earthquake,,,,,reviewed,us,hrv
1993-08-07T14:11:31.230Z,-6.069,125.064,592.5,5.1,mb,,,,0.8,us,usp0005y2k,2014-11-07T00:53:40.361Z,"280 km N of Likisá, Timor Leste",earthquake,,17.5,,12,reviewed,us,us
1993-08-07T09:40:34.310Z,-6.585,133.906,33,4.2,mb,,,,0.8,us,usp0005y28,2014-11-07T00:53:40.307Z,"165 km SE of Tual, Indonesia",earthquake,,,,1,reviewed,us,us
1993-08-07T09:18:26.130Z,-2.419,139.579,34.3,5,mb,,,,1,us,usp0005y26,2014-11-07T00:53:40.298Z,"118 km W of Abepura, Indonesia",earthquake,,,,14,reviewed,us,us
1993-08-07T06:02:44.490Z,-2.194,139.077,33,5.3,mb,,,,0.9,us,usp0005y1z,2014-11-07T00:53:40.272Z,"178 km WNW of Abepura, Indonesia",earthquake,,,,6,reviewed,us,us
1993-08-05T23:05:14.490Z,3.482,127.272,52.1,4.8,mb,,,,1.2,us,usp0005y06,2014-11-07T00:53:39.928Z,"210 km NNW of Tobelo, Indonesia",earthquake,,15.1,,15,reviewed,us,us
1993-08-05T22:30:33.580Z,4.188,127.08,33,4.8,mb,,,,1.1,us,usp0005y03,2014-11-07T00:53:39.921Z,"224 km SE of Sarangani, Philippines",earthquake,,,,4,reviewed,us,us
1993-08-05T11:31:14.210Z,-2.1,99.072,59,3.7,mb,,,,0.8,us,usp0005xzd,2014-11-07T00:53:39.783Z,"191 km SW of Padang, Indonesia",earthquake,,13.2,,1,reviewed,us,us
1993-08-04T13:02:20.770Z,-7.445,125.814,26.1,5.3,mb,,,,1,us,usp0005xxz,2014-11-07T00:53:39.517Z,"119 km N of Manatutu, Timor Leste",earthquake,,,,44,reviewed,us,us
1993-08-04T11:31:18.030Z,-1.629,99.615,31.6,6.5,mwb,,,,1,us,usp0005xxx,2022-04-28T18:02:22.882Z,"111 km SW of Padang, Indonesia",earthquake,,,,,reviewed,us,us
1993-08-04T00:21:50.770Z,-9.628,121.749,104.7,4.9,mb,,,,0.8,us,usp0005xx8,2014-11-07T00:53:39.279Z,"87 km S of Ende, Indonesia",earthquake,,18.2,,4,reviewed,us,us
1993-08-02T10:51:39.820Z,-6.918,129.954,162.9,3.9,mb,,,,0.5,us,usp0005xua,2014-11-07T00:53:38.038Z,"Banda Sea",earthquake,,28.5,,1,reviewed,us,us
1993-07-31T06:14:27.450Z,-7.173,129.115,170.3,4.7,mb,,,,1.3,us,usp0005xqj,2014-11-07T00:53:34.841Z,"277 km ENE of Lospalos, Timor Leste",earthquake,,15.7,,3,reviewed,us,us
1993-07-30T22:40:03.730Z,5.619,126.397,123.5,4.6,mb,,,,0.6,us,usp0005xq2,2014-11-07T00:53:34.792Z,"85 km SSE of Pondaguitan, Philippines",earthquake,,10.3,,5,reviewed,us,us
1993-07-30T17:26:38.620Z,-8.975,121.444,112.3,4.8,mb,,,,0.8,us,usp0005xpp,2014-11-07T00:53:34.771Z,"28 km WSW of Ende, Indonesia",earthquake,,13.1,,7,reviewed,us,us
1993-07-29T10:16:10.020Z,-4.279,139.002,33,4.7,mb,,,,1,us,usp0005xkt,2014-11-07T00:53:34.521Z,"259 km SW of Abepura, Indonesia",earthquake,,,,2,reviewed,us,us
1993-07-29T04:42:30.540Z,-7.378,129.991,193.1,4.5,mb,,,,1.5,us,usp0005xka,2014-11-07T00:53:34.483Z,"Kepulauan Babar, Indonesia",earthquake,,53.5,,2,reviewed,us,us
1993-07-28T22:14:54.330Z,3.793,128.193,157.3,4.9,mb,,,,1.1,us,usp0005xjt,2014-11-07T00:53:34.447Z,"229 km N of Tobelo, Indonesia",earthquake,,12.1,,5,reviewed,us,us
1993-07-28T20:57:21.240Z,-5.323,125.98,524.2,4.4,mb,,,,0.9,us,usp0005xjr,2014-11-07T00:53:34.444Z,"Banda Sea",earthquake,,11.8,,5,reviewed,us,us
1993-07-28T13:01:26.280Z,-2.201,127.761,87.7,4.6,mb,,,,0.6,us,usp0005xj9,2014-11-07T00:53:34.333Z,"171 km NNW of Ambon, Indonesia",earthquake,,12.3,,2,reviewed,us,us
1993-07-27T15:34:37.560Z,-3.542,140.105,33,4.5,mb,,,,1.4,us,usp0005xgh,2014-11-07T00:53:34.174Z,"119 km SSW of Abepura, Indonesia",earthquake,,,,3,reviewed,us,us
1993-07-27T10:57:28.680Z,-3.544,140.19,33,5.2,mw,,,,1,us,usp0005xfy,2025-12-19T22:52:44.532Z,"115 km SSW of Abepura, Indonesia",earthquake,,,,,reviewed,us,hrv
1993-07-27T10:47:01.460Z,-0.686,124.282,33,4,mb,,,,0.6,us,usp0005xfx,2014-11-07T00:53:34.095Z,"168 km E of Luwuk, Indonesia",earthquake,,,,2,reviewed,us,us
1993-07-27T08:19:07.400Z,-3.002,131.255,33,5.1,mb,,,,1.1,us,usp0005xfm,2014-11-07T00:53:34.070Z,"234 km S of Sorong, Indonesia",earthquake,,,,4,reviewed,us,us
1993-07-26T19:16:24.890Z,-4.111,128.187,33,4.6,mb,,,,1,us,usp0005xew,2014-11-07T00:53:34.033Z,"45 km S of Ambon, Indonesia",earthquake,,,,9,reviewed,us,us
1993-07-26T17:22:54.240Z,0.66,127.902,33,4.6,mb,,,,1,us,usp0005xes,2014-11-07T00:53:34.025Z,"39 km ESE of Sofifi, Indonesia",earthquake,,,,10,reviewed,us,us
1993-07-26T10:04:20.990Z,2.991,125.715,112.2,5,mb,,,,1.2,us,usp0005xdz,2014-11-07T00:53:33.974Z,"185 km NNE of Laikit, Laikit II (Dimembe), Indonesia",earthquake,,8.8,,30,reviewed,us,us
1993-07-25T23:57:42.180Z,-0.678,124.18,74.8,4.6,mb,,,,1.3,us,usp0005xd4,2014-11-07T00:53:33.924Z,"157 km E of Luwuk, Indonesia",earthquake,,15.7,,7,reviewed,us,us
1993-07-25T23:41:38.530Z,-0.706,124.431,33,4.3,mb,,,,1.3,us,usp0005xd3,2014-11-07T00:53:33.923Z,"184 km E of Luwuk, Indonesia",earthquake,,,,4,reviewed,us,us
1993-07-25T23:10:56.990Z,-0.682,124.324,76.1,5,mb,,,,1.2,us,usp0005xd1,2014-11-07T00:53:33.917Z,"Molucca Sea",earthquake,,12,,16,reviewed,us,us
1993-07-25T22:01:16.630Z,4.386,126.454,55.6,4.5,mb,,,,1.2,us,usp0005xcy,2014-11-07T00:53:33.912Z,"157 km SE of Sarangani, Philippines",earthquake,,16.5,,5,reviewed,us,us
1993-07-24T02:01:56.780Z,5.07,127.714,116.2,5.8,mw,,,,1,us,usp0005x9f,2022-04-28T18:07:59.567Z,"222 km SE of Pondaguitan, Philippines",earthquake,,,,,reviewed,us,hrv
1993-07-22T13:15:48.230Z,-0.158,122.959,140.9,5.1,mb,,,,1.1,us,usp0005x62,2014-11-07T00:53:32.704Z,"77 km S of Gorontalo, Indonesia",earthquake,,7.1,,47,reviewed,us,us
1993-07-21T18:28:11.440Z,-7.359,129.103,53.5,4.9,mb,,,,1.1,us,usp0005x43,2014-11-07T00:53:32.406Z,"265 km ENE of Lospalos, Timor Leste",earthquake,,17.6,,15,reviewed,us,us
1993-07-21T15:09:53.850Z,0.096,98.463,33,4.3,mb,,,,0.8,us,usp0005x3w,2014-11-07T00:53:32.393Z,"168 km SSW of Padangsidempuan, Indonesia",earthquake,,,,4,reviewed,us,us
1993-07-21T11:05:14.820Z,-7.207,128.685,107.5,4.8,mb,,,,1.4,us,usp0005x3g,2014-11-07T00:53:32.363Z,"236 km NE of Lospalos, Timor Leste",earthquake,,42.2,,3,reviewed,us,us
1993-07-21T10:28:17.450Z,2.4,127.572,66.5,5.3,mb,,,,1.1,us,usp0005x3e,2014-11-07T00:53:32.347Z,"88 km NNW of Tobelo, Indonesia",earthquake,,7.4,,54,reviewed,us,us
1993-07-21T08:37:45.020Z,-10.576,123.157,33,4.3,mb,,,,1.6,us,usp0005x35,2014-11-07T00:53:32.336Z,"66 km SW of Kupang, Indonesia",earthquake,,,,1,reviewed,us,us
1993-07-19T14:02:22.640Z,5.934,125.934,260.9,4,mb,,,,1.5,us,usp0005wyz,2014-11-07T00:53:31.907Z,"28 km ESE of Mangili, Philippines",earthquake,,17.2,,2,reviewed,us,us
1993-07-18T07:57:44.650Z,-7.966,127.591,98.1,4.8,mb,,,,1.5,us,usp0005wwa,2014-11-07T00:53:31.728Z,"89 km NE of Lospalos, Timor Leste",earthquake,,21.6,,2,reviewed,us,us
1993-07-18T04:16:24.350Z,1.561,127.082,139.6,4.7,mb,,,,0.3,us,usp0005wvr,2014-11-07T00:53:31.690Z,"91 km NNW of Ternate, Indonesia",earthquake,,14.2,,8,reviewed,us,us
1993-07-17T23:56:36.570Z,-6.091,113.09,567.4,5.3,mw,,,,1,us,usp0005wv6,2025-12-19T22:52:39.947Z,"112 km NNE of Bangkalan, Indonesia",earthquake,,,,,reviewed,us,hrv
1993-07-17T17:17:30.030Z,2.036,126.678,63,5.5,mw,,,,1.2,us,usp0005wu4,2022-04-28T18:07:35.303Z,"151 km WNW of Tobelo, Indonesia",earthquake,,5.3,,,reviewed,us,hrv
1993-07-17T00:11:24.640Z,-6.518,106.233,120.8,4.9,mb,,,,1.2,us,usp0005wjk,2014-11-07T00:53:30.870Z,"17 km S of Rangkasbitung, Indonesia",earthquake,,16.3,,10,reviewed,us,us
1993-07-15T03:50:12.680Z,-6.287,130.237,106.8,4.4,mb,,,,1,us,usp0005wd9,2014-11-07T00:53:30.270Z,"287 km WSW of Tual, Indonesia",earthquake,,29.7,,4,reviewed,us,us
1993-07-15T02:10:02.770Z,-5.59,133.638,33,4.4,mb,,,,1.5,us,usp0005wcq,2014-11-07T00:53:30.106Z,"98 km E of Tual, Indonesia",earthquake,,,,1,reviewed,us,us
1993-07-14T20:47:11.290Z,4.432,126.842,63.1,4.5,mb,,,,1,us,usp0005wac,2014-11-07T00:53:29.773Z,"186 km SE of Sarangani, Philippines",earthquake,,12.6,,8,reviewed,us,us
1993-07-14T19:59:32.170Z,-4.705,134.494,33,4.7,mb,,,,1.5,us,usp0005wa9,2014-11-07T00:53:29.767Z,"186 km SW of Nabire, Indonesia",earthquake,,,,3,reviewed,us,us
1993-07-14T10:09:09.200Z,-7.278,128.403,149.2,4.5,mb,,,,1.3,us,usp0005w8j,2014-11-07T00:53:29.549Z,"207 km NE of Lospalos, Timor Leste",earthquake,,30.1,,4,reviewed,us,us
1993-07-12T16:37:36.700Z,-8.272,111.406,158.1,4.8,mb,,,,1.5,us,usp0005w23,2014-11-07T00:53:28.868Z,"39 km WSW of Trenggalek, Indonesia",earthquake,,17.4,,8,reviewed,us,us
1993-07-12T07:54:06.160Z,-9.714,128.734,33,5.2,mb,,,,1.3,us,usp0005w06,2014-11-07T00:53:27.448Z,"231 km SE of Lospalos, Timor Leste",earthquake,,,,6,reviewed,us,us
1993-07-12T03:32:58.970Z,5.728,126.713,129.7,4.7,mb,,,,0.5,us,usp0005vzp,2014-11-07T00:53:27.384Z,"91 km SE of Pondaguitan, Philippines",earthquake,,22.3,,3,reviewed,us,us
1993-07-11T08:43:03.010Z,-7.34,126.035,28.7,5,mb,,,,1.3,us,usp0005vy7,2014-11-07T00:53:27.110Z,"129 km N of Manatutu, Timor Leste",earthquake,,,,11,reviewed,us,us
1993-07-09T12:08:19.220Z,-8.838,122.132,33,4.8,mb,,,,1.5,us,usp0005vve,2014-11-07T00:53:26.674Z,"25 km SSW of Maumere, Indonesia",earthquake,,,,4,reviewed,us,us
1993-07-09T03:34:56.210Z,-4.078,135.134,80.4,5,mb,,,,1.3,us,usp0005vur,2014-11-07T00:53:26.603Z,"89 km SSW of Nabire, Indonesia",earthquake,,23.5,,4,reviewed,us,us
1993-07-07T22:42:57.780Z,0.027,98.197,33,4.5,mb,,,,1.1,us,usp0005vsd,2014-11-07T00:53:26.108Z,"191 km SW of Padangsidempuan, Indonesia",earthquake,,,,3,reviewed,us,us
1993-07-07T15:38:16.310Z,2.046,126.528,62.1,4.9,mw,,,,1.2,us,usp0005vrw,2016-11-09T22:56:03.732Z,"168 km NW of Ternate, Indonesia",earthquake,,10,,,reviewed,us,hrv
1993-07-07T03:24:50.620Z,-7.59,127.408,164.3,5.1,mb,,,,0.9,us,usp0005vqw,2014-11-07T00:53:25.720Z,"112 km NNE of Lospalos, Timor Leste",earthquake,,,,44,reviewed,us,us
1993-07-06T22:58:15.000Z,-6.623,130.717,153.8,4.7,mb,,,,0.8,us,usp0005vqn,2014-11-07T00:53:25.660Z,"250 km WSW of Tual, Indonesia",earthquake,,25.3,,1,reviewed,us,us
1993-07-06T14:07:41.480Z,-2.909,134.438,69,5,mb,,,,0.9,us,usp0005vq4,2014-11-07T00:53:25.588Z,"128 km WNW of Nabire, Indonesia",earthquake,,15,,11,reviewed,us,us
1993-07-04T20:11:14.490Z,-9.215,120.108,33,4.9,mb,,,,1,us,usp0005vkz,2014-11-07T00:53:24.628Z,"51 km NNW of Waingapu, Indonesia",earthquake,,,,8,reviewed,us,us
1993-07-04T00:23:56.870Z,-7.105,117.489,507.6,4.7,mb,,,,1,us,usp0005vjw,2014-11-07T00:53:24.263Z,"144 km N of Pototano, Indonesia",earthquake,,25.6,,7,reviewed,us,us
1993-07-03T19:43:59.510Z,-3.005,129.323,32.4,5.4,mw,,,,1.2,us,usp0005vjm,2022-04-28T18:05:44.645Z,"58 km NE of Amahai, Indonesia",earthquake,,,,,reviewed,us,hrv
1993-07-02T20:49:09.020Z,-4.078,102.602,92.9,5.4,mb,,,,1.1,us,usp0005vhe,2022-04-28T18:05:43.166Z,"48 km SE of Bengkulu, Indonesia",earthquake,,8.4,,55,reviewed,us,us
1993-07-02T07:47:13.160Z,-2.454,140.861,24.2,4.7,mb,,,,0.7,us,usp0005vgx,2014-11-07T00:53:23.618Z,"18 km ENE of Jayapura, Indonesia",earthquake,,,,6,reviewed,us,us
1993-07-02T00:14:08.610Z,-8.083,117.901,32,5,mb,,,,1.1,us,usp0005vgf,2014-11-07T00:53:23.282Z,"58 km NE of Pototano, Indonesia",earthquake,,,,17,reviewed,us,us
1993-07-01T18:30:43.310Z,0.136,123.426,195.9,4.5,mb,,,,1.3,us,usp0005vfz,2014-11-07T00:53:23.045Z,"60 km SE of Gorontalo, Indonesia",earthquake,,12.9,,4,reviewed,us,us
1993-06-30T10:40:29.050Z,-7.177,120.272,585.7,4.9,mb,,,,0.5,us,usp0005ved,2014-11-07T00:53:20.829Z,"151 km NNE of Labuan Bajo, Indonesia",earthquake,,31.1,,8,reviewed,us,us
1993-06-29T21:22:04.590Z,-0.696,131.429,10,4.9,mb,,,,0.9,us,usp0005vdd,2014-11-07T00:53:20.751Z,"27 km NE of Sorong, Indonesia",earthquake,,,,19,reviewed,us,us
1993-06-29T10:20:09.730Z,-0.773,133.624,13.7,4.9,mb,,,,1,us,usp0005vct,2014-11-07T00:53:20.708Z,"49 km WNW of Manokwari, Indonesia",earthquake,,6.9,,16,reviewed,us,us
1993-06-29T10:00:55.200Z,-8.141,127.37,75.8,4.8,mb,,,,1.4,us,usp0005vcq,2014-11-07T00:53:20.701Z,"58 km NE of Lospalos, Timor Leste",earthquake,,22.5,,6,reviewed,us,us
1993-06-29T01:53:46.570Z,1.066,126.428,33,5,mb,,,,0.8,us,usp0005vc0,2014-11-07T00:53:20.565Z,"110 km WNW of Ternate, Indonesia",earthquake,,,,14,reviewed,us,us
1993-06-28T23:35:39.710Z,0.947,126.47,33,4.8,mb,,,,0.9,us,usp0005vbs,2014-11-07T00:53:20.441Z,"103 km W of Ternate, Indonesia",earthquake,,,,8,reviewed,us,us
1993-06-28T03:50:14.550Z,-7.593,119.493,33,4.9,mb,,,,1.4,us,usp0005va7,2014-11-07T00:53:20.046Z,"108 km NNW of Labuan Bajo, Indonesia",earthquake,,,,4,reviewed,us,us
1993-06-27T15:32:59.020Z,-9.177,115.873,88.4,5.1,mw,,,,1.1,us,usp0005v99,2025-12-19T22:53:26.513Z,"54 km SSW of Lembar, Indonesia",earthquake,,7.2,,,reviewed,us,hrv
1993-06-26T21:49:01.860Z,-8.114,125.059,33,5,mb,,,,0.6,us,usp0005v7p,2014-11-07T00:53:19.826Z,"57 km NNW of Maubara, Timor Leste",earthquake,,,,2,reviewed,us,us
1993-06-26T18:30:07.760Z,-2.117,100.253,33,4.9,mb,,,,0.8,us,usp0005v7g,2014-11-07T00:53:19.802Z,"126 km W of Sungai Penuh, Indonesia",earthquake,,,,6,reviewed,us,us
1993-06-25T21:30:42.000Z,-4.063,135.196,33,5.2,mb,,,,0.9,us,usp0005v61,2014-11-07T00:53:19.674Z,"84 km SSW of Nabire, Indonesia",earthquake,,,,32,reviewed,us,us
1993-06-25T15:00:05.260Z,5.847,126.203,137.6,4.6,mb,,,,1.2,us,usp0005v5k,2014-11-07T00:53:19.247Z,"56 km S of Pondaguitan, Philippines",earthquake,,33.4,,2,reviewed,us,us
1993-06-24T18:38:59.180Z,-4.225,129.184,126.8,4.5,mb,,,,1,us,usp0005v49,2014-11-07T00:53:19.016Z,"102 km SSE of Amahai, Indonesia",earthquake,,22.7,,4,reviewed,us,us
1993-06-24T17:18:29.750Z,-6.877,130.872,33,4.9,mb,,,,1,us,usp0005v47,2014-11-07T00:53:19.013Z,"249 km WSW of Tual, Indonesia",earthquake,,,,4,reviewed,us,us
1993-06-24T12:12:31.660Z,0.615,122.773,87.4,4.7,mb,,,,1.2,us,usp0005v3v,2014-11-07T00:53:18.978Z,"33 km WNW of Gorontalo, Indonesia",earthquake,,25,,6,reviewed,us,us
1993-06-23T16:48:30.800Z,-4.771,133.443,33,5,mb,,,,1.4,us,usp0005v2c,2014-11-07T00:53:18.785Z,"121 km NE of Tual, Indonesia",earthquake,,,,7,reviewed,us,us
1993-06-22T15:01:43.480Z,-6.499,130.167,147.4,5.3,mw,,,,0.9,us,usp0005v0n,2025-12-19T22:53:22.060Z,"Banda Sea",earthquake,,,,,reviewed,us,hrv
1993-06-21T20:39:16.580Z,-7.493,118.962,39.8,4.8,mb,,,,1,us,usp0005uza,2014-11-07T00:53:17.906Z,"110 km NNE of Bima, Indonesia",earthquake,,,,10,reviewed,us,us
1993-06-21T18:31:58.860Z,-6.136,130.133,90.8,5,mb,,,,1,us,usp0005uz0,2014-11-07T00:53:17.887Z,"295 km W of Tual, Indonesia",earthquake,,11.4,,16,reviewed,us,us
1993-06-21T01:29:42.310Z,-6.268,130.073,142.1,4.7,mb,,,,0.7,us,usp0005uy0,2014-11-07T00:53:17.777Z,"Banda Sea",earthquake,,11.8,,8,reviewed,us,us
1993-06-20T12:04:36.860Z,1.762,127.206,130.3,5.2,mb,,,,1,us,usp0005ux2,2014-11-07T00:53:17.642Z,"89 km W of Tobelo, Indonesia",earthquake,,5.8,,20,reviewed,us,us
1993-06-20T04:40:05.180Z,-9.898,121.737,139.8,3.6,mb,,,,0.7,us,usp0005uwj,2014-11-07T00:53:17.348Z,"116 km S of Ende, Indonesia",earthquake,,38.6,,1,reviewed,us,us
1993-06-20T02:09:24.600Z,-6.262,130.092,151.9,5.3,mb,,,,0.9,us,usp0005uwd,2014-11-07T00:53:17.295Z,"Banda Sea",earthquake,,3.6,,35,reviewed,us,us
1993-06-19T23:07:03.130Z,-7.226,123.826,287.7,4.3,mb,,,,1,us,usp0005uwa,2014-11-07T00:53:17.291Z,"215 km NW of Maubara, Timor Leste",earthquake,,20.9,,3,reviewed,us,us
1993-06-19T10:02:05.500Z,-2.242,137.922,33,5.3,mw,,,,1,us,usp0005uv3,2022-04-28T18:09:45.443Z,"236 km ESE of Biak, Indonesia",earthquake,,,,,reviewed,us,hrv
1993-06-19T08:26:40.450Z,-8.928,124.164,103,4.6,mb,,,,1.3,us,usp0005uuu,2014-11-07T00:53:17.107Z,"38 km NW of Pante Makasar, Timor Leste",earthquake,,16.5,,5,reviewed,us,us
1993-06-18T07:09:33.160Z,1.635,124.023,290.3,4.3,mb,,,,0.6,us,usp0005us3,2014-11-07T00:53:16.044Z,"93 km W of Manado, Indonesia",earthquake,,33,,5,reviewed,us,us
1993-06-18T06:17:39.030Z,-5.243,123.535,33,5,mb,,,,1.2,us,usp0005urz,2014-11-07T00:53:16.036Z,"117 km ESE of Katabu, Indonesia",earthquake,,,,14,reviewed,us,us
1993-06-18T01:21:47.830Z,-7.882,113.954,191.1,4.5,mb,,,,0.9,us,usp0005urq,2014-11-07T00:53:16.015Z,"15 km ENE of Bondowoso, Indonesia",earthquake,,29.2,,3,reviewed,us,us
1993-06-18T00:46:30.670Z,-2.214,128.035,33,4.1,mb,,,,1.4,us,usp0005urn,2014-11-07T00:53:16.013Z,"158 km NW of Amahai, Indonesia",earthquake,,,,3,reviewed,us,us
1993-06-17T20:41:15.930Z,-1.66,126.577,33,4.1,mb,,,,1.4,us,usp0005urb,2014-11-07T00:53:15.956Z,"285 km SSW of Ternate, Indonesia",earthquake,,,,5,reviewed,us,us
1993-06-17T04:05:47.490Z,-9.014,116.439,33,4.3,mb,,,,0.5,us,usp0005uqf,2014-11-07T00:53:15.615Z,"38 km SSE of Praya, Indonesia",earthquake,,,,2,reviewed,us,us
1993-06-16T11:33:18.530Z,-8.397,118.258,33,4.1,mb,,,,1.1,us,usp0005up9,2014-11-07T00:53:15.478Z,"27 km NW of Dompu, Indonesia",earthquake,,,,4,reviewed,us,us
1993-06-16T05:01:18.300Z,-5.173,102.749,33,4.5,mb,,,,1.5,us,usp0005unm,2014-11-07T00:53:15.386Z,"138 km SSW of Pagar Alam, Indonesia",earthquake,,,,5,reviewed,us,us
1993-06-15T02:13:17.320Z,-3.347,139.023,33,4.7,mb,,,,1.5,us,usp0005ukh,2014-11-07T00:53:15.138Z,"197 km WSW of Abepura, Indonesia",earthquake,,,,7,reviewed,us,us
1993-06-14T23:59:44.260Z,-8.941,123.954,33,4.9,mb,,,,1.2,us,usp0005ukc,2014-11-07T00:53:15.125Z,"55 km WNW of Pante Makasar, Timor Leste",earthquake,,,,11,reviewed,us,us
1993-06-13T05:39:43.090Z,-4.338,135.038,33,4.7,mb,,,,1,us,usp0005ug7,2014-11-07T00:53:14.785Z,"119 km SSW of Nabire, Indonesia",earthquake,,,,5,reviewed,us,us
1993-06-13T04:46:53.050Z,4.493,126.14,152.1,4.7,mb,,,,1.2,us,usp0005ug1,2014-11-07T00:53:14.774Z,"125 km SE of Sarangani, Philippines",earthquake,,11.5,,13,reviewed,us,us
1993-06-12T20:16:36.550Z,-4.246,134.972,33,4.7,mb,,,,1.5,us,usp0005ufb,2014-11-07T00:53:14.609Z,"114 km SSW of Nabire, Indonesia",earthquake,,,,3,reviewed,us,us
1993-06-12T19:41:12.400Z,-4.293,134.951,33,4.9,mb,,,,1.4,us,usp0005ufa,2014-11-07T00:53:14.606Z,"119 km SSW of Nabire, Indonesia",earthquake,,,,8,reviewed,us,us
1993-06-12T18:26:42.220Z,-4.375,135.118,9.9,6.1,mwb,,,,1.2,us,usp0005uf9,2022-04-28T18:08:56.061Z,"120 km SSW of Nabire, Indonesia",earthquake,,,,,reviewed,us,us
1993-06-11T14:48:33.430Z,-8.365,120.005,177,4.8,mb,,,,1.5,us,usp0005ud6,2014-11-07T00:53:13.681Z,"19 km NE of Labuan Bajo, Indonesia",earthquake,,12.7,,2,reviewed,us,us
1993-06-09T22:53:16.630Z,-6.761,130.551,108.4,4.9,mb,,,,1.1,us,usp0005u9s,2014-11-07T00:53:12.377Z,"273 km WSW of Tual, Indonesia",earthquake,,27.9,,3,reviewed,us,us
1993-06-09T11:25:40.160Z,-8.095,117.922,22.9,4.8,mb,,,,0.9,us,usp0005u8x,2014-11-07T00:53:12.113Z,"59 km NE of Pototano, Indonesia",earthquake,,8.3,,12,reviewed,us,us
1993-06-09T08:12:43.980Z,-4.489,120.124,33,4.8,mb,,,,1.2,us,usp0005u8j,2014-11-07T00:53:12.092Z,"23 km WNW of Watampone, Indonesia",earthquake,,,,12,reviewed,us,us
1993-06-09T07:46:01.700Z,-4.548,119.948,60,5,mb,,,,1.5,us,usp0005u8g,2014-11-07T00:53:12.083Z,"42 km W of Watampone, Indonesia",earthquake,,10.3,,24,reviewed,us,us
1993-06-08T00:22:43.920Z,-2.018,127.732,60.5,5.1,mb,,,,1.1,us,usp0005u6h,2014-11-07T00:53:11.746Z,"192 km NNW of Ambon, Indonesia",earthquake,,8.5,,27,reviewed,us,us
1993-06-07T17:00:58.130Z,-8.293,107.536,47.9,4.7,mb,,,,1.4,us,usp0005u65,2014-11-07T00:53:11.713Z,"121 km SSW of Singaparna, Indonesia",earthquake,,16.3,,8,reviewed,us,us
1993-06-07T03:51:02.240Z,1.504,126.39,50.2,4.9,mb,,,,1.3,us,usp0005u5b,2014-11-07T00:53:11.568Z,"135 km NW of Ternate, Indonesia",earthquake,,11.1,,14,reviewed,us,us
1993-06-07T00:07:23.210Z,-0.773,129.799,27.5,4.9,mb,,,,1.1,us,usp0005u54,2014-11-07T00:53:11.544Z,"163 km W of Sorong, Indonesia",earthquake,,9,,15,reviewed,us,us
1993-06-06T15:53:16.140Z,1.39,97.31,33,4.4,mb,,,,0.9,us,usp0005u4g,2014-11-07T00:53:11.500Z,"112 km SSW of Singkil, Indonesia",earthquake,,,,4,reviewed,us,us
1993-06-05T09:00:08.550Z,-6.16,129.754,219.4,4.4,mb,,,,0.3,us,usp0005u1p,2014-11-07T00:53:10.937Z,"Banda Sea",earthquake,,25.2,,2,reviewed,us,us
1993-06-05T03:02:02.950Z,-0.178,131.311,33,5,mb,,,,0.9,us,usp0005u1c,2014-11-07T00:53:10.887Z,"77 km N of Sorong, Indonesia",earthquake,,,,5,reviewed,us,us
1993-06-05T02:04:28.150Z,5.802,126.93,162,4.1,mb,,,,1,us,usp0005u1a,2014-11-07T00:53:10.872Z,"103 km SE of Pondaguitan, Philippines",earthquake,,9.3,,3,reviewed,us,us
1993-06-04T14:30:43.060Z,-0.515,124.299,33,4.7,mb,,,,1.1,us,usp0005u0e,2014-11-07T00:53:10.678Z,"175 km ENE of Luwuk, Indonesia",earthquake,,,,4,reviewed,us,us
1993-06-04T13:35:11.620Z,1.226,123.348,30.8,5,mb,,,,1.3,us,usp0005u0d,2014-11-07T00:53:10.669Z,"82 km NNE of Gorontalo, Indonesia",earthquake,,,,15,reviewed,us,us
1993-06-04T11:24:54.710Z,1.227,123.31,27,5.4,mw,,,,1.2,us,usp0005u03,2022-04-28T18:08:22.156Z,"81 km NNE of Gorontalo, Indonesia",earthquake,,,,,reviewed,us,hrv
1993-06-04T10:49:33.650Z,3.734,128.497,20.4,6,mw,,,,1.2,us,usp0005u02,2022-04-28T18:08:20.745Z,"228 km NNE of Tobelo, Indonesia",earthquake,,,,,reviewed,us,hrv
1993-06-04T02:06:18.100Z,-7.035,130.113,103.1,5.2,mb,,,,0.6,us,usp0005tzb,2014-11-07T00:53:10.287Z,"Pulau Pulau Tanimbar, Indonesia",earthquake,,8.2,,4,reviewed,us,us
1993-06-03T21:27:52.980Z,3.378,128.196,99.1,4.8,mb,,,,0.9,us,usp0005tz4,2014-11-07T00:53:10.158Z,"183 km N of Tobelo, Indonesia",earthquake,,5.7,,4,reviewed,us,us
1993-06-03T13:48:03.230Z,-10.389,117.31,33,3.9,mb,,,,1.2,us,usp0005tyn,2014-11-07T00:53:09.957Z,"210 km S of Sumbawa Besar, Indonesia",earthquake,,,,1,reviewed,us,us
1993-06-03T01:28:13.790Z,-0.766,124,116.3,4.9,mb,,,,1,us,usp0005txw,2014-11-07T00:53:09.724Z,"136 km E of Luwuk, Indonesia",earthquake,,14.1,,5,reviewed,us,us
1993-06-02T22:25:26.980Z,-8.665,118.519,114.4,4.3,mb,,,,0.7,us,usp0005txq,2014-11-07T00:53:09.673Z,"15 km SSE of Dompu, Indonesia",earthquake,,27.4,,2,reviewed,us,us
1993-06-02T17:52:13.560Z,-6.86,130.146,65.4,4.3,mb,,,,1.2,us,usp0005txc,2014-11-07T00:53:09.589Z,"Banda Sea",earthquake,,30,,2,reviewed,us,us
1993-06-02T13:02:03.760Z,-6.445,130.383,33,5.3,mb,,,,1.2,us,usp0005tx3,2014-11-07T00:53:09.537Z,"277 km WSW of Tual, Indonesia",earthquake,,,,8,reviewed,us,us
1993-06-01T06:47:09.970Z,-8.252,128.891,33,4.9,mb,,,,1.2,us,usp0005tux,2014-11-07T00:53:07.984Z,"210 km E of Lospalos, Timor Leste",earthquake,,,,3,reviewed,us,us
1993-06-01T05:44:10.140Z,-6.487,130.24,55.5,5.4,mb,,,,0.8,us,usp0005tuw,2014-11-07T00:53:07.966Z,"293 km WSW of Tual, Indonesia",earthquake,,22.7,,7,reviewed,us,us
1993-05-31T01:00:39.190Z,-0.83,124.091,33,4.7,mb,,,,1.3,us,usp0005tt7,2014-11-07T00:53:06.042Z,"145 km E of Luwuk, Indonesia",earthquake,,,,5,reviewed,us,us
1993-05-30T22:54:23.650Z,-0.767,124.162,81.1,4.8,mb,,,,1.2,us,usp0005tt0,2014-11-07T00:53:05.996Z,"154 km E of Luwuk, Indonesia",earthquake,,12.5,,14,reviewed,us,us
1993-05-30T22:34:03.890Z,-0.621,124.208,74.9,5.7,mw,,,,1.3,us,usp0005tsy,2022-04-28T18:14:45.798Z,"162 km ENE of Luwuk, Indonesia",earthquake,,6,,,reviewed,us,hrv
1993-05-30T17:13:19.990Z,1.559,127.248,94.6,5.6,mb,,,,0.8,us,usp0005tsa,2022-04-28T18:14:40.023Z,"Halmahera, Indonesia",earthquake,,10.8,,23,reviewed,us,us
1993-05-30T17:08:53.950Z,1.546,127.207,80.9,6.1,mwb,,,,1,us,usp0005ts9,2022-04-28T18:14:38.249Z,"85 km NNW of Ternate, Indonesia",earthquake,,,,,reviewed,us,us
1993-05-30T04:46:46.540Z,-7.253,128.434,109.5,5.2,mb,,,,0.9,us,usp0005tr9,2014-11-07T00:53:05.726Z,"211 km NE of Lospalos, Timor Leste",earthquake,,3.9,,29,reviewed,us,us
1993-05-29T16:55:11.020Z,2.464,128.599,194.6,4.8,mb,,,,0.8,us,usp0005tqc,2014-11-07T00:53:05.624Z,"104 km NE of Tobelo, Indonesia",earthquake,,38.3,,6,reviewed,us,us
1993-05-29T01:02:55.200Z,-9.637,117.918,33,4.6,mb,,,,1.4,us,usp0005tnp,2014-11-07T00:53:05.404Z,"135 km SSW of Dompu, Indonesia",earthquake,,,,3,reviewed,us,us
1993-05-28T20:57:11.390Z,-9.023,123.662,33,5.3,mb,,,,1,us,usp0005tna,2014-11-07T00:53:05.362Z,"64 km N of Naisano Dua, Indonesia",earthquake,,,,22,reviewed,us,us
1993-05-28T03:25:04.470Z,-8.764,120.017,186,4.9,mb,,,,0.8,us,usp0005tkt,2014-11-07T00:53:05.213Z,"32 km SSE of Labuan Bajo, Indonesia",earthquake,,40.5,,6,reviewed,us,us
1993-05-27T11:42:59.100Z,-3.301,100.838,58.5,5.1,mb,,,,0.5,us,usp0005tjt,2014-11-07T00:53:04.980Z,"150 km SSW of Sungai Penuh, Indonesia",earthquake,,23.6,,2,reviewed,us,us
1993-05-27T00:10:02.800Z,3.773,125.873,139.2,5,mb,,,,1.3,us,usp0005thn,2014-11-07T00:53:04.451Z,"185 km SSE of Sarangani, Philippines",earthquake,,12,,1,reviewed,us,us
1993-05-26T19:23:21.440Z,-4.805,131.196,33,4.2,mb,,,,1.2,us,usp0005thd,2014-11-07T00:53:04.427Z,"195 km WNW of Tual, Indonesia",earthquake,,,,1,reviewed,us,us
1993-05-26T15:05:30.080Z,-0.112,123.06,182.3,4.9,mb,,,,1.2,us,usp0005th4,2014-11-07T00:53:04.409Z,"71 km S of Gorontalo, Indonesia",earthquake,,9.3,,9,reviewed,us,us
1993-05-25T15:08:10.380Z,2.713,128.644,224.1,4.6,mb,,,,0.9,us,usp0005tfj,2014-11-07T00:53:04.235Z,"129 km NNE of Tobelo, Indonesia",earthquake,,16.3,,6,reviewed,us,us
1993-05-25T00:42:25.400Z,-8.288,112.45,93,4.9,mb,,,,1,us,usp0005tea,2014-11-07T00:53:04.115Z,"14 km SSW of Sumberpucung, Indonesia",earthquake,,26.5,,6,reviewed,us,us
1993-05-25T00:12:07.710Z,-6.96,130.759,33,4.7,mb,,,,1.3,us,usp0005te8,2014-11-07T00:53:04.112Z,"265 km WSW of Tual, Indonesia",earthquake,,,,4,reviewed,us,us
1993-05-24T11:55:41.350Z,-1.1,127.577,42.4,5.1,mb,,,,1,us,usp0005tdb,2014-11-07T00:53:03.839Z,"203 km S of Sofifi, Indonesia",earthquake,,5.1,,30,reviewed,us,us
1993-05-22T14:41:40.060Z,-5.546,128.85,33,4.2,mb,,,,0.9,us,usp0005t9f,2014-11-07T00:53:03.265Z,"217 km SSE of Ambon, Indonesia",earthquake,,,,3,reviewed,us,us
1993-05-22T14:13:18.870Z,-2.104,102.324,200.1,4.7,mb,,,,0.8,us,usp0005t9d,2014-11-07T00:53:03.263Z,"103 km E of Sungai Penuh, Indonesia",earthquake,,20.2,,7,reviewed,us,us
1993-05-22T13:43:25.940Z,-5.466,128.897,33,5.1,mb,,,,1.1,us,usp0005t9b,2014-11-07T00:53:03.252Z,"211 km SSE of Ambon, Indonesia",earthquake,,,,18,reviewed,us,us
1993-05-22T00:51:38.380Z,-7.768,104.443,33,4.9,mb,,,,0.7,us,usp0005t8b,2014-11-07T00:53:03.168Z,"217 km SW of Labuan, Indonesia",earthquake,,,,10,reviewed,us,us
1993-05-21T10:53:02.450Z,-7.024,130.663,165,4.1,mb,,,,1.2,us,usp0005t7j,2014-11-07T00:53:03.118Z,"277 km WSW of Tual, Indonesia",earthquake,,19.4,,1,reviewed,us,us
1993-05-20T16:57:27.840Z,-3.804,135.351,33,5.1,mb,,,,1,us,usp0005t61,2014-11-07T00:53:02.925Z,"51 km SSW of Nabire, Indonesia",earthquake,,,,6,reviewed,us,us
1993-05-20T14:41:34.990Z,1.027,123.925,296.2,4.3,mb,,,,1.2,us,usp0005t5y,2014-11-07T00:53:02.920Z,"102 km WSW of Tomohon, Indonesia",earthquake,,12.8,,6,reviewed,us,us
1993-05-20T11:08:11.210Z,-0.023,124.793,29.8,5.7,mw,,,,0.9,us,usp0005t5p,2022-04-28T18:13:29.447Z,"147 km S of Tondano, Indonesia",earthquake,,,,,reviewed,us,hrv
1993-05-20T02:04:51.040Z,-10.805,114.66,33,4.6,mb,,,,1.6,us,usp0005t4y,2014-11-07T00:53:02.757Z,"229 km SSW of Jimbaran, Indonesia",earthquake,,,,4,reviewed,us,us
1993-05-19T15:58:06.730Z,-7.969,131.915,33,4,mb,,,,1.5,us,usp0005t40,2014-11-07T00:53:02.668Z,"274 km SSW of Tual, Indonesia",earthquake,,,,2,reviewed,us,us
1993-05-19T12:03:28.370Z,-8.347,121.992,39.7,5.6,mw,,,,1.1,us,usp0005t3n,2022-04-28T18:13:20.371Z,"38 km NW of Maumere, Indonesia",earthquake,,,,,reviewed,us,hrv
1993-05-18T18:01:37.110Z,-6.055,130.02,210.6,4.3,mb,,,,0.9,us,usp0005t1y,2014-11-07T00:53:02.431Z,"Banda Sea",earthquake,,13.7,,2,reviewed,us,us
1993-05-18T17:39:46.790Z,-3.753,135.428,33,4.8,mb,,,,0.9,us,usp0005t1x,2014-11-07T00:53:02.429Z,"44 km S of Nabire, Indonesia",earthquake,,,,6,reviewed,us,us
1993-05-18T06:06:30.720Z,1.628,126.344,96,5,mb,,,,1.2,us,usp0005t0k,2014-11-07T00:53:01.637Z,"148 km NW of Ternate, Indonesia",earthquake,,13.2,,12,reviewed,us,us
1993-05-18T01:45:16.780Z,-3.902,135.421,42.1,5.2,mb,,,,1,us,usp0005szy,2014-11-07T00:53:01.569Z,"60 km S of Nabire, Indonesia",earthquake,,,,25,reviewed,us,us
1993-05-17T21:20:52.650Z,4.091,126.525,85.2,4.7,mb,,,,0.7,us,usp0005syz,2014-11-07T00:53:01.411Z,"Pulau-Pulau Talaud, Indonesia",earthquake,,10.7,,9,reviewed,us,us
1993-05-17T12:05:26.060Z,-0.615,131.573,42.3,5,mb,,,,1.3,us,usp0005syc,2014-11-07T00:53:01.307Z,"45 km NE of Sorong, Indonesia",earthquake,,,,21,reviewed,us,us
1993-05-17T02:01:39.830Z,-6.471,130.74,33,4.4,mb,,,,1.1,us,usp0005sx8,2014-11-07T00:53:01.122Z,"241 km WSW of Tual, Indonesia",earthquake,,,,5,reviewed,us,us
1993-05-17T01:38:12.060Z,-2.112,138.253,33,4.7,mb,,,,1.3,us,usp0005sx6,2014-11-07T00:53:01.119Z,"262 km ESE of Biak, Indonesia",earthquake,,,,7,reviewed,us,us
1993-05-16T16:24:44.560Z,2.097,126.552,44.3,5.3,mw,,,,1.2,us,usp0005swr,2025-12-19T22:53:49.698Z,"167 km WNW of Tobelo, Indonesia",earthquake,,,,,reviewed,us,hrv
1993-05-16T00:10:28.760Z,-1.448,100.381,62,4.8,mb,,,,1.3,us,usp0005sv6,2014-11-07T00:53:00.828Z,"55 km S of Padang, Indonesia",earthquake,,,,19,reviewed,us,us
1993-05-15T20:26:24.720Z,4.289,127.799,150.9,5,mb,,,,1.1,us,usp0005suu,2014-11-07T00:53:00.701Z,"284 km N of Tobelo, Indonesia",earthquake,,,,31,reviewed,us,us
1993-05-15T14:37:14.200Z,-3.181,127.715,27.3,5.1,mb,,,,0.8,us,usp0005sud,2014-11-07T00:53:00.671Z,"77 km NW of Ambon, Indonesia",earthquake,,,,9,reviewed,us,us
1993-05-15T11:37:08.900Z,-4.071,134.923,33,4.5,mb,,,,1.4,us,usp0005su9,2014-11-07T00:53:00.661Z,"101 km SW of Nabire, Indonesia",earthquake,,,,1,reviewed,us,us
1993-05-15T01:34:00.900Z,-3.781,135.239,33,5.2,mb,,,,1,us,usp0005sta,2014-11-07T00:53:00.459Z,"54 km SSW of Nabire, Indonesia",earthquake,,,,9,reviewed,us,us
1993-05-14T10:00:27.390Z,2.374,126.741,35.6,5.2,mw,,,,1.3,us,usp0005ss5,2025-12-19T22:53:47.413Z,"158 km WNW of Tobelo, Indonesia",earthquake,,,,,reviewed,us,hrv
1993-05-14T04:55:59.340Z,-7.529,128.42,161.3,4.5,mb,,,,1.6,us,usp0005srx,2014-11-07T00:53:00.325Z,"191 km NE of Lospalos, Timor Leste",earthquake,,13.8,,1,reviewed,us,us
1993-05-14T03:11:57.570Z,-6.569,130.674,82.9,4.1,mb,,,,0.8,us,usp0005srt,2014-11-07T00:53:00.318Z,"252 km WSW of Tual, Indonesia",earthquake,,35.4,,1,reviewed,us,us
1993-05-13T22:25:27.770Z,2.444,126.726,33,4.8,mb,,,,1.6,us,usp0005srb,2014-11-07T00:53:00.241Z,"163 km WNW of Tobelo, Indonesia",earthquake,,,,5,reviewed,us,us
1993-05-13T02:19:09.790Z,3.873,95.232,33,4.7,mb,,,,1,us,usp0005sps,2014-11-07T00:53:00.006Z,"103 km WSW of Meulaboh, Indonesia",earthquake,,,,14,reviewed,us,us
1993-05-12T13:06:44.020Z,-3.836,135.481,33,5.5,mw,,,,1.2,us,usp0005sne,2022-04-28T18:11:39.607Z,"52 km S of Nabire, Indonesia",earthquake,,,,,reviewed,us,hrv
1993-05-11T17:07:28.450Z,-6.042,131.121,33,4.4,mb,,,,1.1,us,usp0005sm0,2014-11-07T00:52:59.648Z,"186 km WSW of Tual, Indonesia",earthquake,,,,2,reviewed,us,us
1993-05-11T07:11:23.550Z,-0.019,124.953,33,4.3,mb,,,,0.7,us,usp0005skm,2014-11-07T00:52:59.588Z,"146 km S of Tondano, Indonesia",earthquake,,,,2,reviewed,us,us
1993-05-10T19:28:14.410Z,-3.555,103.409,160.4,4.5,mb,,,,0.8,us,usp0005sjg,2014-11-07T00:52:59.489Z,"29 km NNW of Lahat, Indonesia",earthquake,,19,,6,reviewed,us,us
1993-05-09T12:52:59.430Z,1.884,122.76,69.9,4.4,mb,,,,1.1,us,usp0005sg1,2014-11-07T00:52:59.214Z,"152 km NNW of Gorontalo, Indonesia",earthquake,,17.1,,3,reviewed,us,us
1993-05-08T20:30:25.310Z,-7.321,128.276,141.6,4.7,mb,,,,1.3,us,usp0005seu,2014-11-07T00:52:59.092Z,"193 km NE of Lospalos, Timor Leste",earthquake,,10.1,,2,reviewed,us,us
1993-05-08T15:34:57.270Z,-9.732,106.431,33,4.6,mb,,,,1.3,us,usp0005sej,2014-11-07T00:52:59.071Z,"south of Java, Indonesia",earthquake,,,,4,reviewed,us,us
1993-05-07T21:09:16.720Z,-8.484,118.098,10,4.2,mb,,,,0.5,us,usp0005scx,2014-11-07T00:52:58.942Z,"40 km W of Dompu, Indonesia",earthquake,,,,1,reviewed,us,us
1993-05-07T20:16:37.820Z,0.83,124.459,194.9,5,mb,,,,1,us,usp0005scw,2014-11-07T00:52:58.937Z,"66 km SW of Tomohon, Indonesia",earthquake,,6.9,,24,reviewed,us,us
1993-05-07T01:02:59.380Z,-6.396,130.001,157.4,5.2,mb,,,,0.9,us,usp0005sbj,2014-11-07T00:52:58.311Z,"Banda Sea",earthquake,,,,25,reviewed,us,us
1993-05-06T23:01:44.400Z,4.147,128.135,50.1,4.6,mb,,,,1.3,us,usp0005sbf,2014-11-07T00:52:58.292Z,"267 km N of Tobelo, Indonesia",earthquake,,16.5,,12,reviewed,us,us
1993-05-06T05:42:03.060Z,0.895,123.171,36.7,5.4,mw,,,,1.1,us,usp0005s9t,2022-04-28T18:11:07.581Z,"41 km NNE of Gorontalo, Indonesia",earthquake,,,,,reviewed,us,hrv
1993-05-06T03:20:36.000Z,2.179,127.102,33,4.8,mb,,,,1,us,usp0005s9m,2014-11-07T00:52:57.885Z,"112 km WNW of Tobelo, Indonesia",earthquake,,,,2,reviewed,us,us
1993-05-04T22:15:40.450Z,4.84,127.501,108,4.6,mb,,,,1.1,us,usp0005s7d,2014-11-07T00:52:57.524Z,"223 km SE of Pondaguitan, Philippines",earthquake,,12.6,,9,reviewed,us,us
1993-05-04T19:28:58.450Z,5.543,126.223,132.7,4.4,mb,,,,1,us,usp0005s75,2014-11-07T00:52:57.493Z,"76 km ESE of Caburan, Philippines",earthquake,,9.2,,3,reviewed,us,us
1993-05-04T18:53:20.870Z,4.797,122.987,578.2,4.8,mb,,,,0.7,us,usp0005s73,2014-11-07T00:52:57.482Z,"182 km SE of Tabiauan, Philippines",earthquake,,5.7,,23,reviewed,us,us
1993-05-04T15:21:29.310Z,-4.718,126.751,33,4.6,mb,,,,0.8,us,usp0005s6w,2014-11-07T00:52:57.446Z,"195 km SW of Ambon, Indonesia",earthquake,,,,5,reviewed,us,us
1993-05-03T16:52:00.040Z,-6.611,130.502,86.1,5,mb,,,,1,us,usp0005s5f,2014-11-07T00:52:57.100Z,"271 km WSW of Tual, Indonesia",earthquake,,10.3,,13,reviewed,us,us
1993-05-03T08:01:49.100Z,0.066,123.376,161.2,4.8,mb,,,,0.7,us,usp0005s4v,2014-11-07T00:52:56.973Z,"62 km SE of Gorontalo, Indonesia",earthquake,,7.8,,6,reviewed,us,us
1993-05-02T20:30:09.710Z,-1.996,137.418,33,4.6,ms,,,,1.4,us,usp0005s45,2014-11-07T00:52:56.799Z,"174 km ESE of Biak, Indonesia",earthquake,,,,3,reviewed,us,us
1993-05-02T17:46:36.300Z,3.61,127.684,83.5,4.8,mb,,,,1.1,us,usp0005s3t,2014-11-07T00:52:56.641Z,"211 km N of Tobelo, Indonesia",earthquake,,19,,2,reviewed,us,us
1993-05-02T06:20:14.470Z,-4.413,119.874,59.9,4.3,mb,,,,1.3,us,usp0005s31,2014-11-07T00:52:56.176Z,"35 km SSW of Sengkang, Indonesia",earthquake,,28.1,,1,reviewed,us,us
1993-05-01T17:12:11.660Z,-3.018,134.363,40.1,4.9,mb,,,,1,us,usp0005s26,2014-11-07T00:52:55.798Z,"131 km WNW of Nabire, Indonesia",earthquake,,8.5,,23,reviewed,us,us
1993-05-01T08:52:55.240Z,-3.771,131.378,23.8,5.3,mw,,,,1.1,us,usp0005s1t,2022-04-28T18:10:32.636Z,"255 km NW of Tual, Indonesia",earthquake,,2.6,,,reviewed,us,hrv
1993-05-01T07:11:19.390Z,-0.932,123.605,43,4.1,mb,,,,1.4,us,usp0005s1f,2014-11-07T00:52:55.442Z,"91 km E of Luwuk, Indonesia",earthquake,,15.4,,3,reviewed,us,us
1993-04-30T14:16:34.860Z,-6.042,130.303,107.5,4.9,mw,,,,0.8,us,usp0005s04,2016-11-09T22:25:16.751Z,"275 km W of Tual, Indonesia",earthquake,,,,,reviewed,us,hrv
1993-04-30T01:51:39.190Z,-9.276,113.246,42.6,5,mb,,,,1.2,us,usp0005rz5,2014-11-07T00:52:53.003Z,"110 km S of Kencong, Indonesia",earthquake,,11.7,,12,reviewed,us,us
1993-04-29T20:55:47.040Z,1.095,99.869,174.9,4.2,mb,,,,0.9,us,usp0005ryv,2014-11-07T00:52:52.967Z,"73 km ESE of Padangsidempuan, Indonesia",earthquake,,25.2,,4,reviewed,us,us
1993-04-28T05:44:39.270Z,2.743,123.624,33,4.8,mb,,,,1.2,us,usp0005rw9,2014-11-07T00:52:52.710Z,"194 km NW of Manado, Indonesia",earthquake,,,,8,reviewed,us,us
1993-04-27T12:34:27.160Z,-6.284,130.208,148.2,4.1,mb,,,,0.6,us,usp0005rur,2014-11-07T00:52:52.492Z,"290 km WSW of Tual, Indonesia",earthquake,,24.6,,2,reviewed,us,us
1993-04-26T23:20:00.030Z,-4.436,120.114,33,4.7,mb,,,,1,us,usp0005rtu,2014-11-07T00:52:52.359Z,"26 km WNW of Watampone, Indonesia",earthquake,,,,11,reviewed,us,us
1993-04-26T21:37:03.900Z,-8.643,128.055,262.8,3.9,mb,,,,0.9,us,usp0005rtt,2014-11-07T00:52:52.358Z,"117 km E of Lospalos, Timor Leste",earthquake,,25.5,,2,reviewed,us,us
1993-04-26T14:12:05.880Z,-8.186,107.265,33,4.8,mb,,,,1.3,us,usp0005rte,2014-11-07T00:52:52.324Z,"111 km S of Banjar, Indonesia",earthquake,,,,4,reviewed,us,us
1993-04-26T09:27:07.610Z,-7.451,128.152,165.8,4.8,mb,,,,1.1,us,usp0005rt4,2014-11-07T00:52:52.305Z,"173 km NE of Lospalos, Timor Leste",earthquake,,46,,4,reviewed,us,us
1993-04-25T19:32:55.550Z,5.997,126.069,92.1,4.2,mb,,,,0.7,us,usp0005rsd,2014-11-07T00:52:52.237Z,"41 km ESE of Lamitan, Philippines",earthquake,,14.1,,8,reviewed,us,us
1993-04-25T02:07:59.720Z,4.806,128.02,33,4.7,mb,,,,1.3,us,usp0005rr8,2014-11-07T00:52:52.110Z,"266 km SE of Pondaguitan, Philippines",earthquake,,,,15,reviewed,us,us
1993-04-24T14:06:11.630Z,-7.179,129.049,126.7,5,mb,,,,0.9,us,usp0005rqn,2014-11-07T00:52:52.029Z,"270 km ENE of Lospalos, Timor Leste",earthquake,,7.7,,15,reviewed,us,us
1993-04-22T06:36:13.140Z,2.57,127.317,79.8,5.2,mb,,,,0.9,us,usp0005rk0,2014-11-07T00:52:51.436Z,"120 km NW of Tobelo, Indonesia",earthquake,,,,46,reviewed,us,us
1993-04-22T04:47:15.680Z,-6.913,129.753,95.4,4.6,mb,,,,0.9,us,usp0005rjx,2014-11-07T00:52:51.424Z,"Banda Sea",earthquake,,7.1,,4,reviewed,us,us
1993-04-22T01:05:37.900Z,-4.095,102.313,70.1,5.4,mw,,,,0.9,us,usp0005rjn,2025-12-19T22:54:29.040Z,"32 km S of Bengkulu, Indonesia",earthquake,,5.5,,,reviewed,us,hrv
1993-04-21T21:25:49.130Z,-7.267,128.428,152.9,4.7,mb,,,,1,us,usp0005rjc,2014-11-07T00:52:51.338Z,"210 km NE of Lospalos, Timor Leste",earthquake,,9.3,,6,reviewed,us,us
1993-04-21T12:58:31.500Z,-0.012,123.686,148.6,5.2,mw,,,,1.1,us,usp0005rht,2025-12-19T22:54:25.786Z,"92 km SE of Gorontalo, Indonesia",earthquake,,,,,reviewed,us,hrv
1993-04-21T10:00:51.180Z,-3.081,134.385,33,5.1,mb,,,,1.3,us,usp0005rhm,2014-11-07T00:52:51.251Z,"127 km WNW of Nabire, Indonesia",earthquake,,,,3,reviewed,us,us
1993-04-20T22:24:43.370Z,2.659,125.888,147.3,4.7,mb,,,,1.2,us,usp0005rgz,2014-11-07T00:52:51.209Z,"164 km NE of Laikit, Laikit II (Dimembe), Indonesia",earthquake,,11.7,,8,reviewed,us,us
1993-04-20T19:52:09.710Z,-7.069,129.992,116.2,4.1,mb,,,,1.7,us,usp0005rgs,2014-11-07T00:52:51.138Z,"Kepulauan Babar, Indonesia",earthquake,,33.5,,1,reviewed,us,us
1993-04-20T15:44:27.560Z,-3.427,139.516,33,4.6,mb,,,,1.5,us,usp0005rge,2014-11-07T00:52:51.063Z,"154 km SW of Abepura, Indonesia",earthquake,,,,2,reviewed,us,us
1993-04-20T13:19:08.250Z,2.619,95.981,22.7,4.8,mb,,,,1.1,us,usp0005rg6,2014-11-07T00:52:51.033Z,"46 km WNW of Sinabang, Indonesia",earthquake,,,,13,reviewed,us,us
1993-04-20T09:43:02.200Z,4.026,128.404,40.5,4.7,mb,,,,1.2,us,usp0005rfu,2014-11-07T00:52:51.013Z,"257 km N of Tobelo, Indonesia",earthquake,,14,,10,reviewed,us,us
1993-04-19T21:01:48.940Z,4.015,128.204,23.6,6.8,mw,,,,1.2,us,usp0005reu,2022-04-28T18:17:01.646Z,"253 km N of Tobelo, Indonesia",earthquake,,,,,reviewed,us,hrv
1993-04-19T15:55:30.560Z,1.181,122.615,23.8,4.8,mb,,,,1.3,us,usp0005rec,2014-11-07T00:52:50.624Z,"86 km NW of Gorontalo, Indonesia",earthquake,,,,18,reviewed,us,us
1993-04-19T14:01:25.880Z,-1.691,135.368,33,4.9,mb,,,,0.9,us,usp0005re9,2014-11-07T00:52:50.505Z,"95 km SW of Insrom, Indonesia",earthquake,,,,19,reviewed,us,us
1993-04-19T13:02:42.930Z,-7.841,117.923,33,3.9,mb,,,,1,us,usp0005re5,2014-11-07T00:52:50.466Z,"79 km NE of Pototano, Indonesia",earthquake,,,,3,reviewed,us,us
1993-04-19T01:44:28.710Z,0.633,128.287,33,4.6,mb,,,,0.9,us,usp0005rdc,2014-11-07T00:52:50.411Z,"81 km E of Sofifi, Indonesia",earthquake,,,,4,reviewed,us,us
1993-04-18T17:04:06.200Z,-7.046,127.39,309.1,5.2,mb,,,,0.9,us,usp0005rcs,2014-11-07T00:52:50.343Z,"168 km NNE of Lospalos, Timor Leste",earthquake,,,,55,reviewed,us,us
1993-04-17T15:48:22.640Z,-7.594,107.235,108,4.6,mb,,,,1.4,us,usp0005rb4,2014-11-07T00:52:49.923Z,"49 km SSW of Banjar, Indonesia",earthquake,,17.3,,5,reviewed,us,us
1993-04-17T12:06:50.570Z,3.183,124.272,366.7,4.6,mb,,,,1,us,usp0005rav,2014-11-07T00:52:49.885Z,"198 km NNW of Manado, Indonesia",earthquake,,16,,6,reviewed,us,us
1993-04-17T02:34:10.200Z,-1.741,135.369,33,5,mb,,,,1,us,usp0005rab,2014-11-07T00:52:49.838Z,"98 km SW of Insrom, Indonesia",earthquake,,,,19,reviewed,us,us
1993-04-16T20:55:36.710Z,-1.69,135.457,33,4.9,mb,,,,1.3,us,usp0005r9z,2014-11-07T00:52:49.809Z,"87 km SW of Insrom, Indonesia",earthquake,,,,6,reviewed,us,us
1993-04-16T20:50:19.380Z,-1.641,135.474,19,5.2,mb,,,,0.9,us,usp0005r9y,2022-04-28T18:16:33.235Z,"82 km SW of Insrom, Indonesia",earthquake,,,,35,reviewed,us,us
1993-04-16T18:41:26.630Z,-7.479,128.517,176.1,4.4,mb,,,,1.4,us,usp0005r9t,2014-11-07T00:52:49.787Z,"203 km NE of Lospalos, Timor Leste",earthquake,,12.9,,2,reviewed,us,us
1993-04-16T15:12:28.250Z,-1.667,135.434,30.1,5.2,mb,,,,1.1,us,usp0005r9n,2022-04-28T18:16:31.749Z,"88 km SW of Insrom, Indonesia",earthquake,,,,35,reviewed,us,us
1993-04-16T14:21:54.070Z,3.284,127.701,161.9,4.8,mb,,,,0.5,us,usp0005r9g,2014-11-07T00:52:49.765Z,"175 km NNW of Tobelo, Indonesia",earthquake,,11.5,,3,reviewed,us,us
1993-04-15T09:03:32.560Z,-6.949,129.584,145.2,4.3,mb,,,,0.8,us,usp0005r76,2014-11-07T00:52:49.245Z,"Banda Sea",earthquake,,24.6,,2,reviewed,us,us
1993-04-14T17:55:00.640Z,-5.18,131.111,74,4.2,mb,,,,1.5,us,usp0005r61,2014-11-07T00:52:49.147Z,"188 km WNW of Tual, Indonesia",earthquake,,14.2,,1,reviewed,us,us
1993-04-13T20:07:16.690Z,1.196,126.518,45.2,5.8,mw,,,,1.1,us,usp0005r4a,2022-04-28T18:16:01.980Z,"106 km WNW of Ternate, Indonesia",earthquake,,4,,,reviewed,us,hrv
1993-04-13T19:28:52.850Z,1.029,122.499,33,4.6,mb,,,,0.9,us,usp0005r48,2014-11-07T00:52:48.923Z,"82 km NW of Gorontalo, Indonesia",earthquake,,,,3,reviewed,us,us
1993-04-13T19:27:50.710Z,1.265,122.483,33,4.5,mb,,,,1.4,us,usp0005r47,2014-11-07T00:52:48.921Z,"103 km NW of Gorontalo, Indonesia",earthquake,,,,4,reviewed,us,us
1993-04-13T14:34:50.430Z,-8.761,119.572,106.5,4.9,mb,,,,1.4,us,usp0005r3x,2014-11-07T00:52:48.888Z,"20 km SSE of Komodo, Indonesia",earthquake,,13.9,,15,reviewed,us,us
1993-04-12T12:24:44.850Z,3.503,124.488,306.4,4.7,mb,,,,1.2,us,usp0005r2e,2014-11-07T00:52:48.724Z,"227 km N of Manado, Indonesia",earthquake,,,,30,reviewed,us,us
1993-04-12T12:22:36.910Z,-4.069,133.534,33,4,mb,,,,1.5,us,usp0005r2d,2014-11-07T00:52:48.722Z,"193 km NNE of Tual, Indonesia",earthquake,,,,1,reviewed,us,us
1993-04-12T11:25:54.740Z,-6.648,130.437,36.6,5.2,ms,,,,1.2,us,usp0005r2b,2014-11-07T00:52:48.715Z,"279 km WSW of Tual, Indonesia",earthquake,,7.2,,1,reviewed,us,us
1993-04-11T17:17:14.740Z,-8.319,108.181,77.4,4.4,mb,,,,1.1,us,usp0005r10,2014-11-07T00:52:48.606Z,"104 km S of Kawalu, Indonesia",earthquake,,16,,3,reviewed,us,us
1993-04-11T11:18:30.370Z,0.833,123.825,283.6,5.4,mw,,,,1.1,us,usp0005r0q,2025-12-19T22:54:22.226Z,"90 km ENE of Gorontalo, Indonesia",earthquake,,,,,reviewed,us,hrv
1993-04-11T07:11:59.310Z,1.327,126.156,73,4.7,mb,,,,1,us,usp0005r0d,2014-11-07T00:52:48.521Z,"132 km E of Laikit, Laikit II (Dimembe), Indonesia",earthquake,,23.2,,6,reviewed,us,us
1993-04-11T05:08:09.580Z,1.369,126.183,57.8,5.3,mw,,,,1.1,us,usp0005r06,2025-12-19T22:54:21.553Z,"135 km E of Laikit, Laikit II (Dimembe), Indonesia",earthquake,,6.1,,,reviewed,us,hrv
1993-04-10T17:58:07.250Z,-8.387,111.254,88.2,5,mb,,,,1.1,us,usp0005qzf,2014-11-07T00:52:48.288Z,"57 km SSE of Jatiroto, Indonesia",earthquake,,12.7,,12,reviewed,us,us
1993-04-10T15:56:10.440Z,4.007,125.724,139,4.7,mb,,,,0.6,us,usp0005qza,2014-11-07T00:52:48.279Z,"157 km S of Sarangani, Philippines",earthquake,,35.7,,8,reviewed,us,us
1993-04-10T09:12:38.860Z,-0.212,124.385,39.2,5.4,mw,,,,1.2,us,usp0005qyx,2025-12-19T22:54:20.151Z,"168 km ESE of Gorontalo, Indonesia",earthquake,,,,,reviewed,us,hrv
1993-04-10T08:42:49.240Z,-9.052,124.445,33,4.3,mb,,,,1.1,us,usp0005qyw,2014-11-07T00:52:48.231Z,"17 km NNE of Pante Makasar, Timor Leste",earthquake,,,,1,reviewed,us,us
1993-04-10T06:52:41.160Z,-0.214,124.628,90,4.4,mb,,,,0.8,us,usp0005qyq,2014-11-07T00:52:48.216Z,"170 km S of Tomohon, Indonesia",earthquake,,12.6,,5,reviewed,us,us
1993-04-10T00:40:58.970Z,-6.803,125.502,497.4,4.6,mb,,,,0.6,us,usp0005qy2,2014-11-07T00:52:48.167Z,"192 km N of Metinaro, Timor Leste",earthquake,,26.4,,2,reviewed,us,us
1993-04-09T22:16:48.970Z,-9.819,122.8,33,4.9,ms,,,,1.1,us,usp0005qxy,2014-11-07T00:52:48.159Z,"Savu Sea",earthquake,,,,1,reviewed,us,us
1993-04-09T03:35:35.740Z,2.7,128.334,188.8,5,mb,,,,1,us,usp0005qwm,2014-11-07T00:52:48.033Z,"113 km NNE of Tobelo, Indonesia",earthquake,,6.9,,44,reviewed,us,us
1993-04-08T12:49:28.710Z,-4.409,120.124,31,5.4,mw,,,,1.3,us,usp0005qvh,2022-04-28T18:15:32.010Z,"26 km WNW of Watampone, Indonesia",earthquake,,,,,reviewed,us,hrv
1993-04-08T05:56:33.010Z,1.828,126.417,49.5,5.1,mb,,,,1.1,us,usp0005qux,2014-11-07T00:52:47.187Z,"157 km NW of Ternate, Indonesia",earthquake,,6.7,,52,reviewed,us,us
1993-04-07T12:53:21.890Z,1.315,123.116,33,4.9,mb,,,,1.1,us,usp0005qtf,2014-11-07T00:52:47.031Z,"86 km N of Gorontalo, Indonesia",earthquake,,,,11,reviewed,us,us
1993-04-07T00:58:21.600Z,-5.573,102.345,33,4.6,mb,,,,0.4,us,usp0005qsk,2014-11-07T00:52:46.924Z,"196 km S of Bengkulu, Indonesia",earthquake,,,,4,reviewed,us,us
1993-04-06T20:01:45.420Z,2.299,126.615,33,4.8,mb,,,,0.8,us,usp0005qs4,2014-11-07T00:52:46.846Z,"167 km WNW of Tobelo, Indonesia",earthquake,,,,8,reviewed,us,us
1993-04-06T09:03:58.470Z,5.652,126.542,110.9,4.9,mb,,,,1.1,us,usp0005qr6,2014-11-07T00:52:46.684Z,"88 km SSE of Pondaguitan, Philippines",earthquake,,8.2,,16,reviewed,us,us
1993-04-06T02:47:14.470Z,-8.844,125.604,22.1,4.8,mb,,,,1.2,us,usp0005qqu,2014-11-07T00:52:46.617Z,"13 km SSE of Aileu, Timor Leste",earthquake,,,,16,reviewed,us,us
1993-04-04T22:58:25.140Z,-9.329,107.322,33,4.8,mb,,,,1.3,us,usp0005qnt,2014-11-07T00:52:45.915Z,"235 km SSW of Singaparna, Indonesia",earthquake,,,,9,reviewed,us,us
1993-04-04T21:46:46.580Z,-7.508,128.295,33,4.9,mb,,,,1,us,usp0005qnq,2014-11-07T00:52:45.897Z,"181 km NE of Lospalos, Timor Leste",earthquake,,,,13,reviewed,us,us
1993-04-04T09:36:54.340Z,-8.688,121.452,235.8,4.5,mb,,,,1.3,us,usp0005qn2,2014-11-07T00:52:45.634Z,"28 km NW of Ende, Indonesia",earthquake,,28.5,,5,reviewed,us,us
1993-04-04T02:52:24.720Z,-7.567,128.548,53,4,mb,,,,1.2,us,usp0005qmn,2014-11-07T00:52:45.525Z,"200 km ENE of Lospalos, Timor Leste",earthquake,,34,,1,reviewed,us,us
1993-04-03T22:19:00.300Z,-9.494,111.938,33,4.3,mb,,,,0.9,us,usp0005qmb,2014-11-07T00:52:45.480Z,"152 km S of Boyolangu, Indonesia",earthquake,,,,3,reviewed,us,us
1993-04-03T19:32:09.570Z,-8.738,118.262,33,4.5,mb,,,,1.3,us,usp0005qm5,2014-11-07T00:52:45.446Z,"31 km SW of Dompu, Indonesia",earthquake,,,,7,reviewed,us,us
1993-04-03T19:01:27.320Z,-2.678,138.632,33,4.8,mb,,,,1.1,us,usp0005qm3,2014-11-07T00:52:45.437Z,"222 km W of Abepura, Indonesia",earthquake,,,,5,reviewed,us,us
1993-04-03T16:02:42.600Z,-7.063,130.065,135.9,4.2,mb,,,,1.3,us,usp0005qkz,2014-11-07T00:52:45.406Z,"Pulau Pulau Tanimbar, Indonesia",earthquake,,31.4,,2,reviewed,us,us
1993-04-03T05:26:56.870Z,-7.448,127.535,109,4.4,mb,,,,0.7,us,usp0005qk8,2014-11-07T00:52:45.224Z,"132 km NNE of Lospalos, Timor Leste",earthquake,,16,,5,reviewed,us,us
1993-04-02T15:37:42.450Z,0.073,120.495,82.2,5,mb,,,,0.9,us,usp0005qj7,2014-11-07T00:52:44.699Z,"128 km NNE of Palu, Indonesia",earthquake,,11.3,,16,reviewed,us,us
1993-04-01T18:07:11.970Z,3.074,128.395,26.8,4.9,mb,,,,0.9,us,usp0005qgs,2014-11-07T00:52:43.598Z,"154 km NNE of Tobelo, Indonesia",earthquake,,,,10,reviewed,us,us
1993-04-01T09:10:57.330Z,-8.51,120.766,206.9,4.6,mb,,,,0.9,us,usp0005qg1,2014-11-07T00:52:42.985Z,"35 km ENE of Ruteng, Indonesia",earthquake,,14.1,,3,reviewed,us,us
1993-03-31T15:28:14.830Z,-9.178,125.989,74.9,4.7,mb,,,,1.3,us,usp0005qf3,2014-11-07T00:52:40.739Z,"42 km ESE of Same, Timor Leste",earthquake,,24.9,,6,reviewed,us,us
1993-03-30T12:28:02.290Z,-9.975,113.763,33,4.8,mb,,,,0.8,us,usp0005qd2,2014-11-07T00:52:40.460Z,"179 km SSW of Gambiran Satu, Indonesia",earthquake,,,,10,reviewed,us,us
1993-03-29T20:23:57.390Z,1.063,127.005,67,4.7,mb,,,,1,us,usp0005qbz,2014-11-07T00:52:40.274Z,"51 km NW of Ternate, Indonesia",earthquake,,8.6,,6,reviewed,us,us
1993-03-29T14:34:00.180Z,1.687,125.132,132.9,4.6,mb,,,,0.7,us,usp0005qbg,2014-11-07T00:52:40.220Z,"28 km NE of Laikit, Laikit II (Dimembe), Indonesia",earthquake,,40.1,,3,reviewed,us,us
1993-03-28T11:05:38.500Z,-9.738,129.19,219.1,4.1,mb,,,,0.7,us,usp0005q8q,2014-11-07T00:52:39.728Z,"273 km NW of Wurrumiyanga, Australia",earthquake,,16,,2,reviewed,us,us
1993-03-27T18:15:37.870Z,2.273,127.126,60.2,5.1,mb,,,,0.8,us,usp0005q7e,2014-11-07T00:52:39.628Z,"115 km WNW of Tobelo, Indonesia",earthquake,,14.4,,13,reviewed,us,us
1993-03-27T07:23:30.730Z,0.872,125.412,24.7,4.9,mb,,,,1.2,us,usp0005q6u,2014-11-07T00:52:39.559Z,"73 km SE of Tondano, Indonesia",earthquake,,,,6,reviewed,us,us
1993-03-27T06:14:59.170Z,1.195,126.894,134,5.1,mb,,,,1,us,usp0005q6p,2014-11-07T00:52:39.544Z,"70 km NW of Ternate, Indonesia",earthquake,,39.2,,5,reviewed,us,us
1993-03-26T01:38:04.290Z,-6.441,125.549,554.8,5,mb,,,,0.2,us,usp0005q4v,2014-11-07T00:52:39.065Z,"232 km N of Metinaro, Timor Leste",earthquake,,57.2,,4,reviewed,us,us
1993-03-26T01:10:49.260Z,1.119,129.05,33,5.2,mw,,,,1.2,us,usp0005q4r,2022-04-28T18:19:32.511Z,"133 km ESE of Tobelo, Indonesia",earthquake,,,,,reviewed,us,hrv
1993-03-26T00:03:43.670Z,2.81,128.541,214.1,5,mb,,,,0.9,us,usp0005q4k,2014-11-07T00:52:39.040Z,"133 km NNE of Tobelo, Indonesia",earthquake,,19.9,,18,reviewed,us,us
1993-03-25T18:50:21.790Z,-8.939,128.381,217.1,4.9,mb,,,,1.2,us,usp0005q44,2014-11-07T00:52:38.574Z,"158 km ESE of Lospalos, Timor Leste",earthquake,,27.6,,4,reviewed,us,us
1993-03-25T17:15:59.750Z,1.118,129.14,20.3,5.3,mw,,,,1.1,us,usp0005q41,2022-04-28T18:19:31.422Z,"142 km ESE of Tobelo, Indonesia",earthquake,,,,,reviewed,us,hrv
1993-03-25T17:10:18.270Z,0.943,128.996,33,4.9,mb,,,,1.2,us,usp0005q40,2014-11-07T00:52:38.560Z,"139 km SE of Tobelo, Indonesia",earthquake,,,,13,reviewed,us,us
1993-03-25T09:56:01.760Z,-8.452,119.815,146.5,4.9,mb,,,,1.1,us,usp0005q3d,2014-11-07T00:52:38.459Z,"9 km WNW of Labuan Bajo, Indonesia",earthquake,,10.2,,3,reviewed,us,us
1993-03-25T09:37:34.310Z,-7.161,129.64,137.4,4.4,mb,,,,0.7,us,usp0005q3b,2014-11-07T00:52:38.456Z,"Kepulauan Babar, Indonesia",earthquake,,6.5,,6,reviewed,us,us
1993-03-24T08:55:37.410Z,-2.659,140.307,33,4.8,mb,,,,1.1,us,usp0005q1g,2014-11-07T00:52:38.217Z,"36 km W of Abepura, Indonesia",earthquake,,,,6,reviewed,us,us
1993-03-24T01:40:32.100Z,-7.078,129.005,33,5.2,mb,,,,1.1,us,usp0005q0r,2014-11-07T00:52:38.162Z,"272 km NE of Lospalos, Timor Leste",earthquake,,,,7,reviewed,us,us
1993-03-23T22:26:22.420Z,-1.818,135.338,33,4.9,mb,,,,1,us,usp0005q0h,2014-11-07T00:52:38.144Z,"107 km SW of Insrom, Indonesia",earthquake,,,,7,reviewed,us,us
1993-03-23T15:34:10.180Z,0.863,119.717,33,4.7,mb,,,,1.2,us,usp0005q05,2014-11-07T00:52:38.118Z,"196 km N of Palu, Indonesia",earthquake,,,,6,reviewed,us,us
1993-03-23T15:25:19.480Z,-7.256,99.095,33,4.8,mb,,,,1.3,us,usp0005q03,2014-11-07T00:52:38.115Z,"southwest of Sumatra, Indonesia",earthquake,,,,5,reviewed,us,us
1993-03-23T11:32:18.580Z,-1.604,135.497,33,4.9,mb,,,,1.5,us,usp0005pzv,2014-11-07T00:52:38.100Z,"78 km SW of Insrom, Indonesia",earthquake,,,,7,reviewed,us,us
1993-03-23T08:49:25.850Z,-7.182,129.442,102.1,4.3,mb,,,,0.9,us,usp0005pzp,2014-11-07T00:52:38.034Z,"Kepulauan Babar, Indonesia",earthquake,,36.9,,1,reviewed,us,us
1993-03-23T06:49:19.150Z,-1.746,135.168,33,4.1,mb,,,,1.3,us,usp0005pzg,2014-11-07T00:52:38.020Z,"116 km SW of Insrom, Indonesia",earthquake,,,,4,reviewed,us,us
1993-03-22T05:24:56.030Z,-8.664,110.882,52.4,5.1,mb,,,,1.1,us,usp0005pxy,2014-11-07T00:52:37.735Z,"90 km SSW of Jatiroto, Indonesia",earthquake,,,,43,reviewed,us,us
1993-03-21T17:09:39.010Z,-8.707,129.52,33,4.5,mb,,,,1.2,us,usp0005px4,2014-11-07T00:52:37.673Z,"278 km E of Lospalos, Timor Leste",earthquake,,,,3,reviewed,us,us
1993-03-20T22:46:45.260Z,1.19,122.874,33,4.6,mb,,,,1.4,us,usp0005pvv,2014-11-07T00:52:37.401Z,"75 km NNW of Gorontalo, Indonesia",earthquake,,,,4,reviewed,us,us
1993-03-20T19:08:50.900Z,0.147,123.432,151.6,5.2,mb,,,,1.2,us,usp0005pvg,2014-11-07T00:52:37.349Z,"59 km SE of Gorontalo, Indonesia",earthquake,,,,60,reviewed,us,us
1993-03-20T10:08:10.810Z,-1.556,99.007,22.7,5.4,ms,,,,1,us,usp0005pur,2022-04-28T18:19:02.180Z,"161 km SW of Pariaman, Indonesia",earthquake,,,,11,reviewed,us,us
1993-03-19T16:25:22.610Z,0.409,126.262,33,5,mb,,,,1.1,us,usp0005ptj,2014-11-07T00:52:36.918Z,"131 km WSW of Ternate, Indonesia",earthquake,,,,19,reviewed,us,us
1993-03-19T12:02:08.490Z,-2.659,102.222,171.4,4.3,mb,,,,0.5,us,usp0005pt1,2014-11-07T00:52:36.834Z,"95 km NNW of Curup, Indonesia",earthquake,,8,,2,reviewed,us,us
1993-03-18T23:43:27.340Z,-6.549,130.322,117.4,4.7,mb,,,,1.3,us,usp0005ps7,2014-11-07T00:52:36.694Z,"287 km WSW of Tual, Indonesia",earthquake,,10.5,,6,reviewed,us,us
1993-03-18T14:50:09.220Z,3.347,128.206,152.8,4.9,mb,,,,1.2,us,usp0005prj,2014-11-07T00:52:36.582Z,"180 km N of Tobelo, Indonesia",earthquake,,10,,14,reviewed,us,us
1993-03-18T07:00:06.080Z,-7.19,129.326,104.1,4.5,mb,,,,1.4,us,usp0005pqr,2014-11-07T00:52:36.252Z,"295 km ENE of Lospalos, Timor Leste",earthquake,,28.1,,5,reviewed,us,us
1993-03-18T05:37:09.740Z,-8.63,120.643,33,4.8,mb,,,,1.6,us,usp0005pqk,2014-11-07T00:52:36.244Z,"19 km E of Ruteng, Indonesia",earthquake,,,,11,reviewed,us,us
1993-03-17T22:45:06.560Z,-7.941,104.024,33,4.3,mb,,,,0.9,us,usp0005pq1,2014-11-07T00:52:36.203Z,"263 km SW of Labuan, Indonesia",earthquake,,,,2,reviewed,us,us
1993-03-17T22:40:10.730Z,4.099,124.793,320,4.5,mb,,,,1.2,us,usp0005pq0,2014-11-07T00:52:36.201Z,"162 km SSW of Sarangani, Philippines",earthquake,,9,,11,reviewed,us,us
1993-03-17T17:50:33.510Z,-7.769,108.042,96.2,4.9,mb,,,,1.2,us,usp0005ppm,2014-11-07T00:52:36.173Z,"46 km SSW of Kawalu, Indonesia",earthquake,,10.2,,10,reviewed,us,us
1993-03-17T14:48:34.510Z,2.592,127.712,102.3,4.9,mb,,,,1.1,us,usp0005ppd,2014-11-07T00:52:36.140Z,"101 km NNW of Tobelo, Indonesia",earthquake,,11.8,,7,reviewed,us,us
1993-03-16T16:11:00.360Z,-9.314,119.244,55.5,4.8,mb,,,,1,us,usp0005pmj,2014-11-07T00:52:35.891Z,"84 km SSW of Komodo, Indonesia",earthquake,,10.2,,17,reviewed,us,us
1993-03-16T14:15:07.370Z,-6.848,102.354,30.4,4.5,mb,,,,1.2,us,usp0005pmf,2014-11-07T00:52:35.884Z,"southwest of Sumatra, Indonesia",earthquake,,,,4,reviewed,us,us
1993-03-16T13:03:07.070Z,0.527,126.145,56.7,5.3,mw,,,,1.1,us,usp0005pmc,2022-04-28T18:18:43.744Z,"140 km WSW of Ternate, Indonesia",earthquake,,,,,reviewed,us,hrv
1993-03-16T04:47:51.960Z,-8.092,122.464,33,4.1,mb,,,,1.1,us,usp0005pkc,2014-11-07T00:52:35.780Z,"64 km NNE of Maumere, Indonesia",earthquake,,,,2,reviewed,us,us
1993-03-15T04:15:35.550Z,-7.292,106.796,73.5,5.1,mb,,,,1.4,us,usp0005phe,2014-11-07T00:52:35.541Z,"43 km SE of Pelabuhanratu, Indonesia",earthquake,,14.1,,17,reviewed,us,us
1993-03-14T23:40:11.510Z,1.32,97.707,19.4,4.9,mb,,,,1,us,usp0005ph5,2014-11-07T00:52:35.484Z,"107 km S of Singkil, Indonesia",earthquake,,,,24,reviewed,us,us
1993-03-14T18:28:46.900Z,-7.135,128.274,33,4.2,mb,,,,0.7,us,usp0005pgq,2014-11-07T00:52:35.447Z,"208 km NE of Lospalos, Timor Leste",earthquake,,,,1,reviewed,us,us
1993-03-14T10:01:58.460Z,-9.792,117.964,33,3.5,mb,,,,1.4,us,usp0005pg8,2014-11-07T00:52:35.392Z,"149 km SSW of Dompu, Indonesia",earthquake,,,,1,reviewed,us,us
1993-03-14T00:38:31.020Z,-5.748,126.598,33,5.1,mb,,,,1.5,us,usp0005pfm,2014-11-07T00:52:35.331Z,"287 km SW of Ambon, Indonesia",earthquake,,,,7,reviewed,us,us
1993-03-13T15:12:03.560Z,-6.094,105.004,33,4.9,mb,,,,0.6,us,usp0005pf3,2014-11-07T00:52:35.234Z,"78 km SSW of Bandar Lampung, Indonesia",earthquake,,,,4,reviewed,us,us
1993-03-13T10:02:33.000Z,-8.684,118.523,112.1,3.8,mb,,,,0.7,us,usp0005per,2014-11-07T00:52:35.182Z,"17 km SSE of Dompu, Indonesia",earthquake,,28.8,,1,reviewed,us,us
1993-03-13T04:00:51.680Z,-6.718,103.372,33,4.7,mb,,,,0.4,us,usp0005pe1,2014-11-07T00:52:35.093Z,"253 km SW of Bandar Lampung, Indonesia",earthquake,,,,2,reviewed,us,us
1993-03-12T04:58:43.410Z,-6.646,128.307,273.3,4.7,mb,,,,1.2,us,usp0005pcg,2014-11-07T00:52:34.838Z,"252 km NE of Lospalos, Timor Leste",earthquake,,19.7,,13,reviewed,us,us
1993-03-11T14:34:07.780Z,5.269,126.226,33,4.6,mb,,,,0.6,us,usp0005pb3,2014-11-07T00:52:34.652Z,"85 km E of Sarangani, Philippines",earthquake,,,,5,reviewed,us,us
1993-03-11T01:03:44.780Z,-10.008,118.101,33,4.6,mb,,,,0.6,us,usp0005pa3,2014-11-07T00:52:34.557Z,"167 km SSW of Dompu, Indonesia",earthquake,,,,1,reviewed,us,us
1993-03-10T20:26:38.050Z,-7.755,126.371,33,4.9,mb,,,,1.4,us,usp0005p9t,2014-11-07T00:52:34.401Z,"80 km N of Baukau, Timor Leste",earthquake,,,,4,reviewed,us,us
1993-03-10T16:09:38.400Z,-9.024,115.06,86.4,4.9,mb,,,,1.4,us,usp0005p9a,2014-11-07T00:52:34.330Z,"28 km SSW of Jimbaran, Indonesia",earthquake,,12.9,,7,reviewed,us,us
1993-03-10T13:33:12.320Z,5.94,126.16,72.7,5.2,mb,,,,1,us,usp0005p96,2014-11-07T00:52:34.306Z,"46 km S of Pondaguitan, Philippines",earthquake,,3.9,,57,reviewed,us,us
1993-03-10T13:21:20.810Z,-4.299,135.607,33,5.2,mb,,,,1.1,us,usp0005p93,2014-11-07T00:52:34.293Z,"104 km S of Nabire, Indonesia",earthquake,,,,31,reviewed,us,us
1993-03-08T21:50:41.720Z,-6.706,131.616,26.3,5.5,mw,,,,1.1,us,usp0005p6k,2022-04-28T18:17:59.805Z,"173 km SW of Tual, Indonesia",earthquake,,,,,reviewed,us,hrv
1993-03-08T15:30:08.470Z,-8.948,123.944,80.3,5,mb,,,,1.3,us,usp0005p66,2014-11-07T00:52:33.697Z,"55 km WNW of Pante Makasar, Timor Leste",earthquake,,,,22,reviewed,us,us
1993-03-07T07:11:49.960Z,-1.16,127.027,33,4.7,mb,,,,0.6,us,usp0005p46,2014-11-07T00:52:33.141Z,"217 km SSW of Sofifi, Indonesia",earthquake,,,,2,reviewed,us,us
1993-03-05T17:48:57.060Z,-8.27,122.527,33,4.9,mb,,,,1.1,us,usp0005p1f,2014-11-07T00:52:32.475Z,"52 km NE of Maumere, Indonesia",earthquake,,,,7,reviewed,us,us
1993-03-02T20:20:19.540Z,-8.774,119.321,98.9,4.9,mb,,,,0.8,us,usp0005nwj,2014-11-07T00:52:31.057Z,"27 km SW of Komodo, Indonesia",earthquake,,16.7,,4,reviewed,us,us
1993-03-02T10:22:49.110Z,-6.455,106.655,123.6,4.5,mb,,,,0.9,us,usp0005nvp,2014-11-07T00:52:30.916Z,"9 km WSW of Parung, Indonesia",earthquake,,14.4,,5,reviewed,us,us
1993-03-02T10:17:45.060Z,-8.935,105.66,33,5.1,mb,,,,0.7,us,usp0005nvn,2014-11-07T00:52:30.913Z,"236 km SSW of Pelabuhanratu, Indonesia",earthquake,,,,2,reviewed,us,us
1993-03-02T00:23:59.640Z,-8.294,122.303,14.6,5.9,mwb,,,,1.1,us,usp0005nuu,2022-04-28T18:17:28.645Z,"37 km NNE of Maumere, Indonesia",earthquake,,,,,reviewed,us,us
1993-03-01T01:39:27.880Z,-3.744,138.536,88.8,6.2,mwb,,,,1,us,usp0005nte,2022-04-28T18:17:27.487Z,"265 km WSW of Abepura, Indonesia",earthquake,,,,,reviewed,us,us
1993-02-27T19:23:28.260Z,-3.254,130.45,33,4.8,mb,,,,1,us,usp0005nrt,2014-11-07T00:52:27.647Z,"170 km E of Amahai, Indonesia",earthquake,,,,12,reviewed,us,us
1993-02-27T07:33:37.560Z,-6.69,131.344,33,5,mb,,,,0.9,us,usp0005nr9,2014-11-07T00:52:27.576Z,"195 km SW of Tual, Indonesia",earthquake,,,,18,reviewed,us,us
1993-02-26T16:55:33.920Z,-2.71,102.19,145.7,4.9,mb,,,,0.8,us,usp0005nq9,2014-11-07T00:52:27.450Z,"91 km NNW of Curup, Indonesia",earthquake,,11.1,,24,reviewed,us,us
1993-02-26T10:00:58.320Z,-8.069,119.946,178.5,4.8,mb,,,,0.8,us,usp0005npu,2014-11-07T00:52:27.420Z,"47 km N of Labuan Bajo, Indonesia",earthquake,,26.3,,6,reviewed,us,us
1993-02-24T02:44:44.930Z,1.273,129.392,33,5.3,mw,,,,1.1,us,usp0005nk7,2025-12-19T22:55:20.997Z,"161 km ESE of Tobelo, Indonesia",earthquake,,,,,reviewed,us,hrv
1993-02-24T01:58:08.210Z,1.168,129.382,31.6,5,mb,,,,1.2,us,usp0005nk5,2014-11-07T00:52:26.889Z,"164 km ESE of Tobelo, Indonesia",earthquake,,,,11,reviewed,us,us
1993-02-23T13:31:29.440Z,-8.64,123.205,89,5.3,mb,,,,1.2,us,usp0005nj8,2014-11-07T00:52:26.798Z,"109 km E of Maumere, Indonesia",earthquake,,27.3,,11,reviewed,us,us
1993-02-21T18:58:17.550Z,2.447,128.339,159.8,5.2,mb,,,,0.9,us,usp0005nf5,2014-11-07T00:52:26.322Z,"87 km NNE of Tobelo, Indonesia",earthquake,,,,63,reviewed,us,us
1993-02-21T07:13:20.120Z,-6.726,127.636,368.3,5.7,mw,,,,0.9,us,usp0005ne1,2022-04-28T18:21:02.054Z,"210 km NNE of Lospalos, Timor Leste",earthquake,,,,,reviewed,us,hrv
1993-02-19T21:51:24.950Z,5.776,126.204,123,4.7,mb,,,,1.1,us,usp0005nc0,2014-11-07T00:52:25.649Z,"62 km ESE of Mangili, Philippines",earthquake,,9.7,,20,reviewed,us,us
1993-02-19T15:42:33.120Z,-6.625,130.594,33,5,mb,,,,1.2,us,usp0005nbk,2014-11-07T00:52:25.298Z,"263 km WSW of Tual, Indonesia",earthquake,,,,12,reviewed,us,us
1993-02-19T14:08:41.660Z,2.058,97.264,23.4,4.8,mb,,,,1.1,us,usp0005nbd,2014-11-07T00:52:25.285Z,"63 km WSW of Singkil, Indonesia",earthquake,,,,17,reviewed,us,us
1993-02-19T11:22:22.090Z,-10.32,120.289,33,4.6,mb,,,,0.7,us,usp0005nb6,2014-11-07T00:52:25.272Z,"73 km S of Waingapu, Indonesia",earthquake,,,,5,reviewed,us,us
1993-02-18T17:09:37.860Z,-7.311,133.382,33,4.5,mb,,,,1.1,us,usp0005n9u,2014-11-07T00:52:25.109Z,"198 km SSE of Tual, Indonesia",earthquake,,,,6,reviewed,us,us
1993-02-18T04:37:39.350Z,-1.022,127.567,29.2,4.8,mb,,,,0.7,us,usp0005n8z,2014-11-07T00:52:24.987Z,"194 km S of Sofifi, Indonesia",earthquake,,,,8,reviewed,us,us
1993-02-17T16:38:43.050Z,-3.34,137.093,83.8,4.5,mb,,,,1,us,usp0005n85,2014-11-07T00:52:24.918Z,"176 km E of Nabire, Indonesia",earthquake,,14.5,,1,reviewed,us,us
1993-02-17T05:59:49.260Z,-7.784,117.392,280.1,5.2,mw,,,,1.1,us,usp0005n7b,2025-12-19T22:55:18.603Z,"70 km N of Pototano, Indonesia",earthquake,,,,,reviewed,us,hrv
1993-02-16T14:56:46.870Z,-9.59,120.253,33,4.2,mb,,,,0.6,us,usp0005n6d,2014-11-07T00:52:24.724Z,"7 km N of Waingapu, Indonesia",earthquake,,,,2,reviewed,us,us
1993-02-15T03:25:35.420Z,3.71,123.957,425.5,4.8,mb,,,,0.6,us,usp0005n3u,2014-11-07T00:52:24.368Z,"251 km SW of Sarangani, Philippines",earthquake,,19.3,,8,reviewed,us,us
1993-02-15T00:18:05.420Z,-7.712,129.725,33,5.2,mb,,,,0.9,us,usp0005n3n,2014-11-07T00:52:24.332Z,"Kepulauan Babar, Indonesia",earthquake,,,,9,reviewed,us,us
1993-02-15T00:15:01.250Z,-7.889,129.651,33,4.9,mb,,,,1.2,us,usp0005n3m,2014-11-07T00:52:24.326Z,"Kepulauan Babar, Indonesia",earthquake,,,,12,reviewed,us,us
1993-02-14T20:02:10.770Z,-8.656,122.082,33,4.1,mb,,,,1.4,us,usp0005n3e,2014-11-07T00:52:24.303Z,"14 km WSW of Maumere, Indonesia",earthquake,,,,1,reviewed,us,us
1993-02-14T05:51:05.220Z,-7.573,134.27,33,4.9,mb,,,,1.5,us,usp0005n21,2014-11-07T00:52:24.166Z,"272 km SE of Tual, Indonesia",earthquake,,,,5,reviewed,us,us
1993-02-12T14:13:11.210Z,4.028,126.665,39.2,5,mb,,,,1.2,us,usp0005mzf,2014-11-07T00:52:23.778Z,"202 km SE of Sarangani, Philippines",earthquake,,,,40,reviewed,us,us
1993-02-12T13:08:31.280Z,4.046,126.64,33,4.8,mb,,,,0.7,us,usp0005mz9,2014-11-07T00:52:23.765Z,"198 km SE of Sarangani, Philippines",earthquake,,,,10,reviewed,us,us
1993-02-12T03:45:23.460Z,-8.704,119.734,117.7,4.6,mb,,,,1.5,us,usp0005mye,2014-11-07T00:52:23.624Z,"28 km SW of Labuan Bajo, Indonesia",earthquake,,24.4,,3,reviewed,us,us
1993-02-10T20:15:26.400Z,-6.573,130.939,78.8,5.1,mb,,,,1.1,us,usp0005mw7,2014-11-07T00:52:23.395Z,"226 km WSW of Tual, Indonesia",earthquake,,14.2,,2,reviewed,us,us
1993-02-10T10:53:07.200Z,-7.745,105.262,32.8,5.8,mw,,,,1.2,us,usp0005mvu,2022-04-28T18:20:02.495Z,"163 km SSW of Labuan, Indonesia",earthquake,,,,,reviewed,us,hrv
1993-02-10T00:47:47.150Z,-3.217,131.41,33,4.5,mb,,,,1,us,usp0005mv7,2014-11-07T00:52:23.281Z,"258 km S of Sorong, Indonesia",earthquake,,,,2,reviewed,us,us
1993-02-09T02:29:51.840Z,2.897,128.779,217,4.5,mb,,,,0.7,us,usp0005mtg,2014-11-07T00:52:22.928Z,"154 km NNE of Tobelo, Indonesia",earthquake,,43.5,,6,reviewed,us,us
1993-02-08T21:28:10.670Z,5.4,126.057,127.5,4.7,mb,,,,0.8,us,usp0005mt7,2014-11-07T00:52:22.888Z,"65 km E of Sarangani, Philippines",earthquake,,16.6,,8,reviewed,us,us
1993-02-08T16:09:27.730Z,-3.675,139.79,33,4.1,mb,,,,1.4,us,usp0005mt2,2014-11-07T00:52:22.877Z,"151 km SW of Abepura, Indonesia",earthquake,,,,1,reviewed,us,us
1993-02-08T05:18:42.980Z,-4.881,101.99,59.9,4.9,mb,,,,0.5,us,usp0005msr,2014-11-07T00:52:22.840Z,"123 km SSW of Bengkulu, Indonesia",earthquake,,17.7,,10,reviewed,us,us
1993-02-08T04:24:47.200Z,-4.834,101.916,29.8,5.7,mw,,,,0.9,us,usp0005msq,2022-04-28T18:19:59.817Z,"120 km SSW of Bengkulu, Indonesia",earthquake,,,,,reviewed,us,hrv
1993-02-08T01:24:57.060Z,-8.944,133.91,33,4.7,mb,,,,0.9,us,usp0005msh,2014-11-07T00:52:22.761Z,"Arafura Sea",earthquake,,,,2,reviewed,us,us
1993-02-07T22:10:30.580Z,-3.242,139.718,114.3,4.9,mb,,,,1.2,us,usp0005msc,2014-11-07T00:52:22.749Z,"124 km SW of Abepura, Indonesia",earthquake,,11.1,,5,reviewed,us,us
1993-02-07T16:31:32.400Z,2.837,128.867,59.8,4.2,mb,,,,0.2,us,usp0005mry,2014-11-07T00:52:22.711Z,"Halmahera, Indonesia",earthquake,,15.8,,2,reviewed,us,us
1993-02-07T16:22:08.070Z,2.821,128.946,44.6,4.9,mb,,,,0.9,us,usp0005mrw,2014-11-07T00:52:22.698Z,"159 km NE of Tobelo, Indonesia",earthquake,,11.6,,11,reviewed,us,us
1993-02-06T14:08:02.280Z,-7.47,133.704,33,4.9,mb,,,,1,us,usp0005mqd,2014-11-07T00:52:21.996Z,"229 km SSE of Tual, Indonesia",earthquake,,,,14,reviewed,us,us
1993-02-05T14:17:29.780Z,2.468,128.349,202.3,4.6,mb,,,,0.4,us,usp0005mp1,2014-11-07T00:52:21.744Z,"90 km NNE of Tobelo, Indonesia",earthquake,,13.4,,7,reviewed,us,us
1993-02-04T13:09:18.250Z,-7.902,134.216,33,4.7,mb,,,,1,us,usp0005mma,2014-11-07T00:52:21.177Z,"298 km SSE of Tual, Indonesia",earthquake,,,,3,reviewed,us,us
1993-02-04T04:23:42.620Z,-3.719,128.174,125.5,4.9,mb,,,,1.1,us,usp0005mkk,2014-11-07T00:52:21.048Z,"2 km SSW of Ambon, Indonesia",earthquake,,8.1,,16,reviewed,us,us
1993-02-04T00:37:29.950Z,-2.905,126.991,33,4,mb,,,,0.4,us,usp0005mka,2014-11-07T00:52:20.948Z,"158 km WNW of Ambon, Indonesia",earthquake,,,,1,reviewed,us,us
1993-02-03T17:54:41.030Z,-3.01,127.004,10,4.5,mb,,,,1.1,us,usp0005mk0,2014-11-07T00:52:20.897Z,"151 km WNW of Ambon, Indonesia",earthquake,,,,3,reviewed,us,us
1993-02-01T23:11:58.620Z,-7.442,127.715,157.1,4.9,mb,,,,0.4,us,usp0005mhf,2014-11-07T00:52:20.140Z,"143 km NNE of Lospalos, Timor Leste",earthquake,,14.2,,6,reviewed,us,us
1993-02-01T16:43:06.220Z,-6.623,130.478,67.5,4.7,mb,,,,0.9,us,usp0005mh4,2014-11-07T00:52:19.959Z,"274 km WSW of Tual, Indonesia",earthquake,,9.8,,12,reviewed,us,us
1993-02-01T02:47:48.540Z,-4.137,136.391,63.8,4.7,mb,,,,0.5,us,usp0005mg7,2014-11-07T00:52:19.128Z,"131 km SE of Nabire, Indonesia",earthquake,,18.1,,2,reviewed,us,us
1993-01-29T19:01:44.410Z,-3.341,136.618,33,5,mb,,,,1,us,usp0005mdk,2014-11-07T00:52:17.190Z,"124 km E of Nabire, Indonesia",earthquake,,,,22,reviewed,us,us
1993-01-28T20:51:54.140Z,-3.202,126.609,33,5.3,mw,,,,1,us,usp0005mcb,2022-04-28T18:24:27.986Z,"183 km WNW of Ambon, Indonesia",earthquake,,,,,reviewed,us,hrv
1993-01-28T18:25:10.200Z,-8.083,129.083,33,5.2,mb,,,,0.9,us,usp0005mc7,2014-11-07T00:52:17.047Z,"234 km ENE of Lospalos, Timor Leste",earthquake,,,,43,reviewed,us,us
1993-01-28T16:12:33.620Z,-6.614,130.352,33,4.7,mb,,,,0.8,us,usp0005mc1,2014-11-07T00:52:17.037Z,"287 km WSW of Tual, Indonesia",earthquake,,,,5,reviewed,us,us
1993-01-28T09:22:25.480Z,-8.346,122.361,33,4.2,mb,,,,1.1,us,usp0005mbg,2014-11-07T00:52:17.004Z,"34 km NNE of Maumere, Indonesia",earthquake,,,,1,reviewed,us,us
1993-01-27T08:21:39.490Z,-6.026,129.828,33,5.1,mb,,,,0.9,us,usp0005ma5,2014-11-07T00:52:16.852Z,"Banda Sea",earthquake,,,,3,reviewed,us,us
1993-01-26T07:28:48.000Z,-7.494,128.609,174.3,4.6,mb,,,,1.1,us,usp0005m8s,2014-11-07T00:52:16.699Z,"210 km ENE of Lospalos, Timor Leste",earthquake,,10.7,,4,reviewed,us,us
1993-01-26T02:35:04.350Z,-6.536,129.133,33,4.8,mb,,,,1.5,us,usp0005m8h,2014-11-07T00:52:16.684Z,"Banda Sea",earthquake,,,,6,reviewed,us,us
1993-01-26T00:54:30.990Z,-7.462,133.765,33,5.2,mb,,,,1.1,us,usp0005m8d,2014-11-07T00:52:16.663Z,"231 km SSE of Tual, Indonesia",earthquake,,,,31,reviewed,us,us
1993-01-25T09:43:16.500Z,0.01,123.953,100.6,4.9,mb,,,,1.3,us,usp0005m7m,2014-11-07T00:52:16.580Z,"115 km ESE of Gorontalo, Indonesia",earthquake,,12.1,,13,reviewed,us,us
1993-01-24T04:08:40.150Z,-6.111,131.494,33,4.8,mb,,,,0.8,us,usp0005m5z,2014-11-07T00:52:16.422Z,"149 km WSW of Tual, Indonesia",earthquake,,,,1,reviewed,us,us
1993-01-22T20:23:29.800Z,-0.503,121.887,33,4.9,mb,,,,0.9,us,usp0005m3q,2014-11-07T00:52:16.156Z,"111 km WNW of Luwuk, Indonesia",earthquake,,,,12,reviewed,us,us
1993-01-22T15:42:49.130Z,-8.225,122.348,33,4.5,mb,,,,1,us,usp0005m3g,2014-11-07T00:52:16.140Z,"46 km NNE of Maumere, Indonesia",earthquake,,,,5,reviewed,us,us
1993-01-22T13:48:41.030Z,-7.424,128.277,70.8,4.9,mb,,,,1.2,us,usp0005m3f,2014-11-07T00:52:16.138Z,"186 km NE of Lospalos, Timor Leste",earthquake,,43,,1,reviewed,us,us
1993-01-22T10:03:46.950Z,-7.075,128.666,33,5.3,mw,,,,1,us,usp0005m37,2022-04-28T18:23:59.249Z,"243 km NE of Lospalos, Timor Leste",earthquake,,,,,reviewed,us,hrv
1993-01-22T02:12:05.750Z,-8.329,121.371,20.3,4.9,mb,,,,1.2,us,usp0005m2p,2014-11-07T00:52:16.063Z,"65 km NNW of Ende, Indonesia",earthquake,,,,23,reviewed,us,us
1993-01-21T14:23:02.450Z,-8.418,121.299,33,5.1,mb,,,,1.3,us,usp0005m20,2014-11-07T00:52:16.008Z,"61 km NW of Ende, Indonesia",earthquake,,,,19,reviewed,us,us
1993-01-21T13:37:30.410Z,-10.323,119.469,33,4,mb,,,,1.4,us,usp0005m1v,2014-11-07T00:52:15.963Z,"114 km SW of Waingapu, Indonesia",earthquake,,,,3,reviewed,us,us
1993-01-21T10:41:13.530Z,-7.632,128.562,33,4.3,mb,,,,1,us,usp0005m1k,2014-11-07T00:52:15.946Z,"198 km ENE of Lospalos, Timor Leste",earthquake,,,,2,reviewed,us,us
1993-01-21T07:09:11.690Z,-8.97,124.043,57.9,4.9,mb,,,,1.3,us,usp0005m14,2014-11-07T00:52:15.905Z,"45 km NW of Pante Makasar, Timor Leste",earthquake,,23.3,,13,reviewed,us,us
1993-01-20T17:31:15.570Z,-7.205,128.566,33,6.4,mw,,,,1.2,us,usp0005m0k,2022-04-28T18:23:47.834Z,"226 km NE of Lospalos, Timor Leste",earthquake,,,,,reviewed,us,hrv
1993-01-20T05:51:11.630Z,-8.279,121.462,33,4.8,mb,,,,1.4,us,usp0005m01,2014-11-07T00:52:15.757Z,"66 km NNW of Ende, Indonesia",earthquake,,,,16,reviewed,us,us
1993-01-20T04:42:05.710Z,-8.33,121.412,33,5,mb,,,,1.4,us,usp0005kzw,2014-11-07T00:52:15.742Z,"63 km NNW of Ende, Indonesia",earthquake,,,,4,reviewed,us,us
1993-01-20T04:34:52.570Z,-8.327,121.334,23.4,5.2,mb,,,,1.2,us,usp0005kzv,2014-11-07T00:52:15.735Z,"67 km NNW of Ende, Indonesia",earthquake,,,,38,reviewed,us,us
1993-01-20T04:08:26.570Z,-8.318,121.377,33,5.8,mw,,,,1.3,us,usp0005kzu,2022-04-28T18:23:41.612Z,"66 km NNW of Ende, Indonesia",earthquake,,,,,reviewed,us,hrv
1993-01-20T02:30:54.730Z,3.144,97.633,67.8,6.2,mwb,,,,1.1,us,usp0005kzq,2022-04-28T18:23:34.592Z,"95 km W of Kabanjahe, Indonesia",earthquake,,,,,reviewed,us,us
1993-01-19T23:06:10.290Z,1.221,126.072,26.5,5.9,mw,,,,1.1,us,usp0005kzf,2022-04-28T18:23:29.251Z,"125 km ESE of Laikit, Laikit II (Dimembe), Indonesia",earthquake,,9.9,,,reviewed,us,hrv
1993-01-19T15:43:02.850Z,-8.662,124.282,89.3,3.9,mb,,,,1.2,us,usp0005kz5,2014-11-07T00:52:15.530Z,"60 km N of Pante Makasar, Timor Leste",earthquake,,21.3,,1,reviewed,us,us
1993-01-19T15:17:16.990Z,-2.077,125.196,34.5,5.6,mb,,,,1.1,us,usp0005kz4,2022-04-28T18:23:27.094Z,"295 km ESE of Luwuk, Indonesia",earthquake,,,,59,reviewed,us,us
1993-01-19T04:55:39.980Z,2.506,125.382,33,4.8,mb,,,,0.3,us,usp0005kyg,2014-11-07T00:52:15.306Z,"121 km NNE of Laikit, Laikit II (Dimembe), Indonesia",earthquake,,,,7,reviewed,us,us
1993-01-16T10:41:47.240Z,-6.536,129.897,137,4.8,mb,,,,1.2,us,usp0005kun,2014-11-07T00:52:14.336Z,"Banda Sea",earthquake,,15.7,,16,reviewed,us,us
1993-01-15T08:21:14.170Z,-7.677,129.306,33,4,mb,,,,0.9,us,usp0005ktc,2014-11-07T00:52:14.119Z,"270 km ENE of Lospalos, Timor Leste",earthquake,,,,1,reviewed,us,us
1993-01-15T02:31:28.550Z,-9.002,120.69,33,4.9,mb,,,,1.7,us,usp0005ksv,2014-11-07T00:52:14.079Z,"49 km SSE of Ruteng, Indonesia",earthquake,,,,4,reviewed,us,us
1993-01-15T00:19:28.850Z,-7.601,104.543,33,4.3,mb,,,,0.7,us,usp0005ksq,2014-11-07T00:52:14.061Z,"196 km SW of Labuan, Indonesia",earthquake,,,,1,reviewed,us,us
1993-01-14T18:44:21.700Z,3.93,125.57,28.4,4.9,mb,,,,1.6,us,usp0005ksh,2014-11-07T00:52:14.024Z,"163 km S of Sarangani, Philippines",earthquake,,12.4,,9,reviewed,us,us
1993-01-14T13:32:27.260Z,-8.595,122.968,24.3,5,mb,,,,1.2,us,usp0005ks1,2014-11-07T00:52:13.974Z,"83 km E of Maumere, Indonesia",earthquake,,,,25,reviewed,us,us
1993-01-14T05:26:27.490Z,-6.625,130.517,32.3,5.2,mb,,,,1,us,usp0005kr8,2014-11-07T00:52:13.903Z,"270 km WSW of Tual, Indonesia",earthquake,,,,36,reviewed,us,us
1993-01-13T08:23:04.260Z,3.262,128.256,73.6,4.8,mb,,,,0.5,us,usp0005kpu,2014-11-07T00:52:13.645Z,"171 km N of Tobelo, Indonesia",earthquake,,28.5,,6,reviewed,us,us
1993-01-12T20:42:22.140Z,4.592,125.441,33,4.8,mb,,,,1,us,usp0005kp2,2014-11-07T00:52:13.558Z,"89 km S of Sarangani, Philippines",earthquake,,,,15,reviewed,us,us
1993-01-12T14:15:27.150Z,-8.134,122.43,24.8,4.9,mb,,,,1.4,us,usp0005knp,2014-11-07T00:52:13.491Z,"58 km NNE of Maumere, Indonesia",earthquake,,,,19,reviewed,us,us
1993-01-12T13:24:24.280Z,-6.008,127.639,397.9,5.4,mw,,,,1,us,usp0005knm,2025-12-19T22:55:29.410Z,"262 km SSW of Ambon, Indonesia",earthquake,,5.1,,,reviewed,us,hrv
1993-01-11T09:30:07.160Z,-6.454,130.549,78.1,4.5,mb,,,,0.7,us,usp0005kkr,2014-11-07T00:52:13.132Z,"260 km WSW of Tual, Indonesia",earthquake,,29.8,,3,reviewed,us,us
1993-01-11T03:53:54.780Z,3,128.373,33,4.6,mb,,,,1.3,us,usp0005kkc,2014-11-07T00:52:13.094Z,"146 km NNE of Tobelo, Indonesia",earthquake,,,,6,reviewed,us,us
1993-01-10T20:51:43.550Z,0.586,125.366,105.5,4.8,mb,,,,0.8,us,usp0005kk0,2014-11-07T00:52:13.051Z,"94 km SSE of Tondano, Indonesia",earthquake,,15.3,,2,reviewed,us,us
1993-01-10T07:20:02.910Z,-9.587,113.078,33,4.2,mb,,,,0.7,us,usp0005kj6,2014-11-07T00:52:12.917Z,"147 km SSW of Kencong, Indonesia",earthquake,,,,2,reviewed,us,us
1993-01-09T07:04:48.300Z,-8.503,122.005,33,4.9,mb,,,,1.1,us,usp0005kh1,2014-11-07T00:52:12.677Z,"26 km WNW of Maumere, Indonesia",earthquake,,,,5,reviewed,us,us
1993-01-08T21:41:17.700Z,-8.316,122.381,122.8,4.8,mb,,,,0.4,us,usp0005kg9,2014-11-07T00:52:12.596Z,"38 km NNE of Maumere, Indonesia",earthquake,,21.6,,2,reviewed,us,us
1993-01-08T17:33:53.940Z,-7.032,129.791,143.9,4.9,mb,,,,1,us,usp0005kg2,2014-11-07T00:52:12.561Z,"Kepulauan Babar, Indonesia",earthquake,,,,24,reviewed,us,us
1993-01-08T11:10:26.510Z,1.289,128.037,152.9,4.8,mb,,,,0.5,us,usp0005kfg,2014-11-07T00:52:12.496Z,"48 km S of Tobelo, Indonesia",earthquake,,13.7,,11,reviewed,us,us
1993-01-08T10:33:40.670Z,5.595,126.747,113.4,4.7,mb,,,,1,us,usp0005kff,2014-11-07T00:52:12.494Z,"105 km SE of Pondaguitan, Philippines",earthquake,,10.2,,6,reviewed,us,us
1993-01-08T03:03:48.930Z,-8.023,107.707,33,4.9,mb,,,,1.2,us,usp0005key,2014-11-07T00:52:12.438Z,"86 km SSW of Singaparna, Indonesia",earthquake,,,,4,reviewed,us,us
1993-01-07T07:44:25.410Z,-8.147,122.766,33,4.7,mb,,,,1.5,us,usp0005kdn,2014-11-07T00:52:12.107Z,"80 km NE of Maumere, Indonesia",earthquake,,,,7,reviewed,us,us
1993-01-05T23:25:28.680Z,-6.412,130.402,62.9,5.1,mb,,,,0.9,us,usp0005kbt,2014-11-07T00:52:11.520Z,"274 km WSW of Tual, Indonesia",earthquake,,,,23,reviewed,us,us
1993-01-05T16:23:16.930Z,-9.191,123.923,33,4.6,mb,,,,1.1,us,usp0005kb6,2014-11-07T00:52:11.216Z,"48 km NNE of Naisano Dua, Indonesia",earthquake,,,,6,reviewed,us,us
1993-01-05T12:28:58.340Z,-4.043,129.523,27.7,4.6,mb,,,,0.9,us,usp0005kaz,2014-11-07T00:52:11.106Z,"102 km SE of Amahai, Indonesia",earthquake,,,,11,reviewed,us,us
1993-01-05T04:53:40.730Z,-4.1,129.551,33,4.8,mb,,,,1,us,usp0005kap,2014-11-07T00:52:11.027Z,"109 km SE of Amahai, Indonesia",earthquake,,,,10,reviewed,us,us
1993-01-04T22:38:45.180Z,-4.561,129.229,71.2,4.7,ms,,,,1.4,us,usp0005ka9,2014-11-07T00:52:10.945Z,"139 km SSE of Amahai, Indonesia",earthquake,,25.9,,1,reviewed,us,us
1993-01-04T11:03:34.160Z,-4.096,129.546,34.3,5.1,mb,,,,1,us,usp0005k9y,2014-11-07T00:52:10.734Z,"108 km SE of Amahai, Indonesia",earthquake,,6.2,,18,reviewed,us,us
1993-01-04T10:28:07.660Z,-4.126,129.548,30.4,5.2,mw,,,,1,us,usp0005k9w,2022-04-28T18:21:39.077Z,"111 km SE of Amahai, Indonesia",earthquake,,,,,reviewed,us,hrv
1993-01-04T10:03:04.490Z,-4.048,102.447,84.2,5.2,mb,,,,1.1,us,usp0005k9u,2014-11-07T00:52:10.657Z,"33 km SE of Bengkulu, Indonesia",earthquake,,7.2,,34,reviewed,us,us
1993-01-04T01:26:17.920Z,3.266,128.094,72.3,5.9,mw,,,,1.2,us,usp0005k97,2022-04-28T18:21:37.297Z,"170 km N of Tobelo, Indonesia",earthquake,,1.9,,,reviewed,us,hrv
1993-01-03T20:01:09.320Z,-4.103,129.632,63.1,5.2,mb,,,,1.3,us,usp0005k92,2014-11-07T00:52:10.342Z,"115 km SE of Amahai, Indonesia",earthquake,,11.6,,24,reviewed,us,us
1993-01-03T18:58:42.360Z,0.114,125.696,58.4,4.7,mb,,,,1.1,us,usp0005k91,2014-11-07T00:52:10.335Z,"157 km SSE of Tondano, Indonesia",earthquake,,14.9,,5,reviewed,us,us
1993-01-03T17:33:26.710Z,-4.146,129.413,27.6,5.2,mb,,,,1.1,us,usp0005k8z,2014-11-07T00:52:10.317Z,"104 km SSE of Amahai, Indonesia",earthquake,,,,13,reviewed,us,us
1993-01-03T17:21:59.230Z,-4.139,129.562,59.9,5.2,mb,,,,1.1,us,usp0005k8y,2014-11-07T00:52:10.301Z,"113 km SE of Amahai, Indonesia",earthquake,,4.4,,24,reviewed,us,us
1993-01-03T17:08:13.820Z,-4.064,129.512,53.7,5.8,mw,,,,1.1,us,usp0005k8x,2022-04-28T18:21:31.389Z,"103 km SE of Amahai, Indonesia",earthquake,,,,,reviewed,us,hrv
1993-01-03T05:20:15.130Z,-8.492,122.265,33,4.3,mb,,,,1.4,us,usp0005k8e,2014-11-07T00:52:09.988Z,"15 km NNE of Maumere, Indonesia",earthquake,,,,1,reviewed,us,us
1993-01-03T04:23:34.590Z,-1.513,119.679,37.2,5.7,mw,,,,1.1,us,usp0005k8d,2022-04-28T18:21:26.088Z,"70 km SSW of Palu, Indonesia",earthquake,,,,,reviewed,us,hrv
1993-01-02T09:49:58.060Z,-8.748,122.658,150,4.3,mb,,,,0.3,us,usp0005k7p,2014-11-07T00:52:09.748Z,"51 km ESE of Maumere, Indonesia",earthquake,,,,2,reviewed,us,us
1993-01-02T09:30:01.750Z,-7.028,129.342,172.5,3.8,mb,,,,0.5,us,usp0005k7m,2014-11-07T00:52:09.730Z,"Kepulauan Babar, Indonesia",earthquake,,22.2,,2,reviewed,us,us
1993-01-02T04:55:06.050Z,-9.381,121.293,84.4,4.5,mb,,,,1,us,usp0005k79,2014-11-07T00:52:09.627Z,"72 km SW of Ende, Indonesia",earthquake,,21.5,,6,reviewed,us,us
1993-01-01T21:26:51.030Z,2.649,122.215,536,4.4,mb,,,,1.1,us,usp0005k6x,2014-11-07T00:52:09.447Z,"251 km NNW of Gorontalo, Indonesia",earthquake,,23.4,,4,reviewed,us,us
1993-01-01T05:19:07.180Z,-6.518,130.52,68.2,4.6,mb,,,,1.1,us,usp0005k62,2014-11-07T00:52:08.754Z,"265 km WSW of Tual, Indonesia",earthquake,,6.5,,10,reviewed,us,us
1993-01-01T02:33:07.630Z,3.834,126.475,86.1,4.4,mb,,,,0.7,us,usp0005k5r,2014-11-07T00:52:08.499Z,"206 km SSE of Sarangani, Philippines",earthquake,,19.3,,3,reviewed,us,us
1992-12-31T15:39:45.880Z,-5.343,131.843,119,5,mb,,,,1.3,us,usp0005k4w,2014-11-07T00:52:06.826Z,"105 km WNW of Tual, Indonesia",earthquake,,15.4,,2,reviewed,us,us
1992-12-31T13:15:54.590Z,-8.28,118.956,33,4.1,mb,,,,1.3,us,usp0005k4r,2014-11-07T00:52:06.816Z,"32 km NE of Bima, Indonesia",earthquake,,,,2,reviewed,us,us
1992-12-31T05:40:54.620Z,-6.632,130.592,62.5,5,mb,,,,0.5,us,usp0005k3z,2014-11-07T00:52:06.660Z,"263 km WSW of Tual, Indonesia",earthquake,,7.5,,1,reviewed,us,us
1992-12-30T10:13:34.750Z,-3.464,130.922,33,5,mb,,,,1.4,us,usp0005k29,2014-11-07T00:52:06.359Z,"222 km E of Amahai, Indonesia",earthquake,,,,1,reviewed,us,us
1992-12-30T00:17:44.440Z,-9.004,123.966,65.4,4.1,mb,,,,0.8,us,usp0005k1t,2014-11-07T00:52:06.296Z,"50 km WNW of Pante Makasar, Timor Leste",earthquake,,32.1,,1,reviewed,us,us
1992-12-29T21:17:31.810Z,-9.295,123.987,95.2,5.5,mw,,,,1.3,us,usp0005k1n,2025-12-19T22:55:45.525Z,"41 km NE of Naisano Dua, Indonesia",earthquake,,6.6,,,reviewed,us,hrv
1992-12-29T20:50:06.890Z,2.94,126.667,33,4.5,mb,,,,0.7,us,usp0005k1h,2014-11-07T00:52:06.253Z,"200 km NW of Tobelo, Indonesia",earthquake,,,,4,reviewed,us,us
1992-12-29T17:32:58.200Z,-7.529,120.803,39.4,4.9,mb,,,,1,us,usp0005k1c,2014-11-07T00:52:06.235Z,"125 km NNE of Ruteng, Indonesia",earthquake,,12.9,,12,reviewed,us,us
1992-12-29T01:57:22.580Z,0.012,122.914,184.8,5.5,mw,,,,1.1,us,usp0005k0f,2025-12-19T22:36:00.609Z,"60 km SSW of Gorontalo, Indonesia",earthquake,,,,,reviewed,us,hrv
1992-12-29T01:25:43.910Z,2.403,126.658,73.4,5.2,mb,,,,1,us,usp0005k0e,2014-11-07T00:52:06.130Z,"167 km WNW of Tobelo, Indonesia",earthquake,,9.3,,47,reviewed,us,us
1992-12-28T20:24:43.540Z,-3.701,128.055,110.7,5.2,mb,,,,0.9,us,usp0005k06,2014-11-07T00:52:06.091Z,"14 km W of Ambon, Indonesia",earthquake,,,,36,reviewed,us,us
1992-12-28T18:07:46.770Z,-3.14,129.426,62.4,4.9,mb,,,,1.1,us,usp0005k02,2014-11-07T00:52:06.056Z,"60 km ENE of Amahai, Indonesia",earthquake,,27.5,,5,reviewed,us,us
1992-12-28T17:14:29.520Z,-8.213,105.843,33,4.4,mb,,,,1.4,us,usp0005jzv,2014-11-07T00:52:06.040Z,"156 km SSW of Pelabuhanratu, Indonesia",earthquake,,,,2,reviewed,us,us
1992-12-28T04:24:35.930Z,-8.264,122.424,26.8,5.4,mb,,,,1.1,us,usp0005jz6,2022-04-28T18:26:58.202Z,"45 km NNE of Maumere, Indonesia",earthquake,,,,62,reviewed,us,us
1992-12-28T03:16:38.900Z,-9.055,123.028,33,4.5,mb,,,,0.6,us,usp0005jz2,2014-11-07T00:52:05.797Z,"101 km NW of Naisano Dua, Indonesia",earthquake,,,,2,reviewed,us,us
1992-12-27T21:49:04.470Z,-6.087,113.05,600.9,6,mw,,,,0.9,us,usp0005jyn,2022-04-28T18:26:57.042Z,"111 km NNE of Bangkalan, Indonesia",earthquake,,,,,reviewed,us,hrv
1992-12-27T21:11:36.770Z,-5.502,129.514,138.3,4.5,mb,,,,1.5,us,usp0005jyk,2014-11-07T00:52:05.700Z,"248 km SSE of Amahai, Indonesia",earthquake,,30,,1,reviewed,us,us
1992-12-27T12:10:27.490Z,-9.458,123.603,88.9,5,mb,,,,1.1,us,usp0005jxx,2014-11-07T00:52:05.582Z,"24 km NW of Naisano Dua, Indonesia",earthquake,,9.9,,7,reviewed,us,us
1992-12-26T16:17:50.250Z,-8.343,122.267,23.8,5.1,mb,,,,1.2,us,usp0005jwh,2014-11-07T00:52:05.364Z,"31 km NNE of Maumere, Indonesia",earthquake,,,,33,reviewed,us,us
1992-12-26T09:43:24.620Z,-8.631,121.968,149.2,4.6,mb,,,,1.5,us,usp0005jw2,2014-11-07T00:52:05.287Z,"26 km W of Maumere, Indonesia",earthquake,,23,,1,reviewed,us,us
1992-12-26T01:43:57.490Z,2.074,127.226,137.2,5,mb,,,,0.8,us,usp0005jvh,2014-11-07T00:52:05.218Z,"95 km WNW of Tobelo, Indonesia",earthquake,,7.9,,10,reviewed,us,us
1992-12-26T00:55:39.930Z,-10.418,127.392,33,4.8,mb,,,,0.5,us,usp0005jvf,2014-11-07T00:52:05.214Z,"206 km SSE of Viqueque, Timor Leste",earthquake,,,,1,reviewed,us,us
1992-12-25T17:55:41.590Z,-8.731,121.908,79.7,4.6,mb,,,,1.2,us,usp0005juv,2014-11-07T00:52:05.157Z,"29 km ENE of Ende, Indonesia",earthquake,,20.4,,3,reviewed,us,us
1992-12-25T15:31:49.310Z,-5.569,103.164,34.4,5.3,mw,,,,1.1,us,usp0005jur,2025-12-19T22:55:42.563Z,"170 km S of Pagar Alam, Indonesia",earthquake,,,,,reviewed,us,hrv
1992-12-25T07:16:18.040Z,-6.984,129.68,124.9,4.9,mb,,,,1,us,usp0005ju8,2014-11-07T00:52:05.097Z,"Banda Sea",earthquake,,6.7,,11,reviewed,us,us
1992-12-25T06:02:52.950Z,-7.208,130.49,101.6,4.1,mb,,,,1,us,usp0005ju4,2014-11-07T00:52:05.082Z,"Pulau Pulau Tanimbar, Indonesia",earthquake,,18.4,,1,reviewed,us,us
1992-12-25T03:01:56.950Z,-8.807,122.07,106.4,4.6,mb,,,,0.9,us,usp0005jts,2014-11-07T00:52:05.056Z,"25 km SW of Maumere, Indonesia",earthquake,,13,,5,reviewed,us,us
1992-12-24T23:20:18.890Z,-7.026,122.97,33,4.7,mb,,,,1.1,us,usp0005jtc,2014-11-07T00:52:05.033Z,"195 km NNE of Maumere, Indonesia",earthquake,,,,11,reviewed,us,us
1992-12-24T04:45:48.390Z,-8.454,122.195,33,4.5,mb,,,,1.4,us,usp0005jrv,2014-11-07T00:52:04.854Z,"18 km N of Maumere, Indonesia",earthquake,,,,3,reviewed,us,us
1992-12-24T00:22:53.180Z,-2.955,130.296,60.2,5.2,mb,,,,0.9,us,usp0005jrh,2014-11-07T00:52:04.760Z,"158 km ENE of Amahai, Indonesia",earthquake,,,,28,reviewed,us,us
1992-12-24T00:03:33.330Z,2.549,126.581,96.6,5.7,mw,,,,1.2,us,usp0005jrg,2022-04-28T18:26:42.236Z,"182 km WNW of Tobelo, Indonesia",earthquake,,,,,reviewed,us,hrv
1992-12-23T05:56:19.820Z,0.687,121.526,91.1,5,mb,,,,0.7,us,usp0005jq7,2014-11-07T00:52:04.650Z,"171 km W of Gorontalo, Indonesia",earthquake,,13.2,,4,reviewed,us,us
1992-12-23T05:46:39.860Z,-6.691,130.396,23.2,4.9,mb,,,,1.1,us,usp0005jq6,2014-11-07T00:52:04.646Z,"286 km WSW of Tual, Indonesia",earthquake,,,,15,reviewed,us,us
1992-12-23T03:00:44.980Z,-6.541,130.417,101.7,5.8,mw,,,,0.9,us,usp0005jpy,2022-04-28T18:26:41.060Z,"277 km WSW of Tual, Indonesia",earthquake,,,,,reviewed,us,hrv
1992-12-22T11:19:12.350Z,-6.514,130.502,104.6,5.1,mb,,,,1,us,usp0005jnn,2014-11-07T00:52:04.437Z,"267 km WSW of Tual, Indonesia",earthquake,,7.6,,19,reviewed,us,us
1992-12-22T10:15:57.710Z,-3.275,131.002,66.8,5.2,mb,,,,0.8,us,usp0005jnh,2014-11-07T00:52:04.424Z,"231 km E of Amahai, Indonesia",earthquake,,10.2,,4,reviewed,us,us
1992-12-22T04:54:16.640Z,-6.648,130.55,67,5.7,mw,,,,0.9,us,usp0005jn5,2022-04-28T18:26:33.291Z,"268 km WSW of Tual, Indonesia",earthquake,,,,,reviewed,us,hrv
1992-12-22T03:23:30.880Z,-10.101,124.221,33,4.6,mb,,,,0.7,us,usp0005jmz,2014-11-07T00:52:04.315Z,"27 km SSW of Soe, Indonesia",earthquake,,,,2,reviewed,us,us
1992-12-22T01:13:40.120Z,-3.167,130.508,42.1,4.9,mb,,,,1.1,us,usp0005jmu,2014-11-07T00:52:04.304Z,"177 km E of Amahai, Indonesia",earthquake,,15.3,,5,reviewed,us,us
1992-12-21T21:45:46.930Z,-10.35,123.465,33,5.3,mb,,,,1.1,us,usp0005jmn,2014-11-07T00:52:04.288Z,"25 km SW of Kupang, Indonesia",earthquake,,,,21,reviewed,us,us
1992-12-21T17:37:39.440Z,-7.318,120.338,398.9,4.7,mb,,,,0.8,us,usp0005jm8,2014-11-07T00:52:04.257Z,"139 km NNE of Labuan Bajo, Indonesia",earthquake,,9,,8,reviewed,us,us
1992-12-21T16:19:33.920Z,-8.735,118.473,149.9,4.8,mb,,,,1.2,us,usp0005jm2,2014-11-07T00:52:04.246Z,"21 km S of Dompu, Indonesia",earthquake,,21.1,,3,reviewed,us,us
1992-12-21T09:54:30.890Z,-6.268,130.758,33,4.9,mb,,,,0.3,us,usp0005jkk,2014-11-07T00:52:04.221Z,"231 km WSW of Tual, Indonesia",earthquake,,,,2,reviewed,us,us
1992-12-21T03:21:17.210Z,-10.035,113.718,39,5.1,mb,,,,1.1,us,usp0005jk7,2014-11-07T00:52:04.161Z,"187 km SSW of Gambiran Satu, Indonesia",earthquake,,14.7,,9,reviewed,us,us
1992-12-20T22:33:46.350Z,-6.551,130.5,33,5.1,mb,,,,1.2,us,usp0005jjz,2014-11-07T00:52:04.143Z,"269 km WSW of Tual, Indonesia",earthquake,,,,9,reviewed,us,us
1992-12-20T22:27:21.530Z,-6.654,130.781,33,4.8,mb,,,,1.7,us,usp0005jjy,2014-11-07T00:52:04.141Z,"245 km WSW of Tual, Indonesia",earthquake,,,,4,reviewed,us,us
1992-12-20T21:57:59.990Z,-6.192,130.93,33,4.6,mb,,,,1.4,us,usp0005jjx,2014-11-07T00:52:04.139Z,"211 km WSW of Tual, Indonesia",earthquake,,,,1,reviewed,us,us
1992-12-20T21:19:16.660Z,-6.544,130.424,33,5.3,mb,,,,1.1,us,usp0005jjv,2014-11-07T00:52:04.133Z,"276 km WSW of Tual, Indonesia",earthquake,,,,10,reviewed,us,us
1992-12-20T20:52:47.280Z,-6.582,130.393,77.7,7.3,mw,,,,1.2,us,usp0005jjt,2022-04-28T18:26:30.756Z,"281 km WSW of Tual, Indonesia",earthquake,,,,,reviewed,us,hrv
1992-12-20T14:44:00.980Z,-8.547,122.215,33,4.3,mb,,,,1.3,us,usp0005jjf,2014-11-07T00:52:03.703Z,"8 km N of Maumere, Indonesia",earthquake,,,,2,reviewed,us,us
1992-12-20T03:58:04.110Z,-8.126,122.408,22.8,5.2,mb,,,,1.2,us,usp0005jhs,2014-11-07T00:52:03.579Z,"58 km NNE of Maumere, Indonesia",earthquake,,,,40,reviewed,us,us
1992-12-20T03:49:46.700Z,-2.554,133.801,33,5.1,mb,,,,1.1,us,usp0005jhr,2014-11-07T00:52:03.577Z,"189 km S of Manokwari, Indonesia",earthquake,,,,5,reviewed,us,us
1992-12-19T21:57:21.570Z,0.023,123.62,126.9,5.3,mw,,,,1.1,us,usp0005jhf,2025-12-19T22:55:40.491Z,"84 km SE of Gorontalo, Indonesia",earthquake,,,,,reviewed,us,hrv
1992-12-19T10:44:14.030Z,-8.3,122.629,33,4.9,mb,,,,1.3,us,usp0005jgw,2014-11-07T00:52:03.438Z,"58 km NE of Maumere, Indonesia",earthquake,,,,9,reviewed,us,us
1992-12-18T18:58:12.470Z,-8.772,125.046,121,4.5,mb,,,,1,us,usp0005jg9,2014-11-07T00:52:03.359Z,"24 km SW of Maubara, Timor Leste",earthquake,,32.7,,2,reviewed,us,us
1992-12-18T14:58:09.500Z,-8.085,123.069,28.8,4.9,mb,,,,1.2,us,usp0005jg2,2014-11-07T00:52:03.344Z,"111 km ENE of Maumere, Indonesia",earthquake,,,,22,reviewed,us,us
1992-12-17T21:32:19.630Z,-8.303,122.325,33,4.6,mb,,,,0.9,us,usp0005jew,2014-11-07T00:52:03.168Z,"37 km NNE of Maumere, Indonesia",earthquake,,,,2,reviewed,us,us
1992-12-17T21:16:00.910Z,-8.57,122.769,33,5,mb,,,,1,us,usp0005jev,2014-11-07T00:52:03.166Z,"61 km E of Maumere, Indonesia",earthquake,,,,3,reviewed,us,us
1992-12-17T18:56:57.310Z,-8.27,121.63,22.9,5.3,mw,,,,1.4,us,usp0005jep,2022-04-28T18:25:49.321Z,"63 km N of Ende, Indonesia",earthquake,,,,,reviewed,us,hrv
1992-12-17T17:11:14.010Z,-3.886,139.073,33,5,mb,,,,1.4,us,usp0005jeh,2014-11-07T00:52:03.112Z,"224 km SW of Abepura, Indonesia",earthquake,,,,4,reviewed,us,us
1992-12-17T14:19:33.720Z,-8.441,122.17,33,5.1,mb,,,,1.1,us,usp0005je6,2014-11-07T00:52:03.087Z,"20 km NNW of Maumere, Indonesia",earthquake,,,,26,reviewed,us,us
1992-12-17T11:18:31.460Z,-3.244,130.603,17.5,5.1,mb,,,,0.5,us,usp0005jdx,2014-11-07T00:52:03.070Z,"187 km E of Amahai, Indonesia",earthquake,,,,8,reviewed,us,us
1992-12-16T19:44:28.700Z,-8.821,122.038,33,4.2,mb,,,,0.8,us,usp0005jcp,2014-11-07T00:52:02.949Z,"29 km SW of Maumere, Indonesia",earthquake,,,,1,reviewed,us,us
1992-12-16T17:22:52.630Z,-8.5,121.945,17,5,mb,,,,1.4,us,usp0005jck,2014-11-07T00:52:02.942Z,"32 km WNW of Maumere, Indonesia",earthquake,,,,21,reviewed,us,us
1992-12-16T10:48:52.440Z,-8.315,122.552,33,4.8,mb,,,,1,us,usp0005jc1,2014-11-07T00:52:02.913Z,"50 km NE of Maumere, Indonesia",earthquake,,,,6,reviewed,us,us
1992-12-16T05:07:58.480Z,-7.866,116.463,35.8,5,mb,,,,1.3,us,usp0005jbn,2014-11-07T00:52:02.883Z,"68 km NE of Gili Air, Indonesia",earthquake,,11.6,,7,reviewed,us,us
1992-12-16T02:41:46.120Z,-8.083,122.701,33,4.3,mb,,,,1.2,us,usp0005jbg,2014-11-07T00:52:02.873Z,"80 km NE of Maumere, Indonesia",earthquake,,,,3,reviewed,us,us
1992-12-15T10:41:06.090Z,-8.203,122.594,23.4,5.2,mb,,,,1.4,us,usp0005jau,2014-11-07T00:52:02.799Z,"62 km NE of Maumere, Indonesia",earthquake,,,,25,reviewed,us,us
1992-12-15T02:10:42.580Z,-8.095,117.954,33,4.7,mb,,,,1.3,us,usp0005jad,2014-11-07T00:52:02.743Z,"62 km NE of Pototano, Indonesia",earthquake,,,,1,reviewed,us,us
1992-12-15T00:52:20.440Z,-8.409,122.455,33,4.8,mb,,,,1.3,us,usp0005jaa,2014-11-07T00:52:02.737Z,"35 km NE of Maumere, Indonesia",earthquake,,,,7,reviewed,us,us
1992-12-14T20:40:49.340Z,-8.319,122.645,33,4.9,mb,,,,1.4,us,usp0005ja1,2014-11-07T00:52:02.711Z,"58 km NE of Maumere, Indonesia",earthquake,,,,2,reviewed,us,us
1992-12-14T19:57:49.480Z,-8.205,107.169,33,5,mb,,,,1.4,us,usp0005j9z,2014-11-07T00:52:02.706Z,"115 km SSW of Banjar, Indonesia",earthquake,,,,4,reviewed,us,us
1992-12-14T18:00:35.330Z,1.022,122.427,33,4.6,mb,,,,1.2,us,usp0005j9u,2014-11-07T00:52:02.671Z,"88 km NW of Gorontalo, Indonesia",earthquake,,,,5,reviewed,us,us
1992-12-14T17:43:02.680Z,3.523,126.722,90.1,4.7,mb,,,,1.1,us,usp0005j9s,2014-11-07T00:52:02.667Z,"244 km NW of Tobelo, Indonesia",earthquake,,17.8,,9,reviewed,us,us
1992-12-14T13:47:03.210Z,-9.778,122.718,95.6,4.8,mb,,,,1.4,us,usp0005j9j,2014-11-07T00:52:02.650Z,"106 km WNW of Kupang, Indonesia",earthquake,,19.2,,1,reviewed,us,us
1992-12-14T02:16:17.200Z,-8.993,121.923,33,4.5,mb,,,,1.4,us,usp0005j93,2014-11-07T00:52:02.555Z,"33 km ESE of Ende, Indonesia",earthquake,,,,1,reviewed,us,us
1992-12-13T22:10:17.940Z,-8.423,122.691,33,4.6,mb,,,,1.6,us,usp0005j8w,2014-11-07T00:52:02.537Z,"57 km ENE of Maumere, Indonesia",earthquake,,,,6,reviewed,us,us
1992-12-13T19:01:18.580Z,2.888,125.144,190.6,4.8,mb,,,,1.3,us,usp0005j8m,2014-11-07T00:52:02.497Z,"155 km N of Laikit, Laikit II (Dimembe), Indonesia",earthquake,,,,32,reviewed,us,us
1992-12-13T18:51:02.290Z,-9.072,123.099,33,4.4,mb,,,,0.7,us,usp0005j8k,2014-11-07T00:52:02.494Z,"93 km NW of Naisano Dua, Indonesia",earthquake,,,,1,reviewed,us,us
1992-12-13T17:33:36.990Z,-8.777,122.037,33,4.8,mb,,,,1.3,us,usp0005j8j,2014-11-07T00:52:02.492Z,"25 km SW of Maumere, Indonesia",earthquake,,,,1,reviewed,us,us
1992-12-13T09:03:30.170Z,-8.95,123.473,33,4.2,mb,,,,1,us,usp0005j82,2014-11-07T00:52:02.448Z,"78 km NNW of Naisano Dua, Indonesia",earthquake,,,,2,reviewed,us,us
1992-12-13T04:51:54.330Z,-8.408,122.068,33,4.6,mb,,,,1.3,us,usp0005j7q,2014-11-07T00:52:02.422Z,"28 km NW of Maumere, Indonesia",earthquake,,,,2,reviewed,us,us
1992-12-13T04:15:06.210Z,-8.552,121.985,33,4.7,mb,,,,1.1,us,usp0005j7k,2014-11-07T00:52:02.413Z,"25 km WNW of Maumere, Indonesia",earthquake,,,,3,reviewed,us,us
1992-12-13T02:30:37.240Z,-9.614,122.063,33,4.7,mb,,,,0.9,us,usp0005j7g,2014-11-07T00:52:02.406Z,"95 km SSE of Ende, Indonesia",earthquake,,,,2,reviewed,us,us
1992-12-13T02:20:28.940Z,-8.714,123.114,33,4.4,mb,,,,1.4,us,usp0005j7f,2014-11-07T00:52:02.405Z,"99 km E of Maumere, Indonesia",earthquake,,,,1,reviewed,us,us
1992-12-12T23:36:36.190Z,-8.235,122.681,33,5,mb,,,,1.1,us,usp0005j79,2014-11-07T00:52:02.390Z,"67 km NE of Maumere, Indonesia",earthquake,,,,12,reviewed,us,us
1992-12-12T22:41:34.490Z,-8.152,122.714,33,5,mb,,,,1.3,us,usp0005j77,2014-11-07T00:52:02.381Z,"75 km NE of Maumere, Indonesia",earthquake,,,,19,reviewed,us,us
1992-12-12T22:36:44.940Z,-8.069,123.053,33,4.5,mb,,,,1,us,usp0005j76,2014-11-07T00:52:02.378Z,"110 km ENE of Maumere, Indonesia",earthquake,,,,2,reviewed,us,us
1992-12-12T22:23:48.160Z,-8.318,122.55,20.8,5.4,mb,,,,1.3,us,usp0005j75,2022-04-28T18:25:39.884Z,"50 km NE of Maumere, Indonesia",earthquake,,,,37,reviewed,us,us
1992-12-12T22:15:24.210Z,-8.816,118.244,33,4.8,mb,,,,1.7,us,usp0005j74,2014-11-07T00:52:02.352Z,"39 km SW of Dompu, Indonesia",earthquake,,,,4,reviewed,us,us
1992-12-12T21:57:26.870Z,-8.077,122.747,19.8,4.8,mb,,,,1.3,us,usp0005j73,2014-11-07T00:52:02.348Z,"84 km NE of Maumere, Indonesia",earthquake,,,,8,reviewed,us,us
1992-12-12T21:43:10.000Z,-8.483,121.964,22.6,5.4,mw,,,,1.3,us,usp0005j72,2022-04-28T18:25:38.545Z,"31 km WNW of Maumere, Indonesia",earthquake,,,,,reviewed,us,hrv
1992-12-12T21:20:35.390Z,-8.335,122.396,33,4.7,mb,,,,1.4,us,usp0005j70,2014-11-07T00:52:02.272Z,"37 km NNE of Maumere, Indonesia",earthquake,,,,9,reviewed,us,us
1992-12-12T19:19:18.370Z,-8.531,122.145,33,5.1,mb,,,,1.2,us,usp0005j6w,2014-11-07T00:52:02.253Z,"12 km NW of Maumere, Indonesia",earthquake,,,,27,reviewed,us,us
1992-12-12T17:15:17.430Z,-8.753,122.149,33,4.9,mb,,,,1.1,us,usp0005j6r,2014-11-07T00:52:02.245Z,"16 km SSW of Maumere, Indonesia",earthquake,,,,5,reviewed,us,us
1992-12-12T16:58:40.700Z,-8.62,122.373,33,4.5,mb,,,,1.2,us,usp0005j6n,2014-11-07T00:52:02.240Z,"17 km E of Maumere, Indonesia",earthquake,,,,3,reviewed,us,us
1992-12-12T16:42:18.290Z,-8.474,122.071,33,5,mb,,,,0.8,us,usp0005j6k,2014-11-07T00:52:02.235Z,"22 km NW of Maumere, Indonesia",earthquake,,,,11,reviewed,us,us
1992-12-12T14:54:23.150Z,-8.374,122.198,33,5.2,mb,,,,1.2,us,usp0005j6b,2014-11-07T00:52:02.211Z,"27 km N of Maumere, Indonesia",earthquake,,,,27,reviewed,us,us
1992-12-12T14:45:14.450Z,-8.399,122.412,33,4.7,mb,,,,1.1,us,usp0005j6a,2014-11-07T00:52:02.208Z,"32 km NE of Maumere, Indonesia",earthquake,,,,6,reviewed,us,us
1992-12-12T13:43:36.120Z,-8.604,121.997,33,4.3,mb,,,,0.8,us,usp0005j66,2014-11-07T00:52:02.182Z,"23 km W of Maumere, Indonesia",earthquake,,,,2,reviewed,us,us
1992-12-12T12:30:02.000Z,-8.373,122.405,20.1,5.2,mb,,,,1.3,us,usp0005j64,2014-11-07T00:52:02.166Z,"34 km NE of Maumere, Indonesia",earthquake,,,,30,reviewed,us,us
1992-12-12T12:13:45.070Z,-8.626,122.221,33,4.4,mb,,,,1,us,usp0005j61,2014-11-07T00:52:02.161Z,"1 km ESE of Maumere, Indonesia",earthquake,,,,1,reviewed,us,us
1992-12-12T11:05:57.940Z,-10.35,122.693,33,4.4,mb,,,,0.8,us,usp0005j5y,2014-11-07T00:52:02.156Z,"102 km W of Kupang, Indonesia",earthquake,,,,1,reviewed,us,us
1992-12-12T10:36:48.050Z,-8.387,122.568,33,5,mb,,,,1.4,us,usp0005j5x,2014-11-07T00:52:02.153Z,"46 km ENE of Maumere, Indonesia",earthquake,,,,5,reviewed,us,us
1992-12-12T10:30:49.210Z,-8.218,122.603,33,4.4,mb,,,,1.6,us,usp0005j5u,2014-11-07T00:52:02.149Z,"61 km NE of Maumere, Indonesia",earthquake,,,,3,reviewed,us,us
1992-12-12T09:21:10.200Z,-8.667,122.246,33,4.6,mb,,,,0.4,us,usp0005j5s,2014-11-07T00:52:02.134Z,"6 km SE of Maumere, Indonesia",earthquake,,,,3,reviewed,us,us
1992-12-12T09:04:05.680Z,-9.555,122.352,33,5,mb,,,,1.1,us,usp0005j5r,2014-11-07T00:52:02.132Z,"104 km S of Maumere, Indonesia",earthquake,,,,11,reviewed,us,us
1992-12-12T08:50:14.780Z,-8.461,122.249,33,4.8,mb,,,,0.7,us,usp0005j5q,2014-11-07T00:52:02.130Z,"18 km NNE of Maumere, Indonesia",earthquake,,,,4,reviewed,us,us
1992-12-12T08:11:14.160Z,-8.834,122.318,33,5,mb,,,,1.1,us,usp0005j5p,2014-11-07T00:52:02.127Z,"26 km SSE of Maumere, Indonesia",earthquake,,,,6,reviewed,us,us
1992-12-12T07:58:23.850Z,-8.324,122.395,26.4,5,mb,,,,1.1,us,usp0005j5n,2014-11-07T00:52:02.122Z,"38 km NNE of Maumere, Indonesia",earthquake,,,,10,reviewed,us,us
1992-12-12T07:51:31.960Z,-8.533,122.19,33,5,mb,,,,1.3,us,usp0005j5m,2014-11-07T00:52:02.120Z,"9 km NNW of Maumere, Indonesia",earthquake,,,,5,reviewed,us,us
1992-12-12T07:32:33.240Z,-8.447,122.066,26.3,5,mb,,,,1.2,us,usp0005j5k,2014-11-07T00:52:02.116Z,"24 km NW of Maumere, Indonesia",earthquake,,,,15,reviewed,us,us
1992-12-12T07:01:32.120Z,-8.188,122.84,33,5.1,mb,,,,1,us,usp0005j5j,2014-11-07T00:52:02.114Z,"84 km NE of Maumere, Indonesia",earthquake,,,,10,reviewed,us,us
1992-12-12T06:38:29.490Z,-8.517,121.928,20.8,6.1,mb,,,,1.1,us,usp0005j5f,2022-05-09T19:15:00.805Z,"33 km WNW of Maumere, Indonesia",earthquake,,,,67,reviewed,us,us
1992-12-12T06:31:37.210Z,-8.383,121.796,33,5.4,mb,,,,1.2,us,usp0005j5d,2014-11-07T00:52:02.079Z,"52 km WNW of Maumere, Indonesia",earthquake,,,,14,reviewed,us,us
1992-12-12T05:43:47.400Z,-8.52,122.002,20.6,5.7,mb,,,,1.6,us,usp0005j5c,2020-08-29T01:59:32.756Z,"25 km WNW of Maumere, Indonesia",earthquake,,,,8,reviewed,us,us
1992-12-12T05:29:26.350Z,-8.48,121.896,27.7,7.8,mw,,,,1.4,us,usp0005j5a,2022-04-28T18:25:34.047Z,"37 km WNW of Maumere, Indonesia",earthquake,,,,,reviewed,us,hrv
1992-12-11T21:18:53.720Z,-8.144,120.918,168.9,4.8,mb,,,,0.9,us,usp0005j4p,2014-11-07T00:52:01.935Z,"71 km NE of Ruteng, Indonesia",earthquake,,11.2,,6,reviewed,us,us
1992-12-10T22:31:34.740Z,5.197,126.177,33,4.4,mb,,,,1.5,us,usp0005j2s,2014-11-07T00:52:01.713Z,"82 km ESE of Sarangani, Philippines",earthquake,,,,6,reviewed,us,us
1992-12-10T18:09:49.540Z,-6.358,129.813,261.7,4.4,mb,,,,1.3,us,usp0005j2g,2014-11-07T00:52:01.697Z,"Banda Sea",earthquake,,25.8,,1,reviewed,us,us
1992-12-09T09:54:09.070Z,-3.147,139.195,33,4.9,mb,,,,0.9,us,usp0005j0v,2014-11-07T00:52:01.544Z,"171 km WSW of Abepura, Indonesia",earthquake,,,,5,reviewed,us,us
1992-12-09T02:23:07.460Z,-0.25,124.636,74.9,4.7,mb,,,,1.1,us,usp0005j07,2014-11-07T00:52:01.441Z,"174 km S of Tomohon, Indonesia",earthquake,,8.5,,10,reviewed,us,us
1992-12-08T13:17:47.880Z,2.665,128.605,229.2,4.7,mb,,,,1,us,usp0005hzg,2014-11-07T00:52:01.331Z,"122 km NNE of Tobelo, Indonesia",earthquake,,9,,7,reviewed,us,us
1992-12-08T12:00:09.650Z,1.3,125.665,89.9,4.9,mb,,,,1,us,usp0005hza,2014-11-07T00:52:01.103Z,"79 km ESE of Laikit, Laikit II (Dimembe), Indonesia",earthquake,,6.9,,8,reviewed,us,us
1992-12-08T04:08:29.080Z,3.443,125.816,102.2,5.3,mw,,,,1.1,us,usp0005hyn,2025-12-19T22:55:35.745Z,"220 km S of Sarangani, Philippines",earthquake,,5.8,,,reviewed,us,hrv
1992-12-07T22:50:29.270Z,-6.963,104.544,36.5,5,mb,,,,0.8,us,usp0005hyb,2014-11-07T00:52:00.918Z,"156 km WSW of Labuan, Indonesia",earthquake,,,,11,reviewed,us,us
1992-12-07T16:48:44.470Z,-10.596,123.501,33,4,mb,,,,0.8,us,usp0005hy4,2014-11-07T00:52:00.897Z,"48 km SSW of Kupang, Indonesia",earthquake,,,,1,reviewed,us,us
1992-12-07T14:58:02.570Z,5.979,125.934,152.3,5,mb,,,,0.9,us,usp0005hy0,2014-11-07T00:52:00.888Z,"27 km E of Mangili, Philippines",earthquake,,6.2,,15,reviewed,us,us
1992-12-07T09:53:44.690Z,-0.071,123.252,141,4.9,mb,,,,1.1,us,usp0005hxs,2014-11-07T00:52:00.872Z,"70 km SSE of Gorontalo, Indonesia",earthquake,,10.7,,3,reviewed,us,us
1992-12-07T04:45:08.270Z,1.874,97.605,33,4.6,mb,,,,1,us,usp0005hxb,2014-11-07T00:52:00.822Z,"50 km SSW of Singkil, Indonesia",earthquake,,,,2,reviewed,us,us
1992-12-06T22:23:17.170Z,-4.842,103.312,102.7,5.1,mb,,,,0.9,us,usp0005hwy,2014-11-07T00:52:00.680Z,"90 km S of Pagar Alam, Indonesia",earthquake,,12.5,,26,reviewed,us,us
1992-12-06T14:52:21.380Z,-10.435,123.948,32,4.6,mb,,,,1,us,usp0005hwm,2014-11-07T00:52:00.625Z,"47 km SE of Kupang, Indonesia",earthquake,,8.7,,5,reviewed,us,us
1992-12-05T06:28:03.870Z,-9.651,121.829,33,4.1,mb,,,,1.3,us,usp0005hus,2014-11-07T00:52:00.151Z,"91 km SSE of Ende, Indonesia",earthquake,,,,1,reviewed,us,us
1992-12-05T02:26:49.000Z,-8.391,119.894,40.8,5,mb,,,,1.3,us,usp0005hud,2014-11-07T00:52:00.091Z,"11 km N of Labuan Bajo, Indonesia",earthquake,,17.9,,7,reviewed,us,us
1992-12-04T23:15:38.750Z,0.333,125.341,33,4.7,mb,,,,0.5,us,usp0005hu5,2014-11-07T00:52:00.021Z,"117 km SSE of Tondano, Indonesia",earthquake,,,,2,reviewed,us,us
1992-12-04T20:38:43.370Z,1.051,126.027,54.6,5.4,mw,,,,1.3,us,usp0005hu2,2022-04-28T18:25:09.524Z,"126 km ESE of Laikit, Laikit II (Dimembe), Indonesia",earthquake,,7.6,,,reviewed,us,hrv
1992-12-04T01:57:13.080Z,-4.984,129.887,196.9,4.7,mb,,,,0.5,us,usp0005ht0,2014-11-07T00:51:59.451Z,"211 km SSE of Amahai, Indonesia",earthquake,,33.1,,3,reviewed,us,us
1992-12-03T19:26:43.260Z,-6.39,130.048,162.5,5.1,mb,,,,1,us,usp0005hsj,2014-11-07T00:51:59.364Z,"Banda Sea",earthquake,,9.4,,31,reviewed,us,us
1992-12-03T18:39:20.250Z,1.438,122.703,33,4.5,mb,,,,0.7,us,usp0005hse,2014-11-07T00:51:59.341Z,"107 km NNW of Gorontalo, Indonesia",earthquake,,,,2,reviewed,us,us
1992-12-03T18:24:48.990Z,1.321,122.83,33,4.7,mb,,,,1.1,us,usp0005hsd,2014-11-07T00:51:59.337Z,"90 km NNW of Gorontalo, Indonesia",earthquake,,,,1,reviewed,us,us
1992-12-03T11:23:38.440Z,-6.062,130.406,161.8,5.2,mb,,,,1,us,usp0005hs3,2014-11-07T00:51:59.263Z,"264 km W of Tual, Indonesia",earthquake,,6.9,,47,reviewed,us,us
1992-12-02T21:00:33.670Z,2.467,128.506,225.6,4.8,mb,,,,1.1,us,usp0005hrc,2014-11-07T00:51:59.078Z,"98 km NE of Tobelo, Indonesia",earthquake,,8,,23,reviewed,us,us
1992-12-02T12:55:57.070Z,-2.22,139.585,33,4.5,mb,,,,1.4,us,usp0005hr2,2014-11-07T00:51:58.914Z,"123 km WNW of Abepura, Indonesia",earthquake,,,,3,reviewed,us,us
1992-12-01T18:04:26.610Z,-4.005,134.891,33,5.4,mw,,,,1.3,us,usp0005hq1,2022-04-28T18:24:50.912Z,"98 km SW of Nabire, Indonesia",earthquake,,,,,reviewed,us,hrv
1992-12-01T02:43:03.730Z,2.577,128.97,33,4.5,mb,,,,0.8,us,usp0005hp9,2014-11-07T00:51:58.107Z,"142 km NE of Tobelo, Indonesia",earthquake,,,,7,reviewed,us,us
1992-12-01T02:15:59.500Z,2.43,128.735,222.6,4.9,mb,,,,0.5,us,usp0005hp8,2014-11-07T00:51:58.098Z,"111 km NE of Tobelo, Indonesia",earthquake,,22.1,,4,reviewed,us,us
1992-11-30T01:24:04.920Z,-8.382,121.009,104.5,4.6,mb,,,,0.6,us,usp0005hmw,2014-11-07T00:51:55.867Z,"65 km ENE of Ruteng, Indonesia",earthquake,,16.6,,5,reviewed,us,us
1992-11-29T16:18:05.420Z,0.874,122.795,175.4,4.6,mb,,,,1,us,usp0005hm9,2014-11-07T00:51:55.562Z,"47 km NW of Gorontalo, Indonesia",earthquake,,27.4,,4,reviewed,us,us
1992-11-29T15:57:49.990Z,-6.381,128.288,327.6,4.8,mb,,,,0.9,us,usp0005hm6,2014-11-07T00:51:55.492Z,"276 km NNE of Lospalos, Timor Leste",earthquake,,8.8,,11,reviewed,us,us
1992-11-29T15:20:28.760Z,2.396,128.727,72.7,4.8,mb,,,,0.8,us,usp0005hm3,2014-11-07T00:51:55.487Z,"108 km NE of Tobelo, Indonesia",earthquake,,17.1,,9,reviewed,us,us
1992-11-29T03:43:36.220Z,2.38,128.521,33,4.9,mb,,,,0.8,us,usp0005hka,2014-11-07T00:51:55.391Z,"91 km NE of Tobelo, Indonesia",earthquake,,,,8,reviewed,us,us
1992-11-28T17:59:02.460Z,2.493,128.698,64.5,5,mb,,,,1.1,us,usp0005hjg,2014-11-07T00:51:55.324Z,"114 km NE of Tobelo, Indonesia",earthquake,,10.5,,33,reviewed,us,us
1992-11-28T17:45:40.010Z,2.615,128.77,35.1,5.8,mw,,,,1,us,usp0005hje,2022-04-28T18:32:01.670Z,"129 km NE of Tobelo, Indonesia",earthquake,,,,,reviewed,us,hrv
1992-11-28T16:07:44.460Z,2.391,128.738,66.3,4.2,mb,,,,1.8,us,usp0005hja,2014-11-07T00:51:55.281Z,"109 km NE of Tobelo, Indonesia",earthquake,,27.1,,2,reviewed,us,us
1992-11-28T14:56:27.690Z,2.521,128.65,68,4.4,mb,,,,1.1,us,usp0005hj6,2014-11-07T00:51:55.269Z,"112 km NE of Tobelo, Indonesia",earthquake,,18.3,,2,reviewed,us,us
1992-11-28T06:32:17.650Z,3.103,127.259,109.8,5,mb,,,,1.2,us,usp0005hhr,2014-11-07T00:51:55.226Z,"173 km NNW of Tobelo, Indonesia",earthquake,,15.2,,8,reviewed,us,us
1992-11-27T21:50:27.840Z,2.383,128.405,33,4.8,mb,,,,1,us,usp0005hgz,2014-11-07T00:51:55.124Z,"84 km NNE of Tobelo, Indonesia",earthquake,,,,19,reviewed,us,us
1992-11-27T21:19:20.060Z,2.444,128.718,79,4.8,mb,,,,0.8,us,usp0005hgu,2014-11-07T00:51:55.115Z,"111 km NE of Tobelo, Indonesia",earthquake,,13.2,,8,reviewed,us,us
1992-11-27T19:54:46.530Z,-6.387,130.057,156.6,4.5,mb,,,,1.1,us,usp0005hgh,2014-11-07T00:51:55.045Z,"Banda Sea",earthquake,,12.4,,4,reviewed,us,us
1992-11-27T14:04:45.520Z,2.567,128.912,33,4.4,mb,,,,1.5,us,usp0005hfk,2014-11-07T00:51:54.948Z,"136 km NE of Tobelo, Indonesia",earthquake,,,,5,reviewed,us,us
1992-11-27T13:50:55.800Z,2.582,128.756,22,5.8,mw,,,,1.1,us,usp0005hfh,2022-04-28T18:31:35.778Z,"125 km NE of Tobelo, Indonesia",earthquake,,,,,reviewed,us,hrv
1992-11-27T13:43:28.130Z,2.598,128.868,33,4.4,mb,,,,0.8,us,usp0005hfg,2014-11-07T00:51:54.917Z,"135 km NE of Tobelo, Indonesia",earthquake,,,,4,reviewed,us,us
1992-11-27T07:19:45.350Z,-1.355,98.641,33,4.6,mb,,,,1,us,usp0005hf0,2014-11-07T00:51:54.881Z,"183 km WSW of Pariaman, Indonesia",earthquake,,,,5,reviewed,us,us
1992-11-26T08:58:47.830Z,-8.11,129.121,112,4.7,mb,,,,0.8,us,usp0005hdn,2014-11-07T00:51:54.713Z,"238 km E of Lospalos, Timor Leste",earthquake,,16.2,,4,reviewed,us,us
1992-11-26T02:17:59.390Z,-4.93,138.2,33,4.9,mb,,,,1.4,us,usp0005hd8,2014-11-07T00:51:54.675Z,"Papua, Indonesia",earthquake,,,,5,reviewed,us,us
1992-11-25T10:16:30.370Z,2.537,128.541,23.8,5.9,mw,,,,1,us,usp0005hbx,2022-04-28T18:31:11.986Z,"107 km NNE of Tobelo, Indonesia",earthquake,,,,,reviewed,us,hrv
1992-11-25T10:03:31.970Z,2.497,128.548,29.8,5.5,mw,,,,1.2,us,usp0005hbv,2022-04-28T18:31:06.872Z,"103 km NE of Tobelo, Indonesia",earthquake,,,,,reviewed,us,hrv
1992-11-25T06:02:25.320Z,-4.069,102.16,58.3,5.7,mwb,,,,0.8,us,usp0005hbj,2022-04-28T18:31:05.127Z,"31 km SSW of Bengkulu, Indonesia",earthquake,,,,,reviewed,us,us
1992-11-24T23:43:03.290Z,-0.085,122.828,199.7,5.9,mw,,,,1.1,us,usp0005hb0,2022-04-28T18:30:59.150Z,"73 km SSW of Gorontalo, Indonesia",earthquake,,2.2,,,reviewed,us,hrv
1992-11-24T07:02:51.390Z,1.487,127.085,103.1,5,mb,,,,1.1,us,usp0005h9z,2014-11-07T00:51:54.210Z,"83 km NNW of Ternate, Indonesia",earthquake,,7.1,,12,reviewed,us,us
1992-11-23T22:35:04.790Z,-3.554,139.658,33,4.7,mb,,,,0.7,us,usp0005h9a,2014-11-07T00:51:54.053Z,"151 km SW of Abepura, Indonesia",earthquake,,,,2,reviewed,us,us
1992-11-23T19:43:11.440Z,-6.631,128.385,297,4.5,mb,,,,0.8,us,usp0005h93,2014-11-07T00:51:54.040Z,"259 km NE of Lospalos, Timor Leste",earthquake,,10.3,,2,reviewed,us,us
1992-11-23T09:03:15.420Z,4.478,123.219,551.8,4.9,mb,,,,0.7,us,usp0005h8g,2014-11-07T00:51:54.008Z,"219 km SSW of Palimbang, Philippines",earthquake,,9.1,,6,reviewed,us,us
1992-11-22T17:46:36.380Z,3.61,126.669,74.1,4.6,mb,,,,1.2,us,usp0005h76,2014-11-07T00:51:53.896Z,"239 km SE of Sarangani, Philippines",earthquake,,14.1,,2,reviewed,us,us
1992-11-22T16:01:07.220Z,-0.801,124.365,62.2,4.5,mb,,,,1.5,us,usp0005h72,2014-11-07T00:51:53.865Z,"176 km E of Luwuk, Indonesia",earthquake,,19.6,,4,reviewed,us,us
1992-11-22T15:31:23.240Z,3.238,126.538,73.1,4.8,mb,,,,1.1,us,usp0005h6y,2014-11-07T00:51:53.853Z,"233 km NW of Tobelo, Indonesia",earthquake,,8.9,,22,reviewed,us,us
1992-11-22T09:59:07.130Z,-3.884,131.251,33,4.7,mb,,,,0.9,us,usp0005h6f,2014-11-07T00:51:53.777Z,"254 km NW of Tual, Indonesia",earthquake,,,,15,reviewed,us,us
1992-11-21T09:00:26.910Z,-3.141,134.004,33,4.7,mb,,,,0.7,us,usp0005h4u,2014-11-07T00:51:53.575Z,"168 km W of Nabire, Indonesia",earthquake,,,,3,reviewed,us,us
1992-11-21T03:04:08.050Z,-8.643,110.423,47.9,5.5,mw,,,,1.1,us,usp0005h4g,2022-04-28T18:30:00.914Z,"76 km S of Pundong, Indonesia",earthquake,,,,,reviewed,us,hrv
1992-11-19T14:29:02.490Z,-8.163,117.924,22,4.8,mb,,,,1.1,us,usp0005h2g,2014-11-07T00:51:53.226Z,"56 km ENE of Pototano, Indonesia",earthquake,,10.2,,8,reviewed,us,us
1992-11-19T04:42:33.570Z,0.389,124.346,163.1,5.2,mb,,,,1.1,us,usp0005h20,2014-11-07T00:51:53.186Z,"114 km SSW of Tomohon, Indonesia",earthquake,,10.5,,21,reviewed,us,us
1992-11-18T21:26:13.030Z,-7.268,106.193,48.2,5.3,mb,,,,1.2,us,usp0005h1e,2014-11-07T00:51:53.093Z,"50 km SW of Pelabuhanratu, Indonesia",earthquake,,,,43,reviewed,us,us
1992-11-18T19:34:51.330Z,-7.438,128.421,169.9,4.5,mb,,,,0.9,us,usp0005h18,2014-11-07T00:51:53.008Z,"197 km NE of Lospalos, Timor Leste",earthquake,,13.3,,4,reviewed,us,us
1992-11-18T16:02:08.250Z,-6.957,129.958,123.3,5.3,mw,,,,1,us,usp0005h13,2025-12-19T22:55:56.870Z,"Banda Sea",earthquake,,6.7,,,reviewed,us,hrv
1992-11-18T00:35:38.060Z,1.561,117.954,33,4.9,ms,,,,1.3,us,usp0005h05,2014-11-07T00:51:52.773Z,"166 km NNE of Bontang, Indonesia",earthquake,,,,1,reviewed,us,us
1992-11-17T10:07:30.960Z,-8.252,119.454,197,4.4,mb,,,,1.1,us,usp0005gzd,2014-11-07T00:51:52.335Z,"37 km N of Komodo, Indonesia",earthquake,,44.6,,4,reviewed,us,us
1992-11-17T06:46:39.920Z,-5.822,130.616,33,5.8,mw,,,,1.1,us,usp0005gz5,2022-04-28T18:28:52.277Z,"237 km W of Tual, Indonesia",earthquake,,,,,reviewed,us,hrv
1992-11-17T00:29:45.450Z,-5.945,130.059,80.8,5.3,mb,,,,1.1,us,usp0005gyt,2014-11-07T00:51:52.213Z,"Banda Sea",earthquake,,28.2,,3,reviewed,us,us
1992-11-16T18:00:45.770Z,-0.058,100.15,33,4.1,mb,,,,1.1,us,usp0005gyd,2014-11-07T00:51:52.181Z,"37 km NW of Bukittinggi, Indonesia",earthquake,,,,3,reviewed,us,us
1992-11-15T17:13:24.900Z,0.854,126.816,71.8,4.7,mb,,,,1.3,us,usp0005gwh,2014-11-07T00:51:52.048Z,"63 km W of Ternate, Indonesia",earthquake,,17.7,,4,reviewed,us,us
1992-11-15T16:35:46.200Z,1.371,129.337,25.1,4.7,mb,,,,0.9,us,usp0005gwe,2014-11-07T00:51:52.037Z,"152 km ESE of Tobelo, Indonesia",earthquake,,,,11,reviewed,us,us
1992-11-15T09:57:22.040Z,-4.383,136.423,102.4,4.9,mb,,,,0.9,us,usp0005gvz,2014-11-07T00:51:52.000Z,"152 km SE of Nabire, Indonesia",earthquake,,29.8,,1,reviewed,us,us
1992-11-15T06:35:54.520Z,-7.072,129.897,149.4,4.4,mb,,,,1.7,us,usp0005gvn,2014-11-07T00:51:51.970Z,"Kepulauan Babar, Indonesia",earthquake,,16.4,,3,reviewed,us,us
1992-11-15T01:55:55.710Z,3.173,128.066,125.4,4.9,mb,,,,0.9,us,usp0005gva,2014-11-07T00:51:51.934Z,"159 km N of Tobelo, Indonesia",earthquake,,,,11,reviewed,us,us
1992-11-13T21:57:30.050Z,1.655,127.229,141.6,4.6,mb,,,,0.6,us,usp0005gu1,2014-11-07T00:51:51.829Z,"87 km W of Tobelo, Indonesia",earthquake,,22.6,,3,reviewed,us,us
1992-11-13T18:02:02.530Z,-5.679,132.838,33,4.5,mb,,,,1.5,us,usp0005gtu,2014-11-07T00:51:51.818Z,"11 km ESE of Tual, Indonesia",earthquake,,,,2,reviewed,us,us
1992-11-13T16:01:03.860Z,2.4,96.269,33,5.3,ms,,,,1.1,us,usp0005gts,2014-11-07T00:51:51.813Z,"15 km SW of Sinabang, Indonesia",earthquake,,,,1,reviewed,us,us
1992-11-13T05:01:40.490Z,-0.678,127.798,33,4.8,mb,,,,0.7,us,usp0005gt7,2014-11-07T00:51:51.774Z,"158 km S of Sofifi, Indonesia",earthquake,,,,3,reviewed,us,us
1992-11-12T04:01:09.320Z,-9.282,117.134,33,4.5,mb,,,,1.7,us,usp0005grc,2014-11-07T00:51:51.464Z,"92 km SSW of Sumbawa Besar, Indonesia",earthquake,,,,3,reviewed,us,us
1992-11-12T01:40:04.030Z,3.628,126.671,58.5,4.8,mb,,,,1.4,us,usp0005gr8,2014-11-07T00:51:51.457Z,"237 km SE of Sarangani, Philippines",earthquake,,12.1,,7,reviewed,us,us
1992-11-12T00:13:34.570Z,-10.597,116.915,42.8,4.6,mb,,,,1.4,us,usp0005gr1,2014-11-07T00:51:51.436Z,"220 km SSE of Praya, Indonesia",earthquake,,14.4,,5,reviewed,us,us
1992-11-11T23:57:56.840Z,-4.478,134.115,33,4,mb,,,,1.3,us,usp0005gqz,2014-11-07T00:51:51.432Z,"197 km SW of Nabire, Indonesia",earthquake,,,,2,reviewed,us,us
1992-11-11T13:55:26.220Z,-7.811,127.743,181.8,4,mb,,,,1.2,us,usp0005gq4,2014-11-07T00:51:51.297Z,"113 km NE of Lospalos, Timor Leste",earthquake,,18.2,,1,reviewed,us,us
1992-11-10T10:30:53.540Z,-7.204,129.178,170.7,5.4,mw,,,,1,us,usp0005gmv,2025-12-19T22:55:53.983Z,"281 km ENE of Lospalos, Timor Leste",earthquake,,4.6,,,reviewed,us,hrv
1992-11-10T04:06:57.200Z,3.504,126.56,73.3,4.8,mb,,,,0.7,us,usp0005gmj,2014-11-07T00:51:50.870Z,"242 km SSE of Sarangani, Philippines",earthquake,,20.5,,7,reviewed,us,us
1992-11-09T21:50:40.030Z,5.803,127.508,64.9,4.4,mb,,,,0.8,us,usp0005gm2,2014-11-07T00:51:50.829Z,"159 km ESE of Pondaguitan, Philippines",earthquake,,11.6,,2,reviewed,us,us
1992-11-09T21:34:54.000Z,3.651,126.588,70.9,4.6,mb,,,,0.9,us,usp0005gm1,2014-11-07T00:51:50.828Z,"230 km SSE of Sarangani, Philippines",earthquake,,15.5,,3,reviewed,us,us
1992-11-08T19:28:50.030Z,-8.861,119.282,114.7,5.3,mw,,,,1.1,us,usp0005gj9,2025-12-19T22:55:52.671Z,"37 km SW of Komodo, Indonesia",earthquake,,5.4,,,reviewed,us,hrv
1992-11-07T14:37:18.870Z,1.725,127.494,127.7,5.3,mb,,,,0.7,us,usp0005gg5,2014-11-07T00:51:49.859Z,"57 km W of Tobelo, Indonesia",earthquake,,8.2,,8,reviewed,us,us
1992-11-07T11:57:44.990Z,-9.667,124.675,78.9,4.2,mb,,,,0.6,us,usp0005gfx,2014-11-07T00:51:49.844Z,"32 km SE of Kefamenanu, Indonesia",earthquake,,29.6,,2,reviewed,us,us
1992-11-06T23:06:37.560Z,1.328,129.313,33,4.1,mb,,,,0.4,us,usp0005gen,2014-11-07T00:51:49.726Z,"151 km ESE of Tobelo, Indonesia",earthquake,,,,3,reviewed,us,us
1992-11-06T19:03:32.790Z,-6.652,127.666,333.8,4.8,mb,,,,0.9,us,usp0005gds,2014-11-07T00:51:49.569Z,"219 km NNE of Lospalos, Timor Leste",earthquake,,6.6,,23,reviewed,us,us
1992-11-06T08:08:08.580Z,0.207,122.779,143.3,4.4,mb,,,,0.9,us,usp0005gcx,2014-11-07T00:51:49.489Z,"Minahasa, Sulawesi, Indonesia",earthquake,,9.2,,5,reviewed,us,us
1992-11-04T00:21:04.170Z,-7.264,122.937,542.4,4.4,mb,,,,0.7,us,usp0005g8r,2014-11-07T00:51:48.196Z,"169 km NNE of Maumere, Indonesia",earthquake,,19.6,,2,reviewed,us,us
1992-11-03T22:01:43.440Z,-6.262,103.551,33,4.9,mb,,,,1,us,usp0005g8n,2014-11-07T00:51:48.178Z,"210 km WSW of Bandar Lampung, Indonesia",earthquake,,,,9,reviewed,us,us
1992-11-02T15:03:23.000Z,5.474,125.692,192.9,4.8,mb,,,,1,us,usp0005g74,2014-11-07T00:51:47.729Z,"26 km ENE of Sarangani, Philippines",earthquake,,8.6,,5,reviewed,us,us
1992-11-02T01:41:10.120Z,2.119,95.675,33,4.7,mb,,,,1,us,usp0005g6p,2014-11-07T00:51:47.601Z,"88 km WSW of Sinabang, Indonesia",earthquake,,,,7,reviewed,us,us
1992-11-01T20:58:02.230Z,1.808,127.317,94.1,5.3,mw,,,,1.1,us,usp0005g6f,2025-12-19T22:55:49.518Z,"77 km W of Tobelo, Indonesia",earthquake,,7.8,,,reviewed,us,hrv
1992-11-01T15:28:07.220Z,-4.889,135.49,33,3.7,mb,,,,1.3,us,usp0005g67,2014-11-07T00:51:47.408Z,"169 km S of Nabire, Indonesia",earthquake,,,,2,reviewed,us,us
1992-11-01T07:19:48.240Z,0.227,125.068,71,4.9,mb,,,,0.8,us,usp0005g5j,2014-11-07T00:51:46.648Z,"120 km S of Tondano, Indonesia",earthquake,,13.4,,4,reviewed,us,us
1992-11-01T05:14:27.520Z,5.546,123.862,565,4.8,mb,,,,1.5,us,usp0005g5c,2014-11-07T00:51:46.567Z,"81 km SSW of Palimbang, Philippines",earthquake,,16.2,,4,reviewed,us,us
1992-10-31T22:34:56.920Z,-10.289,124.993,33,4.3,mb,,,,0.6,us,usp0005g50,2014-11-07T00:51:44.832Z,"91 km ESE of Soe, Indonesia",earthquake,,,,1,reviewed,us,us
1992-10-31T16:26:12.310Z,-3.129,126.61,33,4.7,mb,,,,1,us,usp0005g4n,2014-11-07T00:51:44.662Z,"185 km WNW of Ambon, Indonesia",earthquake,,,,8,reviewed,us,us
1992-10-31T07:04:43.220Z,-1.058,127.013,40.6,4.8,mb,,,,1.4,us,usp0005g40,2014-11-07T00:51:44.212Z,"207 km SSW of Sofifi, Indonesia",earthquake,,16,,6,reviewed,us,us
1992-10-31T01:42:31.890Z,-7.501,128.087,177.8,5.2,mb,,,,1.4,us,usp0005g3k,2014-11-07T00:51:44.179Z,"164 km NE of Lospalos, Timor Leste",earthquake,,25.4,,5,reviewed,us,us
1992-10-30T16:53:52.590Z,-7.878,107.05,64.6,5.2,mw,,,,1,us,usp0005g34,2025-12-19T22:56:24.191Z,"86 km SSW of Banjar, Indonesia",earthquake,,8.7,,,reviewed,us,hrv
1992-10-27T19:36:53.150Z,-5.571,103.796,82.6,4.6,mb,,,,0.8,us,usp0005fyt,2014-11-07T00:51:43.467Z,"145 km SW of Kotabumi, Indonesia",earthquake,,14.2,,8,reviewed,us,us
1992-10-27T09:12:59.980Z,1.831,99.397,33,3.9,mb,,,,1.5,us,usp0005fy7,2014-11-07T00:51:43.426Z,"46 km WSW of Bandar, Indonesia",earthquake,,,,2,reviewed,us,us
1992-10-26T22:36:49.720Z,-8.001,122.837,237.7,4.8,mb,,,,0.7,us,usp0005fxq,2014-11-07T00:51:43.389Z,"97 km NE of Maumere, Indonesia",earthquake,,9.7,,3,reviewed,us,us
1992-10-26T16:17:14.340Z,4.548,127.74,146.5,4.6,mb,,,,0.7,us,usp0005fxb,2014-11-07T00:51:43.362Z,"264 km SE of Pondaguitan, Philippines",earthquake,,22.8,,7,reviewed,us,us
1992-10-26T15:00:04.720Z,-7.407,120.321,657.6,4.7,mb,,,,0.8,us,usp0005fx8,2014-11-07T00:51:43.356Z,"129 km NNE of Labuan Bajo, Indonesia",earthquake,,14.6,,5,reviewed,us,us
1992-10-26T13:29:51.240Z,-3.082,138.892,78.9,5,mw,,,,1.2,us,usp0005fx5,2025-12-19T22:56:19.617Z,"200 km WSW of Abepura, Indonesia",earthquake,,,,,reviewed,us,hrv
1992-10-25T15:00:07.180Z,-5.91,103.712,55.9,5.2,mb,,,,0.9,us,usp0005fvx,2014-11-07T00:51:43.207Z,"176 km SW of Kotabumi, Indonesia",earthquake,,,,53,reviewed,us,us
1992-10-25T14:37:31.770Z,-5.83,106.78,104.1,5.3,mb,,,,0.6,us,usp0005fvu,2014-11-07T00:51:43.201Z,"33 km NNE of Teluknaga, Indonesia",earthquake,,28.4,,1,reviewed,us,us
1992-10-24T12:37:47.650Z,1.419,129.234,33,5,mb,,,,1.3,us,usp0005fu9,2014-11-07T00:51:42.988Z,"140 km ESE of Tobelo, Indonesia",earthquake,,,,8,reviewed,us,us
1992-10-24T00:25:24.390Z,-7.32,128.665,172.1,4.9,mb,,,,1,us,usp0005ftf,2014-11-07T00:51:42.868Z,"226 km NE of Lospalos, Timor Leste",earthquake,,24.5,,3,reviewed,us,us
1992-10-23T21:24:36.140Z,-9.469,122.56,33,6.2,mw,,,,1.3,us,usp0005fta,2022-04-28T18:33:53.825Z,"101 km SSE of Maumere, Indonesia",earthquake,,,,,reviewed,us,hrv
1992-10-23T16:06:17.520Z,-5.903,104.934,87.1,5.1,mb,,,,1.1,us,usp0005fsv,2014-11-07T00:51:42.694Z,"63 km SW of Bandar Lampung, Indonesia",earthquake,,14.2,,31,reviewed,us,us
1992-10-22T18:25:56.410Z,-4.222,126.155,315.8,5.3,mw,,,,0.9,us,usp0005fr1,2025-12-19T22:56:14.740Z,"232 km WSW of Ambon, Indonesia",earthquake,,,,,reviewed,us,hrv
1992-10-22T11:21:03.780Z,-6.959,129.247,162.6,5,mb,,,,1,us,usp0005fqj,2014-11-07T00:51:42.300Z,"Banda Sea",earthquake,,30.4,,3,reviewed,us,us
1992-10-21T13:03:36.700Z,-3.513,130.398,33,5.2,mb,,,,0.7,us,usp0005fpd,2014-11-07T00:51:42.133Z,"165 km E of Amahai, Indonesia",earthquake,,,,2,reviewed,us,us
1992-10-19T07:10:31.300Z,-7.388,128.393,134.6,4.4,mb,,,,1.2,us,usp0005fk1,2014-11-07T00:51:41.581Z,"198 km NE of Lospalos, Timor Leste",earthquake,,40.1,,2,reviewed,us,us
1992-10-18T17:42:51.450Z,-6.74,105.602,37.4,5.8,ms,,,,1.1,us,usp0005fhu,2022-04-28T18:33:17.457Z,"47 km SSW of Labuan, Indonesia",earthquake,,6.6,,14,reviewed,us,us
1992-10-18T13:08:54.740Z,-6.279,130.214,118.9,6.2,mw,,,,1,us,usp0005fh9,2022-04-28T18:33:12.817Z,"290 km WSW of Tual, Indonesia",earthquake,,,,,reviewed,us,hrv
1992-10-18T08:44:18.680Z,-6.079,129.186,224.6,4.8,mb,,,,0.8,us,usp0005fgw,2014-11-07T00:51:41.109Z,"286 km SSE of Ambon, Indonesia",earthquake,,17.6,,1,reviewed,us,us
1992-10-18T00:58:05.880Z,-10.022,117.093,26.9,5.6,mw,,,,1.2,us,usp0005fgd,2022-04-28T18:33:10.055Z,"171 km SSE of Praya, Indonesia",earthquake,,,,,reviewed,us,hrv
1992-10-17T22:34:55.480Z,-0.048,123.235,175.8,4.4,mb,,,,1,us,usp0005fg8,2014-11-07T00:51:40.937Z,"67 km SSE of Gorontalo, Indonesia",earthquake,,27.3,,5,reviewed,us,us
1992-10-17T16:37:56.830Z,-2.756,128.605,33,4.3,mb,,,,0.6,us,usp0005ffr,2014-11-07T00:51:40.815Z,"73 km NNW of Amahai, Indonesia",earthquake,,,,1,reviewed,us,us
1992-10-16T22:03:40.230Z,1.354,123.405,33,4.5,mb,,,,1.2,us,usp0005fe7,2014-11-07T00:51:40.316Z,"98 km NNE of Gorontalo, Indonesia",earthquake,,,,4,reviewed,us,us
1992-10-16T21:24:20.050Z,1.329,123.559,33,4.8,mb,,,,1.4,us,usp0005fe5,2014-11-07T00:51:40.311Z,"103 km NNE of Gorontalo, Indonesia",earthquake,,,,5,reviewed,us,us
1992-10-16T18:33:16.190Z,0.252,122.432,157.4,5.3,mw,,,,1.2,us,usp0005fdx,2025-12-19T22:56:12.224Z,"76 km WSW of Gorontalo, Indonesia",earthquake,,,,,reviewed,us,hrv
1992-10-16T04:36:50.560Z,-5.066,103.408,56.6,4.9,mb,,,,1,us,usp0005fd6,2014-11-07T00:51:40.163Z,"116 km S of Pagar Alam, Indonesia",earthquake,,18.4,,8,reviewed,us,us
1992-10-15T18:10:46.150Z,5.064,123.202,590.9,4.9,mb,,,,0.6,us,usp0005fck,2014-11-07T00:51:40.023Z,"167 km SW of Palimbang, Philippines",earthquake,,5.8,,13,reviewed,us,us
1992-10-15T10:51:20.930Z,-10.573,123.485,88.1,4.7,mb,,,,1.1,us,usp0005fc5,2014-11-07T00:51:39.980Z,"46 km SSW of Kupang, Indonesia",earthquake,,15.6,,5,reviewed,us,us
1992-10-14T10:41:58.290Z,-4.611,133.958,33,4.7,mb,,,,1.3,us,usp0005faz,2014-11-07T00:51:39.883Z,"174 km NE of Tual, Indonesia",earthquake,,,,1,reviewed,us,us
1992-10-14T03:33:03.520Z,-4.443,132.964,19.8,4.8,mb,,,,1.5,us,usp0005fah,2014-11-07T00:51:39.811Z,"133 km N of Tual, Indonesia",earthquake,,,,24,reviewed,us,us
1992-10-13T12:53:50.760Z,1.428,129.353,22.4,4.9,mb,,,,1.1,us,usp0005f9k,2014-11-07T00:51:39.736Z,"153 km ESE of Tobelo, Indonesia",earthquake,,,,11,reviewed,us,us
1992-10-12T23:21:36.160Z,-9.25,109.515,33,4.7,mb,,,,0.9,us,usp0005f8u,2014-11-07T00:51:39.657Z,"166 km SSW of Srandakan, Indonesia",earthquake,,,,6,reviewed,us,us
1992-10-12T16:41:33.230Z,-4.644,125.442,449.9,4.6,mb,,,,1.1,us,usp0005f8d,2014-11-07T00:51:39.603Z,"Banda Sea",earthquake,,7.9,,8,reviewed,us,us
1992-10-11T17:31:53.290Z,3.61,127.308,58.6,4.6,mb,,,,1.3,us,usp0005f75,2014-11-07T00:51:39.211Z,"222 km NNW of Tobelo, Indonesia",earthquake,,15.4,,3,reviewed,us,us
1992-10-11T01:03:28.760Z,0.954,128.722,98.8,4.9,mb,,,,1.1,us,usp0005f61,2014-11-07T00:51:39.089Z,"116 km SE of Tobelo, Indonesia",earthquake,,20.6,,10,reviewed,us,us
1992-10-10T09:26:19.070Z,1.227,129.181,44.6,4.8,mb,,,,1.3,us,usp0005f5e,2014-11-07T00:51:39.003Z,"141 km ESE of Tobelo, Indonesia",earthquake,,13,,10,reviewed,us,us
1992-10-10T00:34:47.300Z,1.24,129.093,33,4.8,mb,,,,1.3,us,usp0005f4y,2014-11-07T00:51:38.933Z,"132 km ESE of Tobelo, Indonesia",earthquake,,,,8,reviewed,us,us
1992-10-09T23:45:18.340Z,-3.094,129.822,58.3,4.8,mb,,,,1.1,us,usp0005f4x,2014-11-07T00:51:38.930Z,"103 km ENE of Amahai, Indonesia",earthquake,,23.8,,6,reviewed,us,us
1992-10-09T23:19:25.820Z,1.356,129.54,22.5,4.7,mb,,,,1.2,us,usp0005f4v,2014-11-07T00:51:38.904Z,"175 km ESE of Tobelo, Indonesia",earthquake,,,,7,reviewed,us,us
1992-10-09T12:45:47.340Z,-4.219,127.656,228.9,5,mb,,,,1,us,usp0005f49,2014-11-07T00:51:38.842Z,"82 km SW of Ambon, Indonesia",earthquake,,6.7,,24,reviewed,us,us
1992-10-07T16:27:29.470Z,1.712,125.946,33,5.3,mb,,,,1.1,us,usp0005f28,2014-11-07T00:51:38.507Z,"110 km ENE of Laikit, Laikit II (Dimembe), Indonesia",earthquake,,,,1,reviewed,us,us
1992-10-07T10:00:18.860Z,-6.511,105.357,40,5.2,mb,,,,1,us,usp0005f1u,2014-11-07T00:51:38.455Z,"54 km WSW of Labuan, Indonesia",earthquake,,,,9,reviewed,us,us
1992-10-07T00:01:45.710Z,3.188,128.208,65.8,4.9,mb,,,,0.9,us,usp0005f1a,2014-11-07T00:51:38.394Z,"162 km N of Tobelo, Indonesia",earthquake,,18.1,,3,reviewed,us,us
1992-10-05T03:04:14.620Z,4.961,124.997,193.8,4.7,mb,,,,1.4,us,usp0005eym,2014-11-07T00:51:37.853Z,"71 km SW of Sarangani, Philippines",earthquake,,14.6,,3,reviewed,us,us
1992-10-04T18:19:23.460Z,-7.742,128.574,173.9,4.6,mb,,,,1.2,us,usp0005ey4,2014-11-07T00:51:37.724Z,"193 km ENE of Lospalos, Timor Leste",earthquake,,13.6,,3,reviewed,us,us
1992-10-04T16:10:09.030Z,-10.236,125.477,33,3.7,mb,,,,1.1,us,usp0005exz,2014-11-07T00:51:37.686Z,"104 km SSE of Suai, Timor Leste",earthquake,,,,1,reviewed,us,us
1992-10-04T07:41:18.630Z,-5.531,130.627,117.8,4.6,mb,,,,1.1,us,usp0005exd,2014-11-07T00:51:37.574Z,"235 km W of Tual, Indonesia",earthquake,,24.6,,3,reviewed,us,us
1992-10-03T23:38:54.990Z,-5.533,133.813,33,4.6,mb,,,,1.4,us,usp0005ex2,2014-11-07T00:51:37.481Z,"117 km E of Tual, Indonesia",earthquake,,,,9,reviewed,us,us
1992-10-03T21:17:57.830Z,1.41,129.427,10,4.6,mb,,,,0.9,us,usp0005ewy,2014-11-07T00:51:37.456Z,"161 km ESE of Tobelo, Indonesia",earthquake,,,,2,reviewed,us,us
1992-10-03T18:28:35.280Z,-9.943,124.456,33,4.1,mb,,,,0.9,us,usp0005eww,2014-11-07T00:51:37.450Z,"20 km ESE of Soe, Indonesia",earthquake,,,,1,reviewed,us,us
1992-10-02T22:48:56.790Z,1.223,129.15,76.9,4.9,mb,,,,1.3,us,usp0005evt,2014-11-07T00:51:37.086Z,"138 km ESE of Tobelo, Indonesia",earthquake,,24.5,,11,reviewed,us,us
1992-10-02T21:27:36.850Z,1.339,129.207,33,4.6,mb,,,,1.4,us,usp0005evp,2014-11-07T00:51:37.065Z,"140 km ESE of Tobelo, Indonesia",earthquake,,,,5,reviewed,us,us
1992-10-02T19:29:55.140Z,0.304,122.618,106.5,5,mw,,,,1.2,us,usp0005evk,2025-12-19T22:56:01.733Z,"55 km WSW of Gorontalo, Indonesia",earthquake,,,,,reviewed,us,hrv
1992-10-02T11:04:37.180Z,1.226,129.304,33,4.8,mb,,,,0.9,us,usp0005ev0,2014-11-07T00:51:36.898Z,"154 km ESE of Tobelo, Indonesia",earthquake,,,,9,reviewed,us,us
1992-10-02T09:45:43.020Z,-5.809,131.359,123.1,4.8,mb,,,,0.9,us,usp0005euw,2014-11-07T00:51:36.859Z,"155 km W of Tual, Indonesia",earthquake,,19.5,,1,reviewed,us,us
1992-10-02T05:33:11.830Z,-6.919,130.213,228,4.7,mb,,,,1.3,us,usp0005euf,2014-11-07T00:51:36.704Z,"Banda Sea",earthquake,,14.3,,4,reviewed,us,us
1992-10-01T18:13:20.950Z,-1.927,126.802,24.5,5,mb,,,,1.3,us,usp0005etx,2014-11-07T00:51:36.568Z,"248 km NW of Ambon, Indonesia",earthquake,,,,12,reviewed,us,us
1992-10-01T11:51:06.440Z,-3.748,128.73,125.7,4.8,mb,,,,1.1,us,usp0005et9,2014-11-07T00:51:36.341Z,"49 km SSW of Amahai, Indonesia",earthquake,,9.6,,6,reviewed,us,us
1992-10-01T01:57:20.420Z,-2.879,128.763,93.7,4.6,mb,,,,1.3,us,usp0005esq,2014-11-07T00:51:35.133Z,"53 km NNW of Amahai, Indonesia",earthquake,,31.6,,2,reviewed,us,us
1992-09-30T14:24:04.220Z,-7.747,128.548,130.6,4.9,mb,,,,1.4,us,usp0005ert,2014-11-07T00:51:32.955Z,"191 km ENE of Lospalos, Timor Leste",earthquake,,34.4,,1,reviewed,us,us
1992-09-29T16:35:04.060Z,1.163,129.255,33,4.6,mb,,,,0.5,us,usp0005eq4,2014-11-07T00:51:32.288Z,"152 km ESE of Tobelo, Indonesia",earthquake,,,,4,reviewed,us,us
1992-09-29T15:16:43.110Z,-0.234,124.104,40,5.2,mw,,,,1.2,us,usp0005eq0,2025-12-19T22:57:15.799Z,"143 km SE of Gorontalo, Indonesia",earthquake,,,,,reviewed,us,hrv
1992-09-28T14:53:47.740Z,-6.825,129.846,190.6,4.8,mb,,,,0.7,us,usp0005enf,2014-11-07T00:51:31.618Z,"Banda Sea",earthquake,,37.7,,1,reviewed,us,us
1992-09-28T08:54:44.470Z,1.324,129.194,33,4.9,ms,,,,1.3,us,usp0005en0,2014-11-07T00:51:31.394Z,"139 km ESE of Tobelo, Indonesia",earthquake,,,,2,reviewed,us,us
1992-09-28T08:17:20.930Z,-2.95,139.028,33,4.9,mb,,,,1.3,us,usp0005emz,2014-11-07T00:51:31.391Z,"182 km WSW of Abepura, Indonesia",earthquake,,,,8,reviewed,us,us
1992-09-27T23:38:54.520Z,-1.467,119.608,33,4.7,mb,,,,0.6,us,usp0005emk,2014-11-07T00:51:31.315Z,"68 km SSW of Palu, Indonesia",earthquake,,,,3,reviewed,us,us
1992-09-27T21:10:09.510Z,-6.477,130.129,33,4.6,mb,,,,0.9,us,usp0005eme,2014-11-07T00:51:31.304Z,"Banda Sea",earthquake,,,,2,reviewed,us,us
1992-09-27T16:50:04.710Z,1.29,129.545,33,4.7,mb,,,,1.1,us,usp0005em0,2014-11-07T00:51:31.218Z,"177 km ESE of Tobelo, Indonesia",earthquake,,,,6,reviewed,us,us
1992-09-27T11:15:58.010Z,1.398,129.597,33,4.8,mb,,,,1.3,us,usp0005ekh,2014-11-07T00:51:31.171Z,"180 km ESE of Tobelo, Indonesia",earthquake,,,,5,reviewed,us,us
1992-09-27T10:09:14.480Z,1.268,129.314,30.7,5.7,ms,,,,1.3,us,usp0005ekd,2022-04-28T18:37:39.677Z,"153 km ESE of Tobelo, Indonesia",earthquake,,,,18,reviewed,us,us
1992-09-27T10:04:40.120Z,1.269,129.245,28.2,5.9,mw,,,,1.1,us,usp0005ekc,2022-04-28T18:37:38.593Z,"146 km ESE of Tobelo, Indonesia",earthquake,,,,,reviewed,us,hrv
1992-09-27T04:50:30.270Z,-8.769,128.171,205.2,4.3,mb,,,,0.9,us,usp0005ek1,2014-11-07T00:51:31.088Z,"131 km ESE of Lospalos, Timor Leste",earthquake,,40.3,,2,reviewed,us,us
1992-09-27T04:32:48.700Z,-0.125,123.805,33,5,mb,,,,0.9,us,usp0005ejz,2014-11-07T00:51:31.046Z,"110 km SE of Gorontalo, Indonesia",earthquake,,,,6,reviewed,us,us
1992-09-27T03:31:29.240Z,1.278,129.262,33,4.9,mb,,,,0.9,us,usp0005ejy,2014-11-07T00:51:31.031Z,"148 km ESE of Tobelo, Indonesia",earthquake,,,,15,reviewed,us,us
1992-09-27T02:27:57.430Z,1.216,129.194,33,5,mb,,,,1.2,us,usp0005ejw,2014-11-07T00:51:31.025Z,"143 km ESE of Tobelo, Indonesia",earthquake,,,,13,reviewed,us,us
1992-09-27T02:01:34.090Z,1.447,129.675,33,4.6,mb,,,,1.2,us,usp0005ejv,2014-11-07T00:51:31.024Z,"187 km E of Tobelo, Indonesia",earthquake,,,,4,reviewed,us,us
1992-09-26T23:56:01.620Z,1.32,129.434,33,5.1,mb,,,,1.2,us,usp0005ejp,2014-11-07T00:51:31.009Z,"164 km ESE of Tobelo, Indonesia",earthquake,,,,6,reviewed,us,us
1992-09-26T23:06:45.900Z,1.46,129.317,33,5.1,ms,,,,1.2,us,usp0005ejk,2014-11-07T00:51:31.000Z,"148 km ESE of Tobelo, Indonesia",earthquake,,,,1,reviewed,us,us
1992-09-26T22:57:40.940Z,1.286,128.85,33,4.8,mb,,,,1.3,us,usp0005ejj,2014-11-07T00:51:30.997Z,"105 km ESE of Tobelo, Indonesia",earthquake,,,,7,reviewed,us,us
1992-09-26T22:15:57.510Z,1.289,129.118,27.7,6.7,mwb,,,,1.2,us,usp0005ejh,2022-04-28T18:37:37.332Z,"132 km ESE of Tobelo, Indonesia",earthquake,,,,,reviewed,us,us
1992-09-26T17:59:59.460Z,-9.37,112.64,33,4.6,mb,,,,0.8,us,usp0005ej7,2014-11-07T00:51:30.931Z,"128 km S of Dampit, Indonesia",earthquake,,,,1,reviewed,us,us
1992-09-26T17:59:10.150Z,-7.656,106.313,33,4.8,mb,,,,1.1,us,usp0005ej6,2014-11-07T00:51:30.928Z,"78 km SSW of Pelabuhanratu, Indonesia",earthquake,,,,7,reviewed,us,us
1992-09-26T16:42:55.570Z,-4.999,133.689,33,4.3,mb,,,,0.8,us,usp0005ej5,2014-11-07T00:51:30.927Z,"125 km NE of Tual, Indonesia",earthquake,,,,2,reviewed,us,us
1992-09-25T16:14:22.560Z,-6.263,130.179,114.8,4.7,mb,,,,1.4,us,usp0005egf,2014-11-07T00:51:30.748Z,"293 km WSW of Tual, Indonesia",earthquake,,16.4,,3,reviewed,us,us
1992-09-25T14:01:46.400Z,-7.364,127.899,257.9,4.9,mb,,,,1.2,us,usp0005eg8,2014-11-07T00:51:30.723Z,"162 km NE of Lospalos, Timor Leste",earthquake,,27.5,,3,reviewed,us,us
1992-09-25T08:57:40.510Z,-5.388,102.556,28.6,5.3,mb,,,,1,us,usp0005efw,2014-11-07T00:51:30.687Z,"169 km SSW of Pagar Alam, Indonesia",earthquake,,,,33,reviewed,us,us
1992-09-25T06:20:22.570Z,-0.017,126.673,71.9,4.7,mb,,,,0.4,us,usp0005eft,2014-11-07T00:51:30.676Z,"119 km SW of Ternate, Indonesia",earthquake,,15.8,,3,reviewed,us,us
1992-09-24T12:37:43.570Z,0.998,123.582,33,4.6,mb,,,,1.1,us,usp0005eek,2014-11-07T00:51:30.493Z,"77 km NE of Gorontalo, Indonesia",earthquake,,,,2,reviewed,us,us
1992-09-24T12:08:21.880Z,1.355,123.497,23.5,5.2,mw,,,,1.2,us,usp0005eej,2025-12-19T22:57:07.884Z,"102 km NNE of Gorontalo, Indonesia",earthquake,,,,,reviewed,us,hrv
1992-09-23T18:10:18.790Z,-7.631,117.833,33,4.4,mb,,,,1.3,us,usp0005ed2,2014-11-07T00:51:30.333Z,"94 km NNE of Pototano, Indonesia",earthquake,,,,2,reviewed,us,us
1992-09-23T13:26:52.370Z,1.311,123.358,37.4,4.9,mb,,,,1.4,us,usp0005eck,2014-11-07T00:51:30.225Z,"91 km NNE of Gorontalo, Indonesia",earthquake,,,,11,reviewed,us,us
1992-09-23T08:16:43.230Z,1.255,123.485,28.8,4.9,ms,,,,1.2,us,usp0005ec3,2014-11-07T00:51:30.175Z,"92 km NNE of Gorontalo, Indonesia",earthquake,,,,3,reviewed,us,us
1992-09-23T08:10:53.110Z,1.139,123.39,32,5.4,mw,,,,1.3,us,usp0005ec2,2022-04-28T18:37:10.425Z,"75 km NNE of Gorontalo, Indonesia",earthquake,,,,,reviewed,us,hrv
1992-09-23T08:05:28.120Z,1.31,123.527,23.1,5,mb,,,,1.2,us,usp0005ec1,2014-11-07T00:51:30.156Z,"99 km NNE of Gorontalo, Indonesia",earthquake,,,,23,reviewed,us,us
1992-09-22T20:23:26.600Z,-7.364,130.408,33,4.8,mb,,,,1.4,us,usp0005eb3,2014-11-07T00:51:30.084Z,"Pulau Pulau Tanimbar, Indonesia",earthquake,,,,6,reviewed,us,us
1992-09-22T14:15:08.780Z,-7.254,128.529,49.2,5.2,mb,,,,1,us,usp0005ean,2014-11-07T00:51:30.045Z,"219 km NE of Lospalos, Timor Leste",earthquake,,,,37,reviewed,us,us
1992-09-19T19:59:26.220Z,-7.395,126.455,346.9,4.7,mb,,,,0.8,us,usp0005e79,2014-11-07T00:51:29.635Z,"119 km N of Baukau, Timor Leste",earthquake,,26.1,,5,reviewed,us,us
1992-09-19T17:44:49.120Z,-7.272,128.437,125.8,4.4,mb,,,,1,us,usp0005e76,2014-11-07T00:51:29.630Z,"210 km NE of Lospalos, Timor Leste",earthquake,,30.6,,2,reviewed,us,us
1992-09-18T12:36:32.310Z,-6.799,130.834,125.9,4.9,mb,,,,1,us,usp0005e5u,2014-11-07T00:51:29.487Z,"248 km WSW of Tual, Indonesia",earthquake,,16.8,,1,reviewed,us,us
1992-09-18T08:09:04.130Z,1.755,128.25,107.2,4.7,mb,,,,0.7,us,usp0005e5c,2014-11-07T00:51:29.421Z,"26 km E of Tobelo, Indonesia",earthquake,,12.4,,7,reviewed,us,us
1992-09-17T15:18:25.310Z,-7.524,127.97,179.9,4.6,mb,,,,1.3,us,usp0005e4d,2014-11-07T00:51:29.310Z,"153 km NE of Lospalos, Timor Leste",earthquake,,25.4,,2,reviewed,us,us
1992-09-17T00:22:54.040Z,-0.055,129.807,33,4.8,mb,,,,1.3,us,usp0005e3c,2014-11-07T00:51:29.216Z,"185 km WNW of Sorong, Indonesia",earthquake,,,,6,reviewed,us,us
1992-09-16T09:29:01.760Z,1.727,125.797,114.8,4.9,mb,,,,0.4,us,usp0005e2g,2014-11-07T00:51:29.118Z,"95 km ENE of Laikit, Laikit II (Dimembe), Indonesia",earthquake,,17.9,,2,reviewed,us,us
1992-09-15T11:43:26.810Z,-6.749,129.494,129,4.8,mb,,,,1.1,us,usp0005e14,2014-11-07T00:51:28.885Z,"Banda Sea",earthquake,,15.7,,2,reviewed,us,us
1992-09-13T08:19:34.930Z,-7.966,107.838,33,4.8,mb,,,,1.3,us,usp0005dxz,2014-11-07T00:51:28.087Z,"74 km SSW of Singaparna, Indonesia",earthquake,,,,5,reviewed,us,us
1992-09-13T07:51:45.800Z,-7.32,120.356,638.5,5,mb,,,,1,us,usp0005dxx,2014-11-07T00:51:28.078Z,"139 km NNE of Labuan Bajo, Indonesia",earthquake,,4.3,,39,reviewed,us,us
1992-09-13T03:39:15.740Z,-6.607,105.847,84.8,5.1,mb,,,,0.9,us,usp0005dxq,2014-11-07T00:51:28.052Z,"25 km S of Labuan, Indonesia",earthquake,,14.3,,27,reviewed,us,us
1992-09-11T23:26:44.000Z,-8.161,128.307,146.5,4.1,mb,,,,0.5,us,usp0005dw3,2014-11-07T00:51:27.815Z,"149 km ENE of Lospalos, Timor Leste",earthquake,,28.5,,2,reviewed,us,us
1992-09-11T22:30:35.040Z,-4.188,126.187,278,4.9,mb,,,,1,us,usp0005dw0,2014-11-07T00:51:27.810Z,"228 km WSW of Ambon, Indonesia",earthquake,,30.8,,5,reviewed,us,us
1992-09-11T22:24:52.280Z,4.153,126.464,46.1,5.3,mw,,,,1.1,us,usp0005dvz,2025-12-19T22:56:47.649Z,"177 km SE of Sarangani, Philippines",earthquake,,,,,reviewed,us,hrv
1992-09-11T15:27:02.380Z,-7.383,105.276,33,4.4,mb,,,,1.1,us,usp0005dvf,2014-11-07T00:51:27.697Z,"126 km SSW of Labuan, Indonesia",earthquake,,,,3,reviewed,us,us
1992-09-09T23:32:20.640Z,5.947,124.222,29.7,5.1,mb,,,,1.2,us,usp0005dtd,2014-11-07T00:51:27.243Z,"24 km SW of Malisbeng, Philippines",earthquake,,,,18,reviewed,us,us
1992-09-09T15:58:13.680Z,2.779,124.429,294.6,5,mb,,,,1,us,usp0005dsy,2014-11-07T00:51:27.066Z,"150 km NNW of Manado, Indonesia",earthquake,,7.8,,39,reviewed,us,us
1992-09-09T02:43:04.320Z,3.795,129.938,160.4,4.8,mb,,,,1.4,us,usp0005ds3,2014-11-07T00:51:26.390Z,"157 km WNW of Tobi Village, Palau",earthquake,,23.1,,4,reviewed,us,us
1992-09-07T20:53:09.270Z,3.375,125.433,45.9,4.7,mb,,,,0.5,us,usp0005dqa,2014-11-07T00:51:26.121Z,"214 km NNE of Laikit, Laikit II (Dimembe), Indonesia",earthquake,,14,,2,reviewed,us,us
1992-09-07T18:36:45.150Z,3.421,125.354,35.3,5.1,mb,,,,1.3,us,usp0005dq5,2014-11-07T00:51:26.103Z,"217 km N of Laikit, Laikit II (Dimembe), Indonesia",earthquake,,,,15,reviewed,us,us
1992-09-06T23:49:02.590Z,-7.035,105.65,35.5,4.9,ms,,,,1,us,usp0005dp6,2022-04-28T18:35:13.425Z,"75 km SSW of Labuan, Indonesia",earthquake,,,,2,reviewed,us,us
1992-09-06T23:46:12.020Z,-7.072,105.482,33,5.3,ms,,,,1.2,us,usp0005dp5,2022-04-28T18:35:07.819Z,"85 km SSW of Labuan, Indonesia",earthquake,,,,6,reviewed,us,us
1992-09-05T02:52:05.580Z,-6.816,130.396,33,4.2,mb,,,,1.5,us,usp0005dku,2014-11-07T00:51:24.942Z,"291 km WSW of Tual, Indonesia",earthquake,,,,2,reviewed,us,us
1992-09-04T22:48:10.750Z,-8.522,112.507,33,4.9,mb,,,,1,us,usp0005dkg,2014-11-07T00:51:24.880Z,"40 km S of Sumberpucung, Indonesia",earthquake,,,,15,reviewed,us,us
1992-09-04T20:52:35.080Z,-9.559,123.951,33,4.4,mb,,,,1.1,us,usp0005dkd,2014-11-07T00:51:24.871Z,"20 km ENE of Naisano Dua, Indonesia",earthquake,,,,4,reviewed,us,us
1992-09-04T16:34:49.530Z,-5.993,105.713,99.4,4.8,mb,,,,1.3,us,usp0005dk8,2014-11-07T00:51:24.842Z,"44 km NNW of Labuan, Indonesia",earthquake,,21.2,,9,reviewed,us,us
1992-09-04T00:56:14.990Z,-8.79,112.378,33,4.9,mb,,,,1.5,us,usp0005dj5,2014-11-07T00:51:24.652Z,"70 km S of Sumberpucung, Indonesia",earthquake,,,,6,reviewed,us,us
1992-09-03T10:12:11.050Z,-4.125,133.36,33,4.6,mb,,,,1.5,us,usp0005dhg,2014-11-07T00:51:24.520Z,"179 km NNE of Tual, Indonesia",earthquake,,,,5,reviewed,us,us
1992-09-03T04:11:35.460Z,-3.461,138.868,10,4.7,mb,,,,1.2,us,usp0005dh5,2014-11-07T00:51:24.448Z,"218 km WSW of Abepura, Indonesia",earthquake,,,,4,reviewed,us,us
1992-09-02T21:27:04.750Z,-3.259,139.835,60.6,5.3,mw,,,,1.1,us,usp0005dgq,2025-12-19T22:56:34.408Z,"115 km SW of Abepura, Indonesia",earthquake,,,,,reviewed,us,hrv
1992-09-02T08:29:14.790Z,-0.703,100.6,33,4.6,mb,,,,0.9,us,usp0005dfa,2014-11-07T00:51:23.744Z,"12 km NNW of Solok, Indonesia",earthquake,,,,5,reviewed,us,us
1992-09-02T05:50:01.900Z,-6.046,112.138,624.6,6.7,mw,,,,1,us,usp0005dew,2022-04-28T18:34:49.270Z,"94 km N of Tuban, Indonesia",earthquake,,,,,reviewed,us,hrv
1992-09-01T20:38:36.280Z,-2.023,138.803,33,4.4,mb,,,,0.4,us,usp0005ddb,2014-11-07T00:51:22.620Z,"213 km WNW of Abepura, Indonesia",earthquake,,,,2,reviewed,us,us
1992-09-01T06:33:49.250Z,-8.658,124.166,151.3,4.5,mb,,,,0.3,us,usp0005dcm,2014-11-07T00:51:21.921Z,"64 km NNW of Pante Makasar, Timor Leste",earthquake,,27.8,,3,reviewed,us,us
1992-08-31T11:14:23.800Z,1.355,128.621,76.4,5.1,mw,,,,1,us,usp0005dby,2025-12-19T22:58:00.142Z,"79 km ESE of Tobelo, Indonesia",earthquake,,9.5,,,reviewed,us,hrv
1992-08-30T14:42:35.080Z,-6.13,129.85,139.7,5.2,mb,,,,1,us,usp0005dap,2014-11-07T00:51:20.145Z,"Banda Sea",earthquake,,11.5,,10,reviewed,us,us
1992-08-30T05:05:00.850Z,-3.654,139.93,33,4.3,mb,,,,1.3,us,usp0005da5,2014-11-07T00:51:20.094Z,"140 km SSW of Abepura, Indonesia",earthquake,,,,2,reviewed,us,us
1992-08-28T17:49:50.120Z,-8.584,126.295,33,4.3,mb,,,,0.9,us,usp0005d7n,2014-11-07T00:51:19.751Z,"11 km NW of Venilale, Timor Leste",earthquake,,,,1,reviewed,us,us
1992-08-28T13:34:51.170Z,-4.612,103.123,33,4.8,mb,,,,0.8,us,usp0005d7a,2014-11-07T00:51:19.697Z,"66 km SSW of Pagar Alam, Indonesia",earthquake,,,,3,reviewed,us,us
1992-08-28T11:25:13.310Z,-8.458,127.593,33,5,mb,,,,0.9,us,usp0005d74,2014-11-07T00:51:19.676Z,"65 km E of Lospalos, Timor Leste",earthquake,,,,11,reviewed,us,us
1992-08-28T04:49:44.210Z,-6.922,126.906,394.6,4.8,mb,,,,1,us,usp0005d6h,2014-11-07T00:51:19.618Z,"177 km N of Lospalos, Timor Leste",earthquake,,,,24,reviewed,us,us
1992-08-27T12:04:36.750Z,3.11,126.8,33,4.5,mb,,,,0.7,us,usp0005d59,2014-11-07T00:51:19.493Z,"203 km NW of Tobelo, Indonesia",earthquake,,,,2,reviewed,us,us
1992-08-26T08:25:09.360Z,-6.029,130.412,113.1,5.1,mb,,,,1,us,usp0005d30,2014-11-07T00:51:19.093Z,"262 km W of Tual, Indonesia",earthquake,,13.5,,18,reviewed,us,us
1992-08-25T19:56:08.890Z,1.618,126.989,87.7,4.8,mb,,,,1.1,us,usp0005d29,2014-11-07T00:51:19.025Z,"101 km NNW of Ternate, Indonesia",earthquake,,15.8,,6,reviewed,us,us
1992-08-24T23:31:53.310Z,1.179,126.049,67.1,4.7,mb,,,,1.1,us,usp0005d0h,2014-11-07T00:51:18.822Z,"124 km ESE of Laikit, Laikit II (Dimembe), Indonesia",earthquake,,12,,5,reviewed,us,us
1992-08-24T03:31:44.220Z,-5.205,129.535,33,4.4,mb,,,,1.3,us,usp0005cyz,2014-11-07T00:51:18.242Z,"217 km SSE of Amahai, Indonesia",earthquake,,,,3,reviewed,us,us
1992-08-24T01:58:38.750Z,1.637,127.234,33,4.7,mb,,,,0.9,us,usp0005cyv,2014-11-07T00:51:18.220Z,"86 km W of Tobelo, Indonesia",earthquake,,,,3,reviewed,us,us
1992-08-23T07:13:11.870Z,1.099,123.097,150,4.8,mb,,,,1,us,usp0005cxp,2014-11-07T00:51:18.044Z,"62 km N of Gorontalo, Indonesia",earthquake,,,,6,reviewed,us,us
1992-08-23T01:39:18.260Z,1.566,127.927,33,4.6,mb,,,,0.9,us,usp0005cx2,2014-11-07T00:51:17.988Z,"20 km SSW of Tobelo, Indonesia",earthquake,,,,3,reviewed,us,us
1992-08-21T22:11:13.760Z,5.902,124.181,27.1,5.2,mw,,,,1.2,us,usp0005cv3,2022-04-28T18:39:59.736Z,"30 km SW of Malisbeng, Philippines",earthquake,,,,,reviewed,us,hrv
1992-08-21T20:20:23.290Z,-7.035,127.175,385.8,4.3,mb,,,,1.1,us,usp0005cuy,2014-11-07T00:51:17.811Z,"165 km N of Lospalos, Timor Leste",earthquake,,29.7,,2,reviewed,us,us
1992-08-21T18:23:49.720Z,-2.687,126.293,48.3,4.4,mb,,,,0.6,us,usp0005cuv,2014-11-07T00:51:17.800Z,"237 km WNW of Ambon, Indonesia",earthquake,,16.5,,3,reviewed,us,us
1992-08-21T15:17:51.900Z,3.502,127.794,33,4.5,mb,,,,1.4,us,usp0005cun,2014-11-07T00:51:17.787Z,"197 km N of Tobelo, Indonesia",earthquake,,,,2,reviewed,us,us
1992-08-20T23:17:36.210Z,3.313,128.321,205.1,5,mb,,,,1.3,us,usp0005ctb,2014-11-07T00:51:17.578Z,"178 km N of Tobelo, Indonesia",earthquake,,15,,6,reviewed,us,us
1992-08-20T14:54:31.920Z,-5.488,102.626,26.7,5.1,mb,,,,1.4,us,usp0005cst,2014-11-07T00:51:17.512Z,"175 km SSW of Pagar Alam, Indonesia",earthquake,,,,29,reviewed,us,us
1992-08-19T12:18:40.370Z,-7.667,128.07,110.1,5,mb,,,,1.3,us,usp0005cr1,2014-11-07T00:51:17.326Z,"151 km NE of Lospalos, Timor Leste",earthquake,,11.2,,10,reviewed,us,us
1992-08-19T02:57:31.960Z,-5.698,130.973,118.3,4.9,mb,,,,1.1,us,usp0005cq3,2014-11-07T00:51:17.144Z,"197 km W of Tual, Indonesia",earthquake,,11.9,,8,reviewed,us,us
1992-08-18T10:45:32.480Z,-0.679,127.62,33,4.6,mb,,,,1,us,usp0005cnu,2014-11-07T00:51:16.872Z,"156 km S of Sofifi, Indonesia",earthquake,,,,4,reviewed,us,us
1992-08-15T18:13:22.380Z,-1.098,127.537,33,4.4,mb,,,,1,us,usp0005cgm,2014-11-07T00:51:16.207Z,"202 km S of Sofifi, Indonesia",earthquake,,,,4,reviewed,us,us
1992-08-14T19:31:49.940Z,-6.942,129.974,136.9,4.5,mb,,,,1.4,us,usp0005cew,2014-11-07T00:51:16.055Z,"Banda Sea",earthquake,,30.7,,2,reviewed,us,us
1992-08-12T17:30:02.680Z,-6.626,130.597,117.1,5.2,mw,,,,1,us,usp0005cc8,2025-12-19T22:57:38.928Z,"262 km WSW of Tual, Indonesia",earthquake,,,,,reviewed,us,hrv
1992-08-11T19:30:50.450Z,1.849,126.533,100.3,5,mb,,,,1.2,us,usp0005cak,2014-11-07T00:51:15.539Z,"150 km NW of Ternate, Indonesia",earthquake,,9.3,,4,reviewed,us,us
1992-08-11T13:44:05.710Z,0.453,123.792,243.6,4.9,mb,,,,1.1,us,usp0005ca7,2014-11-07T00:51:15.405Z,"81 km E of Gorontalo, Indonesia",earthquake,,5.4,,38,reviewed,us,us
1992-08-11T01:55:45.110Z,-0.115,127.175,38.3,5.2,ms,,,,1.1,us,usp0005c9d,2014-11-07T00:51:15.029Z,"102 km SSW of Ternate, Indonesia",earthquake,,8.8,,1,reviewed,us,us
1992-08-11T00:01:30.240Z,-0.123,125.186,59.3,5.5,mw,,,,1.2,us,usp0005c9a,2022-04-28T18:39:09.990Z,"160 km S of Tondano, Indonesia",earthquake,,,,,reviewed,us,hrv
1992-08-09T19:49:44.130Z,4.005,126.36,73.4,6.1,mwb,,,,0.9,us,usp0005c7m,2022-04-28T18:38:59.173Z,"183 km SSE of Sarangani, Philippines",earthquake,,2.6,,,reviewed,us,us
1992-08-06T20:39:51.450Z,-7.16,129.031,168.7,4.8,mb,,,,1.1,us,usp0005c2y,2014-11-07T00:51:14.081Z,"270 km NE of Lospalos, Timor Leste",earthquake,,34.3,,5,reviewed,us,us
1992-08-06T19:42:52.650Z,3.426,96.35,33,4.1,mb,,,,0.4,us,usp0005c2x,2014-11-07T00:51:14.079Z,"83 km SSE of Meulaboh, Indonesia",earthquake,,,,3,reviewed,us,us
1992-08-06T01:59:58.800Z,-7.172,117.089,604.3,4.9,mb,,,,1.1,us,usp0005c1x,2014-11-07T00:51:13.985Z,"143 km NNW of Pototano, Indonesia",earthquake,,9.8,,11,reviewed,us,us
1992-08-05T19:33:00.790Z,-3.086,101.795,76.1,5.1,mw,,,,1.2,us,usp0005c1h,2025-12-19T22:57:24.915Z,"91 km WNW of Curup, Indonesia",earthquake,,9.6,,,reviewed,us,hrv
1992-08-05T19:05:04.770Z,-7.832,128.353,131.2,4.4,mb,,,,1.4,us,usp0005c1g,2014-11-07T00:51:13.905Z,"167 km ENE of Lospalos, Timor Leste",earthquake,,42.4,,1,reviewed,us,us
1992-08-05T04:53:04.940Z,-5.324,131.057,64.8,5.1,mb,,,,1.1,us,usp0005c08,2014-11-07T00:51:13.667Z,"190 km W of Tual, Indonesia",earthquake,,9,,22,reviewed,us,us
1992-08-05T02:09:41.370Z,-5.586,102.81,36.5,5.7,mw,,,,1.1,us,usp0005c03,2022-04-28T18:38:39.581Z,"179 km SSW of Pagar Alam, Indonesia",earthquake,,,,,reviewed,us,hrv
1992-08-04T20:10:50.880Z,-6.909,129.319,161.8,4.9,mb,,,,1.1,us,usp0005bzm,2014-11-07T00:51:13.301Z,"Banda Sea",earthquake,,12.6,,4,reviewed,us,us
1992-08-04T18:35:14.530Z,-9.369,117.658,86.3,3.7,mb,,,,1.5,us,usp0005bzh,2014-11-07T00:51:13.284Z,"100 km SSE of Sumbawa Besar, Indonesia",earthquake,,13.6,,2,reviewed,us,us
1992-08-04T10:22:52.530Z,-0.373,122.743,92.2,4.8,mb,,,,0.9,us,usp0005byv,2014-11-07T00:51:13.133Z,"64 km N of Luwuk, Indonesia",earthquake,,16.3,,7,reviewed,us,us
1992-08-03T22:21:03.790Z,1.251,124.288,53.1,4.7,mb,,,,0.8,us,usp0005by5,2014-11-07T00:51:12.863Z,"57 km W of Tomohon, Indonesia",earthquake,,21.8,,4,reviewed,us,us
1992-08-03T21:13:16.230Z,-0.98,127.642,33.6,5.2,mb,,,,0.9,us,usp0005by4,2014-11-07T00:51:12.857Z,"Halmahera, Indonesia",earthquake,,,,8,reviewed,us,us
1992-08-03T17:21:29.860Z,-0.615,127.775,47.9,4.9,mb,,,,0.9,us,usp0005bxw,2014-11-07T00:51:12.817Z,"151 km S of Sofifi, Indonesia",earthquake,,9.9,,6,reviewed,us,us
1992-08-03T11:07:38.720Z,-1.005,127.635,33,4.3,mb,,,,1.4,us,usp0005bx9,2014-11-07T00:51:12.648Z,"192 km S of Sofifi, Indonesia",earthquake,,,,4,reviewed,us,us
1992-08-02T22:32:27.480Z,-0.874,127.572,33,4.8,mb,,,,1.3,us,usp0005bwg,2014-11-07T00:51:12.444Z,"Halmahera, Indonesia",earthquake,,,,10,reviewed,us,us
1992-08-02T17:41:16.030Z,4.872,127.168,33,4.4,mb,,,,0.8,us,usp0005bw7,2014-11-07T00:51:12.399Z,"197 km SSE of Pondaguitan, Philippines",earthquake,,,,3,reviewed,us,us
1992-08-02T12:03:20.350Z,-7.126,121.748,485.9,6.6,mwb,,,,1,us,usp0005bvx,2022-04-28T18:38:20.075Z,"172 km NNW of Maumere, Indonesia",earthquake,,,,,reviewed,us,us
1992-08-02T05:50:11.690Z,-0.883,127.582,18.9,6.3,mwb,,,,1.1,us,usp0005bvc,2022-04-28T18:38:14.757Z,"179 km S of Sofifi, Indonesia",earthquake,,,,,reviewed,us,us
1992-08-01T12:10:47.310Z,-8.675,118.857,33,3.9,mb,,,,0.3,us,usp0005bu5,2014-11-07T00:51:11.194Z,"27 km SSE of Bima, Indonesia",earthquake,,,,2,reviewed,us,us
1992-07-31T13:19:53.560Z,5.45,126.394,33,4.6,mb,,,,0.3,us,usp0005bsn,2014-11-07T00:51:08.770Z,"98 km ESE of Caburan, Philippines",earthquake,,,,6,reviewed,us,us
1992-07-31T03:56:38.350Z,4.928,123.042,602.9,4.6,mb,,,,0.4,us,usp0005bs6,2014-11-07T00:51:08.735Z,"176 km SE of Tabiauan, Philippines",earthquake,,12,,4,reviewed,us,us
1992-07-29T00:53:25.360Z,1.893,128.328,111,5,mb,,,,1.3,us,usp0005bnk,2014-11-07T00:51:08.241Z,"39 km ENE of Tobelo, Indonesia",earthquake,,13.7,,3,reviewed,us,us
1992-07-28T17:30:17.620Z,-4.435,127.496,297,5.6,mw,,,,1,us,usp0005bn1,2022-04-28T18:42:36.079Z,"111 km SW of Ambon, Indonesia",earthquake,,,,,reviewed,us,hrv
1992-07-28T01:40:04.810Z,-7.113,125.063,492.4,5.2,mb,,,,1.4,us,usp0005bm2,2014-11-07T00:51:08.105Z,"165 km N of Likisá, Timor Leste",earthquake,,36.3,,2,reviewed,us,us
1992-07-27T21:45:07.480Z,-8.099,130.522,181.2,4.6,mb,,,,1.5,us,usp0005bkp,2014-11-07T00:51:08.087Z,"Pulau Pulau Tanimbar, Indonesia",earthquake,,36.4,,2,reviewed,us,us
1992-07-27T18:26:12.100Z,1.548,126.952,108.5,4.7,mb,,,,0.5,us,usp0005bkc,2014-11-07T00:51:07.938Z,"96 km NNW of Ternate, Indonesia",earthquake,,20.8,,4,reviewed,us,us
1992-07-27T11:43:38.430Z,1.69,127.365,145.6,5,mb,,,,0.6,us,usp0005bk5,2014-11-07T00:51:07.909Z,"71 km W of Tobelo, Indonesia",earthquake,,18.2,,3,reviewed,us,us
1992-07-27T11:34:01.800Z,-7.585,128.727,33,4.5,mb,,,,0.9,us,usp0005bk3,2014-11-07T00:51:07.907Z,"216 km ENE of Lospalos, Timor Leste",earthquake,,,,1,reviewed,us,us
1992-07-27T00:58:04.560Z,-8,130.382,33,4.6,mb,,,,1.5,us,usp0005bj0,2014-11-07T00:51:07.789Z,"Pulau Pulau Tanimbar, Indonesia",earthquake,,,,7,reviewed,us,us
1992-07-27T00:40:05.810Z,-8.855,130.224,33,4.3,mb,,,,0.9,us,usp0005bhz,2014-11-07T00:51:07.788Z,"Pulau Pulau Tanimbar, Indonesia",earthquake,,,,3,reviewed,us,us
1992-07-26T20:04:00.400Z,1.687,127.12,93.7,5,mb,,,,1.3,us,usp0005bhk,2014-11-07T00:51:07.754Z,"99 km W of Tobelo, Indonesia",earthquake,,12.6,,10,reviewed,us,us
1992-07-26T18:42:57.070Z,-6.962,129.897,110.7,4.1,mb,,,,1,us,usp0005bhe,2014-11-07T00:51:07.743Z,"Banda Sea",earthquake,,30.8,,1,reviewed,us,us
1992-07-25T17:46:31.560Z,-9.931,112.007,33,4.1,mb,,,,0.5,us,usp0005bfq,2014-11-07T00:51:07.609Z,"200 km S of Boyolangu, Indonesia",earthquake,,,,2,reviewed,us,us
1992-07-25T15:25:39.240Z,-4.598,135.39,75.2,4.5,mb,,,,0.1,us,usp0005bfg,2014-11-07T00:51:07.597Z,"137 km S of Nabire, Indonesia",earthquake,,29.8,,3,reviewed,us,us
1992-07-25T15:01:30.990Z,1.664,127.014,99.9,4.6,mb,,,,0.6,us,usp0005bfe,2014-11-07T00:51:07.593Z,"104 km NNW of Ternate, Indonesia",earthquake,,23.5,,4,reviewed,us,us
1992-07-24T20:47:34.770Z,1.641,126.956,78.5,5.2,mw,,,,1.1,us,usp0005be5,2025-12-19T22:58:20.735Z,"105 km NNW of Ternate, Indonesia",earthquake,,6.6,,,reviewed,us,hrv
1992-07-23T19:37:18.830Z,-1.546,120.473,33,5,mb,,,,1.2,us,usp0005bb4,2014-11-07T00:51:06.812Z,"35 km WSW of Poso, Indonesia",earthquake,,,,13,reviewed,us,us
1992-07-23T04:51:05.980Z,-10.077,118.831,33,3.9,mb,,,,1.2,us,usp0005ba1,2014-11-07T00:51:06.713Z,"163 km WSW of Waingapu, Indonesia",earthquake,,,,3,reviewed,us,us
1992-07-21T16:19:54.050Z,-4.248,133.671,33,4.3,mb,,,,1.1,us,usp0005b83,2014-11-07T00:51:06.249Z,"183 km NNE of Tual, Indonesia",earthquake,,,,3,reviewed,us,us
1992-07-21T14:45:01.320Z,1.647,126.995,87.2,5.1,mw,,,,1.3,us,usp0005b7y,2025-12-19T22:58:17.197Z,"104 km NNW of Ternate, Indonesia",earthquake,,8.2,,,reviewed,us,hrv
1992-07-20T16:13:07.150Z,3.6,124.353,305.2,4.8,mb,,,,1.3,us,usp0005b68,2014-11-07T00:51:06.046Z,"234 km SSW of Sarangani, Philippines",earthquake,,,,35,reviewed,us,us
1992-07-18T02:08:58.690Z,-9.244,112.973,60.5,4.7,mb,,,,1.1,us,usp0005b0p,2014-11-07T00:51:04.959Z,"114 km SSW of Kencong, Indonesia",earthquake,,,,7,reviewed,us,us
1992-07-16T15:43:36.330Z,-2.905,129.953,42.4,4.7,mb,,,,1.6,us,usp0005aya,2014-11-07T00:51:04.569Z,"124 km ENE of Amahai, Indonesia",earthquake,,16.6,,5,reviewed,us,us
1992-07-16T13:33:31.470Z,-6.841,128.458,33,4.5,mb,,,,1.7,us,usp0005ay5,2014-11-07T00:51:04.556Z,"245 km NE of Lospalos, Timor Leste",earthquake,,,,2,reviewed,us,us
1992-07-15T19:35:16.850Z,-7.67,127.783,166.3,4.4,mb,,,,1.1,us,usp0005awn,2014-11-07T00:51:04.379Z,"127 km NE of Lospalos, Timor Leste",earthquake,,21.4,,1,reviewed,us,us
1992-07-15T18:04:19.430Z,-8.774,121.442,130,5.7,mwb,,,,1.2,us,usp0005awh,2022-04-28T18:41:25.511Z,"25 km WNW of Ende, Indonesia",earthquake,,,,,reviewed,us,us
1992-07-15T06:34:16.580Z,1.331,123.19,44.1,5.6,mw,,,,1.3,us,usp0005avk,2022-04-28T18:41:19.470Z,"88 km N of Gorontalo, Indonesia",earthquake,,,,,reviewed,us,hrv
1992-07-14T13:15:08.860Z,3.714,96.05,33,4.6,mb,,,,1.2,us,usp0005au8,2014-11-07T00:51:04.048Z,"48 km S of Meulaboh, Indonesia",earthquake,,,,9,reviewed,us,us
1992-07-14T07:42:49.950Z,-2.173,100.882,56.6,5.2,mb,,,,1.3,us,usp0005atz,2014-11-07T00:51:04.011Z,"58 km WSW of Sungai Penuh, Indonesia",earthquake,,,,30,reviewed,us,us
1992-07-14T07:03:09.570Z,-4.725,125.455,465,6,mw,,,,1.1,us,usp0005atw,2022-04-28T18:41:07.873Z,"Banda Sea",earthquake,,,,,reviewed,us,hrv
1992-07-13T16:05:13.140Z,5.449,126.14,33,4.4,mb,,,,0.3,us,usp0005at2,2014-11-07T00:51:03.839Z,"75 km E of Sarangani, Philippines",earthquake,,,,4,reviewed,us,us
1992-07-13T00:10:08.530Z,3.313,121.922,624.3,5.1,mb,,,,1,us,usp0005arv,2014-11-07T00:51:03.561Z,"267 km SSE of Latung, Philippines",earthquake,,5.2,,30,reviewed,us,us
1992-07-12T23:40:59.810Z,3.09,122.005,616.3,5.8,mw,,,,1,us,usp0005art,2022-04-28T18:41:03.698Z,"294 km SSE of Latung, Philippines",earthquake,,,,,reviewed,us,hrv
1992-07-12T17:37:04.790Z,-7.104,129.272,109,4.9,mb,,,,1.6,us,usp0005ara,2014-11-07T00:51:03.492Z,"295 km ENE of Lospalos, Timor Leste",earthquake,,16,,12,reviewed,us,us
1992-07-12T12:10:39.390Z,-2.967,139.243,33,4.2,mb,,,,1.6,us,usp0005aqy,2014-11-07T00:51:03.408Z,"159 km WSW of Abepura, Indonesia",earthquake,,,,2,reviewed,us,us
1992-07-11T12:53:13.380Z,-4.369,102.839,57.1,5.3,mb,,,,1.2,us,usp0005ap4,2014-11-07T00:51:03.126Z,"59 km SW of Pagar Alam, Indonesia",earthquake,,,,45,reviewed,us,us
1992-07-11T02:25:55.050Z,-7.35,106.656,33,4.9,mb,,,,1.1,us,usp0005anj,2014-11-07T00:51:02.963Z,"41 km SSE of Pelabuhanratu, Indonesia",earthquake,,,,4,reviewed,us,us
1992-07-09T21:23:44.500Z,-5.293,130.404,33,4.5,mb,,,,1.1,us,usp0005aka,2014-11-07T00:51:02.570Z,"262 km W of Tual, Indonesia",earthquake,,,,2,reviewed,us,us
1992-07-09T09:14:19.000Z,-5.323,138.295,33,4.6,mb,,,,1.2,us,usp0005ajc,2020-04-16T19:05:02.214Z,"near the south coast of Papua, Indonesia",earthquake,,,,4,reviewed,us,us
1992-07-08T17:41:32.270Z,2.089,126.526,97.4,4.4,mb,,,,1.2,us,usp0005agw,2014-11-07T00:51:02.333Z,"169 km WNW of Tobelo, Indonesia",earthquake,,28.4,,4,reviewed,us,us
1992-07-08T14:29:46.060Z,-3.101,130.272,33,4.5,mb,,,,1.2,us,usp0005agf,2014-11-07T00:51:02.289Z,"152 km E of Amahai, Indonesia",earthquake,,,,6,reviewed,us,us
1992-07-08T13:49:45.120Z,-1.848,135.712,33,4.9,mb,,,,1.3,us,usp0005agc,2014-11-07T00:51:02.283Z,"84 km SSW of Biak, Indonesia",earthquake,,,,9,reviewed,us,us
1992-07-07T22:35:53.390Z,-8.883,126.593,33,5,mb,,,,1.2,us,usp0005afc,2014-11-07T00:51:01.897Z,"25 km E of Viqueque, Timor Leste",earthquake,,,,7,reviewed,us,us
1992-07-07T20:06:11.930Z,-3.379,134.199,33,4.4,mb,,,,0.9,us,usp0005af5,2014-11-07T00:51:01.881Z,"144 km W of Nabire, Indonesia",earthquake,,,,2,reviewed,us,us
1992-07-07T12:27:23.170Z,-0.089,123.814,136.3,5,mw,,,,1.3,us,usp0005aej,2025-12-19T22:58:07.337Z,"108 km SE of Gorontalo, Indonesia",earthquake,,,,,reviewed,us,hrv
1992-07-05T16:42:18.010Z,-2.24,139.216,59.9,5.2,mb,,,,1.2,us,usp0005ab2,2014-11-07T00:51:00.842Z,"162 km WNW of Abepura, Indonesia",earthquake,,8.4,,48,reviewed,us,us
1992-07-05T06:00:51.370Z,-7.671,111.268,33,5.1,mb,,,,0.8,us,usp0005aa8,2014-11-07T00:51:00.687Z,"29 km W of Madiun, Indonesia",earthquake,,,,13,reviewed,us,us
1992-07-05T02:23:08.870Z,-3.699,127.551,18.3,5,mb,,,,1.2,us,usp0005aa0,2014-11-07T00:51:00.640Z,"70 km W of Ambon, Indonesia",earthquake,,6.3,,11,reviewed,us,us
1992-07-04T22:33:02.320Z,4.976,118.454,10,4.6,mb,,,,1.1,us,usp0005a9t,2020-08-29T01:39:37.270Z,"14 km ESE of Lahad Datu, Malaysia",earthquake,,,,4,reviewed,us,us
1992-07-04T18:19:33.810Z,4.579,118.049,50,4.3,mb,,,,1,us,usp0005a9h,2014-11-07T00:51:00.553Z,"40 km NNE of Tawau, Malaysia",earthquake,,10.7,,2,reviewed,us,us
1992-07-04T17:01:09.250Z,-3.899,133.437,33,4.4,mb,,,,1.5,us,usp0005a9b,2014-11-07T00:51:00.528Z,"205 km NNE of Tual, Indonesia",earthquake,,,,3,reviewed,us,us
1992-07-04T05:30:42.590Z,1.745,127.999,81.8,4.7,mb,,,,0.5,us,usp0005a8f,2014-11-07T00:51:00.352Z,"2 km NNW of Tobelo, Indonesia",earthquake,,14,,5,reviewed,us,us
1992-07-02T13:48:48.520Z,1.597,126.859,82,5.3,mw,,,,1.3,us,usp0005a4w,2025-12-19T22:36:11.055Z,"106 km NNW of Ternate, Indonesia",earthquake,,9.4,,,reviewed,us,hrv
1992-07-02T09:47:00.250Z,0.798,122.823,87.3,4.8,mb,,,,1,us,usp0005a4b,2014-11-07T00:50:59.561Z,"39 km NW of Gorontalo, Indonesia",earthquake,,9.2,,10,reviewed,us,us
1992-07-01T17:00:51.390Z,-7.184,129.389,137.5,5.3,mw,,,,1,us,usp0005a23,2025-12-19T22:58:02.029Z,"Kepulauan Babar, Indonesia",earthquake,,4,,,reviewed,us,hrv
1992-06-30T13:11:33.980Z,2.601,126.072,87.1,4.4,mb,,,,1.3,us,usp00059z5,2014-11-07T00:50:55.947Z,"173 km NE of Laikit, Laikit II (Dimembe), Indonesia",earthquake,,25.2,,4,reviewed,us,us
1992-06-29T12:56:35.250Z,1.126,126.205,62.8,4.7,mb,,,,1.3,us,usp00059we,2014-11-07T00:50:55.653Z,"136 km WNW of Ternate, Indonesia",earthquake,,11.5,,7,reviewed,us,us
1992-06-29T06:00:10.640Z,-6.419,130.566,89,4.9,mb,,,,0.7,us,usp00059vg,2014-11-07T00:50:55.563Z,"257 km WSW of Tual, Indonesia",earthquake,,20.2,,3,reviewed,us,us
1992-06-29T05:25:52.240Z,-6.403,104.727,56.9,4.8,mb,,,,1.2,us,usp00059vc,2014-11-07T00:50:55.547Z,"122 km W of Labuan, Indonesia",earthquake,,,,14,reviewed,us,us
1992-06-28T10:13:09.190Z,-4.02,133.971,33,4.3,mb,,,,1.4,us,usp00059sg,2014-11-07T00:50:54.997Z,"184 km WSW of Nabire, Indonesia",earthquake,,,,3,reviewed,us,us
1992-06-28T08:54:59.670Z,-6.424,129.967,144.5,4.9,mb,,,,0.9,us,usp00059se,2014-11-07T00:50:54.993Z,"Banda Sea",earthquake,,25.5,,3,reviewed,us,us
1992-06-28T04:11:50.500Z,-9.848,114.118,74,3.8,mb,,,,0.8,us,usp00059rw,2014-11-07T00:50:54.939Z,"158 km S of Muncar, Indonesia",earthquake,,24.9,,1,reviewed,us,us
1992-06-26T20:44:15.750Z,-7.26,128.38,105.3,4.5,mb,,,,0.8,us,usp00059qg,2014-11-07T00:50:54.147Z,"206 km NE of Lospalos, Timor Leste",earthquake,,29.3,,1,reviewed,us,us
1992-06-26T05:15:12.030Z,-5.613,102.581,45.9,4.9,mb,,,,1,us,usp00059pc,2014-11-07T00:50:53.951Z,"190 km SSW of Pagar Alam, Indonesia",earthquake,,,,15,reviewed,us,us
1992-06-26T02:36:13.460Z,-8.79,112.593,63.9,5.2,mw,,,,1.1,us,usp00059p4,2025-12-19T22:58:45.005Z,"66 km SSW of Dampit, Indonesia",earthquake,,,,,reviewed,us,hrv
1992-06-25T13:07:06.020Z,-9.598,114.748,45.4,4.7,mb,,,,1.4,us,usp00059n6,2014-11-07T00:50:53.115Z,"100 km SSW of Jimbaran, Indonesia",earthquake,,21.1,,5,reviewed,us,us
1992-06-24T12:27:11.210Z,-5.311,102.974,46.6,5.7,mw,,,,1.2,us,usp00059ka,2022-04-28T18:45:09.327Z,"145 km SSW of Pagar Alam, Indonesia",earthquake,,,,,reviewed,us,hrv
1992-06-23T19:32:38.630Z,1.409,123.282,10,4.5,mb,,,,1.4,us,usp00059hw,2014-11-07T00:50:52.712Z,"99 km NNE of Gorontalo, Indonesia",earthquake,,,,4,reviewed,us,us
1992-06-23T14:51:04.760Z,-7.646,123.934,276.7,4.7,mb,,,,1.1,us,usp00059hm,2014-11-07T00:50:52.632Z,"176 km NW of Maubara, Timor Leste",earthquake,,13.3,,14,reviewed,us,us
1992-06-23T04:52:36.320Z,-3.595,129.088,74.8,5.8,mw,,,,1.1,us,usp00059gv,2022-04-28T17:23:50.455Z,"33 km SSE of Amahai, Indonesia",earthquake,,3.5,,,reviewed,us,hrv
1992-06-22T11:11:51.590Z,5.965,126.693,100.3,4.2,mb,,,,0.9,us,usp00059fu,2014-11-07T00:50:52.257Z,"71 km SE of Pondaguitan, Philippines",earthquake,,26.4,,1,reviewed,us,us
1992-06-21T01:29:19.340Z,1.586,126.85,95.4,5,mb,,,,1,us,usp00059cx,2014-11-07T00:50:51.207Z,"106 km NW of Ternate, Indonesia",earthquake,,10.7,,13,reviewed,us,us
1992-06-20T07:10:35.750Z,-4.198,102.045,33,5.3,mb,,,,1,us,usp00059bz,2014-11-07T00:50:51.095Z,"50 km SSW of Bengkulu, Indonesia",earthquake,,,,4,reviewed,us,us
1992-06-20T04:07:16.000Z,4.747,124.884,167,4.8,mb,,,,1,us,usp00059bt,2014-11-07T00:50:51.086Z,"96 km SW of Sarangani, Philippines",earthquake,,31.1,,3,reviewed,us,us
1992-06-19T12:37:20.150Z,0.345,120.32,60.8,4.6,mb,,,,0.8,us,usp00059as,2014-11-07T00:50:50.906Z,"147 km NNE of Palu, Indonesia",earthquake,,14.1,,2,reviewed,us,us
1992-06-19T08:15:26.290Z,-8.917,118.927,117.7,5.2,mb,,,,1.4,us,usp00059a9,2014-11-07T00:50:50.854Z,"55 km SSE of Bima, Indonesia",earthquake,,,,20,reviewed,us,us
1992-06-18T22:47:19.940Z,0.459,125.427,122.5,4.6,mb,,,,1.2,us,usp000599r,2014-11-07T00:50:50.813Z,"109 km SSE of Tondano, Indonesia",earthquake,,15.9,,4,reviewed,us,us
1992-06-18T06:57:15.300Z,-7.144,125.091,507.7,4.9,mb,,,,0.9,us,usp0005990,2014-11-07T00:50:50.759Z,"162 km N of Likisá, Timor Leste",earthquake,,22.1,,3,reviewed,us,us
1992-06-18T05:33:48.180Z,-4.113,135.755,33,5,mb,,,,0.7,us,usp000598y,2014-11-07T00:50:50.754Z,"87 km SSE of Nabire, Indonesia",earthquake,,,,9,reviewed,us,us
1992-06-17T11:47:13.890Z,-7.923,128.852,108.7,4.9,mb,,,,1.4,us,usp000597v,2014-11-07T00:50:50.642Z,"214 km ENE of Lospalos, Timor Leste",earthquake,,25.3,,18,reviewed,us,us
1992-06-16T10:14:37.800Z,-3.63,139.884,33,4.5,mb,,,,1.4,us,usp000596m,2014-11-07T00:50:50.482Z,"141 km SW of Abepura, Indonesia",earthquake,,,,3,reviewed,us,us
1992-06-15T20:39:11.310Z,-0.073,123.03,127.9,5.8,mwb,,,,1.1,us,usp000595w,2022-04-28T18:44:12.770Z,"67 km S of Gorontalo, Indonesia",earthquake,,,,,reviewed,us,us
1992-06-14T16:48:58.160Z,-6.234,130.816,114.8,4.6,mb,,,,1.4,us,usp000593z,2014-11-07T00:50:49.988Z,"224 km WSW of Tual, Indonesia",earthquake,,37.8,,2,reviewed,us,us
1992-06-14T04:46:11.460Z,-8.765,124.097,164.4,4.8,mb,,,,0.9,us,usp000592u,2014-11-07T00:50:49.806Z,"57 km NNW of Pante Makasar, Timor Leste",earthquake,,22.7,,8,reviewed,us,us
1992-06-14T01:21:09.870Z,-6.157,104.252,54.2,5,mw,,,,1,us,usp000592d,2016-11-09T22:45:40.483Z,"Sunda Strait, Indonesia",earthquake,,,,,reviewed,us,hrv
1992-06-13T14:06:11.000Z,0.167,98.651,75.7,5,mb,,,,1,us,usp000591j,2014-11-07T00:50:49.654Z,"Nias region, Indonesia",earthquake,,13.4,,29,reviewed,us,us
1992-06-12T18:11:05.520Z,-2.132,101.705,140.8,4.6,mw,,,,1.1,us,usp0005908,2025-12-19T22:36:14.596Z,"35 km ESE of Sungai Penuh, Indonesia",earthquake,,,,,reviewed,us,hrv
1992-06-12T13:12:57.210Z,1.087,124.165,33,4.8,mb,,,,1,us,usp00058zw,2014-11-07T00:50:49.470Z,"75 km WSW of Tomohon, Indonesia",earthquake,,,,13,reviewed,us,us
1992-06-12T11:06:30.200Z,2.617,125.687,79.2,5.6,mw,,,,1.1,us,usp00058zp,2022-04-28T18:43:55.494Z,"147 km NNE of Laikit, Laikit II (Dimembe), Indonesia",earthquake,,,,,reviewed,us,hrv
1992-06-12T08:06:10.020Z,-5.053,130.064,199.5,4.9,mb,,,,0.9,us,usp00058zg,2014-11-07T00:50:49.396Z,"228 km SE of Amahai, Indonesia",earthquake,,29.3,,3,reviewed,us,us
1992-06-11T16:30:30.280Z,-5.568,127.364,417.2,4.8,mb,,,,0.8,us,usp00058yk,2014-11-07T00:50:49.242Z,"226 km SSW of Ambon, Indonesia",earthquake,,11.6,,19,reviewed,us,us
1992-06-11T14:01:35.030Z,1.091,124.251,33,4.7,mb,,,,1.1,us,usp00058yf,2014-11-07T00:50:49.234Z,"66 km WSW of Tomohon, Indonesia",earthquake,,,,5,reviewed,us,us
1992-06-11T11:09:50.280Z,-6.963,125.33,555.7,5.2,mb,,,,1,us,usp00058ya,2014-11-07T00:50:49.220Z,"178 km N of Dili, Timor Leste",earthquake,,7.8,,16,reviewed,us,us
1992-06-11T02:03:35.670Z,1.077,124.115,27.6,5.8,mw,,,,1.2,us,usp00058xt,2022-04-28T18:43:49.867Z,"81 km WSW of Tomohon, Indonesia",earthquake,,,,,reviewed,us,hrv
1992-06-10T10:03:53.190Z,1.186,124.294,22.5,4.8,mb,,,,1.3,us,usp00058x1,2014-11-07T00:50:49.040Z,"58 km WSW of Tomohon, Indonesia",earthquake,,,,12,reviewed,us,us
1992-06-10T09:31:49.750Z,1.119,124.128,23.7,4.9,mb,,,,1.2,us,usp00058wz,2014-11-07T00:50:49.030Z,"78 km WSW of Tomohon, Indonesia",earthquake,,,,11,reviewed,us,us
1992-06-10T09:27:13.530Z,1.121,124.218,22.7,4.8,mb,,,,1.1,us,usp00058wy,2014-11-07T00:50:49.027Z,"68 km WSW of Tomohon, Indonesia",earthquake,,,,8,reviewed,us,us
1992-06-10T05:50:02.630Z,1.301,124.371,33,4.1,mb,,,,0.9,us,usp00058ws,2014-11-07T00:50:49.014Z,"48 km W of Tomohon, Indonesia",earthquake,,,,5,reviewed,us,us
1992-06-10T02:13:45.460Z,1.084,124.089,30.5,6,mw,,,,1.2,us,usp00058wh,2022-04-28T18:43:38.864Z,"83 km WSW of Tomohon, Indonesia",earthquake,,,,,reviewed,us,hrv
1992-06-10T00:59:48.630Z,1.093,124.172,18.4,5.1,mb,,,,1,us,usp00058we,2014-11-07T00:50:48.939Z,"74 km WSW of Tomohon, Indonesia",earthquake,,,,28,reviewed,us,us
1992-06-10T00:41:39.210Z,1.101,124.162,23.9,5,mb,,,,0.8,us,usp00058wd,2014-11-07T00:50:48.935Z,"75 km WSW of Tomohon, Indonesia",earthquake,,,,17,reviewed,us,us
1992-06-09T22:17:07.540Z,-10.24,124.215,19.6,4.8,mb,,,,1.3,us,usp00058wa,2014-11-07T00:50:48.925Z,"42 km S of Soe, Indonesia",earthquake,,,,11,reviewed,us,us
1992-06-09T15:28:16.580Z,0.889,123.875,23.8,4.6,mb,,,,1.5,us,usp00058w0,2014-11-07T00:50:48.884Z,"98 km ENE of Gorontalo, Indonesia",earthquake,,,,7,reviewed,us,us
1992-06-09T15:17:20.380Z,1.12,124.168,27.6,5,mb,,,,1.2,us,usp00058vy,2014-11-07T00:50:48.879Z,"74 km WSW of Tomohon, Indonesia",earthquake,,,,11,reviewed,us,us
1992-06-09T14:53:56.460Z,0.998,124.063,33,4.8,mb,,,,1.3,us,usp00058vw,2014-11-07T00:50:48.874Z,"89 km WSW of Tomohon, Indonesia",earthquake,,,,8,reviewed,us,us
1992-06-09T14:45:02.580Z,1.119,124.172,42.1,5.7,mw,,,,1,us,usp00058vv,2022-04-28T18:43:27.623Z,"73 km WSW of Tomohon, Indonesia",earthquake,,,,,reviewed,us,hrv
1992-06-09T00:31:56.310Z,-8.474,111.1,63.9,6.1,mw,,,,1.2,us,usp00058v4,2022-04-28T18:43:20.673Z,"65 km S of Jatiroto, Indonesia",earthquake,,,,,reviewed,us,hrv
1992-06-08T19:35:43.180Z,-4.859,139.694,10,4.5,mb,,,,1.3,us,usp00058un,2014-11-07T00:50:48.660Z,"225 km NW of Kiunga, Papua New Guinea",earthquake,,,,1,reviewed,us,us
1992-06-07T08:05:25.190Z,-6.282,104.036,67.9,4.8,mb,,,,1.1,us,usp00058sw,2014-11-07T00:50:48.427Z,"165 km SW of Bandar Lampung, Indonesia",earthquake,,10.4,,14,reviewed,us,us
1992-06-06T23:29:32.350Z,3.672,126.954,43.6,5.5,mw,,,,1.1,us,usp00058sk,2022-04-28T18:43:02.767Z,"244 km NNW of Tobelo, Indonesia",earthquake,,,,,reviewed,us,hrv
1992-06-06T21:40:40.810Z,1.068,124.04,17.5,6,mw,,,,1.1,us,usp00058sh,2022-04-28T18:43:01.703Z,"89 km WSW of Tomohon, Indonesia",earthquake,,,,,reviewed,us,hrv
1992-06-06T10:50:11.080Z,-0.172,123.093,77.7,5.1,mb,,,,1.2,us,usp00058rv,2014-11-07T00:50:48.151Z,"78 km S of Gorontalo, Indonesia",earthquake,,,,47,reviewed,us,us
1992-06-06T01:58:29.470Z,-0.602,133.905,26.3,5.3,mw,,,,1.2,us,usp00058ra,2022-04-28T18:42:59.592Z,"33 km NNW of Manokwari, Indonesia",earthquake,,,,,reviewed,us,hrv
1992-06-05T20:33:44.270Z,-3.416,134.37,33,4.8,mb,,,,1.1,us,usp00058qt,2014-11-07T00:50:47.980Z,"125 km W of Nabire, Indonesia",earthquake,,,,5,reviewed,us,us
1992-06-05T15:03:55.800Z,-9.3,120.353,21.6,4.9,mb,,,,1.4,us,usp00058qg,2014-11-07T00:50:47.941Z,"40 km NNE of Waingapu, Indonesia",earthquake,,,,16,reviewed,us,us
1992-06-05T04:27:34.080Z,-3.29,139.788,33,4.9,mb,,,,1.1,us,usp00058pu,2014-11-07T00:50:47.832Z,"121 km SW of Abepura, Indonesia",earthquake,,,,7,reviewed,us,us
1992-06-02T20:00:52.450Z,-3.303,130.718,32.5,5.2,mw,,,,1.3,us,usp00058kb,2022-04-28T18:42:46.373Z,"199 km E of Amahai, Indonesia",earthquake,,,,,reviewed,us,hrv
1992-06-02T15:30:54.270Z,-8.445,118.874,33,4.6,mb,,,,1.2,us,usp00058k2,2014-11-07T00:50:46.500Z,"16 km E of Bima, Indonesia",earthquake,,,,4,reviewed,us,us
1992-06-01T11:20:51.730Z,-4.358,103.181,158.2,4.5,mb,,,,1,us,usp00058h8,2014-11-07T00:50:45.282Z,"37 km S of Pagar Alam, Indonesia",earthquake,,29.7,,11,reviewed,us,us
1992-05-29T22:52:34.590Z,1.819,127.494,122.7,5.5,mw,,,,0.9,us,usp00058cp,2025-12-19T22:59:44.216Z,"58 km W of Tobelo, Indonesia",earthquake,,2.7,,,reviewed,us,hrv
1992-05-29T22:43:32.270Z,-7.118,129.171,33,4.6,mb,,,,0.7,us,usp00058cn,2014-11-07T00:50:42.736Z,"285 km ENE of Lospalos, Timor Leste",earthquake,,,,3,reviewed,us,us
1992-05-29T12:07:01.620Z,-4.458,134.158,33,4.7,mb,,,,0.8,us,usp00058bs,2014-11-07T00:50:42.622Z,"192 km SW of Nabire, Indonesia",earthquake,,,,4,reviewed,us,us
1992-05-29T06:29:09.920Z,-5.844,133.723,33,4.3,mb,,,,1.5,us,usp00058b2,2014-11-07T00:50:42.550Z,"110 km ESE of Tual, Indonesia",earthquake,,,,2,reviewed,us,us
1992-05-28T22:54:25.910Z,4.724,126.098,33,4.9,mb,,,,1.1,us,usp00058ap,2014-11-07T00:50:42.498Z,"102 km SE of Sarangani, Philippines",earthquake,,,,16,reviewed,us,us
1992-05-28T19:58:34.540Z,5.259,124.722,394.4,4.5,mb,,,,1,us,usp00058ab,2014-11-07T00:50:42.417Z,"70 km SSW of Lumatil, Philippines",earthquake,,17.5,,21,reviewed,us,us
1992-05-28T17:56:01.180Z,2.389,128.485,140,5,mb,,,,0.9,us,usp00058a3,2014-11-07T00:50:42.393Z,"90 km NE of Tobelo, Indonesia",earthquake,,,,6,reviewed,us,us
1992-05-28T16:27:04.150Z,-6.125,129.619,200,4.6,mb,,,,1,us,usp000589w,2014-11-07T00:50:42.383Z,"Banda Sea",earthquake,,,,2,reviewed,us,us
1992-05-27T17:31:00.340Z,-1.138,127.19,34.1,5.1,mb,,,,1.2,us,usp0005869,2014-11-07T00:50:41.815Z,"211 km S of Sofifi, Indonesia",earthquake,,,,21,reviewed,us,us
1992-05-27T12:02:48.720Z,1.493,99.065,125.5,5.1,mb,,,,0.8,us,usp000585v,2014-11-07T00:50:41.705Z,"26 km WNW of Padangsidempuan, Indonesia",earthquake,,5.2,,38,reviewed,us,us
1992-05-26T17:55:35.570Z,-4.964,139.58,33,4.5,mb,,,,1.6,us,usp000584m,2014-11-07T00:50:41.554Z,"228 km NW of Kiunga, Papua New Guinea",earthquake,,,,2,reviewed,us,us
1992-05-26T16:54:02.340Z,3.264,128.047,68.2,4.6,mb,,,,0.8,us,usp000584k,2014-11-07T00:50:41.552Z,"169 km N of Tobelo, Indonesia",earthquake,,54.3,,5,reviewed,us,us
1992-05-26T16:28:10.330Z,-3.269,135.834,55.4,5.6,mw,,,,1.2,us,usp000584j,2022-04-28T18:48:11.977Z,"38 km ENE of Nabire, Indonesia",earthquake,,,,,reviewed,us,hrv
1992-05-26T03:40:06.310Z,-6.703,130.371,73.6,5.3,mb,,,,0.9,us,usp000583s,2014-11-07T00:50:41.463Z,"289 km WSW of Tual, Indonesia",earthquake,,11.7,,26,reviewed,us,us
1992-05-25T12:22:09.790Z,-2.912,138.491,33,4.6,mb,,,,1,us,usp0005821,2014-11-07T00:50:41.215Z,"240 km W of Abepura, Indonesia",earthquake,,,,3,reviewed,us,us
1992-05-25T02:51:32.040Z,-4.792,139.734,33,5.7,mw,,,,1,us,usp0005818,2022-04-28T18:48:09.738Z,"226 km NW of Kiunga, Papua New Guinea",earthquake,,,,,reviewed,us,hrv
1992-05-25T02:31:26.900Z,-4.734,139.097,33,5,mb,,,,1.6,us,usp0005817,2014-11-07T00:50:41.134Z,"287 km WNW of Kiunga, Papua New Guinea",earthquake,,,,7,reviewed,us,us
1992-05-24T20:36:46.130Z,2.25,128.165,141.4,5,mw,,,,1,us,usp000580v,2025-12-19T22:59:26.018Z,"60 km NNE of Tobelo, Indonesia",earthquake,,12,,,reviewed,us,hrv
1992-05-24T13:58:49.290Z,-0.237,134.3,33,4.7,mb,,,,0.3,us,usp000580e,2014-11-07T00:50:41.081Z,"74 km NNE of Manokwari, Indonesia",earthquake,,,,2,reviewed,us,us
1992-05-23T12:46:08.630Z,-9.001,123.514,33,4.5,mb,,,,1.1,us,usp00057z1,2014-11-07T00:50:40.901Z,"71 km NNW of Naisano Dua, Indonesia",earthquake,,,,1,reviewed,us,us
1992-05-22T18:32:16.750Z,-7.227,129.466,112.5,4.5,mb,,,,1.4,us,usp00057xc,2014-11-07T00:50:40.705Z,"Kepulauan Babar, Indonesia",earthquake,,39.7,,3,reviewed,us,us
1992-05-22T10:26:57.030Z,-7.724,126.135,272.2,4.5,mb,,,,0.8,us,usp00057wj,2014-11-07T00:50:40.560Z,"88 km N of Manatutu, Timor Leste",earthquake,,29.1,,4,reviewed,us,us
1992-05-22T01:24:05.810Z,-7.428,125.233,326,4.5,mb,,,,0.1,us,usp00057v9,2014-11-07T00:50:40.452Z,"128 km N of Likisá, Timor Leste",earthquake,,20.8,,2,reviewed,us,us
1992-05-21T18:05:52.560Z,-8.748,117.604,143.4,5.5,mwb,,,,1.1,us,usp00057u9,2025-12-19T22:59:15.751Z,"34 km SE of Sumbawa Besar, Indonesia",earthquake,,,,,reviewed,us,us
1992-05-21T16:25:57.170Z,-7.512,127.628,146.7,4.8,mb,,,,1.1,us,usp00057u4,2014-11-07T00:50:40.315Z,"131 km NNE of Lospalos, Timor Leste",earthquake,,45.5,,2,reviewed,us,us
1992-05-19T18:16:48.570Z,-6.443,130.882,33,4.5,mb,,,,1.3,us,usp00057qh,2014-11-07T00:50:39.872Z,"225 km WSW of Tual, Indonesia",earthquake,,,,2,reviewed,us,us
1992-05-19T05:29:37.000Z,1.069,121.759,502.5,4.8,mb,,,,0.7,us,usp00057p6,2014-11-07T00:50:39.525Z,"156 km WNW of Gorontalo, Indonesia",earthquake,,17.8,,9,reviewed,us,us
1992-05-17T23:43:15.850Z,-3.319,100.914,33,4.9,mb,,,,1.3,us,usp00057j1,2014-11-07T00:50:38.367Z,"149 km SSW of Sungai Penuh, Indonesia",earthquake,,,,10,reviewed,us,us
1992-05-17T21:37:40.390Z,-1.3,99.563,33,4.8,mb,,,,0.7,us,usp00057hw,2014-11-07T00:50:38.357Z,"96 km WSW of Padang, Indonesia",earthquake,,,,8,reviewed,us,us
1992-05-17T16:48:17.700Z,-9.261,118.215,33,4.9,mb,,,,1.6,us,usp00057hg,2014-11-07T00:50:38.292Z,"84 km SSW of Dompu, Indonesia",earthquake,,,,13,reviewed,us,us
1992-05-17T13:43:02.580Z,-9.777,117.027,38,5.1,mb,,,,1.4,us,usp00057h5,2014-11-07T00:50:38.256Z,"144 km SE of Praya, Indonesia",earthquake,,,,12,reviewed,us,us
1992-05-17T09:46:28.310Z,-3.155,127.406,35.5,5.1,mb,,,,1,us,usp00057gt,2014-11-07T00:50:38.134Z,"105 km NW of Ambon, Indonesia",earthquake,,11.4,,15,reviewed,us,us
1992-05-17T09:08:31.520Z,5.493,126.701,33,4.8,mb,,,,0.8,us,usp00057gr,2014-11-07T00:50:38.131Z,"112 km SSE of Pondaguitan, Philippines",earthquake,,,,1,reviewed,us,us
1992-05-17T04:52:17.250Z,-5.219,133.906,33,4.7,mb,,,,1.1,us,usp00057gj,2014-11-07T00:50:38.117Z,"135 km ENE of Tual, Indonesia",earthquake,,,,1,reviewed,us,us
1992-05-16T21:30:52.330Z,-6.047,105.284,33,5.7,ms,,,,1.2,us,usp00057g2,2022-04-28T18:47:11.688Z,"68 km S of Bandar Lampung, Indonesia",earthquake,,,,1,reviewed,us,us
1992-05-16T16:57:13.270Z,2.911,125.245,202.7,4.7,mb,,,,0.8,us,usp00057fq,2014-11-07T00:50:37.981Z,"160 km N of Laikit, Laikit II (Dimembe), Indonesia",earthquake,,13.7,,14,reviewed,us,us
1992-05-15T17:40:59.040Z,-6.889,129.725,113.5,4.2,mb,,,,1,us,usp00057e5,2014-11-07T00:50:37.782Z,"Banda Sea",earthquake,,32.4,,1,reviewed,us,us
1992-05-15T09:57:49.460Z,-8.232,124.966,33,4.5,mb,,,,1,us,usp00057db,2014-11-07T00:50:37.732Z,"49 km NNW of Maubara, Timor Leste",earthquake,,,,5,reviewed,us,us
1992-05-14T18:19:11.160Z,-7.376,113.016,33,4.7,mb,,,,0.9,us,usp00057c0,2014-11-07T00:50:37.478Z,"31 km E of Gedangan, Indonesia",earthquake,,,,7,reviewed,us,us
1992-05-13T19:25:14.220Z,-6.081,128.737,322.3,4.5,mb,,,,0.9,us,usp00057a7,2014-11-07T00:50:37.340Z,"270 km SSE of Ambon, Indonesia",earthquake,,18.6,,4,reviewed,us,us
1992-05-13T18:41:59.530Z,-5.471,131.502,33,5,mb,,,,1.1,us,usp00057a5,2014-11-07T00:50:37.336Z,"Banda Sea",earthquake,,,,8,reviewed,us,us
1992-05-13T17:42:52.400Z,-10.618,125.448,33,4.9,mb,,,,1.4,us,usp00057a3,2014-11-07T00:50:37.318Z,"Timor Sea",earthquake,,,,1,reviewed,us,us
1992-05-12T20:22:37.940Z,-7.455,127.966,142.4,5.1,mb,,,,0.8,us,usp000578z,2014-11-07T00:50:37.207Z,"159 km NE of Lospalos, Timor Leste",earthquake,,,,10,reviewed,us,us
1992-05-11T01:25:03.710Z,-4.226,132.458,33,4.6,mb,,,,1.2,us,usp000575p,2014-11-07T00:50:36.772Z,"158 km NNW of Tual, Indonesia",earthquake,,,,2,reviewed,us,us
1992-05-10T23:57:06.410Z,3.658,126.134,33,4.6,mb,,,,1,us,usp000575j,2014-11-07T00:50:36.763Z,"206 km SSE of Sarangani, Philippines",earthquake,,,,3,reviewed,us,us
1992-05-10T03:21:23.920Z,-5.791,130.656,64.8,4.5,mb,,,,1.2,us,usp000574j,2014-11-07T00:50:36.606Z,"232 km W of Tual, Indonesia",earthquake,,19.4,,5,reviewed,us,us
1992-05-09T22:54:52.210Z,1.964,127.92,33,4.7,mb,,,,0.9,us,usp000574b,2014-11-07T00:50:36.591Z,"27 km NNW of Tobelo, Indonesia",earthquake,,,,8,reviewed,us,us
1992-05-08T11:46:12.370Z,2.449,128.615,33,4.8,mb,,,,1.3,us,usp000572n,2014-11-07T00:50:36.396Z,"104 km NE of Tobelo, Indonesia",earthquake,,,,10,reviewed,us,us
1992-05-06T17:13:48.870Z,-5.62,134.127,43.8,4.8,mb,,,,1.4,us,usp00056zy,2014-11-07T00:50:35.885Z,"152 km E of Tual, Indonesia",earthquake,,19,,7,reviewed,us,us
1992-05-06T08:52:50.160Z,-0.294,126.103,82,5.5,mw,,,,1,us,usp00056ze,2022-04-28T18:46:22.861Z,"186 km SW of Ternate, Indonesia",earthquake,,10.5,,,reviewed,us,hrv
1992-05-06T03:53:07.500Z,-9.504,118.206,10,4.4,mb,,,,1.2,us,usp00056z2,2014-11-07T00:50:35.773Z,"110 km SSW of Dompu, Indonesia",earthquake,,,,2,reviewed,us,us
1992-05-04T17:42:48.600Z,2.044,126.072,91.8,5.1,mb,,,,1.1,us,usp00056x6,2014-11-07T00:50:35.010Z,"136 km ENE of Laikit, Laikit II (Dimembe), Indonesia",earthquake,,11.4,,12,reviewed,us,us
1992-05-04T08:45:01.720Z,-6.762,130.229,86.1,6.1,mwb,,,,1,us,usp00056wf,2022-04-28T18:46:19.255Z,"Banda Sea",earthquake,,,,,reviewed,us,us
1992-05-03T14:23:20.160Z,-2.169,139.138,33,4.7,mb,,,,1.1,us,usp00056v7,2014-11-07T00:50:34.418Z,"172 km WNW of Abepura, Indonesia",earthquake,,,,8,reviewed,us,us
1992-05-03T02:59:30.050Z,4.383,125.844,184,4.8,mb,,,,1.1,us,usp00056up,2014-11-07T00:50:34.197Z,"120 km SSE of Sarangani, Philippines",earthquake,,9.2,,14,reviewed,us,us
1992-05-03T02:22:48.610Z,-7.761,123.102,246.4,4.7,mb,,,,1,us,usp00056un,2014-11-07T00:50:34.191Z,"136 km NE of Maumere, Indonesia",earthquake,,22.5,,10,reviewed,us,us
1992-05-02T07:06:33.280Z,3.886,95.173,33,4.5,mb,,,,0.9,us,usp00056tf,2014-11-07T00:50:33.799Z,"109 km WSW of Meulaboh, Indonesia",earthquake,,,,7,reviewed,us,us
1992-05-01T14:55:28.440Z,-7.038,129.677,148.2,4.7,mb,,,,1.1,us,usp00056sm,2014-11-07T00:50:33.369Z,"Kepulauan Babar, Indonesia",earthquake,,18.2,,3,reviewed,us,us
1992-05-01T14:43:39.880Z,-3.016,139.319,33,4.2,mb,,,,1.2,us,usp00056sj,2014-11-07T00:50:33.355Z,"153 km WSW of Abepura, Indonesia",earthquake,,,,1,reviewed,us,us
1992-05-01T14:19:08.570Z,-2.832,139.22,33,4.7,mb,,,,1.2,us,usp00056sg,2014-11-07T00:50:33.321Z,"159 km W of Abepura, Indonesia",earthquake,,,,6,reviewed,us,us
1992-04-30T18:49:18.390Z,-8.702,130.135,148.7,4.1,mb,,,,1.4,us,usp00056qy,2014-11-07T00:50:31.126Z,"Pulau Pulau Tanimbar, Indonesia",earthquake,,50,,1,reviewed,us,us
1992-04-30T17:55:45.960Z,0.151,119.849,29.1,5.2,mb,,,,1.1,us,usp00056qv,2014-11-07T00:50:31.102Z,"117 km N of Palu, Indonesia",earthquake,,,,25,reviewed,us,us
1992-04-29T00:38:07.650Z,-8.411,119.806,179.7,5,mb,,,,0.6,us,usp00056n6,2014-11-07T00:50:30.810Z,"13 km NW of Labuan Bajo, Indonesia",earthquake,,38.1,,3,reviewed,us,us
1992-04-29T00:01:26.250Z,2.175,126.661,33,4.9,mb,,,,1.3,us,usp00056n5,2014-11-07T00:50:30.806Z,"157 km WNW of Tobelo, Indonesia",earthquake,,,,12,reviewed,us,us
1992-04-28T17:26:53.270Z,-5.631,133.788,33,5.2,mb,,,,1,us,usp00056mp,2014-11-07T00:50:30.756Z,"114 km E of Tual, Indonesia",earthquake,,,,28,reviewed,us,us
1992-04-28T01:55:47.230Z,5.602,124.054,477.2,5.9,mw,,,,1.1,us,usp00056kc,2022-04-28T18:50:51.229Z,"66 km SSW of Malisbeng, Philippines",earthquake,,,,,reviewed,us,hrv
1992-04-26T19:52:52.720Z,-0.734,124.202,78.8,4.2,mb,,,,1.1,us,usp00056gj,2014-11-07T00:50:30.354Z,"159 km E of Luwuk, Indonesia",earthquake,,15.7,,5,reviewed,us,us
1992-04-26T17:49:42.970Z,-2.879,129.206,33,4.9,mb,,,,1.1,us,usp00056gd,2014-11-07T00:50:30.347Z,"Seram, Indonesia",earthquake,,,,3,reviewed,us,us
1992-04-26T01:25:14.840Z,2.369,123.054,446.9,5.6,mw,,,,1,us,usp00056ex,2022-04-28T18:50:45.297Z,"202 km N of Gorontalo, Indonesia",earthquake,,,,,reviewed,us,hrv
1992-04-25T21:51:50.520Z,-0.183,123.235,82.4,4.8,mb,,,,0.7,us,usp00056eh,2014-11-07T00:50:30.081Z,"81 km SSE of Gorontalo, Indonesia",earthquake,,20,,5,reviewed,us,us
1992-04-25T17:29:09.570Z,-7.275,128.579,105,4.3,mb,,,,0.5,us,usp00056dz,2014-11-07T00:50:29.933Z,"222 km NE of Lospalos, Timor Leste",earthquake,,29.4,,2,reviewed,us,us
1992-04-25T04:32:01.650Z,-5.584,130.565,33,4.7,mb,,,,0.8,us,usp00056cp,2014-11-07T00:50:29.798Z,"242 km W of Tual, Indonesia",earthquake,,,,3,reviewed,us,us
1992-04-24T22:46:39.430Z,-0.696,132.637,33,4.5,mb,,,,1,us,usp00056c7,2014-11-07T00:50:29.727Z,"154 km E of Sorong, Indonesia",earthquake,,,,2,reviewed,us,us
1992-04-22T12:35:36.750Z,-8.695,118.767,190.4,4.9,mb,,,,1.1,us,usp000565b,2014-11-07T00:50:28.746Z,"26 km S of Bima, Indonesia",earthquake,,34.8,,3,reviewed,us,us
1992-04-22T09:14:05.810Z,-7.183,129.662,152.2,4.7,mb,,,,0.2,us,usp0005652,2014-11-07T00:50:28.717Z,"Kepulauan Babar, Indonesia",earthquake,,44.7,,3,reviewed,us,us
1992-04-21T18:53:35.310Z,-5.812,131.059,33,4.4,mb,,,,1,us,usp000563t,2014-11-07T00:50:28.593Z,"188 km W of Tual, Indonesia",earthquake,,,,2,reviewed,us,us
1992-04-21T12:49:08.490Z,3.659,95.466,33,4.7,mb,,,,1.3,us,usp000563b,2014-11-07T00:50:28.544Z,"90 km SW of Meulaboh, Indonesia",earthquake,,,,16,reviewed,us,us
1992-04-20T13:42:56.230Z,-7.533,130.165,31.2,5.5,mw,,,,1.1,us,usp0005621,2022-04-28T18:50:21.571Z,"Pulau Pulau Tanimbar, Indonesia",earthquake,,,,,reviewed,us,hrv
1992-04-19T14:55:41.080Z,5.364,125.552,206.4,5,mb,,,,1.2,us,usp000560k,2014-11-07T00:50:28.187Z,"10 km ESE of Sarangani, Philippines",earthquake,,6.1,,47,reviewed,us,us
1992-04-19T00:07:25.050Z,-5.608,102.718,35.7,5,mb,,,,1.2,us,usp00055zu,2014-11-07T00:50:28.135Z,"184 km SSW of Pagar Alam, Indonesia",earthquake,,,,12,reviewed,us,us
1992-04-18T19:26:40.840Z,-4.967,102.404,109.3,5.2,mb,,,,0.8,us,usp00055zk,2014-11-07T00:50:28.114Z,"129 km S of Bengkulu, Indonesia",earthquake,,23.8,,7,reviewed,us,us
1992-04-18T14:28:13.100Z,-5.61,102.881,32.1,5.5,mw,,,,1.1,us,usp00055z9,2025-12-19T23:00:15.460Z,"179 km SSW of Pagar Alam, Indonesia",earthquake,,,,,reviewed,us,hrv
1992-04-18T13:37:56.300Z,1.678,127.373,131.3,5.3,mb,,,,1.1,us,usp00055z8,2014-11-07T00:50:28.073Z,"71 km W of Tobelo, Indonesia",earthquake,,,,57,reviewed,us,us
1992-04-18T10:13:18.950Z,-5.666,102.839,33,4.3,mb,,,,0.7,us,usp00055z1,2014-11-07T00:50:28.054Z,"187 km SSW of Pagar Alam, Indonesia",earthquake,,,,2,reviewed,us,us
1992-04-18T09:16:52.850Z,-5.454,103.001,29.3,6.6,mw,,,,1.3,us,usp00055yz,2022-04-28T18:50:03.547Z,"160 km S of Pagar Alam, Indonesia",earthquake,,,,,reviewed,us,hrv
1992-04-17T21:50:40.360Z,1.653,127.333,133.6,4.8,mb,,,,0.9,us,usp00055y8,2014-11-07T00:50:27.924Z,"75 km W of Tobelo, Indonesia",earthquake,,13.3,,27,reviewed,us,us
1992-04-17T20:22:53.120Z,-1.5,138.261,33,4.9,mb,,,,1.3,us,usp00055y5,2014-11-07T00:50:27.918Z,"245 km E of Biak, Indonesia",earthquake,,,,9,reviewed,us,us
1992-04-16T10:35:06.420Z,-5.495,102.477,33,4.8,mb,,,,1.4,us,usp00055w5,2014-11-07T00:50:27.684Z,"183 km SSW of Pagar Alam, Indonesia",earthquake,,,,2,reviewed,us,us
1992-04-16T08:00:54.240Z,1.186,122.586,30,6.1,mw,,,,1.1,us,usp00055vz,2022-04-28T18:49:55.619Z,"89 km NW of Gorontalo, Indonesia",earthquake,,,,,reviewed,us,hrv
1992-04-15T05:04:53.110Z,-7.494,128.173,146.9,4.7,mb,,,,1,us,usp00055u1,2014-11-07T00:50:27.395Z,"Kepulauan Barat Daya, Indonesia",earthquake,,31.5,,1,reviewed,us,us
1992-04-14T06:11:10.720Z,-3.816,129.719,33,4.5,mb,,,,1.3,us,usp00055sk,2014-11-07T00:50:27.239Z,"103 km ESE of Amahai, Indonesia",earthquake,,,,1,reviewed,us,us
1992-04-14T04:52:13.610Z,-9.992,112.418,33,5.1,mb,,,,0.8,us,usp00055sc,2014-11-07T00:50:27.224Z,"200 km S of Dampit, Indonesia",earthquake,,,,2,reviewed,us,us
1992-04-13T21:29:23.050Z,-8.785,116.244,33,4,mb,,,,0.9,us,usp00055rq,2014-11-07T00:50:27.145Z,"9 km SSW of Praya, Indonesia",earthquake,,,,1,reviewed,us,us
1992-04-13T19:54:48.800Z,-6.272,130.32,117.5,5,mb,,,,1.3,us,usp00055rm,2014-11-07T00:50:27.137Z,"278 km WSW of Tual, Indonesia",earthquake,,40.2,,3,reviewed,us,us
1992-04-13T04:00:23.470Z,-10.275,120.232,33,4.8,mb,,,,1.4,us,usp00055qn,2014-11-07T00:50:27.043Z,"68 km S of Waingapu, Indonesia",earthquake,,,,6,reviewed,us,us
1992-04-11T13:28:26.520Z,2.679,126.31,79.6,5,mb,,,,1,us,usp00055n7,2014-11-07T00:50:26.734Z,"198 km NE of Laikit, Laikit II (Dimembe), Indonesia",earthquake,,9.1,,22,reviewed,us,us
1992-04-10T16:14:59.060Z,-4.351,104.528,227.1,5.4,mw,,,,1.1,us,usp00055kw,2025-12-19T23:00:11.484Z,"47 km ESE of Baturaja, Indonesia",earthquake,,,,,reviewed,us,hrv
1992-04-10T16:01:50.630Z,5.388,125.945,118.1,5.3,mw,,,,1.2,us,usp00055kv,2025-12-19T23:00:10.670Z,"53 km E of Sarangani, Philippines",earthquake,,6.6,,,reviewed,us,hrv
1992-04-09T12:44:51.160Z,-9.923,117.474,33,3.2,mb,,,,1.1,us,usp00055j5,2014-11-07T00:50:25.945Z,"158 km S of Sumbawa Besar, Indonesia",earthquake,,,,1,reviewed,us,us
1992-04-09T05:22:36.440Z,-4.021,133.041,33,4.7,mb,,,,0.7,us,usp00055hd,2014-11-07T00:50:25.866Z,"180 km N of Tual, Indonesia",earthquake,,,,3,reviewed,us,us
1992-04-09T02:42:11.110Z,2.744,126.863,53.2,4.9,mb,,,,1.1,us,usp00055h6,2014-11-07T00:50:25.846Z,"169 km NW of Tobelo, Indonesia",earthquake,,,,22,reviewed,us,us
1992-04-08T05:56:16.750Z,-6.509,124.317,597.4,4.9,mb,,,,0.8,us,usp00055ge,2014-11-07T00:50:25.757Z,"252 km NNW of Maubara, Timor Leste",earthquake,,7.4,,17,reviewed,us,us
1992-04-07T23:10:55.930Z,-8.775,120.145,187,4.7,mb,,,,0.9,us,usp00055g5,2014-11-07T00:50:25.715Z,"39 km WSW of Ruteng, Indonesia",earthquake,,29.2,,1,reviewed,us,us
1992-04-07T06:58:25.850Z,-6.452,128.901,258.3,4.4,mb,,,,1.1,us,usp00055fa,2014-11-07T00:50:25.605Z,"Banda Sea",earthquake,,21.6,,3,reviewed,us,us
1992-04-07T06:12:40.600Z,2.273,128.389,87.6,4.9,mb,,,,0.8,us,usp00055f7,2014-11-07T00:50:25.597Z,"73 km NE of Tobelo, Indonesia",earthquake,,14.4,,14,reviewed,us,us
1992-04-07T03:37:02.920Z,-4.172,131.005,52.9,6,mw,,,,1.1,us,usp00055f4,2022-04-28T17:23:55.145Z,"249 km ESE of Amahai, Indonesia",earthquake,,,,,reviewed,us,hrv
1992-04-06T18:40:42.360Z,-3.738,128.811,33,5.1,mb,,,,1.2,us,usp00055e7,2014-11-07T00:50:25.466Z,"45 km SSW of Amahai, Indonesia",earthquake,,,,17,reviewed,us,us
1992-04-06T15:48:50.990Z,-2.018,99.743,73.6,4.6,mb,,,,1,us,usp00055dx,2014-11-07T00:50:25.416Z,"136 km SSW of Padang, Indonesia",earthquake,,24.8,,7,reviewed,us,us
1992-04-06T14:46:43.260Z,-1.851,97.741,31.9,5.7,ms,,,,0.9,us,usp00055dq,2022-04-28T18:49:05.798Z,"297 km WSW of Pariaman, Indonesia",earthquake,,,,7,reviewed,us,us
1992-04-06T13:57:50.500Z,-6.203,129.971,79.3,4.3,mb,,,,0.8,us,usp00055dj,2014-11-07T00:50:25.314Z,"Banda Sea",earthquake,,21,,1,reviewed,us,us
1992-04-06T08:37:40.240Z,-3.862,121.157,33,4.7,mb,,,,1.1,us,usp00055d5,2014-11-07T00:50:25.181Z,"118 km NE of Watampone, Indonesia",earthquake,,,,8,reviewed,us,us
1992-04-05T10:21:17.730Z,-3.902,133.206,33,4.1,mb,,,,0.7,us,usp00055bz,2014-11-07T00:50:24.868Z,"197 km NNE of Tual, Indonesia",earthquake,,,,3,reviewed,us,us
1992-04-05T07:44:00.130Z,4.507,126.477,74,4.9,mb,,,,1.3,us,usp00055bx,2014-11-07T00:50:24.793Z,"149 km SE of Sarangani, Philippines",earthquake,,,,25,reviewed,us,us
1992-04-05T07:32:51.860Z,4.576,126.343,121.8,4.7,mb,,,,1.2,us,usp00055bw,2014-11-07T00:50:24.786Z,"133 km SE of Sarangani, Philippines",earthquake,,11.6,,12,reviewed,us,us
1992-04-05T06:29:13.290Z,-1.042,100.127,125.9,4,mb,,,,0.6,us,usp00055bu,2014-11-07T00:50:24.779Z,"27 km WSW of Padang, Indonesia",earthquake,,38.8,,1,reviewed,us,us
1992-04-04T20:24:00.200Z,-4.784,131.349,75.4,4.4,mb,,,,1.2,us,usp00055bc,2014-11-07T00:50:24.673Z,"181 km WNW of Tual, Indonesia",earthquake,,20.6,,1,reviewed,us,us
1992-04-04T18:46:09.190Z,-2.023,128.379,40.9,5.3,mw,,,,1.2,us,usp00055b9,2022-04-28T18:48:40.878Z,"157 km NNW of Amahai, Indonesia",earthquake,,,,,reviewed,us,hrv
1992-04-04T11:38:17.240Z,-7.231,129.72,128.6,3.9,mb,,,,1,us,usp00055as,2014-11-07T00:50:24.546Z,"Kepulauan Babar, Indonesia",earthquake,,40.6,,1,reviewed,us,us
1992-04-02T13:54:27.920Z,1.686,127.629,117.2,5.2,mb,,,,1.1,us,usp0005587,2014-11-07T00:50:23.654Z,"42 km W of Tobelo, Indonesia",earthquake,,,,36,reviewed,us,us
1992-04-01T01:38:03.340Z,-3.125,129.023,33,5.5,mw,,,,1.2,us,usp000555m,2022-04-28T18:48:28.077Z,"26 km NNE of Amahai, Indonesia",earthquake,,,,,reviewed,us,hrv
1992-04-01T01:22:51.490Z,-9.127,123.421,33,5.2,mb,,,,1.1,us,usp000555k,2014-11-07T00:50:22.108Z,"64 km NW of Naisano Dua, Indonesia",earthquake,,,,31,reviewed,us,us
1992-03-31T13:34:45.300Z,2.789,124.834,276.2,4.6,mb,,,,1.1,us,usp000554g,2014-11-07T00:50:20.403Z,"144 km N of Manado, Indonesia",earthquake,,8.2,,18,reviewed,us,us
1992-03-30T22:09:32.400Z,0.097,123.605,173,4.8,mb,,,,0.9,us,usp0005539,2014-11-07T00:50:20.298Z,"77 km SE of Gorontalo, Indonesia",earthquake,,15.7,,5,reviewed,us,us
1992-03-30T16:30:01.870Z,-6.986,130.809,116.8,4.6,mb,,,,1.1,us,usp000552p,2014-11-07T00:50:20.186Z,"262 km SW of Tual, Indonesia",earthquake,,18,,4,reviewed,us,us
1992-03-30T13:42:17.140Z,-8.345,114.734,17.2,5.2,mb,,,,1.2,us,usp000552h,2014-11-07T00:50:20.171Z,"12 km E of Negara, Indonesia",earthquake,,,,33,reviewed,us,us
1992-03-30T08:12:04.710Z,-7.072,128.8,147.6,4.8,mb,,,,0.8,us,usp0005522,2014-11-07T00:50:20.091Z,"255 km NE of Lospalos, Timor Leste",earthquake,,19.5,,5,reviewed,us,us
1992-03-30T06:17:49.060Z,-6.713,130.083,149.5,5.1,mb,,,,1.5,us,usp000551x,2014-11-07T00:50:20.071Z,"Banda Sea",earthquake,,50.2,,3,reviewed,us,us
1992-03-29T21:50:02.990Z,2.684,128.527,236.7,5.1,mb,,,,0.9,us,usp000551f,2014-11-07T00:50:20.028Z,"120 km NNE of Tobelo, Indonesia",earthquake,,7.2,,46,reviewed,us,us
1992-03-29T15:12:29.960Z,-10.128,118.989,31.7,5.4,mb,,,,1.3,us,usp000550u,2022-04-28T18:53:34.180Z,"149 km WSW of Waingapu, Indonesia",earthquake,,,,38,reviewed,us,us
1992-03-29T10:01:17.480Z,-7.607,127.935,182.1,4.9,mb,,,,1.3,us,usp000550g,2014-11-07T00:50:19.824Z,"144 km NE of Lospalos, Timor Leste",earthquake,,11,,7,reviewed,us,us
1992-03-28T22:50:13.890Z,-4.732,129.543,137.6,4.9,mb,,,,1,us,usp00054zh,2014-11-07T00:50:19.719Z,"168 km SSE of Amahai, Indonesia",earthquake,,31.9,,2,reviewed,us,us
1992-03-28T16:29:15.370Z,-10.375,118.525,33,4.1,mb,,,,1,us,usp00054z4,2014-11-07T00:50:19.686Z,"203 km S of Dompu, Indonesia",earthquake,,,,3,reviewed,us,us
1992-03-26T13:57:16.510Z,5.069,125.909,77.3,4.3,mb,,,,0.4,us,usp00054vq,2014-11-07T00:50:19.112Z,"61 km SE of Sarangani, Philippines",earthquake,,44.6,,3,reviewed,us,us
1992-03-26T13:27:39.590Z,-7.099,124.195,610.7,5.2,mw,,,,1,us,usp00054vk,2025-12-19T23:00:50.588Z,"201 km NNW of Maubara, Timor Leste",earthquake,,3.7,,,reviewed,us,hrv
1992-03-26T09:02:50.860Z,2.044,124.993,33,4.8,mb,,,,0.9,us,usp00054v6,2014-11-07T00:50:19.069Z,"61 km N of Laikit, Laikit II (Dimembe), Indonesia",earthquake,,,,3,reviewed,us,us
1992-03-25T21:33:18.490Z,2.288,128.048,33,5.1,mb,,,,0.7,us,usp00054u9,2014-11-07T00:50:18.735Z,"62 km N of Tobelo, Indonesia",earthquake,,,,3,reviewed,us,us
1992-03-24T23:41:08.970Z,-0.443,126.042,59.5,5.1,mb,,,,0.9,us,usp00054su,2014-11-07T00:50:18.618Z,"202 km SW of Ternate, Indonesia",earthquake,,15.6,,8,reviewed,us,us
1992-03-24T22:47:06.680Z,3.613,127.008,53.4,6,mw,,,,1.1,us,usp00054sr,2022-04-28T18:53:06.288Z,"236 km NNW of Tobelo, Indonesia",earthquake,,,,,reviewed,us,hrv
1992-03-24T17:19:30.410Z,-7.751,117.464,280.3,5.6,mw,,,,1,us,usp00054sa,2022-04-28T18:52:57.179Z,"73 km N of Pototano, Indonesia",earthquake,,,,,reviewed,us,hrv
1992-03-21T01:27:33.480Z,-7.346,129.081,86.5,5.2,mb,,,,1,us,usp00054kd,2014-11-07T00:50:17.869Z,"263 km ENE of Lospalos, Timor Leste",earthquake,,5.4,,34,reviewed,us,us
1992-03-20T14:38:50.330Z,-3.522,139.202,112.3,4.5,mb,,,,0.9,us,usp00054jr,2014-11-07T00:50:17.706Z,"189 km WSW of Abepura, Indonesia",earthquake,,32.6,,2,reviewed,us,us
1992-03-20T08:14:29.380Z,3.022,123.021,527.8,5.2,mb,,,,0.6,us,usp00054hx,2014-11-07T00:50:17.623Z,"265 km NW of Manado, Indonesia",earthquake,,12,,11,reviewed,us,us
1992-03-20T02:00:34.060Z,-7.677,128.314,169.6,4.4,mb,,,,1.9,us,usp00054hn,2014-11-07T00:50:17.559Z,"172 km ENE of Lospalos, Timor Leste",earthquake,,48.9,,2,reviewed,us,us
1992-03-17T12:01:19.650Z,-6.456,133.519,33,4.2,mb,,,,0.8,us,usp00054dk,2014-11-07T00:50:16.933Z,"124 km SE of Tual, Indonesia",earthquake,,,,1,reviewed,us,us
1992-03-17T10:51:22.140Z,-7.445,124.732,386.7,5.1,mw,,,,1,us,usp00054de,2025-12-19T23:00:44.975Z,"139 km NNW of Maubara, Timor Leste",earthquake,,4.4,,,reviewed,us,hrv
1992-03-17T08:52:22.940Z,-7.448,132.397,155.4,4.8,mb,,,,0.4,us,usp00054dc,2014-11-07T00:50:16.906Z,"204 km S of Tual, Indonesia",earthquake,,29.2,,3,reviewed,us,us
1992-03-17T06:22:18.590Z,-6.916,128.699,206.9,4,mb,,,,0.3,us,usp00054d8,2014-11-07T00:50:16.879Z,"258 km NE of Lospalos, Timor Leste",earthquake,,24.8,,2,reviewed,us,us
1992-03-16T20:54:03.300Z,-2.15,102.057,191.1,4.7,mb,,,,1.2,us,usp00054cm,2014-11-07T00:50:16.791Z,"74 km E of Sungai Penuh, Indonesia",earthquake,,,,28,reviewed,us,us
1992-03-16T09:03:02.300Z,-8.946,120.969,126.2,4.7,mb,,,,1.2,us,usp00054bk,2014-11-07T00:50:16.384Z,"66 km ESE of Ruteng, Indonesia",earthquake,,18.4,,2,reviewed,us,us
1992-03-16T03:41:30.130Z,3.819,123.21,540.6,4.8,mb,,,,0.6,us,usp00054b0,2014-11-07T00:50:16.211Z,"284 km SSW of Maitum, Philippines",earthquake,,9.8,,13,reviewed,us,us
1992-03-15T22:43:19.850Z,-7.291,128.806,156,4.7,mb,,,,1,us,usp00054am,2014-11-07T00:50:16.173Z,"241 km NE of Lospalos, Timor Leste",earthquake,,31.9,,2,reviewed,us,us
1992-03-15T15:07:05.120Z,-6.594,129.833,33,4.3,mb,,,,1.6,us,usp00054a2,2014-11-07T00:50:16.068Z,"Banda Sea",earthquake,,,,1,reviewed,us,us
1992-03-15T01:58:10.970Z,-7.321,128.513,131.3,5.1,mb,,,,1,us,usp0005496,2014-11-07T00:50:16.000Z,"213 km NE of Lospalos, Timor Leste",earthquake,,6.7,,24,reviewed,us,us
1992-03-14T06:48:03.370Z,3.518,128.28,79.2,4.9,mb,,,,1,us,usp0005485,2014-11-07T00:50:15.886Z,"200 km N of Tobelo, Indonesia",earthquake,,11.4,,13,reviewed,us,us
1992-03-11T16:56:42.480Z,-7.28,122.463,556.4,5,mb,,,,1,us,usp000544f,2014-11-07T00:50:15.323Z,"150 km N of Maumere, Indonesia",earthquake,,5.7,,33,reviewed,us,us
1992-03-10T03:12:07.400Z,-3.226,129.914,56.9,5,mb,,,,1.3,us,usp000542j,2014-11-07T00:50:15.162Z,"111 km E of Amahai, Indonesia",earthquake,,20.9,,5,reviewed,us,us
1992-03-09T12:46:52.590Z,4.632,126.029,145,4.8,mb,,,,0.6,us,usp000541v,2014-11-07T00:50:15.047Z,"105 km SE of Sarangani, Philippines",earthquake,,35.4,,10,reviewed,us,us
1992-03-07T20:29:25.380Z,0.909,126.106,81.9,4.7,mb,,,,1.2,us,usp00053zv,2014-11-07T00:50:14.807Z,"139 km ESE of Tondano, Indonesia",earthquake,,13.2,,10,reviewed,us,us
1992-03-07T02:04:50.940Z,-6.202,105.338,80.7,4.8,mb,,,,1.1,us,usp00053yu,2014-11-07T00:50:14.699Z,"57 km WNW of Labuan, Indonesia",earthquake,,6.9,,15,reviewed,us,us
1992-03-06T15:00:11.140Z,-7.444,128.305,110.2,4.7,mb,,,,1.4,us,usp00053ye,2014-11-07T00:50:14.558Z,"186 km NE of Lospalos, Timor Leste",earthquake,,21.9,,6,reviewed,us,us
1992-03-05T23:37:54.660Z,4.646,126.741,33,4.6,mb,,,,0.9,us,usp00053xm,2014-11-07T00:50:14.468Z,"164 km ESE of Sarangani, Philippines",earthquake,,,,5,reviewed,us,us
1992-03-05T00:19:18.230Z,-6.584,130.451,76,5.1,mw,,,,0.9,us,usp00053wa,2025-12-19T23:00:35.068Z,"275 km WSW of Tual, Indonesia",earthquake,,5.5,,,reviewed,us,hrv
1992-03-04T08:41:42.150Z,-5.577,129.885,191.4,4.8,mb,,,,0.8,us,usp00053v9,2014-11-07T00:50:13.911Z,"269 km SSE of Amahai, Indonesia",earthquake,,24.8,,2,reviewed,us,us
1992-03-03T22:07:54.080Z,-6.593,130.194,28.1,5.1,mb,,,,1,us,usp00053un,2014-11-07T00:50:13.713Z,"Banda Sea",earthquake,,,,17,reviewed,us,us
1992-03-03T08:29:09.200Z,-5.955,106.159,144,5.3,mw,,,,1.1,us,usp00053tj,2025-12-19T23:00:32.849Z,"17 km N of Serang, Indonesia",earthquake,,4.5,,,reviewed,us,hrv
1992-03-03T07:33:30.660Z,3.305,128.149,33,5,mb,,,,1.1,us,usp00053te,2014-11-07T00:50:13.383Z,"175 km N of Tobelo, Indonesia",earthquake,,,,9,reviewed,us,us
1992-03-02T21:03:07.260Z,-7.454,125.815,25.4,5.1,mb,,,,1.2,us,usp00053sh,2014-11-07T00:50:12.850Z,"118 km N of Manatutu, Timor Leste",earthquake,,,,18,reviewed,us,us
1992-03-02T13:15:14.690Z,3.822,96.505,74.3,4.8,mb,,,,1.1,us,usp00053rx,2014-11-07T00:50:12.696Z,"55 km SE of Meulaboh, Indonesia",earthquake,,,,15,reviewed,us,us
1992-03-02T06:30:03.260Z,-9.689,119.368,46,4.7,mb,,,,1.2,us,usp00053r6,2014-11-07T00:50:12.223Z,"98 km W of Waingapu, Indonesia",earthquake,,18.5,,4,reviewed,us,us
1992-03-01T05:18:22.330Z,5.723,125.726,38.1,4.9,mb,,,,0.9,us,usp00053p5,2014-11-07T00:50:10.534Z,"23 km SSE of Caburan, Philippines",earthquake,,,,14,reviewed,us,us
1992-02-29T19:07:26.540Z,-6.676,127.791,306.1,4.6,mb,,,,0.8,us,usp00053ne,2014-11-07T00:50:08.948Z,"222 km NNE of Lospalos, Timor Leste",earthquake,,5.5,,22,reviewed,us,us
1992-02-28T01:12:33.050Z,5.036,127.377,114.1,5.3,mb,,,,1,us,usp00053kc,2014-11-07T00:50:08.640Z,"197 km SE of Pondaguitan, Philippines",earthquake,,8.5,,35,reviewed,us,us
1992-02-25T16:27:48.610Z,-7.04,126.781,305.7,4.4,mb,,,,1.3,us,usp00053g7,2014-11-07T00:50:08.158Z,"162 km NNE of Baukau, Timor Leste",earthquake,,32.7,,4,reviewed,us,us
1992-02-23T17:51:05.130Z,-7.183,129.001,163.7,4.7,mb,,,,0.3,us,usp00053e8,2014-11-07T00:50:08.003Z,"265 km NE of Lospalos, Timor Leste",earthquake,,23.2,,1,reviewed,us,us
1992-02-23T15:19:10.720Z,-7.914,131.014,74,4.5,mb,,,,1.3,us,usp00053dz,2014-11-07T00:50:07.875Z,"Pulau Pulau Tanimbar, Indonesia",earthquake,,13.9,,1,reviewed,us,us
1992-02-23T08:02:04.900Z,-9.881,111.531,33,4.9,mb,,,,1.4,us,usp00053dr,2014-11-07T00:50:07.684Z,"199 km SSW of Boyolangu, Indonesia",earthquake,,,,4,reviewed,us,us
1992-02-22T18:57:52.340Z,0.133,121.953,219.9,4.7,mb,,,,0.6,us,usp00053d6,2014-11-07T00:50:07.634Z,"131 km WSW of Gorontalo, Indonesia",earthquake,,9.4,,13,reviewed,us,us
1992-02-22T02:35:12.070Z,-2.921,130.117,10,4.8,mb,,,,1.3,us,usp00053ch,2014-11-07T00:50:07.563Z,"140 km ENE of Amahai, Indonesia",earthquake,,,,6,reviewed,us,us
1992-02-22T02:25:33.150Z,3.767,126.69,33,4.5,mb,,,,1,us,usp00053cg,2014-11-07T00:50:07.561Z,"226 km SE of Sarangani, Philippines",earthquake,,,,6,reviewed,us,us
1992-02-22T00:39:53.830Z,5.415,114.546,40.4,5.2,mb,,,,0.9,us,usp00053ca,2014-11-07T00:50:07.536Z,"68 km N of Tutong, Brunei",earthquake,,,,16,reviewed,us,us
1992-02-21T18:30:46.050Z,1.976,126.771,33,5.4,mw,,,,1,us,usp00053bs,2025-12-19T23:01:06.880Z,"140 km W of Tobelo, Indonesia",earthquake,,,,,reviewed,us,hrv
1992-02-21T17:13:19.790Z,2.075,128.408,79.9,5.5,mw,,,,1.1,us,usp00053bp,2025-12-19T20:52:23.866Z,"58 km NE of Tobelo, Indonesia",earthquake,,,,,reviewed,us,hrv
1992-02-20T22:48:43.030Z,-8.135,116.229,199.7,5.2,mb,,,,1,us,usp00053an,2014-11-07T00:50:07.287Z,"29 km NNE of Gili Air, Indonesia",earthquake,,8.5,,6,reviewed,us,us
1992-02-20T17:32:35.630Z,-2.068,102.296,215.9,4.7,mb,,,,1.1,us,usp00053a7,2014-11-07T00:50:07.221Z,"100 km E of Sungai Penuh, Indonesia",earthquake,,12.2,,12,reviewed,us,us
1992-02-19T08:17:21.800Z,-8.941,123.983,33,4.9,mb,,,,1.1,us,usp0005383,2014-11-07T00:50:06.972Z,"52 km WNW of Pante Makasar, Timor Leste",earthquake,,,,4,reviewed,us,us
1992-02-17T22:19:44.170Z,-8.724,124.052,33,4.3,mb,,,,1,us,usp000536q,2014-11-07T00:50:06.746Z,"64 km NW of Pante Makasar, Timor Leste",earthquake,,,,4,reviewed,us,us
1992-02-17T21:43:49.410Z,0.697,126.672,33,4.8,mb,,,,1.2,us,usp000536n,2014-11-07T00:50:06.724Z,"79 km W of Ternate, Indonesia",earthquake,,,,3,reviewed,us,us
1992-02-17T06:44:51.450Z,-2.122,128.381,29.9,5.2,mb,,,,1.3,us,usp000535n,2014-11-07T00:50:06.411Z,"147 km NNW of Amahai, Indonesia",earthquake,,,,14,reviewed,us,us
1992-02-16T12:43:15.720Z,-6.633,130.264,99.5,4.7,mb,,,,0.8,us,usp0005351,2014-11-07T00:50:06.191Z,"296 km WSW of Tual, Indonesia",earthquake,,14.7,,10,reviewed,us,us
1992-02-15T11:42:44.070Z,-9.406,117.606,33,4.7,mb,,,,1.2,us,usp000533v,2014-11-07T00:50:06.041Z,"103 km SSE of Sumbawa Besar, Indonesia",earthquake,,,,4,reviewed,us,us
1992-02-14T14:57:39.270Z,-5.186,103.92,33,4.3,mb,,,,1.1,us,usp000532h,2014-11-07T00:50:05.927Z,"113 km WSW of Kotabumi, Indonesia",earthquake,,,,3,reviewed,us,us
1992-02-14T13:12:35.340Z,-3.855,119.673,33,4.3,mb,,,,0.7,us,usp000532a,2014-11-07T00:50:05.917Z,"18 km NNE of Parepare, Indonesia",earthquake,,,,1,reviewed,us,us
1992-02-14T09:29:28.360Z,-10.618,120.5,33,4.1,mb,,,,1.5,us,usp000531z,2014-11-07T00:50:05.884Z,"109 km SSE of Waingapu, Indonesia",earthquake,,,,4,reviewed,us,us
1992-02-12T09:48:00.760Z,-8.376,105.51,33,4.8,mb,,,,0.7,us,usp00052z3,2014-11-07T00:50:05.505Z,"191 km SW of Pelabuhanratu, Indonesia",earthquake,,,,1,reviewed,us,us
1992-02-12T08:39:57.000Z,-9.785,124.841,33,4.2,mb,,,,1.3,us,usp00052yx,2014-11-07T00:50:05.497Z,"54 km SE of Kefamenanu, Indonesia",earthquake,,,,2,reviewed,us,us
1992-02-12T06:32:08.820Z,-2.742,129.75,33,5,mb,,,,0.4,us,usp00052yr,2014-11-07T00:50:05.485Z,"113 km NE of Amahai, Indonesia",earthquake,,,,4,reviewed,us,us
1992-02-11T20:42:36.440Z,4.008,126.461,33,5,mb,,,,1.2,us,usp00052y1,2014-11-07T00:50:05.387Z,"189 km SE of Sarangani, Philippines",earthquake,,,,5,reviewed,us,us
1992-02-11T20:34:49.250Z,-0.753,122.44,54.1,5,mb,,,,0.8,us,usp00052y0,2014-11-07T00:50:05.385Z,"44 km WNW of Luwuk, Indonesia",earthquake,,12.6,,6,reviewed,us,us
1992-02-11T18:09:25.490Z,-5.027,105.448,202.3,4.6,mb,,,,1.2,us,usp00052xt,2014-11-07T00:50:05.365Z,"18 km ENE of Metro, Indonesia",earthquake,,,,11,reviewed,us,us
1992-02-11T10:25:40.790Z,-9.239,124.827,26.9,5.7,mw,,,,1.2,us,usp00052xb,2022-04-28T18:54:55.085Z,"16 km SSW of Atambua, Indonesia",earthquake,,,,,reviewed,us,hrv
1992-02-11T07:34:53.190Z,-9.731,118.444,33,4.3,mb,,,,1.4,us,usp00052x4,2014-11-07T00:50:05.303Z,"132 km S of Dompu, Indonesia",earthquake,,,,3,reviewed,us,us
1992-02-11T00:06:02.340Z,1.142,124.043,305.4,4.4,mb,,,,0.8,us,usp00052wc,2014-11-07T00:50:05.250Z,"86 km WSW of Tomohon, Indonesia",earthquake,,14.2,,10,reviewed,us,us
1992-02-10T22:31:28.780Z,-1.843,100.53,73.1,4.9,mb,,,,1.1,us,usp00052w4,2014-11-07T00:50:05.224Z,"98 km WNW of Sungai Penuh, Indonesia",earthquake,,19.1,,6,reviewed,us,us
1992-02-10T20:32:20.710Z,-4.061,131.571,39.6,4.8,mb,,,,0.8,us,usp00052w0,2014-11-07T00:50:05.213Z,"217 km NW of Tual, Indonesia",earthquake,,13.1,,4,reviewed,us,us
1992-02-09T17:54:23.520Z,4.541,125.886,33,4.8,mb,,,,0.6,us,usp00052uj,2014-11-07T00:50:04.968Z,"106 km SSE of Sarangani, Philippines",earthquake,,,,5,reviewed,us,us
1992-02-09T09:02:51.250Z,-7.99,131.271,90.9,4.2,mb,,,,0.9,us,usp00052u7,2014-11-07T00:50:04.936Z,"Pulau Pulau Tanimbar, Indonesia",earthquake,,32.7,,3,reviewed,us,us
1992-02-06T14:59:21.810Z,-2.615,133.899,33,4.3,mb,,,,1.2,us,usp00052qa,2014-11-07T00:50:04.197Z,"194 km S of Manokwari, Indonesia",earthquake,,,,4,reviewed,us,us
1992-02-06T08:59:52.340Z,-5.612,103.12,69.4,4.7,mb,,,,1.1,us,usp00052q0,2014-11-07T00:50:03.949Z,"176 km S of Pagar Alam, Indonesia",earthquake,,17,,7,reviewed,us,us
1992-02-06T04:35:01.240Z,-5.775,103.076,36.9,5.4,mb,,,,1.1,us,usp00052pn,2022-04-28T18:54:35.494Z,"194 km S of Pagar Alam, Indonesia",earthquake,,,,34,reviewed,us,us
1992-02-06T03:54:37.610Z,-5.684,103.162,33.3,5.7,mw,,,,1.1,us,usp00052pk,2022-04-28T18:54:33.657Z,"183 km S of Pagar Alam, Indonesia",earthquake,,,,,reviewed,us,hrv
1992-02-06T01:12:38.550Z,-5.72,103.156,36.8,6.5,mwb,,,,1.1,us,usp00052p8,2022-04-28T18:54:31.004Z,"187 km S of Pagar Alam, Indonesia",earthquake,,,,,reviewed,us,us
1992-02-05T16:27:51.740Z,3.065,128.527,33,4.4,mb,,,,0.8,us,usp00052ns,2014-11-07T00:50:03.572Z,"158 km NNE of Tobelo, Indonesia",earthquake,,,,6,reviewed,us,us
1992-02-05T04:49:30.890Z,-6.425,130.189,82.3,5,mb,,,,1.2,us,usp00052my,2014-11-07T00:50:02.893Z,"297 km WSW of Tual, Indonesia",earthquake,,21.7,,12,reviewed,us,us
1992-02-04T18:29:39.050Z,-8.209,122.197,150,4.3,mb,,,,0.1,us,usp00052mc,2014-11-07T00:50:02.805Z,"Flores region, Indonesia",earthquake,,,,3,reviewed,us,us
1992-02-04T17:21:43.220Z,-2.999,139.555,33,5,mb,,,,1.3,us,usp00052ma,2014-11-07T00:50:02.790Z,"127 km WSW of Abepura, Indonesia",earthquake,,,,14,reviewed,us,us
1992-02-04T06:43:42.190Z,1.338,118.153,36,4.9,mb,,,,0.8,us,usp00052kq,2014-11-07T00:50:02.614Z,"Kalimantan, Indonesia",earthquake,,5.8,,10,reviewed,us,us
1992-02-04T03:38:39.370Z,-5.474,110.713,33,4,mb,,,,1.2,us,usp00052kg,2014-11-07T00:50:02.576Z,"111 km N of Batang, Indonesia",earthquake,,,,4,reviewed,us,us
1992-02-04T01:58:39.740Z,-7.138,109.067,58.3,5.1,mw,,,,1.1,us,usp00052ke,2022-04-28T18:54:13.582Z,"6 km SE of Margasari, Indonesia",earthquake,,15,,,reviewed,us,hrv
1992-02-03T19:47:01.930Z,-6.898,129.653,134.4,4.5,mb,,,,1.2,us,usp00052k5,2014-11-07T00:50:02.524Z,"Banda Sea",earthquake,,34.1,,3,reviewed,us,us
1992-02-03T07:13:44.620Z,-6.187,131.466,95,5.2,mw,,,,0.9,us,usp00052jp,2025-12-19T20:52:11.839Z,"155 km WSW of Tual, Indonesia",earthquake,,,,,reviewed,us,hrv
1992-02-03T02:25:40.850Z,3.938,126.397,74.7,5.1,mb,,,,1,us,usp00052jf,2014-11-07T00:50:02.166Z,"192 km SSE of Sarangani, Philippines",earthquake,,20.3,,24,reviewed,us,us
1992-02-02T19:37:16.500Z,-4.158,102.157,62.5,5.2,mb,,,,1.2,us,usp00052hy,2014-11-07T00:50:01.649Z,"41 km SSW of Bengkulu, Indonesia",earthquake,,,,22,reviewed,us,us
1992-02-02T05:53:05.980Z,0.01,124.437,86,4.4,mb,,,,0.6,us,usp00052h6,2014-11-07T00:50:01.101Z,"150 km SSW of Tomohon, Indonesia",earthquake,,16.9,,5,reviewed,us,us
1992-02-01T22:03:01.390Z,-8.74,123.961,33,4.7,mb,,,,1.2,us,usp00052gp,2014-11-07T00:50:00.565Z,"68 km NW of Pante Makasar, Timor Leste",earthquake,,,,5,reviewed,us,us
1992-02-01T17:51:50.450Z,-6.344,130.046,117.7,4.8,mb,,,,0.7,us,usp00052gc,2014-11-07T00:50:00.109Z,"Banda Sea",earthquake,,9.3,,10,reviewed,us,us
1992-01-31T23:33:35.310Z,-3.342,135.466,47.2,5.2,mb,,,,0.7,us,usp00052fn,2014-11-07T00:49:57.843Z,"4 km WNW of Nabire, Indonesia",earthquake,,,,23,reviewed,us,us
1992-01-30T15:54:05.360Z,1.9,128.58,29.2,5.3,mb,,,,1.2,us,usp00052e9,2014-11-07T00:49:57.695Z,"66 km ENE of Tobelo, Indonesia",earthquake,,,,57,reviewed,us,us
1992-01-29T12:58:46.180Z,-7.702,128.104,33,4.2,mb,,,,0.9,us,usp00052cw,2014-11-07T00:49:57.398Z,"151 km NE of Lospalos, Timor Leste",earthquake,,,,3,reviewed,us,us
1992-01-29T12:00:40.150Z,1.305,122.592,33,5,mb,,,,1.2,us,usp00052ct,2014-11-07T00:49:57.393Z,"99 km NNW of Gorontalo, Indonesia",earthquake,,,,3,reviewed,us,us
1992-01-29T11:56:12.980Z,0.455,126.425,56.4,5,mb,,,,0.9,us,usp00052cs,2014-11-07T00:49:57.388Z,"113 km WSW of Ternate, Indonesia",earthquake,,14.7,,22,reviewed,us,us
1992-01-28T10:25:49.590Z,-6.94,125.937,493.7,5.1,mb,,,,0.9,us,usp00052bj,2014-11-07T00:49:57.274Z,"173 km N of Manatutu, Timor Leste",earthquake,,3.2,,45,reviewed,us,us
1992-01-27T22:26:59.330Z,0.411,126.377,33,5.1,mb,,,,1,us,usp00052b3,2014-11-07T00:49:57.243Z,"119 km WSW of Ternate, Indonesia",earthquake,,,,4,reviewed,us,us
1992-01-27T08:23:41.780Z,-2.864,139.975,33,5.1,mb,,,,0.9,us,usp00052ab,2014-11-07T00:49:57.176Z,"78 km WSW of Abepura, Indonesia",earthquake,,,,5,reviewed,us,us
1992-01-26T08:44:57.990Z,-3.684,139.91,33,5,mb,,,,1,us,usp000528z,2014-11-07T00:49:56.841Z,"144 km SW of Abepura, Indonesia",earthquake,,,,3,reviewed,us,us
1992-01-26T03:14:45.830Z,-3.418,134.583,33,4.9,mb,,,,1.2,us,usp000528p,2014-11-07T00:49:56.793Z,"102 km W of Nabire, Indonesia",earthquake,,,,5,reviewed,us,us
1992-01-25T20:40:47.230Z,-3.789,129.17,33,4.6,mb,,,,0.9,us,usp000528d,2014-11-07T00:49:56.768Z,"56 km SSE of Amahai, Indonesia",earthquake,,,,4,reviewed,us,us
1992-01-25T19:29:47.700Z,-6.879,104.829,33,4.5,mb,,,,0.6,us,usp0005289,2014-11-07T00:49:56.729Z,"123 km WSW of Labuan, Indonesia",earthquake,,,,3,reviewed,us,us
1992-01-25T12:16:22.270Z,-0.717,128.541,33,4.4,mb,,,,0.8,us,usp000527n,2014-11-07T00:49:56.676Z,"194 km SE of Sofifi, Indonesia",earthquake,,,,4,reviewed,us,us
1992-01-25T09:34:55.670Z,-7.446,108.743,33,4.4,mb,,,,0.2,us,usp000527g,2014-11-07T00:49:56.668Z,"6 km NW of Sidareja, Indonesia",earthquake,,,,5,reviewed,us,us
1992-01-24T22:52:47.910Z,-7.589,128.455,142,4.3,mb,,,,0.9,us,usp000526y,2014-11-07T00:49:56.632Z,"190 km ENE of Lospalos, Timor Leste",earthquake,,29,,2,reviewed,us,us
1992-01-24T20:03:52.580Z,-6.894,127.312,163.7,4.6,mb,,,,1.5,us,usp000526r,2014-11-07T00:49:56.620Z,"183 km N of Lospalos, Timor Leste",earthquake,,23,,1,reviewed,us,us
1992-01-24T03:36:38.030Z,4.539,123.329,559.6,4.7,mb,,,,0.5,us,usp000525q,2014-11-07T00:49:56.503Z,"207 km SSW of Palimbang, Philippines",earthquake,,19.5,,5,reviewed,us,us
1992-01-23T04:05:04.680Z,-2.757,138.658,33,4.4,mb,,,,0.8,us,usp000523v,2014-11-07T00:49:56.129Z,"220 km W of Abepura, Indonesia",earthquake,,,,3,reviewed,us,us
1992-01-22T08:00:18.220Z,-3.367,134.497,33,4.8,mb,,,,1.1,us,usp000522m,2014-11-07T00:49:56.021Z,"111 km W of Nabire, Indonesia",earthquake,,,,11,reviewed,us,us
1992-01-22T02:02:05.890Z,-0.093,124.363,91.7,5,mb,,,,1,us,usp0005228,2014-11-07T00:49:55.966Z,"160 km ESE of Gorontalo, Indonesia",earthquake,,8,,15,reviewed,us,us
1992-01-21T23:30:40.450Z,-9.51,125.878,60.5,4.3,mb,,,,0.3,us,usp0005222,2014-11-07T00:49:55.921Z,"61 km SSE of Same, Timor Leste",earthquake,,34.4,,3,reviewed,us,us
1992-01-21T17:42:48.800Z,5.426,125.913,120.2,4.7,mb,,,,1,us,usp000521r,2014-11-07T00:49:55.865Z,"49 km E of Sarangani, Philippines",earthquake,,13.3,,26,reviewed,us,us
1992-01-21T13:29:03.300Z,-4.028,102.433,101,5.2,mb,,,,1.2,us,usp000521h,2014-11-07T00:49:55.850Z,"31 km SE of Bengkulu, Indonesia",earthquake,,,,26,reviewed,us,us
1992-01-21T07:57:20.730Z,-9.339,122.794,26.5,5.1,mb,,,,1.1,us,usp0005218,2014-11-07T00:49:55.826Z,"102 km SE of Maumere, Indonesia",earthquake,,,,21,reviewed,us,us
1992-01-21T05:30:05.990Z,2.008,126.412,57.5,4.8,mb,,,,1.3,us,usp0005216,2014-11-07T00:49:55.819Z,"169 km ENE of Laikit, Laikit II (Dimembe), Indonesia",earthquake,,19.1,,17,reviewed,us,us
1992-01-20T13:19:32.030Z,4.331,122.993,578.4,4.7,mb,,,,0.9,us,usp0005209,2014-11-07T00:49:55.678Z,"223 km SSE of Tabiauan, Philippines",earthquake,,7,,20,reviewed,us,us
1992-01-18T23:10:02.930Z,3.963,123.035,541.4,5.4,mb,,,,1,us,usp00051y1,2022-04-28T18:56:22.095Z,"261 km SSE of Tabiauan, Philippines",earthquake,,,,64,reviewed,us,us
1992-01-17T04:43:05.900Z,-0.249,123.229,103.3,5,mb,,,,0.9,us,usp00051vy,2014-11-07T00:49:55.265Z,"88 km SSE of Gorontalo, Indonesia",earthquake,,8.8,,12,reviewed,us,us
1992-01-16T23:02:37.470Z,-3.195,129.645,33,4.9,mb,,,,1.1,us,usp00051vs,2014-11-07T00:49:55.222Z,"82 km ENE of Amahai, Indonesia",earthquake,,,,8,reviewed,us,us
1992-01-16T14:13:33.990Z,-2.421,140.113,33,4.7,mb,,,,1.1,us,usp00051v7,2014-11-07T00:49:55.157Z,"60 km WNW of Abepura, Indonesia",earthquake,,,,10,reviewed,us,us
1992-01-13T11:58:23.140Z,1.342,127.373,112.9,6.1,mwb,,,,1.1,us,usp00051rj,2022-04-28T18:56:17.418Z,"60 km N of Ternate, Indonesia",earthquake,,,,,reviewed,us,us
1992-01-12T18:29:02.150Z,-8.948,124.298,62.6,5.3,mb,,,,1.1,us,usp00051qh,2014-11-07T00:49:54.567Z,"29 km NNW of Pante Makasar, Timor Leste",earthquake,,,,10,reviewed,us,us
1992-01-12T00:37:05.060Z,-3.23,138.102,33,4.9,mb,,,,1.2,us,usp00051pr,2014-11-07T00:49:54.499Z,"289 km E of Nabire, Indonesia",earthquake,,,,12,reviewed,us,us
1992-01-11T17:02:13.540Z,-2.555,134.253,33,4.9,mb,,,,1.3,us,usp00051pe,2014-11-07T00:49:54.436Z,"164 km WNW of Nabire, Indonesia",earthquake,,,,11,reviewed,us,us
1992-01-11T13:39:00.070Z,-7.448,128.109,149.9,4.5,mb,,,,1.1,us,usp00051p4,2014-11-07T00:49:54.372Z,"170 km NE of Lospalos, Timor Leste",earthquake,,20.7,,2,reviewed,us,us
1992-01-11T04:30:20.890Z,5.058,123.396,541,4.8,mb,,,,0.4,us,usp00051nt,2014-11-07T00:49:54.271Z,"154 km SW of Palimbang, Philippines",earthquake,,42,,6,reviewed,us,us
1992-01-10T19:45:58.980Z,2.438,127.62,58.2,4.5,mb,,,,1.4,us,usp00051n7,2014-11-07T00:49:54.215Z,"89 km NNW of Tobelo, Indonesia",earthquake,,19.9,,9,reviewed,us,us
1992-01-10T16:32:47.360Z,-9.652,120.008,42.1,4.9,mb,,,,1.2,us,usp00051n2,2014-11-07T00:49:54.200Z,"28 km W of Waingapu, Indonesia",earthquake,,,,14,reviewed,us,us
1992-01-10T15:46:28.920Z,2.273,127.421,33,4.5,mb,,,,1,us,usp00051my,2014-11-07T00:49:54.192Z,"88 km NW of Tobelo, Indonesia",earthquake,,,,6,reviewed,us,us
1992-01-10T15:09:01.100Z,2.511,127.61,33,4.1,mb,,,,0.6,us,usp00051mw,2014-11-07T00:49:54.188Z,"97 km NNW of Tobelo, Indonesia",earthquake,,,,5,reviewed,us,us
1992-01-10T14:46:19.120Z,2.316,127.442,20.1,5.6,mw,,,,1.4,us,usp00051mv,2022-04-28T18:56:11.567Z,"90 km NW of Tobelo, Indonesia",earthquake,,,,,reviewed,us,hrv
1992-01-10T08:00:19.840Z,2.154,127.359,33,4.4,mb,,,,1.4,us,usp00051mh,2014-11-07T00:49:54.148Z,"86 km WNW of Tobelo, Indonesia",earthquake,,,,4,reviewed,us,us
1992-01-10T05:18:12.970Z,2.624,127.991,78,4.1,mb,,,,0.7,us,usp00051m9,2014-11-07T00:49:54.124Z,"99 km N of Tobelo, Indonesia",earthquake,,23.1,,2,reviewed,us,us
1992-01-09T21:28:54.830Z,-3.49,135.924,33,5.1,mb,,,,1.1,us,usp00051ku,2014-11-07T00:49:54.075Z,"49 km ESE of Nabire, Indonesia",earthquake,,,,5,reviewed,us,us
1992-01-09T21:25:26.470Z,-6.368,105.19,60.6,4.6,mb,,,,1.3,us,usp00051kt,2014-11-07T00:49:54.073Z,"70 km W of Labuan, Indonesia",earthquake,,20.4,,8,reviewed,us,us
1992-01-09T19:16:19.860Z,-4.657,133.323,25.2,5,mb,,,,0.9,us,usp00051kr,2014-11-07T00:49:54.063Z,"124 km NNE of Tual, Indonesia",earthquake,,,,16,reviewed,us,us
1992-01-09T18:30:52.680Z,5.25,125.373,221.3,4.6,mb,,,,1,us,usp00051kp,2014-11-07T00:49:54.052Z,"19 km SSW of Sarangani, Philippines",earthquake,,11.4,,13,reviewed,us,us
1992-01-09T16:06:19.000Z,3.744,96.913,103.6,4.5,mb,,,,1,us,usp00051kk,2014-11-07T00:49:54.042Z,"97 km ESE of Meulaboh, Indonesia",earthquake,,10,,10,reviewed,us,us
1992-01-09T11:44:03.570Z,2.385,127.528,27.1,4.8,mb,,,,1.2,us,usp00051k8,2014-11-07T00:49:53.992Z,"90 km NW of Tobelo, Indonesia",earthquake,,,,13,reviewed,us,us
1992-01-09T07:53:17.620Z,-8.015,128.572,42.2,4.5,mb,,,,1.4,us,usp00051k2,2014-11-07T00:49:53.967Z,"182 km ENE of Lospalos, Timor Leste",earthquake,,18.9,,2,reviewed,us,us
1992-01-07T22:10:11.080Z,5.917,125.719,142.8,4.6,mb,,,,0.9,us,usp00051h4,2014-11-07T00:49:53.767Z,"8 km SE of Culaman, Philippines",earthquake,,15.7,,8,reviewed,us,us
1992-01-07T20:57:42.390Z,-8.979,124.565,89.1,4.5,mb,,,,0.4,us,usp00051h3,2014-11-07T00:49:53.764Z,"Kepulauan Alor, Indonesia",earthquake,,15.8,,2,reviewed,us,us
1992-01-07T19:16:55.640Z,-1.097,126.927,61.5,4.5,mb,,,,0.7,us,usp00051h1,2014-11-07T00:49:53.756Z,"214 km SSW of Sofifi, Indonesia",earthquake,,10.6,,6,reviewed,us,us
1992-01-07T18:59:37.500Z,-9.683,119.58,106.8,5,mb,,,,1,us,usp00051h0,2014-11-07T00:49:53.749Z,"75 km W of Waingapu, Indonesia",earthquake,,8,,20,reviewed,us,us
1992-01-07T14:08:55.180Z,-4.39,132.713,39.7,5,mb,,,,1.2,us,usp00051gr,2014-11-07T00:49:53.697Z,"137 km N of Tual, Indonesia",earthquake,,,,10,reviewed,us,us
1992-01-06T14:28:39.320Z,-6.742,128.481,135,4.2,mb,,,,1.3,us,usp00051fa,2014-11-07T00:49:53.484Z,"Banda Sea",earthquake,,12.5,,3,reviewed,us,us
1992-01-06T14:28:14.790Z,0.683,123.336,58.4,5.3,mw,,,,1.2,us,usp00051f9,2025-12-19T20:52:24.746Z,"34 km ENE of Gorontalo, Indonesia",earthquake,,,,,reviewed,us,hrv
1992-01-04T02:05:07.930Z,-0.183,97.402,24,4.8,mb,,,,1.1,us,usp00051c2,2014-11-07T00:49:52.778Z,"262 km SW of Sibolga, Indonesia",earthquake,,,,18,reviewed,us,us
1992-01-03T09:55:44.850Z,3.501,122.715,556.4,5.1,mb,,,,0.7,us,usp00051b2,2014-11-07T00:49:52.598Z,"293 km SSE of Tabiauan, Philippines",earthquake,,9.4,,5,reviewed,us,us
1992-01-03T07:34:18.740Z,-5.742,130.973,91.5,4.5,mb,,,,0.9,us,usp00051av,2014-11-07T00:49:52.575Z,"197 km W of Tual, Indonesia",earthquake,,17.2,,2,reviewed,us,us
1992-01-03T02:05:15.020Z,-7.545,130.109,26.5,5,mb,,,,1.1,us,usp00051a8,2014-11-07T00:49:52.403Z,"Pulau Pulau Tanimbar, Indonesia",earthquake,,,,21,reviewed,us,us
1992-01-03T00:56:34.510Z,-7.385,129.732,139.9,4.7,mb,,,,1.3,us,usp00051a4,2014-11-07T00:49:52.376Z,"Kepulauan Babar, Indonesia",earthquake,,20.2,,4,reviewed,us,us
1992-01-02T21:17:48.250Z,0.088,121.982,166.7,4.7,mb,,,,0.7,us,usp000519t,2014-11-07T00:49:52.324Z,"130 km WSW of Gorontalo, Indonesia",earthquake,,14.9,,13,reviewed,us,us
1991-12-31T16:13:24.460Z,-8.008,117.622,70.5,4.3,mb,,,,1.3,us,usp000516u,2014-11-07T00:49:48.980Z,"47 km NNE of Pototano, Indonesia",earthquake,,25,,1,reviewed,us,us
1991-12-31T15:45:51.090Z,-3.978,136.758,33,4.7,mb,,,,0.9,us,usp000516t,2014-11-07T00:49:48.977Z,"155 km ESE of Nabire, Indonesia",earthquake,,,,8,reviewed,us,us
1991-12-30T06:06:54.460Z,-6.026,130.439,84.5,4.8,mb,,,,1,us,usp000515a,2014-11-07T00:49:48.848Z,"259 km W of Tual, Indonesia",earthquake,,24.2,,2,reviewed,us,us
1991-12-29T19:18:23.190Z,-5.298,102.914,10,4.5,mb,,,,0.7,us,usp000514t,2014-11-07T00:49:48.790Z,"145 km SSW of Pagar Alam, Indonesia",earthquake,,,,3,reviewed,us,us
1991-12-29T18:39:09.460Z,-4.421,132.727,36.7,6.4,mw,,,,1.1,us,usp000514s,2022-04-28T18:58:30.868Z,"133 km N of Tual, Indonesia",earthquake,,,,,reviewed,us,hrv
1991-12-28T17:58:27.930Z,-6.392,130.073,129.7,4.9,mb,,,,1.2,us,usp000513p,2014-11-07T00:49:48.644Z,"Banda Sea",earthquake,,6.1,,7,reviewed,us,us
1991-12-28T09:21:35.900Z,-5.608,131.209,80.1,4.7,mb,,,,1,us,usp0005130,2014-11-07T00:49:48.416Z,"170 km W of Tual, Indonesia",earthquake,,14.9,,3,reviewed,us,us
1991-12-28T05:35:29.750Z,-7.963,125.576,36.4,5.3,mb,,,,1.1,us,usp000512n,2022-04-28T18:58:27.448Z,"65 km NNW of Metinaro, Timor Leste",earthquake,,9.6,,18,reviewed,us,us
1991-12-28T04:39:06.230Z,4.81,127.504,179.1,4.8,mb,,,,0.6,us,usp000512h,2014-11-07T00:49:48.346Z,"225 km SE of Pondaguitan, Philippines",earthquake,,46.5,,5,reviewed,us,us
1991-12-27T02:44:59.960Z,3.264,96.337,33,4.8,mb,,,,1,us,usp000510v,2014-11-07T00:49:47.443Z,"86 km N of Sinabang, Indonesia",earthquake,,,,10,reviewed,us,us
1991-12-27T00:20:18.830Z,4.567,127.032,33,4.2,mb,,,,0.3,us,usp000510g,2014-11-07T00:49:47.400Z,"196 km ESE of Sarangani, Philippines",earthquake,,,,3,reviewed,us,us
1991-12-26T12:10:08.460Z,-7.364,125.909,36.3,5,mb,,,,1.2,us,usp00050zx,2014-11-07T00:49:47.334Z,"127 km N of Manatutu, Timor Leste",earthquake,,11.6,,17,reviewed,us,us
1991-12-26T00:28:05.990Z,-1.925,134.42,33,4.3,mb,,,,0.9,us,usp00050yy,2014-11-07T00:49:47.220Z,"123 km SSE of Manokwari, Indonesia",earthquake,,,,4,reviewed,us,us
1991-12-24T20:58:47.630Z,-7.533,122.838,262,4.6,mb,,,,0.9,us,usp00050xp,2014-11-07T00:49:47.066Z,"138 km NNE of Maumere, Indonesia",earthquake,,11.8,,5,reviewed,us,us
1991-12-24T19:51:25.700Z,2.775,97.424,81.1,4.8,mb,,,,0.9,us,usp00050xm,2014-11-07T00:49:47.060Z,"67 km NW of Singkil, Indonesia",earthquake,,12.2,,26,reviewed,us,us
1991-12-24T19:10:42.360Z,-7.11,127.629,269.3,4.9,mb,,,,1.1,us,usp00050xk,2014-11-07T00:49:47.056Z,"170 km NNE of Lospalos, Timor Leste",earthquake,,8.9,,14,reviewed,us,us
1991-12-24T17:47:36.590Z,-5.579,103.986,93.1,4.8,mb,,,,0.7,us,usp00050xf,2014-11-07T00:49:47.047Z,"129 km SW of Kotabumi, Indonesia",earthquake,,20.5,,6,reviewed,us,us
1991-12-24T10:47:14.930Z,-9.575,117.98,75,5.2,mw,,,,1.3,us,usp00050x1,2025-12-19T20:53:02.299Z,"126 km SSW of Dompu, Indonesia",earthquake,,7.8,,,reviewed,us,hrv
1991-12-24T03:38:17.940Z,-5.702,110.209,533.2,5.5,mw,,,,1,us,usp00050wn,2022-04-28T18:58:15.530Z,"102 km NNW of Batang, Indonesia",earthquake,,,,,reviewed,us,hrv
1991-12-23T19:57:35.740Z,-3.429,127.305,33,5.2,mw,,,,0.9,us,usp00050w6,2022-04-28T18:58:13.905Z,"101 km WNW of Ambon, Indonesia",earthquake,,,,,reviewed,us,hrv
1991-12-23T19:42:06.580Z,-7.049,129.34,75.6,5.2,mb,,,,1.1,us,usp00050w5,2014-11-07T00:49:46.893Z,"Kepulauan Babar, Indonesia",earthquake,,15.5,,13,reviewed,us,us
1991-12-22T21:15:42.440Z,-4.893,103.185,58.9,5.4,mw,,,,0.8,us,usp00050up,2022-04-28T18:58:10.335Z,"96 km S of Pagar Alam, Indonesia",earthquake,,,,,reviewed,us,hrv
1991-12-21T21:08:46.200Z,-4.45,134.182,33,4.3,mb,,,,1.1,us,usp00050rv,2014-11-07T00:49:46.286Z,"189 km SW of Nabire, Indonesia",earthquake,,,,2,reviewed,us,us
1991-12-20T14:32:55.210Z,-9.42,125.443,33,4.5,mb,,,,1.3,us,usp00050qh,2014-11-07T00:49:46.161Z,"23 km ESE of Suai, Timor Leste",earthquake,,,,4,reviewed,us,us
1991-12-20T10:47:41.710Z,2.696,128.615,236.3,4.8,mb,,,,1.1,us,usp00050q7,2014-11-07T00:49:46.145Z,"126 km NNE of Tobelo, Indonesia",earthquake,,18.5,,9,reviewed,us,us
1991-12-19T18:28:36.480Z,-8.476,116.78,33,4.2,mb,,,,1.6,us,usp00050p8,2014-11-07T00:49:45.799Z,"12 km ENE of Labuan Lombok, Indonesia",earthquake,,,,3,reviewed,us,us
1991-12-19T16:21:42.600Z,-7.799,106.544,53.2,4.8,mb,,,,1.1,us,usp00050p4,2014-11-07T00:49:45.792Z,"89 km S of Pelabuhanratu, Indonesia",earthquake,,18.6,,3,reviewed,us,us
1991-12-18T16:12:38.650Z,-2.614,139.042,33,4.4,mb,,,,1.4,us,usp00050mk,2014-11-07T00:49:45.274Z,"176 km W of Abepura, Indonesia",earthquake,,,,5,reviewed,us,us
1991-12-18T13:08:14.930Z,-6.137,130.368,169,4.6,mb,,,,1.3,us,usp00050md,2014-11-07T00:49:45.249Z,"Banda Sea",earthquake,,11.2,,2,reviewed,us,us
1991-12-18T06:58:42.530Z,-6.644,128.866,266.6,4.7,mb,,,,0.6,us,usp00050m1,2014-11-07T00:49:45.205Z,"292 km NE of Lospalos, Timor Leste",earthquake,,14.6,,1,reviewed,us,us
1991-12-17T01:50:19.080Z,-3.611,102.034,72,5.3,mw,,,,1,us,usp00050jw,2025-12-19T20:52:58.325Z,"33 km NW of Bengkulu, Indonesia",earthquake,,,,,reviewed,us,hrv
1991-12-16T21:30:01.520Z,-6.483,129.307,215.4,4.8,mb,,,,0.9,us,usp00050jk,2014-11-07T00:49:44.980Z,"Banda Sea",earthquake,,19.4,,8,reviewed,us,us
1991-12-16T17:54:13.830Z,-5.323,129.858,205.9,4.9,mb,,,,0.4,us,usp00050j9,2014-11-07T00:49:44.960Z,"242 km SSE of Amahai, Indonesia",earthquake,,34.1,,4,reviewed,us,us
1991-12-16T15:58:04.450Z,1.005,121.834,39.7,4.9,mb,,,,1,us,usp00050j7,2014-11-07T00:49:44.939Z,"146 km WNW of Gorontalo, Indonesia",earthquake,,10.7,,15,reviewed,us,us
1991-12-16T15:17:56.110Z,1.296,100.104,236.2,4.9,mb,,,,0.9,us,usp00050j5,2014-11-07T00:49:44.934Z,"92 km SSE of Bandar, Indonesia",earthquake,,7,,12,reviewed,us,us
1991-12-16T15:07:31.120Z,-8.814,118.853,128,4.8,mb,,,,1.2,us,usp00050j3,2014-11-07T00:49:44.928Z,"41 km SSE of Bima, Indonesia",earthquake,,9.3,,13,reviewed,us,us
1991-12-15T20:00:47.790Z,-7.149,125.174,525.2,4.8,mb,,,,0.8,us,usp00050gw,2014-11-07T00:49:44.777Z,"160 km N of Likisá, Timor Leste",earthquake,,4.7,,14,reviewed,us,us
1991-12-14T18:49:48.640Z,1.632,127.131,128.9,5.1,mw,,,,1,us,usp00050f9,2025-12-19T20:52:56.608Z,"97 km NNW of Ternate, Indonesia",earthquake,,6.3,,,reviewed,us,hrv
1991-12-14T18:07:02.610Z,-0.182,124.839,78.8,4.9,mb,,,,1.2,us,usp00050f7,2014-11-07T00:49:44.537Z,"164 km S of Tondano, Indonesia",earthquake,,10.4,,12,reviewed,us,us
1991-12-13T11:43:41.860Z,-8.177,127.813,115.6,4.5,mb,,,,1.5,us,usp00050ce,2014-11-07T00:49:43.976Z,"97 km ENE of Lospalos, Timor Leste",earthquake,,51.5,,1,reviewed,us,us
1991-12-13T00:12:56.560Z,-7.27,128.621,158.9,5.4,mw,,,,0.8,us,usp00050bn,2025-12-19T20:52:54.369Z,"226 km NE of Lospalos, Timor Leste",earthquake,,2.1,,,reviewed,us,hrv
1991-12-12T12:58:21.950Z,-0.147,123.822,121.3,4.9,mb,,,,1.3,us,usp00050ax,2014-11-07T00:49:43.629Z,"113 km SE of Gorontalo, Indonesia",earthquake,,,,5,reviewed,us,us
1991-12-11T12:07:57.860Z,-6.924,129.897,178.5,4.5,mb,,,,0.2,us,usp000509m,2014-11-07T00:49:43.438Z,"Banda Sea",earthquake,,11.9,,2,reviewed,us,us
1991-12-10T23:40:18.400Z,-7.993,128.207,162.2,4.6,mb,,,,1.1,us,usp0005096,2014-11-07T00:49:43.395Z,"145 km ENE of Lospalos, Timor Leste",earthquake,,23.1,,2,reviewed,us,us
1991-12-10T11:11:28.340Z,0.413,125.953,106.2,4,mb,,,,1,us,usp000508t,2014-11-07T00:49:43.352Z,"152 km SE of Tondano, Indonesia",earthquake,,15.3,,4,reviewed,us,us
1991-12-10T00:27:03.750Z,-6.267,130.34,119.7,4.9,mb,,,,0.7,us,usp0005089,2014-11-07T00:49:43.299Z,"276 km WSW of Tual, Indonesia",earthquake,,5.1,,15,reviewed,us,us
1991-12-09T23:39:14.480Z,0.177,125.79,72,5,mb,,,,1,us,usp0005088,2014-11-07T00:49:43.294Z,"158 km SE of Tondano, Indonesia",earthquake,,9.4,,13,reviewed,us,us
1991-12-09T20:07:11.090Z,1.168,123.032,10,4.8,mb,,,,0.9,us,usp000507z,2014-11-07T00:49:43.273Z,"69 km N of Gorontalo, Indonesia",earthquake,,,,7,reviewed,us,us
1991-12-09T09:29:38.440Z,-2.38,121.88,35.4,4.6,mb,,,,1.3,us,usp000507a,2014-11-07T00:49:43.217Z,"166 km SE of Poso, Indonesia",earthquake,,14.9,,7,reviewed,us,us
1991-12-08T19:51:24.820Z,0.868,126.857,152.4,4.5,mb,,,,0.5,us,usp000506v,2014-11-07T00:49:43.090Z,"59 km W of Ternate, Indonesia",earthquake,,42.2,,2,reviewed,us,us
1991-12-07T22:19:21.590Z,2.603,128.679,245.6,4.5,mb,,,,0.5,us,usp000505h,2014-11-07T00:49:42.852Z,"122 km NE of Tobelo, Indonesia",earthquake,,8.5,,13,reviewed,us,us
1991-12-07T19:42:49.060Z,1.683,126.317,81.9,4.4,mb,,,,0.5,us,usp000505e,2014-11-07T00:49:42.846Z,"150 km E of Laikit, Laikit II (Dimembe), Indonesia",earthquake,,8.4,,4,reviewed,us,us
1991-12-07T18:09:39.760Z,0.112,124.73,33,4.3,mb,,,,1.3,us,usp0005058,2014-11-07T00:49:42.828Z,"133 km S of Tomohon, Indonesia",earthquake,,,,4,reviewed,us,us
1991-12-07T13:47:29.310Z,1.808,126.481,65.4,5,mb,,,,0.8,us,usp000504z,2014-11-07T00:49:42.713Z,"150 km NW of Ternate, Indonesia",earthquake,,10.5,,9,reviewed,us,us
1991-12-06T17:25:10.320Z,-3.299,127.473,77.2,4.6,mb,,,,0.4,us,usp000503x,2014-11-07T00:49:42.470Z,"90 km WNW of Ambon, Indonesia",earthquake,,20.6,,2,reviewed,us,us
1991-12-05T18:31:42.160Z,-2.323,140.415,33,4.4,mb,,,,0.9,us,usp000502w,2014-11-07T00:49:42.269Z,"38 km NW of Abepura, Indonesia",earthquake,,,,2,reviewed,us,us
1991-12-05T17:51:18.440Z,-2.43,140.026,60.1,5.4,mw,,,,1,us,usp000502v,2022-04-28T18:57:10.410Z,"69 km WNW of Abepura, Indonesia",earthquake,,10,,,reviewed,us,hrv
1991-12-04T06:42:57.030Z,-1.142,129.013,19.8,5,mb,,,,1.1,us,usp000500p,2014-11-07T00:49:41.698Z,"243 km N of Amahai, Indonesia",earthquake,,,,17,reviewed,us,us
1991-12-04T05:05:53.640Z,-4.14,138.729,74.4,4.8,mb,,,,0.5,us,usp000500g,2014-11-07T00:49:41.678Z,"271 km SW of Abepura, Indonesia",earthquake,,32.4,,2,reviewed,us,us
1991-12-03T15:46:12.680Z,-6.291,104.146,54.2,5.1,mb,,,,1,us,usp0004zzg,2014-11-07T00:49:41.394Z,"155 km SW of Bandar Lampung, Indonesia",earthquake,,10.9,,26,reviewed,us,us
1991-12-02T17:45:23.500Z,-9.074,119.382,104.4,4.9,mb,,,,1.1,us,usp0004zyh,2014-11-07T00:49:40.928Z,"54 km SSW of Komodo, Indonesia",earthquake,,10.4,,7,reviewed,us,us
1991-12-02T15:57:22.500Z,2.541,126.534,113.7,4.8,mb,,,,0.4,us,usp0004zye,2014-11-07T00:49:40.840Z,"187 km WNW of Tobelo, Indonesia",earthquake,,29,,4,reviewed,us,us
1991-12-01T23:19:23.440Z,-6.951,129.012,140.2,4.5,mb,,,,1,us,usp0004zx7,2014-11-07T00:49:40.380Z,"281 km NE of Lospalos, Timor Leste",earthquake,,28.2,,1,reviewed,us,us
1991-12-01T19:39:16.970Z,-7.104,129.186,150.3,4.8,mb,,,,1,us,usp0004zwy,2014-11-07T00:49:40.142Z,"287 km ENE of Lospalos, Timor Leste",earthquake,,6.8,,13,reviewed,us,us
1991-12-01T17:16:41.350Z,5.789,125.612,222.9,4.4,mb,,,,0.8,us,usp0004zws,2014-11-07T00:49:40.010Z,"14 km ENE of Kalbay, Philippines",earthquake,,13.8,,9,reviewed,us,us
1991-12-01T06:55:45.810Z,-6.748,125.25,533.1,4.9,mb,,,,0.7,us,usp0004zw1,2014-11-07T00:49:39.597Z,"203 km N of Dili, Timor Leste",earthquake,,8.4,,11,reviewed,us,us
1991-12-01T01:12:58.200Z,-7.405,130.345,69.5,4.5,mb,,,,1.4,us,usp0004zvt,2014-11-07T00:49:39.467Z,"Pulau Pulau Tanimbar, Indonesia",earthquake,,14,,5,reviewed,us,us
1991-11-30T17:31:43.520Z,2.594,127.961,33,4.2,mb,,,,1.3,us,usp0004zvc,2014-11-07T00:49:37.868Z,"95 km N of Tobelo, Indonesia",earthquake,,,,5,reviewed,us,us
1991-11-30T03:23:13.970Z,-4.553,129.303,94.3,4.7,mb,,,,0.6,us,usp0004zuf,2014-11-07T00:49:37.783Z,"140 km SSE of Amahai, Indonesia",earthquake,,11.9,,4,reviewed,us,us
1991-11-30T02:23:18.610Z,-4.191,129.292,34,5.3,mb,,,,1,us,usp0004zud,2022-04-28T19:00:29.235Z,"102 km SSE of Amahai, Indonesia",earthquake,,,,20,reviewed,us,us
1991-11-29T23:51:59.010Z,2.404,128.363,33,4.2,mb,,,,1.5,us,usp0004zuc,2014-11-07T00:49:37.771Z,"84 km NNE of Tobelo, Indonesia",earthquake,,,,4,reviewed,us,us
1991-11-29T17:09:49.240Z,-7.608,128.111,165.9,4.8,mb,,,,1.1,us,usp0004zu0,2014-11-07T00:49:37.723Z,"158 km NE of Lospalos, Timor Leste",earthquake,,11.1,,6,reviewed,us,us
1991-11-29T13:48:46.100Z,-2.249,138.839,33,4.8,mb,,,,0.7,us,usp0004ztv,2014-11-07T00:49:37.712Z,"203 km W of Abepura, Indonesia",earthquake,,,,5,reviewed,us,us
1991-11-28T10:42:56.040Z,3.977,126.304,33,4.6,mb,,,,0.7,us,usp0004zsd,2014-11-07T00:49:37.546Z,"183 km SSE of Sarangani, Philippines",earthquake,,,,5,reviewed,us,us
1991-11-28T10:41:58.950Z,4.359,127.113,33,4.1,mb,,,,1.1,us,usp0004zsc,2014-11-07T00:49:37.545Z,"216 km ESE of Sarangani, Philippines",earthquake,,,,3,reviewed,us,us
1991-11-28T02:03:57.990Z,3.034,128.331,45,5,mb,,,,1,us,usp0004zs0,2014-11-07T00:49:37.516Z,"148 km NNE of Tobelo, Indonesia",earthquake,,,,16,reviewed,us,us
1991-11-27T23:25:43.020Z,-8.252,129.005,33,4.4,mb,,,,1.3,us,usp0004zru,2014-11-07T00:49:37.498Z,"223 km E of Lospalos, Timor Leste",earthquake,,,,4,reviewed,us,us
1991-11-27T10:20:14.500Z,-7.96,118.71,180,4.8,mb,,,,1.9,us,usp0004zr4,2014-11-07T00:49:37.434Z,"55 km N of Bima, Indonesia",earthquake,,18.2,,3,reviewed,us,us
1991-11-26T16:27:02.230Z,-7.027,132.865,33,4.1,mb,,,,0.6,us,usp0004zpt,2014-11-07T00:49:37.226Z,"155 km S of Tual, Indonesia",earthquake,,,,1,reviewed,us,us
1991-11-26T13:47:37.180Z,-8.851,113.771,106.5,5.1,mb,,,,1.1,us,usp0004zph,2014-11-07T00:49:37.197Z,"65 km SW of Gambiran Satu, Indonesia",earthquake,,8.7,,16,reviewed,us,us
1991-11-25T18:02:19.330Z,-7.034,129.385,143.7,4.7,mb,,,,1.1,us,usp0004zn4,2014-11-07T00:49:36.641Z,"Kepulauan Babar, Indonesia",earthquake,,21.2,,6,reviewed,us,us
1991-11-25T13:43:53.100Z,-10.426,110.182,33,4.3,mb,,,,0.9,us,usp0004zmv,2014-11-07T00:49:36.332Z,"274 km S of Bambanglipuro, Indonesia",earthquake,,,,2,reviewed,us,us
1991-11-25T10:10:59.220Z,-7.651,129.486,149.7,4.6,mb,,,,1.3,us,usp0004zmp,2014-11-07T00:49:36.240Z,"290 km ENE of Lospalos, Timor Leste",earthquake,,34.7,,1,reviewed,us,us
1991-11-24T23:18:31.200Z,-3.915,100.522,33,4.9,mb,,,,0.7,us,usp0004zky,2014-11-07T00:49:36.186Z,"Kepulauan Mentawai region, Indonesia",earthquake,,,,2,reviewed,us,us
1991-11-24T22:37:18.620Z,1.467,128.265,33,4.8,mb,,,,0.7,us,usp0004zkw,2014-11-07T00:49:36.182Z,"40 km SE of Tobelo, Indonesia",earthquake,,,,5,reviewed,us,us
1991-11-23T22:52:04.140Z,-0.346,98.091,23.9,5.2,mb,,,,1.1,us,usp0004zhv,2014-11-07T00:49:36.010Z,"227 km W of Pariaman, Indonesia",earthquake,,,,48,reviewed,us,us
1991-11-23T21:26:33.870Z,-4.563,104.986,114.8,4.1,mb,,,,0.6,us,usp0004zhs,2014-11-07T00:49:35.997Z,"31 km NNE of Kotabumi, Indonesia",earthquake,,24.4,,3,reviewed,us,us
1991-11-23T12:44:37.620Z,-7.434,129.726,134.7,4.8,mb,,,,1.3,us,usp0004zh3,2014-11-07T00:49:35.948Z,"Kepulauan Babar, Indonesia",earthquake,,27,,1,reviewed,us,us
1991-11-23T11:34:18.350Z,-4.304,136.712,33,4.7,mb,,,,1.2,us,usp0004zgy,2014-11-07T00:49:35.928Z,"170 km SE of Nabire, Indonesia",earthquake,,,,3,reviewed,us,us
1991-11-23T06:39:07.230Z,-8.658,106.499,33,4.2,mb,,,,0.6,us,usp0004zgq,2014-11-07T00:49:35.914Z,"184 km S of Pelabuhanratu, Indonesia",earthquake,,,,1,reviewed,us,us
1991-11-23T04:35:39.320Z,0.907,126.414,33,4.7,mb,,,,1.1,us,usp0004zgp,2014-11-07T00:49:35.913Z,"108 km W of Ternate, Indonesia",earthquake,,,,8,reviewed,us,us
1991-11-22T12:36:11.480Z,-9.996,124.016,104,4.3,mb,,,,1.3,us,usp0004zff,2014-11-07T00:49:35.810Z,"32 km WSW of Soe, Indonesia",earthquake,,25,,1,reviewed,us,us
1991-11-21T23:59:08.570Z,-10.17,108.833,33,4.5,mb,,,,1.3,us,usp0004zek,2014-11-07T00:49:35.750Z,"284 km S of Kroya, Indonesia",earthquake,,,,7,reviewed,us,us
1991-11-21T12:51:57.280Z,-6.813,131.22,125.9,5.1,mb,,,,0.8,us,usp0004ze4,2014-11-07T00:49:35.698Z,"214 km SW of Tual, Indonesia",earthquake,,13.6,,7,reviewed,us,us
1991-11-21T12:38:28.570Z,5.782,126.832,73.3,6.3,mwb,,,,1.2,us,usp0004ze3,2022-04-28T19:00:17.104Z,"96 km SE of Pondaguitan, Philippines",earthquake,,,,,reviewed,us,us
1991-11-21T00:16:49.670Z,-10.438,123.774,33,4.4,mb,,,,1.1,us,usp0004zde,2014-11-07T00:49:35.613Z,"34 km SSE of Kupang, Indonesia",earthquake,,,,2,reviewed,us,us
1991-11-19T17:50:22.750Z,-5.774,129.777,193.5,4.5,mb,,,,0.4,us,usp0004zbk,2014-11-07T00:49:35.349Z,"285 km SSE of Amahai, Indonesia",earthquake,,10.5,,1,reviewed,us,us
1991-11-19T05:34:34.850Z,-1.331,134.261,26.6,5.2,mb,,,,1.4,us,usp0004zb4,2014-11-07T00:49:35.292Z,"56 km SSE of Manokwari, Indonesia",earthquake,,,,19,reviewed,us,us
1991-11-19T00:32:59.900Z,3.452,126.518,33,4.8,mb,,,,0.8,us,usp0004zaw,2014-11-07T00:49:35.276Z,"245 km SSE of Sarangani, Philippines",earthquake,,,,3,reviewed,us,us
1991-11-18T18:12:18.040Z,-5.16,102.202,33,4.8,mb,,,,1,us,usp0004zae,2014-11-07T00:49:35.242Z,"150 km S of Bengkulu, Indonesia",earthquake,,,,3,reviewed,us,us
1991-11-18T11:06:42.870Z,3.443,126.509,26.2,5.4,mw,,,,1.2,us,usp0004za1,2022-04-28T19:00:02.307Z,"245 km SSE of Sarangani, Philippines",earthquake,,,,,reviewed,us,hrv
1991-11-18T10:51:22.070Z,3.376,126.239,33,4.8,mb,,,,1.2,us,usp0004z9y,2014-11-07T00:49:35.192Z,"240 km SSE of Sarangani, Philippines",earthquake,,,,13,reviewed,us,us
1991-11-18T08:33:54.070Z,3.644,126.781,22.3,5.3,mw,,,,1.4,us,usp0004z9u,2022-04-28T18:59:57.191Z,"243 km SE of Sarangani, Philippines",earthquake,,,,,reviewed,us,hrv
1991-11-18T04:40:44.940Z,-6.609,130.799,130.5,4.7,mb,,,,1.3,us,usp0004z9q,2014-11-07T00:49:35.168Z,"241 km WSW of Tual, Indonesia",earthquake,,12.6,,2,reviewed,us,us
1991-11-17T22:37:43.150Z,-6.465,131.254,90.4,4.9,mb,,,,1.3,us,usp0004z9e,2014-11-07T00:49:35.149Z,"189 km WSW of Tual, Indonesia",earthquake,,12.7,,4,reviewed,us,us
1991-11-17T17:43:33.370Z,-6.588,129.904,147.8,4.9,mb,,,,1.5,us,usp0004z91,2014-11-07T00:49:35.098Z,"Banda Sea",earthquake,,16.9,,5,reviewed,us,us
1991-11-17T04:34:50.420Z,-8.868,116.706,161.2,4.9,mb,,,,1.2,us,usp0004z8c,2014-11-07T00:49:35.024Z,"40 km S of Labuan Lombok, Indonesia",earthquake,,11,,22,reviewed,us,us
1991-11-16T19:33:14.560Z,2.599,128.341,38.1,4.9,mb,,,,1.2,us,usp0004z7u,2014-11-07T00:49:34.977Z,"103 km NNE of Tobelo, Indonesia",earthquake,,,,15,reviewed,us,us
1991-11-15T06:22:53.450Z,-8.588,117.79,33,4.4,mb,,,,1.4,us,usp0004z61,2014-11-07T00:49:34.810Z,"39 km ESE of Pototano, Indonesia",earthquake,,,,4,reviewed,us,us
1991-11-14T15:09:05.710Z,-7.137,126.739,405.3,4.7,mb,,,,1.1,us,usp0004z57,2014-11-07T00:49:34.753Z,"151 km NNE of Baukau, Timor Leste",earthquake,,21.6,,2,reviewed,us,us
1991-11-14T13:52:55.530Z,-8.071,125.107,59.6,5,mb,,,,1.7,us,usp0004z54,2014-11-07T00:49:34.745Z,"60 km N of Maubara, Timor Leste",earthquake,,23.6,,7,reviewed,us,us
1991-11-13T22:29:54.300Z,-6.737,129.086,264.1,4.6,mb,,,,0.6,us,usp0004z49,2014-11-07T00:49:34.654Z,"Banda Sea",earthquake,,10.5,,2,reviewed,us,us
1991-11-13T10:00:56.480Z,-4.003,127.632,179.2,5.1,mb,,,,1,us,usp0004z3j,2014-11-07T00:49:34.481Z,"70 km WSW of Ambon, Indonesia",earthquake,,8.1,,10,reviewed,us,us
1991-11-11T16:40:10.150Z,3.422,128.031,161.4,5.3,mb,,,,1.1,us,usp0004z1v,2022-04-28T18:59:21.577Z,"187 km N of Tobelo, Indonesia",earthquake,,,,40,reviewed,us,us
1991-11-10T23:25:08.860Z,-8.405,117.865,33,4.5,mb,,,,1,us,usp0004z0x,2014-11-07T00:49:33.839Z,"42 km E of Pototano, Indonesia",earthquake,,,,4,reviewed,us,us
1991-11-10T17:22:16.460Z,3.42,128.037,65.9,5,mb,,,,1.1,us,usp0004z0m,2014-11-07T00:49:33.806Z,"187 km N of Tobelo, Indonesia",earthquake,,19.7,,18,reviewed,us,us
1991-11-10T01:43:21.440Z,-8.435,124.477,10,4.7,mb,,,,1.5,us,usp0004yzu,2014-11-07T00:49:33.709Z,"82 km WNW of Maubara, Timor Leste",earthquake,,,,4,reviewed,us,us
1991-11-09T21:35:38.340Z,-3.54,132.184,33,4.4,mb,,,,1,us,usp0004yzm,2014-11-07T00:49:33.695Z,"239 km NNW of Tual, Indonesia",earthquake,,,,4,reviewed,us,us
1991-11-09T19:59:37.710Z,-0.189,130.484,60,4.7,mb,,,,1.1,us,usp0004yzj,2014-11-07T00:49:33.691Z,"115 km NW of Sorong, Indonesia",earthquake,,,,7,reviewed,us,us
1991-11-08T22:01:17.570Z,-4.012,130.976,33,4,mb,,,,1.4,us,usp0004yy8,2014-11-07T00:49:33.592Z,"240 km ESE of Amahai, Indonesia",earthquake,,,,5,reviewed,us,us
1991-11-08T17:12:43.990Z,-4.273,102.806,79.6,5.6,mw,,,,1,us,usp0004yxy,2022-04-28T18:59:15.651Z,"56 km WSW of Pagar Alam, Indonesia",earthquake,,5,,,reviewed,us,hrv
1991-11-07T09:21:23.720Z,-7.32,128.55,140.2,6.3,mw,,,,1,us,usp0004ywe,2022-04-28T18:59:12.754Z,"216 km NE of Lospalos, Timor Leste",earthquake,,,,,reviewed,us,hrv
1991-11-07T08:44:39.590Z,-7.18,128.285,108.3,4.5,mb,,,,1.1,us,usp0004ywb,2014-11-07T00:49:33.163Z,"205 km NE of Lospalos, Timor Leste",earthquake,,36.9,,3,reviewed,us,us
1991-11-07T03:23:03.690Z,-9.576,124.423,33,4.4,mb,,,,1.5,us,usp0004yw3,2014-11-07T00:49:33.079Z,"15 km SSW of Kefamenanu, Indonesia",earthquake,,,,1,reviewed,us,us
1991-11-06T20:59:58.190Z,-6.65,126.877,414.9,4.5,mb,,,,0.9,us,usp0004yvy,2014-11-07T00:49:33.059Z,"207 km NNE of Baukau, Timor Leste",earthquake,,20,,6,reviewed,us,us
1991-11-06T14:57:23.510Z,-10.285,116.707,50.8,4.3,mb,,,,1.4,us,usp0004yvh,2014-11-07T00:49:32.988Z,"181 km SSE of Praya, Indonesia",earthquake,,19.5,,5,reviewed,us,us
1991-11-05T14:07:09.280Z,-0.495,124.201,132.6,4.4,mb,,,,0.8,us,usp0004yuj,2014-11-07T00:49:32.764Z,"165 km ENE of Luwuk, Indonesia",earthquake,,8.6,,5,reviewed,us,us
1991-11-05T01:36:21.710Z,2.708,128.885,68,4.9,mb,,,,1.2,us,usp0004ytx,2014-11-07T00:49:32.399Z,"145 km NE of Tobelo, Indonesia",earthquake,,12.5,,17,reviewed,us,us
1991-11-05T01:22:33.520Z,-8.668,127.162,33,4.2,mb,,,,0.9,us,usp0004ytw,2014-11-07T00:49:32.395Z,"24 km SE of Lospalos, Timor Leste",earthquake,,,,3,reviewed,us,us
1991-11-04T04:12:39.010Z,-10.062,119.42,10,4.3,mb,,,,1.2,us,usp0004yss,2014-11-07T00:49:32.139Z,"102 km WSW of Waingapu, Indonesia",earthquake,,,,4,reviewed,us,us
1991-11-03T15:23:39.550Z,2.92,129.291,33,4.3,mb,,,,0.8,us,usp0004yrw,2014-11-07T00:49:31.825Z,"194 km NE of Tobelo, Indonesia",earthquake,,,,5,reviewed,us,us
1991-11-03T15:12:06.700Z,3.008,129.324,33,4.3,mb,,,,0.9,us,usp0004yrv,2014-11-07T00:49:31.822Z,"199 km W of Tobi Village, Palau",earthquake,,,,5,reviewed,us,us
1991-11-03T11:49:40.500Z,3.834,126.449,92.7,4.6,mb,,,,0.9,us,usp0004yrs,2014-11-07T00:49:31.802Z,"205 km SSE of Sarangani, Philippines",earthquake,,16.2,,8,reviewed,us,us
1991-11-03T10:29:25.580Z,3.872,126.646,33,4.3,mb,,,,0.9,us,usp0004yrp,2014-11-07T00:49:31.787Z,"214 km SE of Sarangani, Philippines",earthquake,,,,6,reviewed,us,us
1991-11-02T01:30:31.340Z,-4.88,128.206,33,4,mb,,,,0.6,us,usp0004yqg,2014-11-07T00:49:31.439Z,"130 km S of Ambon, Indonesia",earthquake,,,,3,reviewed,us,us
1991-11-01T02:51:12.770Z,1.235,122.105,37.1,6,mw,,,,1.2,us,usp0004yp9,2022-04-28T18:58:34.262Z,"131 km NW of Gorontalo, Indonesia",earthquake,,,,,reviewed,us,hrv
1991-10-31T05:24:49.820Z,5.872,126.019,165.5,4.8,mb,,,,0.7,us,usp0004ynh,2014-11-07T00:49:28.559Z,"39 km ESE of Mangili, Philippines",earthquake,,11.5,,7,reviewed,us,us
1991-10-31T01:11:34.850Z,-2.02,134.307,32.9,5.5,mw,,,,0.9,us,usp0004yn6,2022-04-28T19:03:09.105Z,"130 km SSE of Manokwari, Indonesia",earthquake,,,,,reviewed,us,hrv
1991-10-30T06:57:03.580Z,4.862,126.366,104.2,4.7,mb,,,,1,us,usp0004ym1,2014-11-07T00:49:28.362Z,"116 km ESE of Sarangani, Philippines",earthquake,,20.8,,7,reviewed,us,us
1991-10-29T21:46:18.770Z,-7.014,129.48,156.3,4.5,mb,,,,1.4,us,usp0004ykh,2014-11-07T00:49:28.268Z,"Kepulauan Babar, Indonesia",earthquake,,23,,5,reviewed,us,us
1991-10-29T16:50:35.930Z,-6.6,130.806,104.5,5.2,mb,,,,1.1,us,usp0004yk6,2014-11-07T00:49:28.241Z,"240 km WSW of Tual, Indonesia",earthquake,,11.7,,2,reviewed,us,us
1991-10-29T11:27:35.610Z,-3.94,131.368,33,4.5,mb,,,,1.2,us,usp0004yjt,2014-11-07T00:49:28.215Z,"241 km NW of Tual, Indonesia",earthquake,,,,4,reviewed,us,us
1991-10-28T17:52:12.060Z,1.134,96.792,33,5,mb,,,,1.5,us,usp0004yhj,2014-11-07T00:49:28.128Z,"155 km SSE of Sinabang, Indonesia",earthquake,,,,2,reviewed,us,us
1991-10-28T14:21:43.940Z,-7.114,129.096,158.1,3.8,mb,,,,1.2,us,usp0004yhd,2014-11-07T00:49:28.122Z,"278 km NE of Lospalos, Timor Leste",earthquake,,35.1,,2,reviewed,us,us
1991-10-28T11:30:36.750Z,-2.622,134.461,33,4.6,mb,,,,1.2,us,usp0004yh4,2014-11-07T00:49:28.106Z,"141 km NW of Nabire, Indonesia",earthquake,,,,4,reviewed,us,us
1991-10-27T22:03:09.460Z,-2.577,126.303,56.8,5.4,ms,,,,0.9,us,usp0004yga,2014-11-07T00:49:28.016Z,"242 km WNW of Ambon, Indonesia",earthquake,,11.3,,1,reviewed,us,us
1991-10-27T01:54:25.580Z,-10.607,119.302,33,4.6,mb,,,,1.5,us,usp0004yf2,2014-11-07T00:49:27.807Z,"148 km SW of Waingapu, Indonesia",earthquake,,,,3,reviewed,us,us
1991-10-26T16:42:31.350Z,1.624,127.364,33,4.6,mb,,,,0.9,us,usp0004ye3,2014-11-07T00:49:27.745Z,"72 km W of Tobelo, Indonesia",earthquake,,,,2,reviewed,us,us
1991-10-26T14:08:36.800Z,-6.97,130.005,177.4,4.4,mb,,,,1.2,us,usp0004ydq,2014-11-07T00:49:27.725Z,"Banda Sea",earthquake,,20.5,,2,reviewed,us,us
1991-10-26T11:27:36.760Z,-3.056,139.289,33,4.6,mb,,,,0.4,us,usp0004ydd,2014-11-07T00:49:27.699Z,"157 km WSW of Abepura, Indonesia",earthquake,,,,2,reviewed,us,us
1991-10-25T05:22:06.100Z,-0.757,127.421,33,5.1,mb,,,,1,us,usp0004yb3,2014-11-07T00:49:27.379Z,"165 km S of Sofifi, Indonesia",earthquake,,,,13,reviewed,us,us
1991-10-24T23:12:20.650Z,-2.695,101.106,51.8,5.1,mb,,,,1.1,us,usp0004yaw,2014-11-07T00:49:27.231Z,"77 km SSW of Sungai Penuh, Indonesia",earthquake,,,,28,reviewed,us,us
1991-10-24T17:13:54.920Z,-6.792,105.823,85.1,4.6,mb,,,,1.2,us,usp0004yad,2014-11-07T00:49:27.180Z,"45 km S of Labuan, Indonesia",earthquake,,18.9,,3,reviewed,us,us
1991-10-24T15:09:26.830Z,4.599,129.002,33,4.6,mb,,,,1.4,us,usp0004ya8,2014-11-07T00:49:27.148Z,"294 km NW of Tobi Village, Palau",earthquake,,,,7,reviewed,us,us
1991-10-24T06:29:56.550Z,-8.063,119.618,159,4.5,mb,,,,1.3,us,usp0004y9h,2014-11-07T00:49:27.101Z,"56 km NNW of Labuan Bajo, Indonesia",earthquake,,28.7,,3,reviewed,us,us
1991-10-24T05:39:31.210Z,-5.653,128.636,341.9,4.9,mb,,,,0.9,us,usp0004y9g,2014-11-07T00:49:27.098Z,"222 km SSE of Ambon, Indonesia",earthquake,,22.4,,7,reviewed,us,us
1991-10-23T21:14:30.220Z,-0.492,119.99,74.8,4.9,mb,,,,1.4,us,usp0004y89,2014-11-07T00:49:26.998Z,"47 km NNE of Palu, Indonesia",earthquake,,17.6,,12,reviewed,us,us
1991-10-23T15:50:25.420Z,-4.259,128.378,33,4.3,mb,,,,1.2,us,usp0004y7x,2014-11-07T00:49:26.962Z,"65 km SSE of Ambon, Indonesia",earthquake,,,,4,reviewed,us,us
1991-10-23T05:27:17.640Z,-6.986,105.401,61.1,5.4,mw,,,,1.5,us,usp0004y75,2025-12-19T20:53:19.016Z,"82 km SW of Labuan, Indonesia",earthquake,,15.1,,,reviewed,us,hrv
1991-10-23T04:15:58.620Z,2.218,127.165,104.6,5,mb,,,,0.9,us,usp0004y72,2014-11-07T00:49:26.864Z,"108 km WNW of Tobelo, Indonesia",earthquake,,14.1,,19,reviewed,us,us
1991-10-23T04:11:12.950Z,3.677,124.164,33,5,mb,,,,1,us,usp0004y71,2014-11-07T00:49:26.862Z,"239 km SW of Sarangani, Philippines",earthquake,,,,4,reviewed,us,us
1991-10-21T13:26:02.910Z,-2.588,125.837,33,4.9,mb,,,,1.3,us,usp0004y4c,2014-11-07T00:49:25.983Z,"288 km WNW of Ambon, Indonesia",earthquake,,,,1,reviewed,us,us
1991-10-21T11:40:45.230Z,-8.195,115.655,148,4.8,mb,,,,0.6,us,usp0004y48,2014-11-07T00:49:25.974Z,"28 km N of Amlapura, Indonesia",earthquake,,37.9,,4,reviewed,us,us
1991-10-21T06:19:37.760Z,1.965,122.494,461.7,4.5,mb,,,,0.3,us,usp0004y3v,2014-11-07T00:49:25.951Z,"170 km NNW of Gorontalo, Indonesia",earthquake,,14.3,,3,reviewed,us,us
1991-10-20T04:31:42.130Z,-4.831,129.169,231.4,4.9,mb,,,,1.1,us,usp0004y2c,2014-11-07T00:49:25.823Z,"166 km SE of Ambon, Indonesia",earthquake,,,,23,reviewed,us,us
1991-10-19T08:48:19.220Z,-9.012,117.17,96.7,5.5,mw,,,,1.1,us,usp0004y13,2025-12-19T20:53:18.341Z,"63 km SSW of Sumbawa Besar, Indonesia",earthquake,,,,,reviewed,us,hrv
1991-10-19T07:55:50.600Z,-7.37,127.562,131.7,4.6,mb,,,,1,us,usp0004y11,2014-11-07T00:49:25.455Z,"141 km NNE of Lospalos, Timor Leste",earthquake,,49,,2,reviewed,us,us
1991-10-19T01:55:27.530Z,0.945,97.408,26.8,5.1,mb,,,,1,us,usp0004y08,2014-11-07T00:49:25.304Z,"154 km SSW of Singkil, Indonesia",earthquake,,,,22,reviewed,us,us
1991-10-18T23:22:02.000Z,2.559,127.839,23,5,mb,,,,1.1,us,usp0004y01,2014-11-07T00:49:25.289Z,"93 km NNW of Tobelo, Indonesia",earthquake,,,,18,reviewed,us,us
1991-10-17T15:49:06.000Z,-5.34,135.378,33,4.7,mb,,,,0.8,us,usp0004xy3,2014-11-07T00:49:24.750Z,"219 km S of Nabire, Indonesia",earthquake,,,,3,reviewed,us,us
1991-10-17T14:09:09.680Z,-4.781,135.737,33,4.6,mb,,,,1.6,us,usp0004xxw,2014-11-07T00:49:24.716Z,"159 km S of Nabire, Indonesia",earthquake,,,,3,reviewed,us,us
1991-10-17T11:02:57.600Z,-6.21,135.326,33,4.1,mb,,,,1.1,us,usp0004xxr,2014-11-07T00:49:24.700Z,"292 km ESE of Tual, Indonesia",earthquake,,,,1,reviewed,us,us
1991-10-17T05:20:57.880Z,-4.524,135.375,22.5,5.9,mw,,,,1.2,us,usp0004xxj,2022-04-28T19:01:53.870Z,"129 km S of Nabire, Indonesia",earthquake,,,,,reviewed,us,hrv
1991-10-17T04:19:49.490Z,-7.008,127.823,338,4.7,mb,,,,0.8,us,usp0004xxd,2014-11-07T00:49:24.612Z,"190 km NNE of Lospalos, Timor Leste",earthquake,,11.5,,2,reviewed,us,us
1991-10-16T17:06:22.480Z,-10.502,123.878,58.6,4.7,mb,,,,1.6,us,usp0004xwt,2014-11-07T00:49:24.575Z,"47 km SE of Kupang, Indonesia",earthquake,,24.8,,6,reviewed,us,us
1991-10-16T13:06:45.920Z,-4.624,134.344,33,4.6,mb,,,,1.4,us,usp0004xwj,2014-11-07T00:49:24.563Z,"189 km SW of Nabire, Indonesia",earthquake,,,,4,reviewed,us,us
1991-10-16T11:53:54.180Z,-10.427,123.699,33,5.1,mb,,,,1.2,us,usp0004xwf,2014-11-07T00:49:24.554Z,"30 km SSE of Kupang, Indonesia",earthquake,,,,20,reviewed,us,us
1991-10-16T11:49:55.860Z,-4.388,134.606,33,4.3,mb,,,,1.6,us,usp0004xwe,2014-11-07T00:49:24.553Z,"150 km SW of Nabire, Indonesia",earthquake,,,,2,reviewed,us,us
1991-10-16T06:59:59.610Z,-7.283,129.829,130.3,4.4,mb,,,,1.7,us,usp0004xw1,2014-11-07T00:49:24.504Z,"Kepulauan Babar, Indonesia",earthquake,,32.6,,1,reviewed,us,us
1991-10-16T05:25:19.920Z,-7.508,128.117,151.4,5,mb,,,,1.2,us,usp0004xvz,2014-11-07T00:49:24.475Z,"166 km NE of Lospalos, Timor Leste",earthquake,,13.6,,13,reviewed,us,us
1991-10-16T03:06:14.900Z,-9.633,119.806,45.8,5.2,mb,,,,1.5,us,usp0004xvv,2014-11-07T00:49:24.462Z,"50 km W of Waingapu, Indonesia",earthquake,,,,30,reviewed,us,us
1991-10-15T16:18:01.730Z,-6.494,130.043,136.8,6.2,mw,,,,1.1,us,usp0004xvd,2022-04-28T19:01:52.301Z,"Banda Sea",earthquake,,,,,reviewed,us,hrv
1991-10-14T19:20:44.350Z,-4.611,102.854,83.9,4.3,mb,,,,0.5,us,usp0004xu0,2014-11-07T00:49:23.998Z,"78 km SW of Pagar Alam, Indonesia",earthquake,,10.9,,2,reviewed,us,us
1991-10-14T15:59:15.680Z,-4.533,135.564,33,5.3,mb,,,,1,us,usp0004xtr,2014-11-07T00:49:23.948Z,"129 km S of Nabire, Indonesia",earthquake,,,,12,reviewed,us,us
1991-10-14T08:20:09.550Z,1.773,127.312,137.2,5,mb,,,,0.7,us,usp0004xt9,2014-11-07T00:49:23.853Z,"77 km W of Tobelo, Indonesia",earthquake,,7.4,,8,reviewed,us,us
1991-10-14T06:57:23.080Z,2.436,127.756,33,4.6,mb,,,,1.7,us,usp0004xt4,2014-11-07T00:49:23.842Z,"83 km NNW of Tobelo, Indonesia",earthquake,,,,4,reviewed,us,us
1991-10-14T06:55:13.560Z,2.534,128.033,33,4.7,mb,,,,1.6,us,usp0004xt3,2014-11-07T00:49:23.839Z,"89 km N of Tobelo, Indonesia",earthquake,,,,5,reviewed,us,us
1991-10-13T13:44:53.660Z,-4.691,129.422,137.4,4.8,mb,,,,1.3,us,usp0004xs6,2014-11-07T00:49:23.730Z,"159 km SSE of Amahai, Indonesia",earthquake,,12.1,,6,reviewed,us,us
1991-10-13T06:12:23.760Z,2.422,126.903,33,5,mb,,,,1.1,us,usp0004xry,2014-11-07T00:49:23.715Z,"145 km WNW of Tobelo, Indonesia",earthquake,,,,10,reviewed,us,us
1991-10-13T00:57:53.280Z,2.453,127.727,26.5,5.9,mw,,,,1.3,us,usp0004xrq,2022-04-28T19:01:25.789Z,"86 km NNW of Tobelo, Indonesia",earthquake,,,,,reviewed,us,hrv
1991-10-13T00:55:18.760Z,2.325,127.62,24.4,5,mb,,,,1,us,usp0004xrp,2014-11-07T00:49:23.680Z,"78 km NNW of Tobelo, Indonesia",earthquake,,,,11,reviewed,us,us
1991-10-13T00:46:55.230Z,-1.796,134.102,33,4.8,mb,,,,0.7,us,usp0004xrm,2014-11-07T00:49:23.676Z,"103 km S of Manokwari, Indonesia",earthquake,,,,6,reviewed,us,us
1991-10-12T18:42:38.420Z,-7.025,130.124,139.7,5,mb,,,,1,us,usp0004xrb,2014-11-07T00:49:23.648Z,"Pulau Pulau Tanimbar, Indonesia",earthquake,,11,,7,reviewed,us,us
1991-10-11T20:04:25.800Z,-6.061,130.336,106.2,5.1,mb,,,,1,us,usp0004xpw,2014-11-07T00:49:23.470Z,"271 km W of Tual, Indonesia",earthquake,,17,,20,reviewed,us,us
1991-10-11T10:44:50.080Z,-7.599,117.454,312.5,5.1,mb,,,,1,us,usp0004xpb,2014-11-07T00:49:23.403Z,"90 km N of Pototano, Indonesia",earthquake,,,,59,reviewed,us,us
1991-10-11T05:59:37.820Z,-6.342,130.06,128.6,4.9,mb,,,,1.2,us,usp0004xp2,2014-11-07T00:49:23.341Z,"Banda Sea",earthquake,,,,14,reviewed,us,us
1991-10-08T22:41:37.480Z,-5.353,102.585,33,3.9,mb,,,,0.7,us,usp0004xjp,2014-11-07T00:49:22.945Z,"164 km SSW of Pagar Alam, Indonesia",earthquake,,,,2,reviewed,us,us
1991-10-08T19:53:12.410Z,-8.169,125.774,20.4,4.7,mb,,,,1.1,us,usp0004xjh,2014-11-07T00:49:22.900Z,"40 km N of Metinaro, Timor Leste",earthquake,,,,5,reviewed,us,us
1991-10-07T21:02:34.750Z,5.18,125.811,77.4,4.4,mb,,,,1.2,us,usp0004xhj,2014-11-07T00:49:22.699Z,"45 km ESE of Sarangani, Philippines",earthquake,,22.8,,8,reviewed,us,us
1991-10-07T19:56:21.140Z,-10.553,117.161,50.2,5.4,mw,,,,1.3,us,usp0004xhh,2025-12-19T20:53:14.397Z,"226 km SSE of Praya, Indonesia",earthquake,,14,,,reviewed,us,hrv
1991-10-07T11:28:49.480Z,3.309,125.719,113.1,5,mb,,,,1.3,us,usp0004xh5,2014-11-07T00:49:22.647Z,"217 km NNE of Laikit, Laikit II (Dimembe), Indonesia",earthquake,,,,22,reviewed,us,us
1991-10-07T04:35:36.320Z,-6.732,127.328,420.8,4.6,mb,,,,1.2,us,usp0004xgp,2014-11-07T00:49:22.588Z,"201 km N of Lospalos, Timor Leste",earthquake,,13.1,,9,reviewed,us,us
1991-10-06T09:26:30.920Z,3.762,126.087,109,4.7,mb,,,,1.1,us,usp0004xff,2014-11-07T00:49:22.277Z,"194 km SSE of Sarangani, Philippines",earthquake,,18.3,,5,reviewed,us,us
1991-10-06T03:34:46.430Z,-8.992,113.301,148.9,4.3,mb,,,,1.3,us,usp0004xf0,2014-11-07T00:49:22.165Z,"78 km S of Kencong, Indonesia",earthquake,,13.9,,5,reviewed,us,us
1991-10-05T16:05:12.600Z,4.084,126.08,173.9,4.7,mb,,,,1,us,usp0004xed,2014-11-07T00:49:21.995Z,"161 km SSE of Sarangani, Philippines",earthquake,,21.9,,18,reviewed,us,us
1991-10-05T07:32:41.090Z,0.69,121.193,104.3,5,mb,,,,0.9,us,usp0004xdt,2014-11-07T00:49:21.845Z,"208 km W of Gorontalo, Indonesia",earthquake,,8.9,,16,reviewed,us,us
1991-10-04T22:11:39.200Z,-8.909,115.83,101.5,4.7,mb,,,,1.2,us,usp0004xd8,2014-11-07T00:49:21.670Z,"33 km SW of Lembar, Indonesia",earthquake,,15,,14,reviewed,us,us
1991-10-04T05:20:59.770Z,-7.007,129.346,107.7,4.8,mb,,,,0.8,us,usp0004xcf,2014-11-07T00:49:21.547Z,"Kepulauan Babar, Indonesia",earthquake,,24,,10,reviewed,us,us
1991-10-04T02:03:38.460Z,-6.108,130.028,205.4,4.7,mb,,,,1.1,us,usp0004xcb,2014-11-07T00:49:21.534Z,"Banda Sea",earthquake,,33,,2,reviewed,us,us
1991-10-03T23:19:36.080Z,-7.115,129.024,136.9,4.4,mb,,,,1.2,us,usp0004xc9,2014-11-07T00:49:21.520Z,"272 km NE of Lospalos, Timor Leste",earthquake,,35.1,,3,reviewed,us,us
1991-10-02T14:46:00.710Z,-9.394,123.049,243.8,4.8,mb,,,,1,us,usp0004xa8,2014-11-07T00:49:20.835Z,"82 km WNW of Naisano Dua, Indonesia",earthquake,,20.5,,4,reviewed,us,us
1991-10-02T06:38:58.960Z,-7.517,127.476,66.9,4.9,mb,,,,1.2,us,usp0004x9u,2014-11-07T00:49:20.480Z,"122 km NNE of Lospalos, Timor Leste",earthquake,,22.6,,5,reviewed,us,us
1991-10-01T15:04:59.350Z,1.108,124.526,33,4.5,mb,,,,0.8,us,usp0004x9c,2014-11-07T00:49:20.108Z,"38 km SW of Tomohon, Indonesia",earthquake,,,,7,reviewed,us,us
1991-10-01T07:38:47.230Z,-9.764,111.767,33,4.4,mb,,,,1.5,us,usp0004x93,2014-11-07T00:49:19.968Z,"182 km S of Boyolangu, Indonesia",earthquake,,,,7,reviewed,us,us
1991-09-30T12:08:50.640Z,-6.751,130.442,64.8,5.2,mb,,,,0.8,us,usp0004x81,2014-11-07T00:49:18.298Z,"284 km WSW of Tual, Indonesia",earthquake,,9.3,,22,reviewed,us,us
1991-09-28T11:00:03.820Z,-7.387,119.468,242.1,4.9,mb,,,,0.9,us,usp0004x5j,2014-11-07T00:49:17.947Z,"131 km NNW of Labuan Bajo, Indonesia",earthquake,,25.3,,3,reviewed,us,us
1991-09-28T09:13:58.820Z,-7.22,125.153,401.7,4.8,mb,,,,1.4,us,usp0004x5e,2014-11-07T00:49:17.929Z,"152 km N of Likisá, Timor Leste",earthquake,,16.8,,4,reviewed,us,us
1991-09-28T06:57:25.600Z,-4.733,103.217,33,5.1,mb,,,,0.8,us,usp0004x59,2014-11-07T00:49:17.917Z,"78 km S of Pagar Alam, Indonesia",earthquake,,,,18,reviewed,us,us
1991-09-27T23:01:25.650Z,-3.359,137.625,63.7,5.2,mw,,,,0.9,us,usp0004x4q,2025-12-19T20:53:29.269Z,"236 km E of Nabire, Indonesia",earthquake,,6.7,,,reviewed,us,hrv
1991-09-26T22:42:55.310Z,-1.151,120.632,33,5,mb,,,,1.2,us,usp0004x3g,2014-11-07T00:49:17.597Z,"30 km NNW of Poso, Indonesia",earthquake,,,,11,reviewed,us,us
1991-09-26T14:49:15.740Z,3.752,95.454,33,4.6,mb,,,,1.1,us,usp0004x2y,2014-11-07T00:49:17.538Z,"86 km WSW of Meulaboh, Indonesia",earthquake,,,,6,reviewed,us,us
1991-09-26T05:33:10.880Z,-6.885,125.243,556.3,5,mb,,,,0.7,us,usp0004x2a,2014-11-07T00:49:17.484Z,"188 km N of Likisá, Timor Leste",earthquake,,20.9,,8,reviewed,us,us
1991-09-25T18:29:49.670Z,-7.593,130.144,199.2,4.8,mb,,,,0.5,us,usp0004x1j,2014-11-07T00:49:17.430Z,"Pulau Pulau Tanimbar, Indonesia",earthquake,,46.5,,1,reviewed,us,us
1991-09-25T02:16:53.160Z,-2.588,129.623,33,4.2,mb,,,,1.2,us,usp0004x0h,2014-11-07T00:49:17.303Z,"114 km NE of Amahai, Indonesia",earthquake,,,,2,reviewed,us,us
1991-09-25T00:33:05.280Z,-8.813,118.471,152.9,4.7,mb,,,,1.3,us,usp0004x0e,2014-11-07T00:49:17.152Z,"30 km S of Dompu, Indonesia",earthquake,,18.9,,5,reviewed,us,us
1991-09-24T21:38:03.640Z,-2.89,133.871,33,4.7,mb,,,,1,us,usp0004x07,2014-11-07T00:49:17.129Z,"188 km WNW of Nabire, Indonesia",earthquake,,,,9,reviewed,us,us
1991-09-24T10:11:15.830Z,-8.459,122.181,178.5,4.8,mb,,,,0.6,us,usp0004wzp,2014-11-07T00:49:17.080Z,"18 km N of Maumere, Indonesia",earthquake,,19.5,,7,reviewed,us,us
1991-09-24T05:06:02.820Z,-6.551,130.23,83.5,5.3,mb,,,,0.8,us,usp0004wze,2014-11-07T00:49:17.055Z,"297 km WSW of Tual, Indonesia",earthquake,,,,32,reviewed,us,us
1991-09-24T04:38:41.560Z,-8.032,116.554,182.4,4.5,mb,,,,1.2,us,usp0004wzc,2014-11-07T00:49:17.043Z,"53 km NNW of Labuan Lombok, Indonesia",earthquake,,13.6,,6,reviewed,us,us
1991-09-23T15:48:48.400Z,2.354,128.333,135.7,5.1,mb,,,,0.8,us,usp0004wyx,2014-11-07T00:49:17.012Z,"77 km NNE of Tobelo, Indonesia",earthquake,,12.1,,21,reviewed,us,us
1991-09-22T20:35:59.790Z,5.81,126.863,54.5,3.9,mb,,,,1.3,us,usp0004wxu,2014-11-07T00:49:16.902Z,"Mindanao, Philippines",earthquake,,34.5,,2,reviewed,us,us
1991-09-22T16:03:30.950Z,1.733,128.723,65.1,4.8,mb,,,,0.7,us,usp0004wxn,2014-11-07T00:49:16.888Z,"79 km E of Tobelo, Indonesia",earthquake,,15.7,,6,reviewed,us,us
1991-09-22T06:47:59.390Z,-6.564,129.941,151.2,4.6,mb,,,,0.3,us,usp0004wx5,2014-11-07T00:49:16.858Z,"Banda Sea",earthquake,,47,,3,reviewed,us,us
1991-09-22T02:31:59.170Z,2.261,128.477,243.9,4.9,mb,,,,0.8,us,usp0004wwt,2014-11-07T00:49:16.806Z,"78 km NE of Tobelo, Indonesia",earthquake,,6.1,,23,reviewed,us,us
1991-09-21T17:57:38.250Z,-9.846,119.326,58.4,4.6,mb,,,,1.3,us,usp0004ww9,2014-11-07T00:49:16.719Z,"105 km WSW of Waingapu, Indonesia",earthquake,,15.8,,2,reviewed,us,us
1991-09-21T16:13:36.970Z,-8.515,106.694,33,5.1,mb,,,,1.2,us,usp0004ww4,2014-11-07T00:49:16.558Z,"167 km SSW of Banjar, Indonesia",earthquake,,,,15,reviewed,us,us
1991-09-21T13:15:22.890Z,0.977,123.655,33,4.2,mb,,,,0.6,us,usp0004wvu,2014-11-07T00:49:16.127Z,"81 km NE of Gorontalo, Indonesia",earthquake,,,,2,reviewed,us,us
1991-09-20T19:55:59.190Z,-1.39,126.743,33,4.7,mb,,,,1.5,us,usp0004wuv,2014-11-07T00:49:16.051Z,"251 km SSW of Ternate, Indonesia",earthquake,,,,5,reviewed,us,us
1991-09-20T17:10:08.900Z,0.656,123.777,286.2,4.4,mb,,,,0.7,us,usp0004wuq,2014-11-07T00:49:16.040Z,"80 km E of Gorontalo, Indonesia",earthquake,,11.6,,5,reviewed,us,us
1991-09-20T14:47:46.440Z,-6.486,129.85,180.3,5.4,mw,,,,1.1,us,usp0004wuh,2025-12-19T20:53:25.157Z,"Banda Sea",earthquake,,,,,reviewed,us,hrv
1991-09-20T12:53:07.780Z,1.751,123.009,31.5,4.6,mb,,,,1,us,usp0004wue,2014-11-07T00:49:16.008Z,"134 km N of Gorontalo, Indonesia",earthquake,,,,7,reviewed,us,us
1991-09-19T07:28:29.740Z,-3.453,133.968,17.4,5.2,mb,,,,1,us,usp0004wt4,2014-11-07T00:49:15.901Z,"170 km W of Nabire, Indonesia",earthquake,,,,15,reviewed,us,us
1991-09-18T01:24:47.410Z,-7.052,128.999,167.9,4.9,mb,,,,1.3,us,usp0004wrg,2014-11-07T00:49:15.706Z,"274 km NE of Lospalos, Timor Leste",earthquake,,25.3,,4,reviewed,us,us
1991-09-17T22:08:01.040Z,-3.086,139.263,33,4.4,mb,,,,0.8,us,usp0004wrd,2014-11-07T00:49:15.697Z,"161 km WSW of Abepura, Indonesia",earthquake,,,,2,reviewed,us,us
1991-09-17T20:24:02.320Z,-7.187,126.123,479.3,4.9,mb,,,,0.9,us,usp0004wr5,2014-11-07T00:49:15.643Z,"146 km N of Manatutu, Timor Leste",earthquake,,8,,9,reviewed,us,us
1991-09-17T17:44:53.650Z,-2.671,138.824,33,4.5,mb,,,,1.7,us,usp0004wr2,2014-11-07T00:49:15.635Z,"201 km W of Abepura, Indonesia",earthquake,,,,2,reviewed,us,us
1991-09-17T17:42:40.060Z,-6.847,129.993,174.8,4.7,mb,,,,1.4,us,usp0004wr1,2014-11-07T00:49:15.633Z,"Banda Sea",earthquake,,13.1,,2,reviewed,us,us
1991-09-17T14:37:57.240Z,-6.631,130.661,88.7,5.2,mb,,,,1.4,us,usp0004wqy,2014-11-07T00:49:15.577Z,"256 km WSW of Tual, Indonesia",earthquake,,12.8,,13,reviewed,us,us
1991-09-17T09:54:27.890Z,2.072,127.516,33,4.5,mb,,,,1.4,us,usp0004wqt,2014-11-07T00:49:15.564Z,"66 km NW of Tobelo, Indonesia",earthquake,,,,5,reviewed,us,us
1991-09-17T02:48:53.600Z,4.541,126.688,33,4.8,mb,,,,1.3,us,usp0004wqh,2014-11-07T00:49:15.533Z,"165 km SE of Sarangani, Philippines",earthquake,,,,4,reviewed,us,us
1991-09-15T03:37:08.880Z,2.076,123.345,58.3,4.1,mb,,,,0.8,us,usp0004wnj,2014-11-07T00:49:15.233Z,"173 km N of Gorontalo, Indonesia",earthquake,,15.9,,1,reviewed,us,us
1991-09-15T02:27:20.000Z,2.8,128.451,79.9,4.9,mb,,,,1.6,us,usp0004wne,2014-11-07T00:49:15.222Z,"128 km NNE of Tobelo, Indonesia",earthquake,,18.9,,6,reviewed,us,us
1991-09-14T21:03:02.160Z,1.95,121.511,24.5,4.8,mb,,,,1.2,us,usp0004wn3,2014-11-07T00:49:15.187Z,"232 km NW of Gorontalo, Indonesia",earthquake,,8.5,,16,reviewed,us,us
1991-09-14T16:19:41.760Z,-4.474,135.068,33,4.5,mb,,,,1.5,us,usp0004wmq,2014-11-07T00:49:15.135Z,"132 km SSW of Nabire, Indonesia",earthquake,,,,4,reviewed,us,us
1991-09-14T09:32:55.320Z,-9.07,123.4,135.5,4.5,mb,,,,1.7,us,usp0004wma,2014-11-07T00:49:15.071Z,"71 km NW of Naisano Dua, Indonesia",earthquake,,17,,3,reviewed,us,us
1991-09-14T05:19:36.170Z,5.837,127.517,33,4.7,mb,,,,1.6,us,usp0004wm2,2014-11-07T00:49:15.057Z,"159 km ESE of Pondaguitan, Philippines",earthquake,,,,6,reviewed,us,us
1991-09-13T19:01:21.180Z,1.619,126.967,84.6,4.9,mb,,,,1,us,usp0004wkk,2014-11-07T00:49:15.017Z,"102 km NNW of Ternate, Indonesia",earthquake,,17.4,,9,reviewed,us,us
1991-09-13T04:27:38.420Z,-7.327,124.033,54.4,4.1,mb,,,,1.2,us,usp0004wk0,2014-11-07T00:49:14.976Z,"192 km NW of Maubara, Timor Leste",earthquake,,28,,4,reviewed,us,us
1991-09-12T01:16:13.430Z,-6.32,128.227,367.1,4.3,mb,,,,1.1,us,usp0004whw,2014-11-07T00:49:14.880Z,"278 km NNE of Lospalos, Timor Leste",earthquake,,17.8,,2,reviewed,us,us
1991-09-11T03:46:49.110Z,1.756,122.934,33.7,4.8,mb,,,,1.2,us,usp0004wgt,2014-11-07T00:49:14.713Z,"135 km N of Gorontalo, Indonesia",earthquake,,,,11,reviewed,us,us
1991-09-10T22:12:27.900Z,1.302,122.516,33,4.9,mb,,,,1.3,us,usp0004wgh,2014-11-07T00:49:14.691Z,"104 km NW of Gorontalo, Indonesia",earthquake,,,,9,reviewed,us,us
1991-09-10T20:27:31.910Z,-7.481,128.87,154.8,5,mb,,,,1,us,usp0004wge,2014-11-07T00:49:14.684Z,"236 km ENE of Lospalos, Timor Leste",earthquake,,30,,7,reviewed,us,us
1991-09-10T11:45:49.490Z,-7.404,128.371,162.8,4.9,mb,,,,1,us,usp0004wfx,2014-11-07T00:49:14.631Z,"195 km NE of Lospalos, Timor Leste",earthquake,,15.8,,14,reviewed,us,us
1991-09-10T01:28:15.530Z,1.305,125.869,154.4,4.7,mb,,,,1.4,us,usp0004wfb,2014-11-07T00:49:14.570Z,"101 km ESE of Laikit, Laikit II (Dimembe), Indonesia",earthquake,,14.7,,6,reviewed,us,us
1991-09-09T23:03:27.310Z,5.742,126.168,33,4.4,mb,,,,1.1,us,usp0004wf6,2014-11-07T00:49:14.556Z,"60 km ESE of Mangili, Philippines",earthquake,,,,2,reviewed,us,us
1991-09-09T03:56:56.660Z,1.79,122.95,33.5,4.6,mb,,,,1,us,usp0004we9,2014-11-07T00:49:14.451Z,"139 km N of Gorontalo, Indonesia",earthquake,,,,5,reviewed,us,us
1991-09-07T18:56:47.740Z,-6.844,129.999,33,4.1,mb,,,,0.9,us,usp0004wcg,2014-11-07T00:49:14.202Z,"Banda Sea",earthquake,,,,3,reviewed,us,us
1991-09-07T11:23:40.610Z,1.762,122.9,35.4,4.5,mb,,,,1,us,usp0004wc7,2014-11-07T00:49:14.089Z,"136 km N of Gorontalo, Indonesia",earthquake,,,,10,reviewed,us,us
1991-09-07T11:06:39.530Z,-0.269,124.609,33,4.5,mb,,,,0.9,us,usp0004wc6,2014-11-07T00:49:14.087Z,"176 km S of Tomohon, Indonesia",earthquake,,,,6,reviewed,us,us
1991-09-07T10:40:20.280Z,1.644,126.312,36.6,5,mb,,,,1.1,us,usp0004wc5,2014-11-07T00:49:14.077Z,"149 km E of Laikit, Laikit II (Dimembe), Indonesia",earthquake,,,,24,reviewed,us,us
1991-09-07T08:00:11.210Z,-9.051,124.392,94.4,4.7,mb,,,,1.4,us,usp0004wc0,2014-11-07T00:49:14.060Z,"16 km N of Pante Makasar, Timor Leste",earthquake,,28.5,,6,reviewed,us,us
1991-09-07T07:06:17.560Z,-3.316,138.706,33,4.4,mb,,,,0.7,us,usp0004wby,2014-11-07T00:49:14.052Z,"228 km WSW of Abepura, Indonesia",earthquake,,,,3,reviewed,us,us
1991-09-07T04:14:25.470Z,-7.22,123.769,604.4,5.1,mb,,,,0.8,us,usp0004wbr,2014-11-07T00:49:14.002Z,"220 km NW of Maubara, Timor Leste",earthquake,,4.8,,27,reviewed,us,us
1991-09-06T13:14:50.000Z,-0.301,132.775,20.4,5.1,mb,,,,1,us,usp0004wap,2014-11-07T00:49:13.884Z,"156 km WNW of Manokwari, Indonesia",earthquake,,,,18,reviewed,us,us
1991-09-06T12:51:05.090Z,-3.011,129.196,76.1,4.3,mb,,,,1.3,us,usp0004wan,2014-11-07T00:49:13.879Z,"47 km NE of Amahai, Indonesia",earthquake,,23.9,,6,reviewed,us,us
1991-09-06T12:08:56.530Z,-3.058,133.94,50,4.8,mb,,,,1.2,us,usp0004wah,2014-11-07T00:49:13.864Z,"176 km W of Nabire, Indonesia",earthquake,,,,14,reviewed,us,us
1991-09-06T11:46:06.810Z,-6.124,130.622,146.1,5.3,mb,,,,1.1,us,usp0004wag,2022-04-28T19:03:38.289Z,"242 km WSW of Tual, Indonesia",earthquake,,9.8,,30,reviewed,us,us
1991-09-06T11:21:05.120Z,-2.865,129.698,10,4.4,mb,,,,1.5,us,usp0004waf,2014-11-07T00:49:13.844Z,"101 km ENE of Amahai, Indonesia",earthquake,,,,6,reviewed,us,us
1991-09-06T05:09:11.060Z,1.189,122.483,33,4.7,mb,,,,1,us,usp0004wa5,2014-11-07T00:49:13.818Z,"96 km NW of Gorontalo, Indonesia",earthquake,,,,7,reviewed,us,us
1991-09-05T21:25:58.200Z,2.836,99.83,33,3.3,mb,,,,0.6,us,usp0004w9n,2014-11-07T00:49:13.724Z,"14 km SSE of Tanjungbalai, Indonesia",earthquake,,,,1,reviewed,us,us
1991-09-05T07:17:29.900Z,-7.337,128.521,188.2,4.7,mb,,,,1.1,us,usp0004w90,2014-11-07T00:49:13.528Z,"212 km NE of Lospalos, Timor Leste",earthquake,,13.7,,13,reviewed,us,us
1991-09-04T01:49:51.380Z,1.621,126.899,95.5,4.9,mb,,,,0.8,us,usp0004w7r,2014-11-07T00:49:13.227Z,"106 km NNW of Ternate, Indonesia",earthquake,,7.7,,15,reviewed,us,us
1991-09-03T19:50:31.240Z,-4.098,129.738,33,5,mb,,,,1.1,us,usp0004w7c,2014-11-07T00:49:13.167Z,"123 km SE of Amahai, Indonesia",earthquake,,,,11,reviewed,us,us
1991-09-03T19:05:47.860Z,-3.88,139.946,51.2,4.9,mb,,,,0.9,us,usp0004w78,2014-11-07T00:49:13.135Z,"161 km SSW of Abepura, Indonesia",earthquake,,20.3,,6,reviewed,us,us
1991-09-03T03:05:35.170Z,5.387,126.111,33,4.8,mb,,,,1.1,us,usp0004w6f,2014-11-07T00:49:12.606Z,"71 km E of Sarangani, Philippines",earthquake,,,,5,reviewed,us,us
1991-09-02T22:07:44.360Z,-2.052,119.819,49.4,4.9,mb,,,,1,us,usp0004w63,2014-11-07T00:49:12.529Z,"101 km N of Rantepao, Indonesia",earthquake,,9.9,,18,reviewed,us,us
1991-09-02T15:28:50.030Z,0.24,98.475,69.3,4.5,mb,,,,1.4,us,usp0004w5q,2014-11-07T00:49:12.400Z,"154 km SW of Padangsidempuan, Indonesia",earthquake,,18.5,,5,reviewed,us,us
1991-09-01T07:18:32.970Z,-3.442,134.569,33,5,mb,,,,1.1,us,usp0004w44,2014-11-07T00:49:11.313Z,"103 km W of Nabire, Indonesia",earthquake,,,,16,reviewed,us,us
1991-08-31T23:03:47.210Z,5.267,95.465,109.5,4.3,mb,,,,0.4,us,usp0004w3m,2014-11-07T00:49:09.217Z,"33 km SSE of Banda Aceh, Indonesia",earthquake,,26,,4,reviewed,us,us
1991-08-31T21:19:56.870Z,-2.271,128.147,33,5.1,mb,,,,0.6,us,usp0004w3d,2014-11-07T00:49:09.201Z,"146 km NW of Amahai, Indonesia",earthquake,,,,3,reviewed,us,us
1991-08-31T12:52:00.520Z,1.209,126.795,72.8,4.7,mb,,,,0.5,us,usp0004w2z,2014-11-07T00:49:09.164Z,"80 km NW of Ternate, Indonesia",earthquake,,10.7,,6,reviewed,us,us
1991-08-31T01:18:22.390Z,-7.456,128.838,148.5,4.6,mb,,,,1.2,us,usp0004w2d,2014-11-07T00:49:09.128Z,"234 km ENE of Lospalos, Timor Leste",earthquake,,13.5,,4,reviewed,us,us
1991-08-30T20:45:03.590Z,4.287,126.174,153.6,4.2,mb,,,,0.8,us,usp0004w29,2014-11-07T00:49:09.122Z,"146 km SSE of Sarangani, Philippines",earthquake,,16.2,,3,reviewed,us,us
1991-08-30T09:59:21.250Z,-0.148,124.267,90.3,4.9,mb,,,,1,us,usp0004w1p,2014-11-07T00:49:09.074Z,"154 km ESE of Gorontalo, Indonesia",earthquake,,,,12,reviewed,us,us
1991-08-30T01:29:27.820Z,-3.351,134.441,33,5.4,mb,,,,1.1,us,usp0004w1b,2022-04-28T19:06:10.684Z,"117 km W of Nabire, Indonesia",earthquake,,,,23,reviewed,us,us
1991-08-29T16:59:09.610Z,-3.274,139.86,27.8,4.5,mb,,,,0.9,us,usp0004w0x,2014-11-07T00:49:09.007Z,"113 km SW of Abepura, Indonesia",earthquake,,10.8,,3,reviewed,us,us
1991-08-29T08:44:40.970Z,-3.161,139.709,33,5.5,mw,,,,1.2,us,usp0004w0e,2022-04-28T19:06:04.862Z,"120 km WSW of Abepura, Indonesia",earthquake,,,,,reviewed,us,hrv
1991-08-27T05:59:36.130Z,-8.603,119.853,33,4.5,mb,,,,1.3,us,usp0004vxb,2014-11-07T00:49:08.013Z,"12 km SSW of Labuan Bajo, Indonesia",earthquake,,,,2,reviewed,us,us
1991-08-26T21:23:54.130Z,-6.446,103.617,33,4.8,mb,,,,1.1,us,usp0004vww,2014-11-07T00:49:07.971Z,"213 km WSW of Bandar Lampung, Indonesia",earthquake,,,,8,reviewed,us,us
1991-08-26T10:31:31.930Z,0.912,124.08,33,4.9,mb,,,,1.4,us,usp0004vw4,2014-11-07T00:49:07.827Z,"92 km WSW of Tomohon, Indonesia",earthquake,,,,4,reviewed,us,us
1991-08-26T06:39:39.950Z,1.775,124.035,326.8,4.9,mb,,,,0.9,us,usp0004vvt,2014-11-07T00:49:07.773Z,"96 km WNW of Manado, Indonesia",earthquake,,8.2,,14,reviewed,us,us
1991-08-25T07:15:10.220Z,4.636,118.256,33,4.5,mb,,,,1.3,us,usp0004vuj,2020-08-29T00:58:33.469Z,"42 km WNW of Semporna, Malaysia",earthquake,,,,4,reviewed,us,us
1991-08-24T21:30:15.130Z,-4.063,129.168,139.4,5.4,mb,,,,1.1,us,usp0004vts,2022-04-28T19:05:41.419Z,"84 km SSE of Amahai, Indonesia",earthquake,,8.8,,8,reviewed,us,us
1991-08-24T11:13:19.750Z,-6.065,130.368,148.6,5.7,mw,,,,1,us,usp0004vt2,2022-04-28T19:05:40.183Z,"268 km W of Tual, Indonesia",earthquake,,,,,reviewed,us,hrv
1991-08-24T10:25:49.400Z,-6.032,101.7,33,4.8,mb,,,,0.9,us,usp0004vt1,2014-11-07T00:49:07.492Z,"254 km SSW of Bengkulu, Indonesia",earthquake,,,,4,reviewed,us,us
1991-08-24T09:32:41.990Z,-8.075,122.44,203.5,5.3,mb,,,,1.1,us,usp0004vt0,2014-11-07T00:49:07.488Z,"65 km NNE of Maumere, Indonesia",earthquake,,11,,10,reviewed,us,us
1991-08-24T00:05:57.880Z,3.778,95.213,33,5.1,mb,,,,0.8,us,usp0004vsb,2014-11-07T00:49:07.405Z,"109 km WSW of Meulaboh, Indonesia",earthquake,,,,39,reviewed,us,us
1991-08-23T20:16:24.580Z,-9.209,123.526,31.2,5.2,mw,,,,1,us,usp0004vs0,2022-04-28T19:05:37.876Z,"50 km NNW of Naisano Dua, Indonesia",earthquake,,,,,reviewed,us,hrv
1991-08-23T16:12:15.850Z,-9.929,123.113,88.1,4,mb,,,,0.7,us,usp0004vrn,2014-11-07T00:49:07.337Z,"60 km WNW of Kupang, Indonesia",earthquake,,54.7,,2,reviewed,us,us
1991-08-23T06:31:23.520Z,-5.258,131.768,33,4.7,mb,,,,1.1,us,usp0004vr4,2014-11-07T00:49:07.240Z,"116 km WNW of Tual, Indonesia",earthquake,,,,4,reviewed,us,us
1991-08-23T00:27:22.380Z,-4.403,130.598,33,4.6,mb,,,,1.1,us,usp0004vqu,2014-11-07T00:49:07.220Z,"220 km ESE of Amahai, Indonesia",earthquake,,,,3,reviewed,us,us
1991-08-22T21:03:42.030Z,-7.805,128.324,167.8,4.8,mb,,,,1.2,us,usp0004vqk,2014-11-07T00:49:07.188Z,"166 km ENE of Lospalos, Timor Leste",earthquake,,39.4,,2,reviewed,us,us
1991-08-21T09:29:40.480Z,-9.059,120.285,185.7,4.8,mb,,,,0.4,us,usp0004vp2,2014-11-07T00:49:07.045Z,"53 km SSW of Ruteng, Indonesia",earthquake,,23.7,,3,reviewed,us,us
1991-08-21T07:36:08.800Z,-7.733,128.086,139,4.4,mb,,,,1.4,us,usp0004vnz,2014-11-07T00:49:07.040Z,"148 km NE of Lospalos, Timor Leste",earthquake,,42.7,,3,reviewed,us,us
1991-08-20T12:29:38.170Z,-5.815,128.525,335.6,4.9,mb,,,,1.1,us,usp0004vms,2014-11-07T00:49:06.953Z,"237 km S of Ambon, Indonesia",earthquake,,9.1,,14,reviewed,us,us
1991-08-19T15:37:26.920Z,-7.385,128.717,169.6,4.6,mb,,,,1.5,us,usp0004vks,2014-11-07T00:49:06.840Z,"227 km ENE of Lospalos, Timor Leste",earthquake,,23.9,,6,reviewed,us,us
1991-08-19T05:58:24.060Z,-6.224,104.616,33,4.7,mb,,,,1,us,usp0004vk8,2014-11-07T00:49:06.764Z,"113 km SW of Bandar Lampung, Indonesia",earthquake,,,,7,reviewed,us,us
1991-08-18T15:33:18.810Z,0.066,123.2,177.3,5,mb,,,,1.1,us,usp0004vje,2014-11-07T00:49:06.671Z,"54 km SSE of Gorontalo, Indonesia",earthquake,,9.4,,13,reviewed,us,us
1991-08-18T10:47:40.590Z,1.495,122.636,46,4.6,mb,,,,1.5,us,usp0004vj0,2014-11-07T00:49:06.607Z,"116 km NNW of Gorontalo, Indonesia",earthquake,,,,4,reviewed,us,us
1991-08-18T05:45:12.540Z,-4.092,127.052,256.6,5,mb,,,,1,us,usp0004vht,2014-11-07T00:49:06.591Z,"133 km WSW of Ambon, Indonesia",earthquake,,8.8,,17,reviewed,us,us
1991-08-17T12:56:10.240Z,-6.323,130.279,160.7,5,mb,,,,1.3,us,usp0004vgf,2014-11-07T00:49:06.371Z,"284 km WSW of Tual, Indonesia",earthquake,,13.9,,5,reviewed,us,us
1991-08-17T11:08:46.880Z,2.251,127.323,114.2,4.9,mb,,,,0.5,us,usp0004vgc,2014-11-07T00:49:06.312Z,"95 km NW of Tobelo, Indonesia",earthquake,,26.1,,4,reviewed,us,us
1991-08-16T09:29:46.650Z,-2.455,140.539,33,5.2,mb,,,,1.4,us,usp0004veg,2014-11-07T00:49:06.103Z,"18 km NNW of Abepura, Indonesia",earthquake,,,,7,reviewed,us,us
1991-08-16T08:59:58.830Z,-1.911,128.76,33,4.8,mb,,,,1.1,us,usp0004vef,2014-11-07T00:49:06.102Z,"158 km N of Amahai, Indonesia",earthquake,,,,5,reviewed,us,us
1991-08-15T20:54:56.040Z,0.935,125.952,42.7,5.1,mb,,,,1.2,us,usp0004vdk,2014-11-07T00:49:05.991Z,"122 km ESE of Tondano, Indonesia",earthquake,,15.7,,13,reviewed,us,us
1991-08-14T21:38:07.280Z,-6.918,124.677,579.8,4.5,mb,,,,0.8,us,usp0004vc0,2014-11-07T00:49:05.396Z,"196 km NNW of Maubara, Timor Leste",earthquake,,19.1,,2,reviewed,us,us
1991-08-14T17:43:07.470Z,3.159,127.949,123.9,5.3,mw,,,,1,us,usp0004vbs,2025-12-19T20:53:37.553Z,"158 km N of Tobelo, Indonesia",earthquake,,,,,reviewed,us,hrv
1991-08-14T04:49:24.350Z,2.261,126.701,33,4.6,mb,,,,1.4,us,usp0004vb1,2014-11-07T00:49:05.076Z,"157 km WNW of Tobelo, Indonesia",earthquake,,,,3,reviewed,us,us
1991-08-14T02:21:24.050Z,-10.909,124.295,61.1,4.9,mb,,,,1.3,us,usp0004vax,2014-11-07T00:49:05.064Z,"Timor region, Indonesia",earthquake,,11.5,,7,reviewed,us,us
1991-08-13T20:41:22.320Z,-3.096,130.406,33,4.8,ms,,,,1.1,us,usp0004van,2014-11-07T00:49:05.026Z,"167 km E of Amahai, Indonesia",earthquake,,,,1,reviewed,us,us
1991-08-13T20:14:13.710Z,-3.061,130.412,25.9,5.2,mw,,,,1.2,us,usp0004vam,2022-04-28T19:05:17.490Z,"168 km E of Amahai, Indonesia",earthquake,,8.5,,,reviewed,us,hrv
1991-08-13T01:38:24.420Z,-9.049,123.57,68.3,4.8,mb,,,,1.2,us,usp0004v9m,2014-11-07T00:49:04.918Z,"64 km NNW of Naisano Dua, Indonesia",earthquake,,43,,4,reviewed,us,us
1991-08-12T03:48:37.590Z,-9.694,125.378,33,4.2,mb,,,,1.1,us,usp0004v8j,2014-11-07T00:49:04.791Z,"44 km SSE of Suai, Timor Leste",earthquake,,,,1,reviewed,us,us
1991-08-11T14:43:54.280Z,-3.141,130.32,33,5.9,mw,,,,1.2,us,usp0004v82,2022-04-28T19:05:14.042Z,"157 km E of Amahai, Indonesia",earthquake,,,,,reviewed,us,hrv
1991-08-11T04:45:00.170Z,-9.544,117.713,33,4.1,mb,,,,1.5,us,usp0004v7g,2014-11-07T00:49:04.689Z,"120 km SSE of Sumbawa Besar, Indonesia",earthquake,,,,2,reviewed,us,us
1991-08-10T23:19:27.890Z,-2.449,140.165,33,4.6,mb,,,,0.6,us,usp0004v77,2014-11-07T00:49:04.659Z,"54 km WNW of Abepura, Indonesia",earthquake,,,,6,reviewed,us,us
1991-08-09T23:31:55.290Z,-3.079,129.783,21.4,5.1,mb,,,,1.2,us,usp0004v64,2014-11-07T00:49:04.568Z,"100 km ENE of Amahai, Indonesia",earthquake,,,,17,reviewed,us,us
1991-08-09T20:57:44.500Z,3.258,126.492,33,4.4,mb,,,,0.8,us,usp0004v5y,2014-11-07T00:49:04.509Z,"238 km NW of Tobelo, Indonesia",earthquake,,,,6,reviewed,us,us
1991-08-09T20:35:54.700Z,-2.031,138.91,33,4.5,mb,,,,0.6,us,usp0004v5w,2014-11-07T00:49:04.506Z,"201 km WNW of Abepura, Indonesia",earthquake,,,,3,reviewed,us,us
1991-08-09T06:28:03.250Z,1.409,122.706,37.3,5.3,mw,,,,1,us,usp0004v4u,2022-04-28T19:05:05.650Z,"104 km NNW of Gorontalo, Indonesia",earthquake,,,,,reviewed,us,hrv
1991-08-08T22:08:30.520Z,1.331,122.643,33,5.1,mw,,,,1,us,usp0004v4j,2022-04-28T19:05:04.484Z,"99 km NNW of Gorontalo, Indonesia",earthquake,,,,,reviewed,us,hrv
1991-08-08T17:01:50.930Z,1.497,122.715,33,4.7,mb,,,,1,us,usp0004v4c,2014-11-07T00:49:04.202Z,"112 km NNW of Gorontalo, Indonesia",earthquake,,,,6,reviewed,us,us
1991-08-08T13:57:36.340Z,1.187,122.491,18.9,4.9,mb,,,,1.1,us,usp0004v41,2014-11-07T00:49:04.096Z,"95 km NW of Gorontalo, Indonesia",earthquake,,9.5,,12,reviewed,us,us
1991-08-08T04:00:01.420Z,1.294,122.663,45.2,5.4,ms,,,,1.4,us,usp0004v3n,2022-04-28T19:04:57.762Z,"94 km NNW of Gorontalo, Indonesia",earthquake,,,,8,reviewed,us,us
1991-08-08T02:09:44.710Z,0.972,122.631,12.4,6.7,mwb,,,,1.5,us,usp0004v3k,2022-04-28T19:04:51.180Z,"67 km NW of Gorontalo, Indonesia",earthquake,,3.6,,,reviewed,us,us
1991-08-07T23:00:26.300Z,-10.144,113.468,33,5,mb,,,,0.6,us,usp0004v3g,2014-11-07T00:49:03.958Z,"206 km S of Kencong, Indonesia",earthquake,,,,8,reviewed,us,us
1991-08-07T20:33:03.060Z,3.526,95.221,33,4.3,mb,,,,1.2,us,usp0004v3e,2014-11-07T00:49:03.952Z,"121 km SW of Meulaboh, Indonesia",earthquake,,,,3,reviewed,us,us
1991-08-07T13:35:53.230Z,-9.527,125.264,99.7,5,mb,,,,1,us,usp0004v36,2014-11-07T00:49:03.922Z,"23 km S of Suai, Timor Leste",earthquake,,14.4,,6,reviewed,us,us
1991-08-07T04:54:49.830Z,-4.555,134.016,23.5,5.3,mw,,,,1.5,us,usp0004v2s,2022-04-28T19:04:40.446Z,"183 km NE of Tual, Indonesia",earthquake,,,,,reviewed,us,hrv
1991-08-07T01:49:46.900Z,3.208,97.204,59,4.8,mb,,,,1.2,us,usp0004v2n,2014-11-07T00:49:03.819Z,"120 km NNW of Singkil, Indonesia",earthquake,,17.6,,14,reviewed,us,us
1991-08-07T01:41:34.380Z,-4.896,133.936,33,4.4,mb,,,,1.2,us,usp0004v2k,2014-11-07T00:49:03.814Z,"154 km ENE of Tual, Indonesia",earthquake,,,,1,reviewed,us,us
1991-08-06T23:15:54.790Z,3.71,95.451,59.8,4.3,mb,,,,1.1,us,usp0004v2e,2014-11-07T00:49:03.789Z,"89 km WSW of Meulaboh, Indonesia",earthquake,,27.1,,6,reviewed,us,us
1991-08-06T20:26:29.640Z,-10.613,117.574,82.6,4.6,mb,,,,0.9,us,usp0004v2b,2014-11-07T00:49:03.771Z,"235 km S of Sumbawa Besar, Indonesia",earthquake,,15.2,,8,reviewed,us,us
1991-08-06T02:55:47.950Z,3.999,95.479,33,4.7,mb,,,,0.8,us,usp0004v1f,2014-11-07T00:49:03.495Z,"73 km WSW of Meulaboh, Indonesia",earthquake,,,,12,reviewed,us,us
1991-08-06T02:17:31.600Z,3.827,95.374,18.1,5.9,mwb,,,,0.9,us,usp0004v1e,2022-04-28T19:04:36.949Z,"90 km WSW of Meulaboh, Indonesia",earthquake,,,,,reviewed,us,us
1991-08-05T10:42:32.200Z,1.546,127.453,141.8,5.4,mb,,,,1,us,usp0004v0v,2022-04-28T19:04:35.846Z,"65 km WSW of Tobelo, Indonesia",earthquake,,6.4,,39,reviewed,us,us
1991-08-04T14:15:37.480Z,-3.601,126.142,33.5,5.1,mb,,,,1.2,us,usp0004uzr,2014-11-07T00:49:02.914Z,"227 km W of Ambon, Indonesia",earthquake,,12.3,,12,reviewed,us,us
1991-08-03T23:19:52.120Z,-1.9,99.476,33,4.6,mb,,,,0.7,us,usp0004uz0,2014-11-07T00:49:02.744Z,"143 km SW of Padang, Indonesia",earthquake,,,,4,reviewed,us,us
1991-08-03T23:18:17.170Z,-2.219,121.92,33,4.7,mb,,,,0.8,us,usp0004uyz,2014-11-07T00:49:02.742Z,"158 km SE of Poso, Indonesia",earthquake,,,,4,reviewed,us,us
1991-08-03T18:47:01.880Z,-10.622,121.344,33,4.3,mb,,,,1.5,us,usp0004uyk,2014-11-07T00:49:02.681Z,"159 km SE of Waingapu, Indonesia",earthquake,,,,2,reviewed,us,us
1991-08-03T05:32:40.380Z,5.871,127.115,152.7,4.5,mb,,,,0.7,us,usp0004uxx,2014-11-07T00:49:02.490Z,"117 km ESE of Pondaguitan, Philippines",earthquake,,10.7,,10,reviewed,us,us
1991-08-02T16:39:14.490Z,-7.946,127.758,149.6,4.6,mb,,,,1.3,us,usp0004ux3,2014-11-07T00:49:02.140Z,"105 km NE of Lospalos, Timor Leste",earthquake,,39.3,,2,reviewed,us,us
1991-08-02T13:02:24.760Z,-8.928,118.219,169.4,4.3,mb,,,,1,us,usp0004uwz,2014-11-07T00:49:02.106Z,"50 km SSW of Dompu, Indonesia",earthquake,,20.6,,4,reviewed,us,us
1991-08-02T12:03:11.250Z,-3.057,139.414,33,4.6,mb,,,,1.3,us,usp0004uwy,2014-11-07T00:49:02.101Z,"144 km WSW of Abepura, Indonesia",earthquake,,,,2,reviewed,us,us
1991-08-01T12:17:13.560Z,-9.628,124.386,33,4.7,mb,,,,0.9,us,usp0004uvr,2014-11-07T00:49:01.500Z,"22 km SSW of Kefamenanu, Indonesia",earthquake,,,,2,reviewed,us,us
1991-07-31T17:34:47.320Z,-8.056,128.32,165.7,3.5,mb,,,,1.2,us,usp0004uue,2014-11-07T00:48:59.544Z,"154 km ENE of Lospalos, Timor Leste",earthquake,,42.1,,1,reviewed,us,us
1991-07-31T12:32:44.040Z,-9.17,112.118,113.8,4.4,mb,,,,0.3,us,usp0004uu6,2014-11-07T00:48:59.521Z,"118 km S of Ngunut, Indonesia",earthquake,,14.2,,2,reviewed,us,us
1991-07-29T22:43:16.710Z,-3.931,130.988,33,4.2,mb,,,,0.1,us,usp0004ush,2014-11-07T00:48:59.347Z,"238 km ESE of Amahai, Indonesia",earthquake,,,,2,reviewed,us,us
1991-07-29T17:39:58.940Z,-9.875,111.738,33,4.3,mb,,,,1.6,us,usp0004us9,2014-11-07T00:48:59.318Z,"195 km S of Boyolangu, Indonesia",earthquake,,,,3,reviewed,us,us
1991-07-29T01:50:08.620Z,-2.958,129.415,33,5.2,mb,,,,1.2,us,usp0004ur7,2014-11-07T00:48:59.222Z,"69 km NE of Amahai, Indonesia",earthquake,,,,13,reviewed,us,us
1991-07-28T15:57:06.080Z,-8.189,119.631,188.2,4.9,mb,,,,0.5,us,usp0004uqu,2014-11-07T00:48:59.188Z,"44 km NW of Labuan Bajo, Indonesia",earthquake,,48.4,,3,reviewed,us,us
1991-07-28T11:12:07.250Z,0.989,120.591,615.6,5.4,mw,,,,1.1,us,usp0004uqm,2025-12-19T20:53:52.442Z,"224 km NNE of Palu, Indonesia",earthquake,,,,,reviewed,us,hrv
1991-07-28T08:45:19.950Z,-10.264,124.576,52.5,4.6,mb,,,,0.8,us,usp0004uqf,2014-11-07T00:48:59.104Z,"54 km SE of Soe, Indonesia",earthquake,,29.3,,1,reviewed,us,us
1991-07-27T01:45:48.320Z,-5.69,131.036,76.7,4.2,mb,,,,1.1,us,usp0004up6,2014-11-07T00:48:58.854Z,"190 km W of Tual, Indonesia",earthquake,,18.1,,2,reviewed,us,us
1991-07-26T16:27:26.160Z,-2.098,128.228,33,4.9,mb,,,,1.1,us,usp0004unw,2014-11-07T00:48:58.835Z,"157 km NNW of Amahai, Indonesia",earthquake,,,,6,reviewed,us,us
1991-07-26T15:04:07.940Z,-2.09,128.055,26.5,5.2,mb,,,,1.2,us,usp0004unr,2014-11-07T00:48:58.822Z,"168 km NW of Amahai, Indonesia",earthquake,,,,21,reviewed,us,us
1991-07-26T05:13:55.270Z,-9.885,124.181,33,4,mb,,,,1.2,us,usp0004un8,2014-11-07T00:48:58.780Z,"11 km WSW of Soe, Indonesia",earthquake,,,,1,reviewed,us,us
1991-07-25T12:25:00.460Z,-5.763,130.758,33,5.2,mb,,,,0.9,us,usp0004umh,2014-11-07T00:48:58.684Z,"221 km W of Tual, Indonesia",earthquake,,,,18,reviewed,us,us
1991-07-24T11:59:50.310Z,-7.248,129.559,114.2,4.6,mb,,,,1.8,us,usp0004ukd,2014-11-07T00:48:57.769Z,"Kepulauan Babar, Indonesia",earthquake,,58.4,,1,reviewed,us,us
1991-07-23T21:16:32.100Z,-6.122,130.227,108.8,5.8,mwb,,,,0.9,us,usp0004uj7,2025-12-19T20:53:50.182Z,"284 km W of Tual, Indonesia",earthquake,,,,,reviewed,us,us
1991-07-23T13:25:47.320Z,3.775,95.932,46.8,5.6,mwb,,,,0.9,us,usp0004uhj,2022-04-28T19:07:59.889Z,"46 km SSW of Meulaboh, Indonesia",earthquake,,,,,reviewed,us,us
1991-07-23T11:22:10.090Z,5.826,125.983,146.5,5.6,mw,,,,1.1,us,usp0004uhc,2022-04-28T19:07:58.493Z,"38 km ESE of Mangili, Philippines",earthquake,,,,,reviewed,us,hrv
1991-07-22T00:47:46.050Z,3.291,122.532,566.3,5,mb,,,,1.1,us,usp0004ufc,2014-11-07T00:48:56.420Z,"Celebes Sea",earthquake,,19.5,,6,reviewed,us,us
1991-07-21T22:59:09.610Z,3.008,128.434,34.4,5.8,mw,,,,1,us,usp0004uf9,2022-04-28T19:07:55.696Z,"149 km NNE of Tobelo, Indonesia",earthquake,,,,,reviewed,us,hrv
1991-07-21T16:11:35.530Z,-4.573,133.438,33,4.6,mb,,,,0.8,us,usp0004ueu,2014-11-07T00:48:56.351Z,"139 km NNE of Tual, Indonesia",earthquake,,,,1,reviewed,us,us
1991-07-21T14:28:20.370Z,-5.217,102.645,42.1,5.1,mb,,,,1,us,usp0004uep,2014-11-07T00:48:56.268Z,"147 km SSW of Pagar Alam, Indonesia",earthquake,,,,18,reviewed,us,us
1991-07-21T12:33:44.310Z,-5.186,102.753,97.8,4.9,mb,,,,0.8,us,usp0004uem,2014-11-07T00:48:56.256Z,"139 km SSW of Pagar Alam, Indonesia",earthquake,,14.4,,8,reviewed,us,us
1991-07-20T20:59:09.030Z,-7.149,129.827,109.4,4.4,mb,,,,1.2,us,usp0004ue2,2014-11-07T00:48:56.214Z,"Kepulauan Babar, Indonesia",earthquake,,20,,3,reviewed,us,us
1991-07-20T19:58:38.450Z,1.889,123.266,33,4.8,mb,,,,0.5,us,usp0004ue0,2014-11-07T00:48:56.211Z,"151 km N of Gorontalo, Indonesia",earthquake,,,,4,reviewed,us,us
1991-07-20T12:20:10.350Z,-9.802,124.596,33,4.2,mb,,,,1.6,us,usp0004udj,2014-11-07T00:48:56.176Z,"34 km E of Soe, Indonesia",earthquake,,,,1,reviewed,us,us
1991-07-20T11:45:34.190Z,-0.43,122.937,117.1,4.7,mb,,,,1.5,us,usp0004udg,2014-11-07T00:48:56.134Z,"60 km NNE of Luwuk, Indonesia",earthquake,,10.6,,9,reviewed,us,us
1991-07-19T23:07:53.790Z,0.948,123.708,28.2,4.6,mb,,,,1.1,us,usp0004ucu,2014-11-07T00:48:56.067Z,"84 km ENE of Gorontalo, Indonesia",earthquake,,,,5,reviewed,us,us
1991-07-19T19:49:00.380Z,-0.485,119.928,37.5,4.4,mb,,,,1.4,us,usp0004ucm,2014-11-07T00:48:56.042Z,"47 km N of Palu, Indonesia",earthquake,,18.5,,5,reviewed,us,us
1991-07-19T11:02:16.570Z,2.914,126.259,56.3,5,mb,,,,1.5,us,usp0004uc6,2014-11-07T00:48:55.998Z,"212 km NE of Laikit, Laikit II (Dimembe), Indonesia",earthquake,,19.1,,4,reviewed,us,us
1991-07-18T16:56:27.010Z,0.071,123.321,213.7,4.6,mb,,,,1.3,us,usp0004uax,2014-11-07T00:48:55.871Z,"59 km SSE of Gorontalo, Indonesia",earthquake,,23.9,,7,reviewed,us,us
1991-07-18T09:15:24.070Z,-8.2,121.775,33.9,4.9,ms,,,,1.2,us,usp0004uag,2014-11-07T00:48:55.673Z,"66 km NW of Maumere, Indonesia",earthquake,,,,1,reviewed,us,us
1991-07-18T08:34:37.270Z,-3.402,103.983,180.7,4.7,mb,,,,0.7,us,usp0004uad,2014-11-07T00:48:55.668Z,"27 km W of Prabumulih, Indonesia",earthquake,,17.8,,7,reviewed,us,us
1991-07-18T04:54:46.990Z,-8.122,121.76,32.1,5.8,mw,,,,1.2,us,usp0004ua7,2022-04-28T19:07:48.952Z,"74 km NW of Maumere, Indonesia",earthquake,,,,,reviewed,us,hrv
1991-07-15T06:48:20.100Z,4.727,127.195,103.7,5.1,mb,,,,1.1,us,usp0004u6t,2014-11-07T00:48:55.192Z,"206 km ESE of Sarangani, Philippines",earthquake,,12.6,,12,reviewed,us,us
1991-07-15T01:25:14.660Z,0.205,125.108,68.9,4.9,mb,,,,1.2,us,usp0004u6g,2014-11-07T00:48:55.174Z,"123 km S of Tondano, Indonesia",earthquake,,11.2,,9,reviewed,us,us
1991-07-14T08:53:02.030Z,-8.406,124.422,33,4.7,mb,,,,1.6,us,usp0004u5j,2014-11-07T00:48:55.021Z,"87 km N of Pante Makasar, Timor Leste",earthquake,,,,5,reviewed,us,us
1991-07-14T01:32:18.070Z,-7.484,129.267,33,4.9,mb,,,,1.5,us,usp0004u51,2014-11-07T00:48:54.972Z,"275 km ENE of Lospalos, Timor Leste",earthquake,,,,5,reviewed,us,us
1991-07-13T11:07:45.830Z,-8.06,124.783,48.9,4.8,mb,,,,1.2,us,usp0004u3u,2014-11-07T00:48:54.803Z,"76 km NW of Maubara, Timor Leste",earthquake,,15,,11,reviewed,us,us
1991-07-11T01:12:37.830Z,1.142,122.63,33,5,mb,,,,1.4,us,usp0004u00,2014-11-07T00:48:53.596Z,"82 km NW of Gorontalo, Indonesia",earthquake,,,,8,reviewed,us,us
1991-07-11T00:55:28.830Z,1.15,122.586,39.3,4.7,mb,,,,1.4,us,usp0004tzz,2014-11-07T00:48:53.591Z,"86 km NW of Gorontalo, Indonesia",earthquake,,,,6,reviewed,us,us
1991-07-10T19:20:37.810Z,-6.531,103.708,39,4.4,mb,,,,0.6,us,usp0004tzm,2014-11-07T00:48:53.548Z,"210 km SW of Bandar Lampung, Indonesia",earthquake,,,,5,reviewed,us,us
1991-07-10T14:07:31.980Z,-6.221,104.72,81,4.5,mb,,,,1.2,us,usp0004tz9,2014-11-07T00:48:53.527Z,"106 km SW of Bandar Lampung, Indonesia",earthquake,,21.6,,5,reviewed,us,us
1991-07-10T06:53:05.100Z,-0.687,119.946,48.5,5,mb,,,,1,us,usp0004tyu,2020-08-29T00:53:15.454Z,"25 km NNE of Palu, Indonesia",earthquake,,,,17,reviewed,us,us
1991-07-09T15:49:38.680Z,-8.339,124.333,50.1,5.2,mb,,,,1,us,usp0004ty0,2014-11-07T00:48:53.359Z,"95 km N of Pante Makasar, Timor Leste",earthquake,,,,15,reviewed,us,us
1991-07-09T15:49:07.740Z,-10.523,124.01,57.3,3.8,mb,,,,0.6,us,usp0004txz,2014-11-07T00:48:53.356Z,"58 km SE of Kupang, Indonesia",earthquake,,13.4,,2,reviewed,us,us
1991-07-09T12:19:34.750Z,-7.143,129.632,145,4.3,mb,,,,1,us,usp0004txt,2014-11-07T00:48:53.322Z,"Kepulauan Babar, Indonesia",earthquake,,20.6,,3,reviewed,us,us
1991-07-09T08:18:45.560Z,-10.513,123.699,81.5,4.7,mb,,,,1,us,usp0004txh,2014-11-07T00:48:53.298Z,"39 km SSE of Kupang, Indonesia",earthquake,,9,,8,reviewed,us,us
1991-07-09T06:13:20.940Z,-6.204,130.01,128,4.9,mb,,,,0.9,us,usp0004txc,2014-11-07T00:48:53.252Z,"Banda Sea",earthquake,,12.7,,9,reviewed,us,us
1991-07-09T01:54:02.820Z,-8.617,124.16,165.5,4.1,mb,,,,0.6,us,usp0004tx7,2014-11-07T00:48:53.211Z,"69 km NNW of Pante Makasar, Timor Leste",earthquake,,14.3,,2,reviewed,us,us
1991-07-08T15:55:20.460Z,-6.24,132.732,33,4.3,mb,,,,0.8,us,usp0004twq,2014-11-07T00:48:53.131Z,"67 km S of Tual, Indonesia",earthquake,,,,2,reviewed,us,us
1991-07-08T08:59:50.060Z,-9.069,124.893,33,4.6,mb,,,,1.2,us,usp0004tw7,2014-11-07T00:48:53.096Z,"4 km N of Atambua, Indonesia",earthquake,,,,2,reviewed,us,us
1991-07-07T18:09:08.790Z,-8.03,124.865,16.7,4.7,mb,,,,1.2,us,usp0004tvt,2014-11-07T00:48:53.067Z,"74 km NNW of Maubara, Timor Leste",earthquake,,,,11,reviewed,us,us
1991-07-07T16:26:20.640Z,-5.987,130.943,80,4.9,mb,,,,1.1,us,usp0004tvq,2014-11-07T00:48:53.013Z,"204 km W of Tual, Indonesia",earthquake,,,,9,reviewed,us,us
1991-07-07T00:58:17.540Z,5.433,125.942,117.7,5,mb,,,,1.2,us,usp0004tuy,2014-11-07T00:48:52.929Z,"53 km E of Sarangani, Philippines",earthquake,,,,36,reviewed,us,us
1991-07-06T15:08:25.380Z,2.534,126.623,95.6,5.5,mb,,,,1.3,us,usp0004tug,2022-04-28T19:07:27.457Z,"178 km WNW of Tobelo, Indonesia",earthquake,,,,49,reviewed,us,us
1991-07-06T11:10:19.530Z,-7.236,122.354,550,5.3,mb,,,,1,us,usp0004tua,2014-11-07T00:48:52.752Z,"153 km N of Maumere, Indonesia",earthquake,,9.9,,9,reviewed,us,us
1991-07-06T00:16:40.820Z,-7.269,129.242,170.1,5.3,mb,,,,1.7,us,usp0004tu1,2014-11-07T00:48:52.732Z,"283 km ENE of Lospalos, Timor Leste",earthquake,,53.7,,2,reviewed,us,us
1991-07-05T17:07:04.050Z,-7.954,124.716,29.6,5.3,mb,,,,1.1,us,usp0004ttr,2022-04-28T19:07:24.410Z,"90 km NW of Maubara, Timor Leste",earthquake,,,,21,reviewed,us,us
1991-07-05T11:21:56.550Z,-8.339,124.797,33,4.6,mb,,,,1,us,usp0004ttm,2014-11-07T00:48:52.635Z,"54 km NW of Maubara, Timor Leste",earthquake,,,,2,reviewed,us,us
1991-07-05T10:09:56.890Z,-8.27,124.495,33,4,mb,,,,0.7,us,usp0004ttg,2014-11-07T00:48:52.567Z,"86 km WNW of Maubara, Timor Leste",earthquake,,,,2,reviewed,us,us
1991-07-05T04:40:12.100Z,-9.965,114.608,33,4.9,mb,,,,1.1,us,usp0004ttc,2014-11-07T00:48:52.441Z,"143 km SSW of Jimbaran, Indonesia",earthquake,,,,3,reviewed,us,us
1991-07-05T04:30:52.550Z,-9.585,114.673,53.7,6.1,mw,,,,1.1,us,usp0004ttb,2022-04-28T19:07:07.254Z,"102 km SSW of Jimbaran, Indonesia",earthquake,,9.7,,,reviewed,us,hrv
1991-07-05T03:47:46.810Z,-3.775,135.864,37.2,5.6,mw,,,,1.4,us,usp0004tta,2022-04-28T19:07:02.283Z,"61 km SE of Nabire, Indonesia",earthquake,,,,,reviewed,us,hrv
1991-07-04T23:27:42.640Z,-8.222,124.473,33,4.3,mb,,,,0.9,us,usp0004tt4,2014-11-07T00:48:52.196Z,"91 km WNW of Maubara, Timor Leste",earthquake,,,,3,reviewed,us,us
1991-07-04T14:32:04.440Z,-8.132,124.606,33,4.8,mb,,,,1,us,usp0004tsq,2014-11-07T00:48:52.118Z,"84 km NW of Maubara, Timor Leste",earthquake,,,,8,reviewed,us,us
1991-07-04T14:24:50.540Z,-8.265,124.394,33,4.3,mb,,,,0.7,us,usp0004tsp,2014-11-07T00:48:52.114Z,"97 km WNW of Maubara, Timor Leste",earthquake,,,,3,reviewed,us,us
1991-07-04T13:56:06.680Z,-8.119,124.726,19.3,5.3,mb,,,,1.3,us,usp0004tsm,2022-04-28T19:06:56.888Z,"75 km NW of Maubara, Timor Leste",earthquake,,,,30,reviewed,us,us
1991-07-04T12:31:02.100Z,-8.125,124.8,33,4.9,mb,,,,0.9,us,usp0004tsj,2014-11-07T00:48:52.080Z,"70 km NW of Maubara, Timor Leste",earthquake,,,,5,reviewed,us,us
1991-07-04T12:30:06.280Z,-8.142,124.627,67.9,5.3,ms,,,,1.3,us,usp0004tsh,2014-11-07T00:48:52.068Z,"82 km NW of Maubara, Timor Leste",earthquake,,19.4,,1,reviewed,us,us
1991-07-04T11:43:10.490Z,-8.099,124.681,28.8,6.9,mwb,,,,1.1,us,usp0004tse,2022-04-28T19:06:51.316Z,"81 km NW of Maubara, Timor Leste",earthquake,,1.5,,,reviewed,us,us
1991-07-04T07:08:31.900Z,-8.146,124.689,29.1,5.7,mw,,,,1.2,us,usp0004ts3,2022-04-28T19:06:48.384Z,"76 km NW of Maubara, Timor Leste",earthquake,,,,,reviewed,us,hrv
1991-07-04T06:54:16.180Z,-8.439,111.021,114.2,5.3,mb,,,,1.3,us,usp0004ts2,2022-04-28T19:06:42.470Z,"62 km S of Jatiroto, Indonesia",earthquake,,5.8,,36,reviewed,us,us
1991-07-04T02:42:34.790Z,-0.041,123.821,133.2,4.6,mb,,,,1.1,us,usp0004trt,2014-11-07T00:48:51.598Z,"105 km SE of Gorontalo, Indonesia",earthquake,,10.3,,5,reviewed,us,us
1991-07-03T15:52:05.050Z,-7.001,125.979,509.1,4.4,mb,,,,1,us,usp0004tr6,2014-11-07T00:48:51.480Z,"167 km N of Manatutu, Timor Leste",earthquake,,29.5,,2,reviewed,us,us
1991-07-02T05:14:30.190Z,-1.068,99.843,53.8,6.4,mwb,,,,1.2,us,usp0004tp6,2022-04-28T19:06:18.539Z,"58 km WSW of Padang, Indonesia",earthquake,,,,,reviewed,us,us
1991-07-01T07:01:11.750Z,-10.372,124.02,23.5,5.1,mb,,,,1.3,us,usp0004tn1,2014-11-07T00:48:49.689Z,"50 km ESE of Kupang, Indonesia",earthquake,,,,14,reviewed,us,us
1991-06-30T22:59:09.200Z,-2.66,138.837,33,5,mb,,,,1,us,usp0004tmj,2014-11-07T00:48:47.975Z,"199 km W of Abepura, Indonesia",earthquake,,,,6,reviewed,us,us
1991-06-29T20:50:42.120Z,-0.272,122.794,169.7,4.2,mb,,,,0.3,us,usp0004tjm,2014-11-07T00:48:47.811Z,"75 km N of Luwuk, Indonesia",earthquake,,14.6,,3,reviewed,us,us
1991-06-29T03:44:15.450Z,-0.393,132.239,33,5.2,mb,,,,1.2,us,usp0004thv,2014-11-07T00:48:47.744Z,"121 km ENE of Sorong, Indonesia",earthquake,,,,20,reviewed,us,us
1991-06-28T13:54:40.550Z,-6.609,105.579,112.1,5.3,mb,,,,1.1,us,usp0004th2,2014-11-07T00:48:47.656Z,"37 km SW of Labuan, Indonesia",earthquake,,6.9,,29,reviewed,us,us
1991-06-26T23:07:06.280Z,-0.079,123.558,114.3,5.4,mw,,,,1,us,usp0004tf6,2025-12-19T20:54:07.026Z,"87 km SE of Gorontalo, Indonesia",earthquake,,,,,reviewed,us,hrv
1991-06-26T17:35:52.420Z,0.11,135.628,33,3.1,mb,,,,0.1,us,usp0004tet,2014-11-07T00:48:47.389Z,"145 km NNW of Insrom, Indonesia",earthquake,,,,1,reviewed,us,us
1991-06-26T16:17:24.230Z,-2.749,119.655,53.7,4.2,mb,,,,1,us,usp0004ten,2014-11-07T00:48:47.381Z,"36 km NW of Rantepao, Indonesia",earthquake,,14.9,,5,reviewed,us,us
1991-06-26T07:51:04.110Z,-2.155,127.459,10,5,mb,,,,0.5,us,usp0004te2,2014-11-07T00:48:47.314Z,"188 km NNW of Ambon, Indonesia",earthquake,,,,3,reviewed,us,us
1991-06-26T00:09:31.450Z,0.449,122.31,33,5.1,mb,,,,0.7,us,usp0004tdr,2014-11-07T00:48:47.292Z,"84 km W of Gorontalo, Indonesia",earthquake,,,,4,reviewed,us,us
1991-06-25T19:04:10.210Z,-8.667,128.058,191.6,4.7,mb,,,,1.3,us,usp0004tde,2014-11-07T00:48:47.251Z,"117 km E of Lospalos, Timor Leste",earthquake,,43.4,,3,reviewed,us,us
1991-06-25T18:14:23.550Z,-3.86,134.765,33,5.2,mb,,,,0.8,us,usp0004tda,2014-11-07T00:48:47.240Z,"Papua, Indonesia",earthquake,,,,4,reviewed,us,us
1991-06-25T17:53:25.850Z,-6.431,129.968,129.8,4.9,mb,,,,1.2,us,usp0004td8,2014-11-07T00:48:47.236Z,"Banda Sea",earthquake,,22.5,,9,reviewed,us,us
1991-06-25T13:36:29.070Z,-8.979,106.449,33,4.4,mb,,,,1.7,us,usp0004td5,2014-11-07T00:48:47.228Z,"220 km S of Pelabuhanratu, Indonesia",earthquake,,,,4,reviewed,us,us
1991-06-25T03:30:05.050Z,-9.077,118.453,33,4.3,mb,,,,1.3,us,usp0004tck,2014-11-07T00:48:47.175Z,"59 km S of Dompu, Indonesia",earthquake,,,,2,reviewed,us,us
1991-06-24T20:44:01.170Z,-4.978,134.744,33,4.1,mb,,,,1.8,us,usp0004tc2,2014-11-07T00:48:47.142Z,"197 km SSW of Nabire, Indonesia",earthquake,,,,3,reviewed,us,us
1991-06-24T04:59:56.280Z,3.476,126.004,113.5,4.5,mb,,,,1.2,us,usp0004tb8,2014-11-07T00:48:47.050Z,"221 km SSE of Sarangani, Philippines",earthquake,,18.3,,4,reviewed,us,us
1991-06-24T03:09:50.190Z,-10.435,123.928,28.4,5.4,mb,,,,1.2,us,usp0004tb5,2022-04-28T19:12:22.198Z,"45 km SE of Kupang, Indonesia",earthquake,,,,25,reviewed,us,us
1991-06-23T22:59:20.940Z,-8.528,127.675,102,4.8,mb,,,,0.9,us,usp0004tay,2014-11-07T00:48:46.957Z,"74 km E of Lospalos, Timor Leste",earthquake,,11.3,,7,reviewed,us,us
1991-06-23T15:19:41.210Z,-5.957,130.406,96.9,4.5,mb,,,,1.3,us,usp0004tam,2014-11-07T00:48:46.866Z,"262 km W of Tual, Indonesia",earthquake,,21.1,,2,reviewed,us,us
1991-06-23T13:26:35.990Z,0.968,126.06,83.2,5,mb,,,,1.2,us,usp0004tag,2014-11-07T00:48:46.857Z,"133 km ESE of Tondano, Indonesia",earthquake,,11,,8,reviewed,us,us
1991-06-23T07:39:35.480Z,1.337,122.954,33,4.3,mb,,,,1.3,us,usp0004ta6,2014-11-07T00:48:46.761Z,"89 km N of Gorontalo, Indonesia",earthquake,,,,2,reviewed,us,us
1991-06-22T18:18:37.810Z,-5.157,107.429,310,4.2,mb,,,,1.3,us,usp0004t9m,2014-11-07T00:48:46.703Z,"111 km N of Rengasdengklok, Indonesia",earthquake,,,,3,reviewed,us,us
1991-06-21T20:46:08.110Z,-6.893,130.059,112,5.1,mb,,,,1.1,us,usp0004t8w,2014-11-07T00:48:46.606Z,"Banda Sea",earthquake,,13.3,,5,reviewed,us,us
1991-06-21T19:27:01.880Z,-6.96,130.761,69.5,4.2,mb,,,,0.7,us,usp0004t8q,2014-11-07T00:48:46.595Z,"264 km WSW of Tual, Indonesia",earthquake,,35.1,,1,reviewed,us,us
1991-06-21T16:17:29.950Z,1.093,123.045,30,5.4,mw,,,,1.1,us,usp0004t8k,2022-04-28T19:11:19.124Z,"61 km N of Gorontalo, Indonesia",earthquake,,,,,reviewed,us,hrv
1991-06-21T12:14:16.660Z,1.277,122.819,26.9,5.4,mw,,,,1.1,us,usp0004t8e,2022-04-28T19:11:17.721Z,"86 km NNW of Gorontalo, Indonesia",earthquake,,,,,reviewed,us,hrv
1991-06-21T06:45:36.620Z,-6.001,104.872,53.3,5.4,mw,,,,0.9,us,usp0004t85,2022-04-28T19:11:12.590Z,"76 km SW of Bandar Lampung, Indonesia",earthquake,,,,,reviewed,us,hrv
1991-06-21T06:08:59.770Z,2.442,126.829,65.8,5.4,mw,,,,1.1,us,usp0004t83,2025-12-19T20:54:05.517Z,"153 km WNW of Tobelo, Indonesia",earthquake,,8.4,,,reviewed,us,hrv
1991-06-21T05:16:32.720Z,-8.254,129.448,189.8,4,mb,,,,0.5,us,usp0004t80,2014-11-07T00:48:46.394Z,"271 km E of Lospalos, Timor Leste",earthquake,,25,,1,reviewed,us,us
1991-06-21T03:57:46.320Z,2.394,126.696,104.9,4.7,mb,,,,1.1,us,usp0004t7v,2014-11-07T00:48:46.372Z,"163 km WNW of Tobelo, Indonesia",earthquake,,25.8,,6,reviewed,us,us
1991-06-20T17:39:41.480Z,-8.991,112.118,60.9,4.3,mb,,,,1.2,us,usp0004t7d,2014-11-07T00:48:46.181Z,"98 km S of Ngunut, Indonesia",earthquake,,18.4,,4,reviewed,us,us
1991-06-20T15:26:11.800Z,1.181,122.735,33,4.6,mb,,,,1,us,usp0004t76,2014-11-07T00:48:46.168Z,"79 km NNW of Gorontalo, Indonesia",earthquake,,,,4,reviewed,us,us
1991-06-20T11:45:11.970Z,1.27,123.073,33,4.8,mb,,,,1.6,us,usp0004t73,2014-11-07T00:48:46.164Z,"81 km N of Gorontalo, Indonesia",earthquake,,,,3,reviewed,us,us
1991-06-20T09:04:50.830Z,1.28,122.878,33,5,mb,,,,1.2,us,usp0004t6z,2014-11-07T00:48:46.152Z,"84 km NNW of Gorontalo, Indonesia",earthquake,,,,9,reviewed,us,us
1991-06-20T08:30:45.130Z,1.919,122.678,33,4.8,mb,,,,1.1,us,usp0004t6x,2014-11-07T00:48:46.148Z,"158 km NNW of Gorontalo, Indonesia",earthquake,,,,3,reviewed,us,us
1991-06-20T08:06:18.550Z,1.288,123.005,33,4.8,mb,,,,1.5,us,usp0004t6s,2014-11-07T00:48:46.124Z,"83 km N of Gorontalo, Indonesia",earthquake,,,,5,reviewed,us,us
1991-06-20T07:14:01.110Z,1.188,122.682,33,4.6,mb,,,,0.6,us,usp0004t6p,2014-11-07T00:48:46.114Z,"83 km NNW of Gorontalo, Indonesia",earthquake,,,,3,reviewed,us,us
1991-06-20T07:07:31.090Z,1.158,123.016,33,4.6,mb,,,,1.4,us,usp0004t6m,2014-11-07T00:48:46.099Z,"68 km N of Gorontalo, Indonesia",earthquake,,,,3,reviewed,us,us
1991-06-20T06:27:24.180Z,1.173,122.882,20.7,5.6,mb,,,,1.1,us,usp0004t6j,2022-04-28T19:11:06.134Z,"73 km NNW of Gorontalo, Indonesia",earthquake,,,,58,reviewed,us,us
1991-06-20T05:18:52.510Z,1.196,122.787,31.4,7.5,mw,,,,1.2,us,usp0004t6g,2022-04-28T19:11:04.409Z,"79 km NNW of Gorontalo, Indonesia",earthquake,,,,,reviewed,us,hrv
1991-06-19T16:25:55.160Z,-2.399,134.406,20.1,5.2,mw,,,,1.2,us,usp0004t5v,2022-04-28T19:10:52.782Z,"161 km NW of Nabire, Indonesia",earthquake,,,,,reviewed,us,hrv
1991-06-19T00:46:40.690Z,-0.519,121.962,28.2,4.8,mb,,,,0.9,us,usp0004t4s,2014-11-07T00:48:45.872Z,"103 km WNW of Luwuk, Indonesia",earthquake,,10.1,,4,reviewed,us,us
1991-06-18T12:43:32.010Z,1.29,122.904,37.8,4.8,mb,,,,1.1,us,usp0004t3y,2014-11-07T00:48:45.769Z,"85 km NNW of Gorontalo, Indonesia",earthquake,,,,13,reviewed,us,us
1991-06-17T13:19:11.020Z,1.554,123.278,32.9,4.8,mb,,,,1.5,us,usp0004t2u,2014-11-07T00:48:45.632Z,"114 km NNE of Gorontalo, Indonesia",earthquake,,,,10,reviewed,us,us
1991-06-17T05:09:52.560Z,0.516,122.46,97,5.3,mb,,,,1.1,us,usp0004t29,2014-11-07T00:48:45.584Z,"67 km W of Gorontalo, Indonesia",earthquake,,,,28,reviewed,us,us
1991-06-17T03:10:40.320Z,5.382,126.097,151.8,4.5,mb,,,,1.2,us,usp0004t21,2014-11-07T00:48:45.571Z,"70 km E of Sarangani, Philippines",earthquake,,19.1,,8,reviewed,us,us
1991-06-14T19:09:04.230Z,-5.283,134.225,33,4.8,mb,,,,1.1,us,usp0004sxc,2014-11-07T00:48:44.834Z,"167 km ENE of Tual, Indonesia",earthquake,,,,10,reviewed,us,us
1991-06-14T08:34:48.120Z,-3.008,138.63,77.3,5.1,mb,,,,1.1,us,usp0004swn,2014-11-07T00:48:44.767Z,"227 km WSW of Abepura, Indonesia",earthquake,,,,24,reviewed,us,us
1991-06-14T01:01:01.340Z,-5.22,134.089,20.8,5.1,mb,,,,0.9,us,usp0004swc,2014-11-07T00:48:44.736Z,"154 km ENE of Tual, Indonesia",earthquake,,,,21,reviewed,us,us
1991-06-14T00:42:19.560Z,-5.991,134.344,33,4.8,mb,,,,1.3,us,usp0004swb,2014-11-07T00:48:44.734Z,"180 km ESE of Tual, Indonesia",earthquake,,,,3,reviewed,us,us
1991-06-14T00:06:07.800Z,-5.006,139.247,33,4.7,mb,,,,1.6,us,usp0004swa,2014-11-07T00:48:44.732Z,"257 km WNW of Kiunga, Papua New Guinea",earthquake,,,,2,reviewed,us,us
1991-06-13T08:01:59.990Z,-6.295,130.279,135,4.9,mb,,,,1.3,us,usp0004sv7,2014-11-07T00:48:44.630Z,"283 km WSW of Tual, Indonesia",earthquake,,13.9,,5,reviewed,us,us
1991-06-13T01:27:04.510Z,2.968,126.469,33,4.9,mb,,,,1.5,us,usp0004suz,2014-11-07T00:48:44.604Z,"219 km NW of Tobelo, Indonesia",earthquake,,,,8,reviewed,us,us
1991-06-11T23:45:00.890Z,-4.85,133.646,24.3,5.1,mb,,,,1.3,us,usp0004std,2014-11-07T00:48:44.307Z,"131 km NE of Tual, Indonesia",earthquake,,,,10,reviewed,us,us
1991-06-11T22:12:12.670Z,-7.637,133.881,33,4.3,mb,,,,1.3,us,usp0004sta,2014-11-07T00:48:44.300Z,"254 km SSE of Tual, Indonesia",earthquake,,,,4,reviewed,us,us
1991-06-11T21:40:53.200Z,-4.924,133.803,22.8,5.3,mw,,,,1.4,us,usp0004st9,2025-12-19T20:54:01.248Z,"140 km NE of Tual, Indonesia",earthquake,,,,,reviewed,us,hrv
1991-06-11T19:46:46.020Z,-6.982,131.004,106.4,4.4,mb,,,,1.3,us,usp0004st4,2014-11-07T00:48:44.274Z,"244 km SW of Tual, Indonesia",earthquake,,17.6,,4,reviewed,us,us
1991-06-11T18:55:56.480Z,-5.355,102.561,27.7,5.2,mw,,,,1.2,us,usp0004st2,2022-04-28T19:09:42.443Z,"165 km SSW of Pagar Alam, Indonesia",earthquake,,,,,reviewed,us,hrv
1991-06-11T11:26:45.920Z,-2.385,136.331,33,4.1,mb,,,,1.5,us,usp0004ssr,2014-11-07T00:48:44.208Z,"136 km SSE of Biak, Indonesia",earthquake,,,,4,reviewed,us,us
1991-06-11T10:23:57.890Z,1.577,123.333,33,4.5,mb,,,,1.2,us,usp0004ssp,2014-11-07T00:48:44.205Z,"118 km NNE of Gorontalo, Indonesia",earthquake,,,,3,reviewed,us,us
1991-06-10T17:37:04.070Z,-7.477,128.473,142.3,5,mb,,,,1.2,us,usp0004srk,2014-11-07T00:48:44.064Z,"199 km NE of Lospalos, Timor Leste",earthquake,,15.4,,7,reviewed,us,us
1991-06-09T16:13:02.860Z,-3.542,131.023,31.2,5.1,mb,,,,1.1,us,usp0004sqf,2014-11-07T00:48:43.862Z,"234 km E of Amahai, Indonesia",earthquake,,,,18,reviewed,us,us
1991-06-07T17:12:50.260Z,-9.227,113.955,99.2,4.9,mb,,,,1.1,us,usp0004sn7,2014-11-07T00:48:43.411Z,"94 km SSW of Gambiran Satu, Indonesia",earthquake,,10.8,,10,reviewed,us,us
1991-06-07T11:51:25.970Z,-7.204,122.533,536.4,6.9,mw,,,,1.1,us,usp0004smx,2022-04-28T19:09:28.074Z,"160 km NNE of Maumere, Indonesia",earthquake,,3.4,,,reviewed,us,hrv
1991-06-06T19:40:21.520Z,4.47,125.622,184.1,4.2,mb,,,,0.8,us,usp0004sm6,2014-11-07T00:48:42.913Z,"Pulau-Pulau Sangihe, Indonesia",earthquake,,14.5,,3,reviewed,us,us
1991-06-06T02:28:46.890Z,-5.965,103.914,52.5,5.6,mw,,,,1,us,usp0004sk4,2022-04-28T19:09:26.393Z,"160 km WSW of Bandar Lampung, Indonesia",earthquake,,,,,reviewed,us,hrv
1991-06-05T15:53:37.250Z,-10.201,123.296,33,4,mb,,,,1.5,us,usp0004sjc,2014-11-07T00:48:42.564Z,"34 km W of Kupang, Indonesia",earthquake,,,,2,reviewed,us,us
1991-06-05T10:26:41.190Z,-6.465,130.003,182.7,4.8,mb,,,,0.9,us,usp0004sj3,2014-11-07T00:48:42.489Z,"Banda Sea",earthquake,,11.7,,5,reviewed,us,us
1991-06-05T06:44:42.320Z,2.437,128.618,224.7,5.2,mw,,,,0.9,us,usp0004sht,2025-12-19T20:53:57.250Z,"103 km NE of Tobelo, Indonesia",earthquake,,,,,reviewed,us,hrv
1991-06-04T23:05:03.220Z,-0.003,123.352,111,4.8,mb,,,,1.2,us,usp0004sha,2014-11-07T00:48:42.330Z,"67 km SSE of Gorontalo, Indonesia",earthquake,,12.3,,4,reviewed,us,us
1991-06-04T17:30:02.670Z,-7.357,127.807,30.2,5.3,mb,,,,1.2,us,usp0004sgu,2022-04-28T19:09:24.931Z,"156 km NE of Lospalos, Timor Leste",earthquake,,,,42,reviewed,us,us
1991-06-04T08:27:18.420Z,4.985,125.248,195.9,4.7,mb,,,,0.8,us,usp0004sg4,2014-11-07T00:48:41.968Z,"52 km SSW of Sarangani, Philippines",earthquake,,10.3,,7,reviewed,us,us
1991-06-03T21:09:17.210Z,1.996,126.895,33,4.5,mb,,,,0.9,us,usp0004sfj,2014-11-07T00:48:41.859Z,"127 km WNW of Tobelo, Indonesia",earthquake,,,,2,reviewed,us,us
1991-06-02T22:13:43.170Z,-3.477,134.88,33,4.4,mb,,,,1.4,us,usp0004se9,2014-11-07T00:48:41.468Z,"Papua, Indonesia",earthquake,,,,2,reviewed,us,us
1991-06-02T19:22:58.580Z,-6.367,129.958,138.2,5.3,mw,,,,1.1,us,usp0004se4,2025-12-19T20:53:55.614Z,"Banda Sea",earthquake,,4.5,,,reviewed,us,hrv
1991-06-02T18:28:25.610Z,-6.405,129.932,222.7,4.5,mb,,,,0.7,us,usp0004se2,2014-11-07T00:48:41.346Z,"Banda Sea",earthquake,,9.9,,1,reviewed,us,us
1991-06-02T16:50:11.440Z,-8.67,111.409,88.4,5.1,mb,,,,1.1,us,usp0004sdy,2014-11-07T00:48:41.286Z,"73 km SSW of Trenggalek, Indonesia",earthquake,,11.9,,19,reviewed,us,us
1991-06-02T16:44:56.200Z,-9.316,111.6,84.8,4.4,mb,,,,1,us,usp0004sdx,2014-11-07T00:48:41.279Z,"136 km SSW of Boyolangu, Indonesia",earthquake,,14.2,,2,reviewed,us,us
1991-06-02T06:39:39.930Z,-3.499,136.991,33,4.4,mb,,,,1.1,us,usp0004sdg,2014-11-07T00:48:41.125Z,"166 km E of Nabire, Indonesia",earthquake,,,,5,reviewed,us,us
1991-06-02T01:52:22.000Z,1.239,128.304,29.1,5.2,mb,,,,1.2,us,usp0004sd7,2014-11-07T00:48:40.997Z,"63 km SSE of Tobelo, Indonesia",earthquake,,,,25,reviewed,us,us
1991-06-01T07:12:38.430Z,-5.882,131.27,80.5,3.7,mb,,,,0.9,us,usp0004sce,2014-11-07T00:48:40.559Z,"166 km W of Tual, Indonesia",earthquake,,18.8,,2,reviewed,us,us
1991-06-01T06:01:48.720Z,1.647,123.255,10,4.7,mb,,,,1.1,us,usp0004scc,2014-11-07T00:48:40.458Z,"124 km N of Gorontalo, Indonesia",earthquake,,,,1,reviewed,us,us
1991-06-01T03:53:43.750Z,-8.214,129.677,154.8,4.7,mb,,,,1.4,us,usp0004sc2,2014-11-07T00:48:40.105Z,"296 km E of Lospalos, Timor Leste",earthquake,,34.8,,4,reviewed,us,us
1991-05-31T05:28:02.670Z,-6.048,130.599,33,5.8,mw,,,,1,us,usp0004saw,2022-04-28T19:15:23.668Z,"242 km W of Tual, Indonesia",earthquake,,,,,reviewed,us,hrv
1991-05-29T18:14:26.520Z,-3.245,98.38,26.4,5.2,mb,,,,1,us,usp0004s89,2014-11-07T00:48:37.970Z,"southwest of Sumatra, Indonesia",earthquake,,,,26,reviewed,us,us
1991-05-29T17:36:39.770Z,-0.808,131.667,33,4.5,mb,,,,1.1,us,usp0004s87,2014-11-07T00:48:37.965Z,"45 km E of Sorong, Indonesia",earthquake,,,,2,reviewed,us,us
1991-05-29T07:10:09.870Z,5.57,126.794,66.2,5.2,mb,,,,1.2,us,usp0004s7q,2014-11-07T00:48:37.906Z,"110 km SE of Pondaguitan, Philippines",earthquake,,12.6,,28,reviewed,us,us
1991-05-28T19:18:49.200Z,-9.078,120.625,217.2,4.5,mb,,,,0.7,us,usp0004s72,2014-11-07T00:48:37.860Z,"Sumba region, Indonesia",earthquake,,27.6,,4,reviewed,us,us
1991-05-28T12:40:16.620Z,-5.729,130.895,87.8,5,mb,,,,0.9,us,usp0004s6k,2014-11-07T00:48:37.808Z,"Banda Sea",earthquake,,5.4,,26,reviewed,us,us
1991-05-28T08:52:43.990Z,1.751,128.511,62.4,5,mb,,,,1.1,us,usp0004s68,2014-11-07T00:48:37.781Z,"55 km E of Tobelo, Indonesia",earthquake,,20.8,,16,reviewed,us,us
1991-05-27T11:35:45.150Z,-5.331,131.195,33,4.7,mb,,,,0.9,us,usp0004s50,2014-11-07T00:48:37.665Z,"175 km W of Tual, Indonesia",earthquake,,,,2,reviewed,us,us
1991-05-27T05:49:12.300Z,-7.578,126.578,33,5.4,mb,,,,0.9,us,usp0004s4r,2014-11-07T00:48:37.628Z,"100 km N of Baukau, Timor Leste",earthquake,,,,9,reviewed,us,us
1991-05-26T21:38:56.420Z,-7.65,127.538,181.9,5,mb,,,,0.8,us,usp0004s4b,2014-11-07T00:48:37.587Z,"113 km NNE of Lospalos, Timor Leste",earthquake,,3.9,,15,reviewed,us,us
1991-05-26T14:12:14.440Z,-9.288,127.298,105.9,4.8,mb,,,,0.9,us,usp0004s3z,2014-11-07T00:48:37.567Z,"90 km SSE of Lospalos, Timor Leste",earthquake,,31.5,,7,reviewed,us,us
1991-05-26T12:55:33.860Z,-2.881,136.342,33,5,mb,,,,0.8,us,usp0004s3x,2014-11-07T00:48:37.558Z,"107 km ENE of Nabire, Indonesia",earthquake,,,,1,reviewed,us,us
1991-05-26T11:55:05.300Z,4.13,125.592,20.5,5.4,mb,,,,1.2,us,usp0004s3s,2014-11-07T00:48:37.514Z,"141 km S of Sarangani, Philippines",earthquake,,,,29,reviewed,us,us
1991-05-26T11:16:59.110Z,5.869,116.815,18,5.4,mw,,,,1.2,us,usp0004s3q,2025-12-19T20:54:17.575Z,"19 km ESE of Ranau, Malaysia",earthquake,,,,,reviewed,us,hrv
1991-05-26T11:14:31.050Z,5.718,116.748,33,4.7,mb,,,,1,us,usp0004s3p,2020-08-29T00:48:12.339Z,"27 km SSE of Ranau, Malaysia",earthquake,,,,5,reviewed,us,us
1991-05-26T10:59:48.950Z,5.865,116.746,33,5.1,mb,,,,1.1,us,usp0004s3m,2020-08-29T00:48:01.358Z,"13 km SE of Ranau, Malaysia",earthquake,,,,28,reviewed,us,us
1991-05-26T10:12:14.790Z,-7.499,128.141,129.5,5.4,mb,,,,1,us,usp0004s3g,2014-11-07T00:48:37.461Z,"169 km NE of Lospalos, Timor Leste",earthquake,,4.7,,35,reviewed,us,us
1991-05-25T06:27:49.230Z,-7.495,119.423,272.4,4.5,mb,,,,1,us,usp0004s24,2014-11-07T00:48:37.357Z,"121 km N of Komodo, Indonesia",earthquake,,12.5,,9,reviewed,us,us
1991-05-24T03:06:22.070Z,2.587,122.119,576.9,4.9,mb,,,,0.5,us,usp0004s11,2014-11-07T00:48:37.155Z,"249 km NNW of Gorontalo, Indonesia",earthquake,,8.6,,9,reviewed,us,us
1991-05-23T06:33:38.100Z,-7.874,126.764,33,4.6,mb,,,,1.1,us,usp0004rzt,2014-11-07T00:48:37.039Z,"74 km NNE of Baukau, Timor Leste",earthquake,,,,3,reviewed,us,us
1991-05-23T02:15:41.320Z,-7.366,126.64,33,4.3,mb,,,,1.6,us,usp0004rzn,2014-11-07T00:48:37.026Z,"124 km N of Baukau, Timor Leste",earthquake,,,,2,reviewed,us,us
1991-05-22T23:19:38.710Z,-5.38,129.141,33,4.4,mb,,,,1.5,us,usp0004rzk,2014-11-07T00:48:37.023Z,"214 km SSE of Ambon, Indonesia",earthquake,,,,2,reviewed,us,us
1991-05-22T17:22:36.150Z,-7.946,107.522,33,4.5,mb,,,,0.6,us,usp0004rz8,2014-11-07T00:48:36.968Z,"83 km S of Banjar, Indonesia",earthquake,,,,4,reviewed,us,us
1991-05-22T14:32:32.570Z,1.514,127.329,157.1,4.8,mb,,,,0.8,us,usp0004rz6,2014-11-07T00:48:36.888Z,"79 km WSW of Tobelo, Indonesia",earthquake,,13.8,,10,reviewed,us,us
1991-05-22T08:21:27.580Z,2.647,122.12,584.6,5,mb,,,,0.5,us,usp0004ryq,2014-11-07T00:48:36.858Z,"255 km NNW of Gorontalo, Indonesia",earthquake,,11,,6,reviewed,us,us
1991-05-21T19:22:16.480Z,-7.693,126.25,33,4.6,mb,,,,0.6,us,usp0004ry0,2014-11-07T00:48:36.713Z,"89 km NNW of Baukau, Timor Leste",earthquake,,,,5,reviewed,us,us
1991-05-21T12:43:35.870Z,-7.251,129.434,157.7,5,mb,,,,1.2,us,usp0004rxe,2014-11-07T00:48:36.479Z,"Kepulauan Babar, Indonesia",earthquake,,13.8,,9,reviewed,us,us
1991-05-21T12:05:29.420Z,-7.504,126.705,33,5.2,mb,,,,1.2,us,usp0004rxd,2014-11-07T00:48:36.389Z,"110 km NNE of Baukau, Timor Leste",earthquake,,,,7,reviewed,us,us
1991-05-21T11:29:32.000Z,-7.506,126.548,33,5.1,mb,,,,1.1,us,usp0004rxc,2014-11-07T00:48:36.384Z,"107 km N of Baukau, Timor Leste",earthquake,,,,14,reviewed,us,us
1991-05-21T11:00:19.080Z,-7.517,126.539,18.4,6.6,mw,,,,1.1,us,usp0004rxb,2022-04-28T19:14:50.012Z,"106 km N of Baukau, Timor Leste",earthquake,,3.4,,,reviewed,us,hrv
1991-05-20T22:02:29.280Z,0.995,126.15,77.5,5,mb,,,,1,us,usp0004rwp,2014-11-07T00:48:36.231Z,"139 km W of Ternate, Indonesia",earthquake,,9.7,,17,reviewed,us,us
1991-05-20T17:52:43.140Z,-3.933,134.314,33,4.5,mb,,,,1.1,us,usp0004rwe,2014-11-07T00:48:36.203Z,"Papua, Indonesia",earthquake,,,,3,reviewed,us,us
1991-05-19T20:32:19.220Z,1.259,123.319,33,4.8,mb,,,,1.4,us,usp0004rv4,2014-11-07T00:48:36.078Z,"84 km NNE of Gorontalo, Indonesia",earthquake,,,,9,reviewed,us,us
1991-05-19T20:09:00.880Z,1.2,122.958,38.2,4.7,mb,,,,1,us,usp0004rv3,2014-11-07T00:48:36.072Z,"74 km N of Gorontalo, Indonesia",earthquake,,11.4,,12,reviewed,us,us
1991-05-19T18:59:24.900Z,-6.358,132.918,56,4.5,mb,,,,1.2,us,usp0004rv0,2014-11-07T00:48:36.065Z,"82 km SSE of Tual, Indonesia",earthquake,,,,6,reviewed,us,us
1991-05-19T15:31:47.640Z,-6.06,112.339,140.1,4.6,mb,,,,1.6,us,usp0004ruu,2014-11-07T00:48:36.048Z,"90 km N of Paciran, Indonesia",earthquake,,18.4,,6,reviewed,us,us
1991-05-19T05:47:37.300Z,1.223,123.199,35,4.9,mb,,,,1.2,us,usp0004run,2014-11-07T00:48:36.028Z,"77 km NNE of Gorontalo, Indonesia",earthquake,,,,12,reviewed,us,us
1991-05-19T03:40:27.490Z,1.315,123.027,35,4.9,ms,,,,1.1,us,usp0004ruh,2014-11-07T00:48:36.018Z,"86 km N of Gorontalo, Indonesia",earthquake,,,,3,reviewed,us,us
1991-05-19T01:41:51.660Z,1.248,122.916,44.9,4.8,mb,,,,1.2,us,usp0004ru9,2014-11-07T00:48:35.997Z,"80 km NNW of Gorontalo, Indonesia",earthquake,,10,,10,reviewed,us,us
1991-05-19T01:23:48.930Z,1.259,122.957,33,4.7,mb,,,,1.6,us,usp0004ru8,2014-11-07T00:48:35.995Z,"80 km N of Gorontalo, Indonesia",earthquake,,,,7,reviewed,us,us
1991-05-19T01:19:50.900Z,1.333,123.009,33.4,5.9,ms,,,,1,us,usp0004ru7,2022-04-28T19:14:48.271Z,"88 km N of Gorontalo, Indonesia",earthquake,,,,1,reviewed,us,us
1991-05-19T01:16:39.140Z,1.467,123.366,33,5,mb,,,,1.5,us,usp0004ru6,2014-11-07T00:48:35.982Z,"108 km NNE of Gorontalo, Indonesia",earthquake,,,,9,reviewed,us,us
1991-05-19T00:58:01.730Z,1.156,122.957,33,7,mw,,,,1.2,us,usp0004ru5,2022-04-28T19:14:41.619Z,"69 km N of Gorontalo, Indonesia",earthquake,,,,,reviewed,us,nc
1991-05-18T21:54:28.120Z,-3.598,128.39,113.6,5.1,mw,,,,1,us,usp0004ru1,2025-12-19T20:54:13.890Z,"25 km ENE of Ambon, Indonesia",earthquake,,,,,reviewed,us,hrv
1991-05-17T23:02:00.990Z,-10.151,119.896,33,4.6,mb,,,,1.4,us,usp0004rsa,2014-11-07T00:48:35.741Z,"67 km SW of Waingapu, Indonesia",earthquake,,,,5,reviewed,us,us
1991-05-17T06:37:47.010Z,-9.941,119.78,20.8,5.5,mw,,,,1.1,us,usp0004rrb,2022-04-28T19:14:36.051Z,"61 km WSW of Waingapu, Indonesia",earthquake,,,,,reviewed,us,hrv
1991-05-14T19:00:07.830Z,-3.598,128.746,33,4.7,mb,,,,1.1,us,usp0004rng,2014-11-07T00:48:35.380Z,"34 km SW of Amahai, Indonesia",earthquake,,,,7,reviewed,us,us
1991-05-14T10:52:41.830Z,1.105,126.865,186,5,mb,,,,1.5,us,usp0004rmv,2014-11-07T00:48:35.331Z,"67 km WNW of Ternate, Indonesia",earthquake,,38,,6,reviewed,us,us
1991-05-13T04:23:06.190Z,-4.884,101.873,33,5.2,ms,,,,0.9,us,usp0004rk4,2014-11-07T00:48:34.398Z,"127 km SSW of Bengkulu, Indonesia",earthquake,,,,5,reviewed,us,us
1991-05-13T03:41:15.750Z,1.443,123.496,31.5,5.3,mw,,,,1.1,us,usp0004rk2,2025-12-19T20:54:11.638Z,"111 km NNE of Gorontalo, Indonesia",earthquake,,14.7,,,reviewed,us,hrv
1991-05-12T11:54:00.020Z,-6.749,130.656,55.9,5,mb,,,,0.9,us,usp0004rj6,2014-11-07T00:48:34.156Z,"263 km WSW of Tual, Indonesia",earthquake,,,,12,reviewed,us,us
1991-05-12T06:43:49.810Z,-3.592,139.257,35.1,5.2,mb,,,,1.4,us,usp0004rhq,2014-11-07T00:48:34.108Z,"188 km SW of Abepura, Indonesia",earthquake,,,,27,reviewed,us,us
1991-05-11T19:59:00.020Z,-9.958,119.89,33,5.3,mb,,,,1.3,us,usp0004rh8,2022-04-28T19:14:10.586Z,"52 km SW of Waingapu, Indonesia",earthquake,,,,28,reviewed,us,us
1991-05-11T16:49:50.190Z,0.93,100.329,220.8,4.9,mb,,,,0.9,us,usp0004rh1,2014-11-07T00:48:34.016Z,"107 km W of Balaipungut, Indonesia",earthquake,,,,39,reviewed,us,us
1991-05-11T14:09:53.540Z,-5.639,102.625,42.5,5,mb,,,,1,us,usp0004rgu,2014-11-07T00:48:33.983Z,"191 km SSW of Pagar Alam, Indonesia",earthquake,,,,15,reviewed,us,us
1991-05-11T11:06:57.460Z,2.031,126.615,73.9,5,mb,,,,1.5,us,usp0004rgj,2014-11-07T00:48:33.962Z,"158 km WNW of Tobelo, Indonesia",earthquake,,34.6,,7,reviewed,us,us
1991-05-09T07:59:02.940Z,-3.047,137.7,33,4.6,mb,,,,0.5,us,usp0004rec,2014-11-07T00:48:33.697Z,"246 km E of Nabire, Indonesia",earthquake,,,,3,reviewed,us,us
1991-05-08T11:31:47.090Z,-6.334,133.357,33,4.2,mb,,,,1,us,usp0004rdd,2014-11-07T00:48:33.540Z,"102 km SE of Tual, Indonesia",earthquake,,,,3,reviewed,us,us
1991-05-08T11:06:31.720Z,5.242,123.841,550.1,4.9,mb,,,,0.8,us,usp0004rdc,2014-11-07T00:48:33.536Z,"112 km SSW of Malisbeng, Philippines",earthquake,,7.4,,18,reviewed,us,us
1991-05-07T23:44:46.130Z,-2.74,134.518,33,4.7,mb,,,,1.4,us,usp0004rcv,2014-11-07T00:48:33.497Z,"128 km WNW of Nabire, Indonesia",earthquake,,,,7,reviewed,us,us
1991-05-07T08:24:42.620Z,-7.397,128.905,145,5.3,mb,,,,1.4,us,usp0004rc0,2014-11-07T00:48:33.388Z,"244 km ENE of Lospalos, Timor Leste",earthquake,,14.3,,8,reviewed,us,us
1991-05-06T08:02:44.690Z,1.061,126.143,33,5,mb,,,,0.9,us,usp0004ram,2014-11-07T00:48:33.164Z,"138 km ESE of Laikit, Laikit II (Dimembe), Indonesia",earthquake,,,,10,reviewed,us,us
1991-05-05T23:42:46.080Z,-0.334,125.059,104.7,4.8,mb,,,,1,us,usp0004r9z,2014-11-07T00:48:33.045Z,"182 km S of Tondano, Indonesia",earthquake,,20.8,,6,reviewed,us,us
1991-05-05T21:52:05.870Z,-6.44,123.757,33,4.2,mb,,,,1.4,us,usp0004r9x,2014-11-07T00:48:33.026Z,"215 km SE of Katabu, Indonesia",earthquake,,,,2,reviewed,us,us
1991-05-05T18:11:54.340Z,-2.901,134.558,33,4.8,mb,,,,1.4,us,usp0004r9p,2014-11-07T00:48:32.999Z,"116 km WNW of Nabire, Indonesia",earthquake,,,,6,reviewed,us,us
1991-05-04T17:58:45.480Z,0.357,122.195,146.2,4.7,mb,,,,0.6,us,usp0004r86,2014-11-07T00:48:32.778Z,"98 km WSW of Gorontalo, Indonesia",earthquake,,13.4,,9,reviewed,us,us
1991-05-04T12:14:57.150Z,-5.593,131.44,33,4.6,mb,,,,0.7,us,usp0004r7m,2014-11-07T00:48:32.629Z,"145 km W of Tual, Indonesia",earthquake,,,,2,reviewed,us,us
1991-05-03T17:36:00.230Z,-7.329,120.416,495.2,4.9,mb,,,,1,us,usp0004r6g,2014-11-07T00:48:32.157Z,"141 km NNE of Labuan Bajo, Indonesia",earthquake,,5.7,,31,reviewed,us,us
1991-05-02T20:07:03.730Z,-5.092,139.955,33,4.8,mb,,,,1.1,us,usp0004r5m,2014-11-07T00:48:31.827Z,"186 km NW of Kiunga, Papua New Guinea",earthquake,,,,5,reviewed,us,us
1991-05-01T22:37:21.280Z,-8.134,128.174,148.5,4.5,mb,,,,0.6,us,usp0004r46,2014-11-07T00:48:31.333Z,"136 km ENE of Lospalos, Timor Leste",earthquake,,45.4,,2,reviewed,us,us
1991-05-01T17:09:16.420Z,-4.98,139.876,33,4.5,ms,,,,1.2,us,usp0004r3z,2014-11-07T00:48:31.276Z,"201 km NW of Kiunga, Papua New Guinea",earthquake,,,,2,reviewed,us,us
1991-04-30T20:04:50.890Z,-7.124,129.425,118.7,5.4,mb,,,,1.1,us,usp0004r2e,2022-04-28T19:20:29.996Z,"Kepulauan Babar, Indonesia",earthquake,,11,,9,reviewed,us,us
1991-04-30T07:13:27.560Z,5.063,125.332,253.5,4.8,mb,,,,1,us,usp0004r1h,2014-11-07T00:48:28.471Z,"40 km SSW of Sarangani, Philippines",earthquake,,14.4,,27,reviewed,us,us
1991-04-29T22:06:02.010Z,5.623,125.33,74.2,5.4,mw,,,,1.3,us,usp0004r10,2025-12-19T20:54:41.791Z,"6 km NNW of Balangonan, Philippines",earthquake,,6.8,,,reviewed,us,hrv
1991-04-28T16:15:21.060Z,-1.521,99.607,33,4.6,mb,,,,1.3,us,usp0004qyj,2014-11-07T00:48:27.894Z,"104 km SW of Padang, Indonesia",earthquake,,,,3,reviewed,us,us
1991-04-28T15:42:32.500Z,-2.763,134.584,33,4.7,mb,,,,1.5,us,usp0004qyg,2014-11-07T00:48:27.891Z,"121 km WNW of Nabire, Indonesia",earthquake,,,,5,reviewed,us,us
1991-04-28T04:31:53.100Z,-8.11,128.107,78.7,4.7,mb,,,,1.4,us,usp0004qy1,2014-11-07T00:48:27.849Z,"130 km ENE of Lospalos, Timor Leste",earthquake,,14.9,,8,reviewed,us,us
1991-04-27T12:12:20.440Z,-4.496,102.821,107.6,5.1,mb,,,,0.9,us,usp0004qww,2014-11-07T00:48:27.713Z,"70 km SW of Pagar Alam, Indonesia",earthquake,,11.9,,12,reviewed,us,us
1991-04-26T20:15:10.060Z,-7.28,130.682,33,4.6,mb,,,,1.4,us,usp0004qvt,2014-11-07T00:48:27.542Z,"292 km SW of Tual, Indonesia",earthquake,,,,1,reviewed,us,us
1991-04-26T16:02:40.290Z,-9.35,119.742,33,5,mb,,,,0.8,us,usp0004qvg,2014-11-07T00:48:27.471Z,"66 km WNW of Waingapu, Indonesia",earthquake,,,,9,reviewed,us,us
1991-04-26T05:25:24.850Z,-5.435,129.734,226.7,5,mb,,,,1,us,usp0004que,2014-11-07T00:48:27.361Z,"248 km SSE of Amahai, Indonesia",earthquake,,10.1,,5,reviewed,us,us
1991-04-26T03:49:37.590Z,-9.125,121.27,33,4.6,mb,,,,1.4,us,usp0004qu9,2014-11-07T00:48:27.349Z,"53 km SW of Ende, Indonesia",earthquake,,,,3,reviewed,us,us
1991-04-25T21:08:32.800Z,2.381,96.539,33,4.7,mb,,,,1.6,us,usp0004qty,2014-11-07T00:48:27.323Z,"20 km ESE of Sinabang, Indonesia",earthquake,,,,1,reviewed,us,us
1991-04-25T08:03:08.410Z,1.887,96.316,33,4.3,mb,,,,0.9,us,usp0004qt5,2014-11-07T00:48:27.229Z,"65 km S of Sinabang, Indonesia",earthquake,,,,2,reviewed,us,us
1991-04-24T20:23:17.580Z,5.069,125.302,130,4.6,mb,,,,1.1,us,usp0004qsm,2014-11-07T00:48:27.172Z,"41 km SSW of Sarangani, Philippines",earthquake,,,,5,reviewed,us,us
1991-04-24T18:31:44.740Z,-8.271,114.467,33,4.7,mb,,,,1.3,us,usp0004qsf,2014-11-07T00:48:27.133Z,"12 km ESE of Banyuwangi, Indonesia",earthquake,,,,4,reviewed,us,us
1991-04-23T16:55:16.540Z,-2.938,134.312,33,4.9,mb,,,,1.2,us,usp0004qqy,2014-11-07T00:48:26.648Z,"140 km WNW of Nabire, Indonesia",earthquake,,,,7,reviewed,us,us
1991-04-23T02:48:58.510Z,-2.759,134.432,10.3,5.8,mb,,,,1,us,usp0004qpy,2022-04-28T19:18:45.191Z,"136 km WNW of Nabire, Indonesia",earthquake,,,,28,reviewed,us,us
1991-04-22T21:41:39.460Z,-5.477,128.859,276.7,4.7,mb,,,,0.5,us,usp0004qpf,2014-11-07T00:48:26.153Z,"210 km SSE of Ambon, Indonesia",earthquake,,22.1,,3,reviewed,us,us
1991-04-22T04:26:33.710Z,-1.043,127.229,33,5,mb,,,,0.9,us,usp0004qnj,2014-11-07T00:48:26.093Z,"200 km S of Sofifi, Indonesia",earthquake,,,,5,reviewed,us,us
1991-04-21T16:06:13.770Z,-6.946,129.592,116.8,4.3,mb,,,,0.9,us,usp0004qms,2014-11-07T00:48:26.007Z,"Banda Sea",earthquake,,25.5,,1,reviewed,us,us
1991-04-20T05:36:41.330Z,-6.871,129.434,166,4.9,mb,,,,1.3,us,usp0004qjf,2014-11-07T00:48:24.592Z,"Banda Sea",earthquake,,29.7,,6,reviewed,us,us
1991-04-19T21:48:35.730Z,-6.9,129.562,127.3,5.9,mw,,,,1,us,usp0004qj5,2022-04-28T19:18:16.325Z,"Banda Sea",earthquake,,,,,reviewed,us,hrv
1991-04-18T13:16:00.990Z,3.387,122.235,613.5,5.3,mb,,,,1,us,usp0004qg0,2014-11-07T00:48:23.589Z,"277 km SSE of Latung, Philippines",earthquake,,6.6,,40,reviewed,us,us
1991-04-18T05:19:29.040Z,2.664,128.543,236.5,5.6,mw,,,,1.1,us,usp0004qfc,2022-04-28T19:17:59.644Z,"119 km NNE of Tobelo, Indonesia",earthquake,,,,,reviewed,us,hrv
1991-04-18T03:50:02.200Z,-3.919,139.893,33,4.6,mb,,,,1.4,us,usp0004qf6,2014-11-07T00:48:23.214Z,"167 km SSW of Abepura, Indonesia",earthquake,,,,2,reviewed,us,us
1991-04-16T13:04:38.730Z,4.496,127.747,33,4.9,mb,,,,1,us,usp0004qdm,2014-11-07T00:48:22.944Z,"269 km SE of Pondaguitan, Philippines",earthquake,,,,8,reviewed,us,us
1991-04-14T18:22:36.280Z,-4.379,102.785,104.5,5.2,mb,,,,0.8,us,usp0004qbe,2014-11-07T00:48:21.924Z,"64 km SW of Pagar Alam, Indonesia",earthquake,,11,,16,reviewed,us,us
1991-04-14T10:08:01.570Z,-1.114,99.184,33,4.6,mb,,,,1.5,us,usp0004qb2,2014-11-07T00:48:21.786Z,"117 km WSW of Pariaman, Indonesia",earthquake,,,,5,reviewed,us,us
1991-04-14T04:52:37.950Z,-6.866,129.515,57.1,4.5,mb,,,,1.3,us,usp0004qaj,2014-11-07T00:48:21.592Z,"Banda Sea",earthquake,,17.6,,3,reviewed,us,us
1991-04-13T23:20:50.980Z,-7.618,108.077,60.6,5,mb,,,,1.1,us,usp0004qa9,2014-11-07T00:48:21.570Z,"29 km S of Singaparna, Indonesia",earthquake,,16,,10,reviewed,us,us
1991-04-12T01:53:50.300Z,-0.559,132.71,33,5.3,mb,,,,1.3,us,usp0004q7m,2014-11-07T00:48:21.074Z,"154 km WNW of Manokwari, Indonesia",earthquake,,,,16,reviewed,us,us
1991-04-11T08:06:05.610Z,2.83,128.574,224.3,4.9,mb,,,,1,us,usp0004q6a,2014-11-07T00:48:20.884Z,"137 km NNE of Tobelo, Indonesia",earthquake,,9.6,,18,reviewed,us,us
1991-04-10T03:14:58.830Z,2.748,128.632,230.7,4.9,mb,,,,0.6,us,usp0004q57,2014-11-07T00:48:20.813Z,"132 km NNE of Tobelo, Indonesia",earthquake,,9.1,,14,reviewed,us,us
1991-04-09T23:56:18.330Z,-6.904,128.661,193.5,4.7,mb,,,,1.1,us,usp0004q52,2014-11-07T00:48:20.773Z,"256 km NE of Lospalos, Timor Leste",earthquake,,34.8,,1,reviewed,us,us
1991-04-09T17:18:32.940Z,2.458,128.831,33,4.4,mb,,,,0.9,us,usp0004q4m,2014-11-07T00:48:20.743Z,"121 km NE of Tobelo, Indonesia",earthquake,,,,3,reviewed,us,us
1991-04-08T17:04:43.120Z,-10.242,119.509,81.6,4.4,mb,,,,0.9,us,usp0004q3a,2014-11-07T00:48:20.468Z,"105 km SW of Waingapu, Indonesia",earthquake,,19.3,,2,reviewed,us,us
1991-04-08T09:35:51.730Z,1.041,120.248,33,4.5,mb,,,,1,us,usp0004q30,2014-11-07T00:48:20.401Z,"219 km N of Palu, Indonesia",earthquake,,,,2,reviewed,us,us
1991-04-08T02:30:41.190Z,-3.048,130.398,20.1,4.9,mb,,,,1,us,usp0004q2k,2014-11-07T00:48:20.364Z,"167 km E of Amahai, Indonesia",earthquake,,9.2,,10,reviewed,us,us
1991-04-08T01:25:26.940Z,4.088,127.929,26.3,5.1,mw,,,,1.1,us,usp0004q2h,2025-12-19T20:54:24.228Z,"261 km N of Tobelo, Indonesia",earthquake,,,,,reviewed,us,hrv
1991-04-08T00:47:09.870Z,-3.203,130.278,51.9,4.9,mb,,,,1.2,us,usp0004q2f,2014-11-07T00:48:20.343Z,"151 km E of Amahai, Indonesia",earthquake,,17.4,,13,reviewed,us,us
1991-04-07T20:41:38.640Z,-9.255,123.52,40.9,4.8,mb,,,,1,us,usp0004q29,2014-11-07T00:48:20.324Z,"46 km NW of Naisano Dua, Indonesia",earthquake,,15.9,,2,reviewed,us,us
1991-04-07T18:55:19.500Z,-3.1,130.356,29,5.9,mw,,,,1.2,us,usp0004q24,2022-04-28T19:17:07.836Z,"161 km E of Amahai, Indonesia",earthquake,,,,,reviewed,us,hrv
1991-04-05T20:29:47.360Z,-1.864,138.72,33,5,mb,,,,0.7,us,usp0004pzv,2014-11-07T00:48:19.872Z,"227 km WNW of Abepura, Indonesia",earthquake,,,,13,reviewed,us,us
1991-04-04T21:45:02.770Z,-8.89,124.091,33,4.6,mb,,,,1.1,us,usp0004py9,2014-11-07T00:48:19.384Z,"46 km NW of Pante Makasar, Timor Leste",earthquake,,,,2,reviewed,us,us
1991-04-04T17:56:15.770Z,-7.44,107.45,77.9,4.9,mb,,,,1.4,us,usp0004pxx,2014-11-07T00:48:19.266Z,"27 km S of Banjar, Indonesia",earthquake,,18.4,,7,reviewed,us,us
1991-04-04T16:41:09.390Z,-8.708,120.543,93.9,4.7,mb,,,,0.5,us,usp0004pxv,2014-11-07T00:48:19.252Z,"13 km SE of Ruteng, Indonesia",earthquake,,15.7,,3,reviewed,us,us
1991-04-04T04:30:38.010Z,-8.551,129.82,165.4,4.6,mb,,,,1.4,us,usp0004px7,2014-11-07T00:48:18.945Z,"Kepulauan Babar, Indonesia",earthquake,,27,,2,reviewed,us,us
1991-04-03T14:06:49.580Z,-2.997,129.773,33,4.7,mb,,,,1.5,us,usp0004pwc,2014-11-07T00:48:18.643Z,"102 km ENE of Amahai, Indonesia",earthquake,,,,2,reviewed,us,us
1991-04-03T02:59:22.440Z,-1.835,135.68,33,5.2,mw,,,,1.3,us,usp0004pvx,2022-04-28T19:16:01.781Z,"85 km SSW of Biak, Indonesia",earthquake,,,,,reviewed,us,hrv
1991-04-02T02:32:20.350Z,-2.984,119.554,30.8,4.4,mb,,,,0.7,us,usp0004pv3,2014-11-07T00:48:18.295Z,"38 km W of Rantepao, Indonesia",earthquake,,12.5,,2,reviewed,us,us
1991-04-02T02:20:54.820Z,-3.712,138.628,33,4.6,mb,,,,1,us,usp0004pv0,2014-11-07T00:48:18.284Z,"254 km WSW of Abepura, Indonesia",earthquake,,,,3,reviewed,us,us
1991-04-01T03:17:34.520Z,1.066,98.306,33,4.7,mb,,,,0.9,us,usp0004ptf,2014-11-07T00:48:17.040Z,"91 km SW of Sibolga, Indonesia",earthquake,,,,5,reviewed,us,us
1991-03-31T13:10:42.400Z,-5.973,130.367,33,4,mb,,,,1.5,us,usp0004psx,2014-11-07T00:48:15.355Z,"266 km W of Tual, Indonesia",earthquake,,,,1,reviewed,us,us
1991-03-31T04:49:44.120Z,-9.725,123.962,33,4.7,mb,,,,0.5,us,usp0004pse,2014-11-07T00:48:15.312Z,"25 km ESE of Naisano Dua, Indonesia",earthquake,,,,2,reviewed,us,us
1991-03-30T18:26:46.880Z,1.361,123.493,33,4.7,mb,,,,0.9,us,usp0004prv,2014-11-07T00:48:15.264Z,"102 km NNE of Gorontalo, Indonesia",earthquake,,,,11,reviewed,us,us
1991-03-30T18:14:03.360Z,-7.89,128.633,143.9,3.8,mb,,,,1.2,us,usp0004prt,2014-11-07T00:48:15.259Z,"193 km ENE of Lospalos, Timor Leste",earthquake,,47,,1,reviewed,us,us
1991-03-30T09:24:03.110Z,-7.218,128.929,127.8,4.9,mb,,,,1,us,usp0004pr8,2014-11-07T00:48:15.222Z,"257 km NE of Lospalos, Timor Leste",earthquake,,21.2,,6,reviewed,us,us
1991-03-29T23:49:41.790Z,5.676,126.945,160.3,4.3,mb,,,,1.1,us,usp0004pqw,2014-11-07T00:48:15.188Z,"113 km SE of Pondaguitan, Philippines",earthquake,,14.7,,2,reviewed,us,us
1991-03-29T12:31:57.130Z,-1.872,100.504,62.9,4.9,mb,,,,0.9,us,usp0004pq6,2014-11-07T00:48:15.111Z,"100 km WNW of Sungai Penuh, Indonesia",earthquake,,13.5,,10,reviewed,us,us
1991-03-27T05:28:32.800Z,-5.558,103.016,33,4.9,mb,,,,0.9,us,usp0004pm0,2014-11-07T00:48:14.366Z,"171 km S of Pagar Alam, Indonesia",earthquake,,,,9,reviewed,us,us
1991-03-25T15:24:18.090Z,-2.96,127.981,33,5.4,mb,,,,1.3,us,usp0004pgv,2022-04-28T19:21:44.489Z,"Ceram Sea, Indonesia",earthquake,,,,36,reviewed,us,us
1991-03-24T13:01:48.510Z,5.643,126.102,134.1,5.1,mb,,,,1.1,us,usp0004pfp,2014-11-07T00:48:13.873Z,"59 km ESE of Caburan, Philippines",earthquake,,5.4,,24,reviewed,us,us
1991-03-23T20:04:28.040Z,0.409,126.043,56.4,5,mb,,,,1.1,us,usp0004pee,2014-11-07T00:48:13.746Z,"155 km WSW of Ternate, Indonesia",earthquake,,,,25,reviewed,us,us
1991-03-23T12:22:43.470Z,-7.237,129.36,94,5.1,mb,,,,1.3,us,usp0004pe0,2014-11-07T00:48:13.692Z,"296 km ENE of Lospalos, Timor Leste",earthquake,,8,,15,reviewed,us,us
1991-03-22T03:29:32.910Z,1.163,122.561,33,5.1,mb,,,,1,us,usp0004pc4,2014-11-07T00:48:13.492Z,"88 km NW of Gorontalo, Indonesia",earthquake,,,,11,reviewed,us,us
1991-03-21T18:29:58.320Z,1.145,122.49,33,4.6,mb,,,,1.2,us,usp0004pbq,2014-11-07T00:48:13.420Z,"92 km NW of Gorontalo, Indonesia",earthquake,,,,6,reviewed,us,us
1991-03-20T21:16:46.570Z,3.264,95.622,33,4.7,mb,,,,0.5,us,usp0004pap,2014-11-07T00:48:13.279Z,"112 km SSW of Meulaboh, Indonesia",earthquake,,,,6,reviewed,us,us
1991-03-20T17:36:12.830Z,-7.333,128.434,176,5,mb,,,,1,us,usp0004pa8,2014-11-07T00:48:13.248Z,"205 km NE of Lospalos, Timor Leste",earthquake,,6.4,,19,reviewed,us,us
1991-03-20T16:29:07.640Z,2.918,97.233,33,4.8,mb,,,,1.3,us,usp0004pa7,2014-11-07T00:48:13.246Z,"93 km NW of Singkil, Indonesia",earthquake,,,,9,reviewed,us,us
1991-03-20T04:55:11.300Z,-9.122,123.698,110.7,4.8,mb,,,,1.4,us,usp0004p9s,2014-11-07T00:48:13.203Z,"53 km N of Naisano Dua, Indonesia",earthquake,,18.4,,5,reviewed,us,us
1991-03-19T19:25:16.800Z,1.728,126.376,99.8,4.8,mb,,,,1,us,usp0004p93,2014-11-07T00:48:13.133Z,"152 km NW of Ternate, Indonesia",earthquake,,11.4,,7,reviewed,us,us
1991-03-19T18:38:55.400Z,-6.98,130.51,108.7,4.6,mb,,,,1.2,us,usp0004p8z,2014-11-07T00:48:13.126Z,"289 km WSW of Tual, Indonesia",earthquake,,40.9,,7,reviewed,us,us
1991-03-18T20:49:43.960Z,-6.196,130.756,145.1,4.6,mb,,,,1.2,us,usp0004p7g,2014-11-07T00:48:12.826Z,"229 km WSW of Tual, Indonesia",earthquake,,40.4,,7,reviewed,us,us
1991-03-18T09:55:43.990Z,-3.284,139.833,33,4.7,mb,,,,1,us,usp0004p6u,2014-11-07T00:48:12.755Z,"116 km SW of Abepura, Indonesia",earthquake,,,,2,reviewed,us,us
1991-03-18T09:36:07.170Z,1.452,123.603,74.3,4.4,mb,,,,1.4,us,usp0004p6t,2014-11-07T00:48:12.753Z,"117 km NNE of Gorontalo, Indonesia",earthquake,,16.8,,4,reviewed,us,us
1991-03-17T20:58:12.430Z,2.272,127.586,98.5,4.6,mb,,,,1.5,us,usp0004p6b,2014-11-07T00:48:12.709Z,"76 km NW of Tobelo, Indonesia",earthquake,,31.2,,4,reviewed,us,us
1991-03-17T07:54:39.240Z,-3.638,128.316,80,5.2,mb,,,,1.2,us,usp0004p5n,2014-11-07T00:48:12.616Z,"16 km ENE of Ambon, Indonesia",earthquake,,,,14,reviewed,us,us
1991-03-16T17:02:04.370Z,-3.114,133.844,33,4.5,mb,,,,1.6,us,usp0004p4u,2014-11-07T00:48:12.399Z,"186 km W of Nabire, Indonesia",earthquake,,,,7,reviewed,us,us
1991-03-16T08:28:02.170Z,-10.14,119.192,33,3.8,mb,,,,0.8,us,usp0004p4c,2014-11-07T00:48:12.365Z,"129 km WSW of Waingapu, Indonesia",earthquake,,,,4,reviewed,us,us
1991-03-16T02:09:59.320Z,1.993,127.351,94.3,5.2,mb,,,,0.9,us,usp0004p3z,2014-11-07T00:48:12.296Z,"78 km WNW of Tobelo, Indonesia",earthquake,,10.9,,24,reviewed,us,us
1991-03-15T23:59:02.730Z,-6.128,130.459,100,5.1,mb,,,,1.1,us,usp0004p3q,2014-11-07T00:48:12.279Z,"Banda Sea",earthquake,,42.5,,5,reviewed,us,us
1991-03-15T15:30:19.390Z,-7.018,129.398,201.6,4.9,mb,,,,1,us,usp0004p3c,2014-11-07T00:48:12.236Z,"Kepulauan Babar, Indonesia",earthquake,,24.4,,5,reviewed,us,us
1991-03-15T12:00:16.160Z,-9.228,125.984,33,4.1,mb,,,,1.6,us,usp0004p2z,2014-11-07T00:48:12.183Z,"44 km SE of Same, Timor Leste",earthquake,,,,3,reviewed,us,us
1991-03-15T03:10:34.240Z,2.07,129.643,28.2,5,mb,,,,1.3,us,usp0004p2h,2014-11-07T00:48:12.127Z,"185 km ENE of Tobelo, Indonesia",earthquake,,,,8,reviewed,us,us
1991-03-14T19:30:57.530Z,-3.725,139.913,33,4.7,mb,,,,1,us,usp0004p23,2014-11-07T00:48:12.093Z,"148 km SSW of Abepura, Indonesia",earthquake,,,,2,reviewed,us,us
1991-03-14T17:37:13.650Z,-1.72,100.813,107.2,4.7,mb,,,,0.7,us,usp0004p1x,2014-11-07T00:48:12.081Z,"74 km WNW of Sungai Penuh, Indonesia",earthquake,,34.3,,6,reviewed,us,us
1991-03-14T08:23:59.250Z,-3.992,135.52,33,4.8,mb,,,,1.6,us,usp0004p1g,2014-11-07T00:48:12.020Z,"69 km S of Nabire, Indonesia",earthquake,,,,5,reviewed,us,us
1991-03-13T14:20:05.280Z,4.957,125.493,205.1,5.1,mb,,,,1,us,usp0004p0b,2014-11-07T00:48:11.804Z,"49 km S of Sarangani, Philippines",earthquake,,,,28,reviewed,us,us
1991-03-11T20:20:51.120Z,1.866,125.792,33,4.8,mb,,,,0.9,us,usp0004ny8,2014-11-07T00:48:11.525Z,"100 km ENE of Laikit, Laikit II (Dimembe), Indonesia",earthquake,,,,3,reviewed,us,us
1991-03-11T01:44:56.780Z,-9.499,115.639,33,5.4,mb,,,,1.5,us,usp0004nx1,2014-11-07T00:48:11.145Z,"89 km SSE of Nusa Dua, Indonesia",earthquake,,,,10,reviewed,us,us
1991-03-10T20:35:36.680Z,1.829,126.479,33,4.9,mb,,,,0.5,us,usp0004nwu,2014-11-07T00:48:11.122Z,"152 km NW of Ternate, Indonesia",earthquake,,,,5,reviewed,us,us
1991-03-10T14:42:06.360Z,-6.452,129.899,139,5,mb,,,,1.3,us,usp0004nwm,2014-11-07T00:48:11.102Z,"Banda Sea",earthquake,,26.8,,10,reviewed,us,us
1991-03-09T15:54:55.820Z,1.009,124.037,93,4.6,mb,,,,1.2,us,usp0004nv4,2014-11-07T00:48:10.848Z,"91 km WSW of Tomohon, Indonesia",earthquake,,24.9,,4,reviewed,us,us
1991-03-09T02:25:04.230Z,-7.216,129.036,127.3,4.8,mb,,,,1.1,us,usp0004nup,2014-11-07T00:48:10.807Z,"267 km ENE of Lospalos, Timor Leste",earthquake,,22.5,,7,reviewed,us,us
1991-03-07T21:53:23.770Z,4.329,125.551,174.5,4.7,mb,,,,1,us,usp0004nsv,2014-11-07T00:48:10.419Z,"119 km S of Sarangani, Philippines",earthquake,,10.5,,2,reviewed,us,us
1991-03-07T17:11:21.830Z,1.019,120.115,36.4,5,mb,,,,1.2,us,usp0004nsk,2014-11-07T00:48:10.386Z,"214 km N of Palu, Indonesia",earthquake,,,,7,reviewed,us,us
1991-03-07T00:50:35.710Z,-4.848,137.688,33,4.2,mb,,,,0.9,us,usp0004nrw,2014-11-07T00:48:10.280Z,"293 km SE of Nabire, Indonesia",earthquake,,,,5,reviewed,us,us
1991-03-06T15:37:44.240Z,-9.127,123.503,222.4,4.1,mb,,,,1,us,usp0004nrk,2014-11-07T00:48:10.225Z,"59 km NNW of Naisano Dua, Indonesia",earthquake,,12.3,,3,reviewed,us,us
1991-03-06T02:18:12.750Z,0.275,124.717,101.5,5.2,mw,,,,1.2,us,usp0004nr0,2025-12-19T20:54:44.244Z,"115 km S of Tomohon, Indonesia",earthquake,,,,,reviewed,us,hrv
1991-03-05T23:39:17.400Z,-0.861,122.408,48.3,4.9,mb,,,,1,us,usp0004nqw,2014-11-07T00:48:10.073Z,"43 km WNW of Luwuk, Indonesia",earthquake,,10.7,,9,reviewed,us,us
1991-03-05T22:35:48.130Z,-3.984,102.369,58.7,5.7,mw,,,,0.9,us,usp0004nqu,2022-04-28T19:20:49.942Z,"23 km SSE of Bengkulu, Indonesia",earthquake,,,,,reviewed,us,hrv
1991-03-05T20:01:45.210Z,2.639,125.755,97.6,5.2,mb,,,,1,us,usp0004nqr,2014-11-07T00:48:09.979Z,"154 km NE of Laikit, Laikit II (Dimembe), Indonesia",earthquake,,10.8,,21,reviewed,us,us
1991-03-05T18:09:33.570Z,-0.35,99.324,63.3,5.2,mb,,,,0.9,us,usp0004nqm,2014-11-07T00:48:09.947Z,"93 km WNW of Pariaman, Indonesia",earthquake,,,,41,reviewed,us,us
1991-03-05T14:51:25.410Z,-7.439,128.2,139.7,4.9,mb,,,,1.4,us,usp0004nqf,2014-11-07T00:48:09.912Z,"178 km NE of Lospalos, Timor Leste",earthquake,,10,,6,reviewed,us,us
1991-03-03T22:19:25.950Z,-3.626,139.831,33,4.7,mb,,,,0.7,us,usp0004nnh,2014-11-07T00:48:09.444Z,"144 km SW of Abepura, Indonesia",earthquake,,,,2,reviewed,us,us
1991-03-03T18:05:15.770Z,-7.862,126.249,33,4.6,mb,,,,1.5,us,usp0004nnc,2014-11-07T00:48:09.391Z,"71 km NNW of Baukau, Timor Leste",earthquake,,,,2,reviewed,us,us
1991-03-03T16:36:28.890Z,-7.366,128.386,134.9,4.5,mb,,,,0.8,us,usp0004nn9,2014-11-07T00:48:09.379Z,"199 km NE of Lospalos, Timor Leste",earthquake,,18.6,,6,reviewed,us,us
1991-03-02T21:32:39.640Z,-3.96,131.831,33,4.5,mb,,,,0.9,us,usp0004nky,2014-11-07T00:48:08.962Z,"210 km NNW of Tual, Indonesia",earthquake,,,,4,reviewed,us,us
1991-03-02T16:34:15.290Z,-5.599,103.156,41.5,4.9,mb,,,,0.9,us,usp0004nks,2014-11-07T00:48:08.877Z,"174 km S of Pagar Alam, Indonesia",earthquake,,,,15,reviewed,us,us
1991-03-02T08:07:08.950Z,-9.195,124.316,84,4.4,mb,,,,0.6,us,usp0004nkf,2014-11-07T00:48:08.757Z,"7 km W of Pante Makasar, Timor Leste",earthquake,,31.3,,2,reviewed,us,us
1991-03-01T21:08:20.530Z,2.486,126.809,69,5.1,mb,,,,1.2,us,usp0004njt,2014-11-07T00:48:08.417Z,"157 km WNW of Tobelo, Indonesia",earthquake,,11.8,,13,reviewed,us,us
1991-03-01T17:31:57.120Z,-7.111,129.729,133,4.9,mb,,,,1.2,us,usp0004njq,2014-11-07T00:48:08.384Z,"Kepulauan Babar, Indonesia",earthquake,,14.4,,4,reviewed,us,us
1991-02-28T18:08:03.760Z,-7.439,128.282,161.3,5,mb,,,,0.9,us,usp0004nhj,2014-11-07T00:48:05.822Z,"185 km NE of Lospalos, Timor Leste",earthquake,,4.8,,12,reviewed,us,us
1991-02-28T05:45:52.010Z,-4.369,126.673,73.5,4.9,mb,,,,1.1,us,usp0004ngq,2014-11-07T00:48:05.642Z,"183 km WSW of Ambon, Indonesia",earthquake,,18.1,,2,reviewed,us,us
1991-02-25T06:39:04.950Z,-7.388,128.922,123.6,5.6,mw,,,,1,us,usp0004nd3,2022-04-28T19:24:37.567Z,"246 km ENE of Lospalos, Timor Leste",earthquake,,4.1,,,reviewed,us,hrv
1991-02-24T18:53:12.380Z,-9.127,114.896,78,4.7,mb,,,,1,us,usp0004ncq,2014-11-07T00:48:04.993Z,"47 km SW of Jimbaran, Indonesia",earthquake,,20.7,,3,reviewed,us,us
1991-02-24T16:19:09.280Z,-5.8,105.681,182.3,4.8,mb,,,,1.4,us,usp0004ncm,2014-11-07T00:48:04.987Z,"62 km SE of Bandar Lampung, Indonesia",earthquake,,28.5,,3,reviewed,us,us
1991-02-23T22:21:03.480Z,-7.102,129.563,33,4.9,mb,,,,1,us,usp0004nbj,2014-11-07T00:48:04.875Z,"Kepulauan Babar, Indonesia",earthquake,,,,9,reviewed,us,us
1991-02-23T19:53:16.100Z,-4.676,137.708,21.5,5.1,mw,,,,1.2,us,usp0004nbe,2022-04-28T19:24:26.473Z,"285 km ESE of Nabire, Indonesia",earthquake,,,,,reviewed,us,hrv
1991-02-22T14:09:59.030Z,0.53,126.654,120.5,4.9,mb,,,,0.9,us,usp0004n9a,2014-11-07T00:48:04.450Z,"86 km WSW of Ternate, Indonesia",earthquake,,14.1,,16,reviewed,us,us
1991-02-22T01:10:17.010Z,-10.165,113.683,33,5.2,mb,,,,1.5,us,usp0004n8r,2014-11-07T00:48:04.347Z,"202 km SSW of Gambiran Satu, Indonesia",earthquake,,,,3,reviewed,us,us
1991-02-21T18:17:01.420Z,1.071,126.789,33,5.1,mb,,,,1.3,us,usp0004n89,2014-11-07T00:48:04.294Z,"73 km WNW of Ternate, Indonesia",earthquake,,,,5,reviewed,us,us
1991-02-21T11:10:50.190Z,-9.735,119.125,33,4.6,mb,,,,1,us,usp0004n7y,2014-11-07T00:48:04.274Z,"125 km W of Waingapu, Indonesia",earthquake,,,,3,reviewed,us,us
1991-02-21T10:38:50.440Z,-9.481,117.414,33,5,mb,,,,1.3,us,usp0004n7x,2014-11-07T00:48:04.271Z,"109 km S of Sumbawa Besar, Indonesia",earthquake,,,,10,reviewed,us,us
1991-02-21T02:04:53.910Z,-3.71,140.17,33,5.2,mb,,,,1.4,us,usp0004n70,2014-11-07T00:48:04.073Z,"133 km SSW of Abepura, Indonesia",earthquake,,,,1,reviewed,us,us
1991-02-20T05:49:24.350Z,-8.575,108.565,33,5.1,mb,,,,1.3,us,usp0004n5q,2014-11-07T00:48:02.354Z,"123 km SSW of Sidareja, Indonesia",earthquake,,,,9,reviewed,us,us
1991-02-19T14:06:54.870Z,-2.062,138.666,33,5,mb,,,,1.2,us,usp0004n4f,2014-11-07T00:48:02.097Z,"226 km WNW of Abepura, Indonesia",earthquake,,,,9,reviewed,us,us
1991-02-19T13:16:29.950Z,1.562,127.093,129.9,5.6,mw,,,,1,us,usp0004n4d,2022-04-28T19:23:59.773Z,"91 km NNW of Ternate, Indonesia",earthquake,,,,,reviewed,us,hrv
1991-02-19T08:12:10.810Z,3.833,95.499,48.9,4.9,mb,,,,0.9,us,usp0004n45,2014-11-07T00:48:02.050Z,"77 km WSW of Meulaboh, Indonesia",earthquake,,11,,24,reviewed,us,us
1991-02-18T11:17:49.710Z,1.174,123.203,33,4.4,mb,,,,0.5,us,usp0004n2y,2014-11-07T00:48:01.444Z,"72 km NNE of Gorontalo, Indonesia",earthquake,,,,3,reviewed,us,us
1991-02-17T10:13:33.990Z,-8.066,129.564,33,5,mb,,,,1.2,us,usp0004n1f,2014-11-07T00:48:01.091Z,"287 km E of Lospalos, Timor Leste",earthquake,,,,9,reviewed,us,us
1991-02-17T03:19:17.190Z,2.642,96.118,23.5,5.4,mb,,,,1.2,us,usp0004n16,2014-11-07T00:48:01.044Z,"34 km WNW of Sinabang, Indonesia",earthquake,,,,22,reviewed,us,us
1991-02-16T15:24:41.830Z,-5.503,128.956,303.6,4.7,mb,,,,0.8,us,usp0004n0m,2014-11-07T00:48:00.970Z,"217 km SSE of Ambon, Indonesia",earthquake,,21.4,,7,reviewed,us,us
1991-02-16T03:34:32.620Z,1.863,128.152,133.9,5.4,mw,,,,0.9,us,usp0004n04,2025-12-19T20:52:39.874Z,"21 km NE of Tobelo, Indonesia",earthquake,,,,,reviewed,us,hrv
1991-02-16T03:11:38.360Z,-3.871,130.214,33,4.2,mb,,,,1.3,us,usp0004n02,2014-11-07T00:48:00.589Z,"155 km ESE of Amahai, Indonesia",earthquake,,,,3,reviewed,us,us
1991-02-15T13:40:05.070Z,-9.021,110.382,33,4.7,mb,,,,1.3,us,usp0004mz5,2014-11-07T00:48:00.196Z,"118 km S of Pundong, Indonesia",earthquake,,,,4,reviewed,us,us
1991-02-15T07:25:17.830Z,2.102,128.17,33,5.1,mb,,,,0.9,us,usp0004myn,2014-11-07T00:48:00.116Z,"45 km NNE of Tobelo, Indonesia",earthquake,,,,12,reviewed,us,us
1991-02-15T00:55:33.030Z,4.21,124.235,31.8,5.5,mb,,,,1.1,us,usp0004my9,2022-04-28T19:23:20.765Z,"189 km SW of Sarangani, Philippines",earthquake,,,,31,reviewed,us,us
1991-02-14T07:37:01.320Z,-6.947,129.798,125.3,5,mb,,,,1.7,us,usp0004mxa,2014-11-07T00:47:59.899Z,"Banda Sea",earthquake,,43.1,,2,reviewed,us,us
1991-02-14T05:24:16.010Z,-6.062,130.427,105.2,4.9,mb,,,,1.2,us,usp0004mx5,2014-11-07T00:47:59.884Z,"261 km W of Tual, Indonesia",earthquake,,41.5,,7,reviewed,us,us
1991-02-14T04:05:48.780Z,-2.113,137.285,33,4.7,mb,,,,1.4,us,usp0004mx1,2014-11-07T00:47:59.877Z,"169 km SE of Biak, Indonesia",earthquake,,,,1,reviewed,us,us
1991-02-13T03:54:43.640Z,-2.944,136.804,33,4.9,mb,,,,1.3,us,usp0004mw4,2014-11-07T00:47:59.694Z,"151 km ENE of Nabire, Indonesia",earthquake,,,,4,reviewed,us,us
1991-02-12T22:06:48.460Z,0.471,124.497,130.9,5.1,mb,,,,1.1,us,usp0004mvz,2014-11-07T00:47:59.683Z,"99 km SSW of Tomohon, Indonesia",earthquake,,,,11,reviewed,us,us
1991-02-12T19:34:14.630Z,-6.016,131.597,33,4.5,mb,,,,1.4,us,usp0004mvu,2014-11-07T00:47:59.661Z,"134 km WSW of Tual, Indonesia",earthquake,,,,3,reviewed,us,us
1991-02-12T01:35:06.000Z,-6.986,129.777,121.3,5.3,mb,,,,0.8,us,usp0004muj,2014-11-07T00:47:59.489Z,"Banda Sea",earthquake,,5,,17,reviewed,us,us
1991-02-11T11:09:28.760Z,-6.759,130.191,96.2,5.1,mb,,,,1,us,usp0004mtu,2014-11-07T00:47:59.411Z,"Banda Sea",earthquake,,6.8,,8,reviewed,us,us
1991-02-11T09:38:45.470Z,-6.446,130.024,183.6,4.4,mb,,,,0.9,us,usp0004mtn,2014-11-07T00:47:59.391Z,"Banda Sea",earthquake,,19.3,,2,reviewed,us,us
1991-02-10T17:29:40.730Z,-8.864,124.308,138.8,5,mb,,,,1.1,us,usp0004msn,2014-11-07T00:47:59.266Z,"38 km NNW of Pante Makasar, Timor Leste",earthquake,,15.2,,14,reviewed,us,us
1991-02-10T15:34:42.930Z,-5.367,131.606,76.4,4.6,mb,,,,1.2,us,usp0004msh,2014-11-07T00:47:59.253Z,"130 km WNW of Tual, Indonesia",earthquake,,26.8,,2,reviewed,us,us
1991-02-10T00:51:16.040Z,-4.698,129.178,210.6,5.4,mb,,,,0.9,us,usp0004mry,2014-11-07T00:47:59.115Z,"152 km S of Amahai, Indonesia",earthquake,,4.6,,28,reviewed,us,us
1991-02-09T13:31:54.910Z,-6.992,129.445,79.5,5,mb,,,,1.2,us,usp0004mrc,2014-11-07T00:47:58.934Z,"Banda Sea",earthquake,,8,,10,reviewed,us,us
1991-02-08T23:16:50.670Z,-8.569,118.357,150.3,5,mb,,,,1.3,us,usp0004mqr,2014-11-07T00:47:58.827Z,"12 km WSW of Dompu, Indonesia",earthquake,,14.7,,2,reviewed,us,us
1991-02-08T09:37:55.950Z,-8.741,128.085,133.9,4.5,mb,,,,1.5,us,usp0004mpx,2014-11-07T00:47:58.723Z,"122 km ESE of Lospalos, Timor Leste",earthquake,,48.5,,2,reviewed,us,us
1991-02-08T01:38:52.110Z,-7.547,128.765,103,5.4,mb,,,,0.9,us,usp0004mph,2022-04-28T19:22:39.087Z,"222 km ENE of Lospalos, Timor Leste",earthquake,,5.1,,32,reviewed,us,us
1991-02-07T06:07:49.990Z,-4.624,134.887,33,4.9,mb,,,,1.3,us,usp0004mnk,2014-11-07T00:47:58.559Z,"155 km SSW of Nabire, Indonesia",earthquake,,,,2,reviewed,us,us
1991-02-07T04:06:10.440Z,-6.103,103.358,33,5,mb,,,,1.1,us,usp0004mnc,2014-11-07T00:47:58.490Z,"220 km SW of Kotabumi, Indonesia",earthquake,,,,15,reviewed,us,us
1991-02-06T18:00:47.330Z,0.063,123.588,139.6,4.9,mb,,,,0.7,us,usp0004mmp,2014-11-07T00:47:58.241Z,"78 km SE of Gorontalo, Indonesia",earthquake,,14.2,,2,reviewed,us,us
1991-02-03T08:46:17.860Z,-2.928,138.443,33,4.2,mb,,,,1.6,us,usp0004mh2,2014-11-07T00:47:57.174Z,"246 km W of Abepura, Indonesia",earthquake,,,,1,reviewed,us,us
1991-02-03T04:39:12.180Z,2.267,126.504,98,4.8,mb,,,,0.8,us,usp0004mgt,2014-11-07T00:47:57.123Z,"177 km WNW of Tobelo, Indonesia",earthquake,,14.5,,12,reviewed,us,us
1991-02-03T02:11:28.230Z,-9.099,125.443,72.3,5,mb,,,,1,us,usp0004mgp,2014-11-07T00:47:57.089Z,"13 km SSW of Ainaro, Timor Leste",earthquake,,15.2,,8,reviewed,us,us
1991-02-02T19:22:44.780Z,1.5,126.47,69.4,5,mb,,,,0.9,us,usp0004mgd,2014-11-07T00:47:56.982Z,"128 km NW of Ternate, Indonesia",earthquake,,13.8,,6,reviewed,us,us
1991-02-02T16:14:00.600Z,1.604,126.527,38.2,5.1,mb,,,,1,us,usp0004mg6,2014-11-07T00:47:56.939Z,"131 km NW of Ternate, Indonesia",earthquake,,,,14,reviewed,us,us
1991-02-02T12:39:27.050Z,1.676,126.459,36.3,5.1,mw,,,,1.2,us,usp0004mfz,2022-04-28T19:22:31.677Z,"142 km NW of Ternate, Indonesia",earthquake,,,,,reviewed,us,hrv
1991-02-01T19:07:06.250Z,2.965,126.468,33,4.9,mb,,,,0.8,us,usp0004mew,2014-11-07T00:47:56.165Z,"219 km NW of Tobelo, Indonesia",earthquake,,,,5,reviewed,us,us
1991-01-31T21:30:05.900Z,5.717,124.229,33,4.7,mb,,,,0.5,us,usp0004mdc,2014-11-07T00:47:53.943Z,"45 km SW of Mabay, Philippines",earthquake,,,,3,reviewed,us,us
1991-01-31T13:52:50.660Z,3.043,128.319,72.9,4.8,mb,,,,0.9,us,usp0004md6,2014-11-07T00:47:53.923Z,"149 km NNE of Tobelo, Indonesia",earthquake,,17.6,,7,reviewed,us,us
1991-01-31T13:09:19.520Z,2.98,128.276,66.4,4.7,mb,,,,0.9,us,usp0004md4,2014-11-07T00:47:53.888Z,"141 km NNE of Tobelo, Indonesia",earthquake,,16.3,,8,reviewed,us,us
1991-01-31T07:48:58.460Z,-7.435,127.951,146.5,5.2,mb,,,,1,us,usp0004mcw,2014-11-07T00:47:53.868Z,"159 km NE of Lospalos, Timor Leste",earthquake,,,,15,reviewed,us,us
1991-01-31T02:13:31.960Z,0.511,126.082,36.9,5.8,mw,,,,1.2,us,usp0004mcj,2022-04-28T19:28:59.080Z,"148 km WSW of Ternate, Indonesia",earthquake,,3.4,,,reviewed,us,hrv
1991-01-30T12:29:15.840Z,-6.118,130.499,141.7,5,mb,,,,1.3,us,usp0004mbs,2014-11-07T00:47:53.756Z,"255 km WSW of Tual, Indonesia",earthquake,,12.8,,6,reviewed,us,us
1991-01-30T11:17:02.900Z,-7.317,106.729,33,5,mb,,,,1,us,usp0004mbn,2014-11-07T00:47:53.740Z,"41 km SSE of Pelabuhanratu, Indonesia",earthquake,,,,9,reviewed,us,us
1991-01-30T09:36:34.400Z,-2.03,128.397,71.7,4.7,mb,,,,0.9,us,usp0004mbj,2014-11-07T00:47:53.736Z,"156 km NNW of Amahai, Indonesia",earthquake,,22.9,,3,reviewed,us,us
1991-01-29T14:11:02.610Z,-4.195,128.042,23.8,5.3,mb,,,,1.2,us,usp0004maf,2022-04-28T19:28:49.813Z,"Banda Sea",earthquake,,,,12,reviewed,us,us
1991-01-28T19:11:06.720Z,5.555,95.518,133.3,4.7,mb,,,,0.9,us,usp0004m9k,2014-11-07T00:47:53.475Z,"20 km E of Banda Aceh, Indonesia",earthquake,,11.5,,24,reviewed,us,us
1991-01-27T19:05:13.250Z,1.168,124.369,33,5,mb,,,,1,us,usp0004m7g,2014-11-07T00:47:53.240Z,"51 km WSW of Tomohon, Indonesia",earthquake,,,,1,reviewed,us,us
1991-01-27T17:05:04.470Z,-7.293,129.287,202.8,4.9,mb,,,,1.2,us,usp0004m7b,2014-11-07T00:47:53.227Z,"286 km ENE of Lospalos, Timor Leste",earthquake,,8.2,,6,reviewed,us,us
1991-01-27T06:58:30.720Z,4.523,127.604,116.8,4.9,mb,,,,1,us,usp0004m6v,2014-11-07T00:47:53.189Z,"256 km ESE of Sarangani, Philippines",earthquake,,10.8,,20,reviewed,us,us
1991-01-26T12:12:41.090Z,-0.026,123.584,170.2,4.7,mb,,,,1.1,us,usp0004m60,2014-11-07T00:47:52.939Z,"85 km SE of Gorontalo, Indonesia",earthquake,,9.1,,4,reviewed,us,us
1991-01-26T11:15:53.620Z,-6.041,127.625,404.7,4.5,mb,,,,0.9,us,usp0004m5z,2014-11-07T00:47:52.938Z,"266 km SSW of Ambon, Indonesia",earthquake,,13,,4,reviewed,us,us
1991-01-26T01:07:15.380Z,-2.092,139.135,33,5,mb,,,,0.9,us,usp0004m5c,2014-11-07T00:47:52.880Z,"175 km WNW of Abepura, Indonesia",earthquake,,,,15,reviewed,us,us
1991-01-26T00:19:12.890Z,-3.515,102.63,112.7,5.5,mw,,,,1.1,us,usp0004m5b,2022-04-28T19:28:20.606Z,"13 km ESE of Curup, Indonesia",earthquake,,5.8,,,reviewed,us,hrv
1991-01-25T22:01:47.710Z,-2.112,138.968,33,4.5,mb,,,,0.6,us,usp0004m56,2014-11-07T00:47:52.851Z,"192 km WNW of Abepura, Indonesia",earthquake,,,,1,reviewed,us,us
1991-01-25T21:44:03.820Z,-2.087,139.028,33,5.1,mb,,,,0.4,us,usp0004m55,2014-11-07T00:47:52.849Z,"187 km WNW of Abepura, Indonesia",earthquake,,,,5,reviewed,us,us
1991-01-25T18:38:26.330Z,-2.1,139.084,33,5.2,mb,,,,0.7,us,usp0004m50,2014-11-07T00:47:52.820Z,"180 km WNW of Abepura, Indonesia",earthquake,,,,7,reviewed,us,us
1991-01-25T17:42:38.390Z,-2.18,139.14,33,5.5,ms,,,,0.8,us,usp0004m4v,2022-04-28T19:28:15.924Z,"near the north coast of Papua, Indonesia",earthquake,,,,2,reviewed,us,us
1991-01-25T17:40:16.450Z,-2.275,139.206,33,6.4,mb,,,,0.7,us,usp0004m4u,2022-04-28T19:28:10.316Z,"162 km WNW of Abepura, Indonesia",earthquake,,,,1,reviewed,us,us
1991-01-25T17:38:36.510Z,-2.152,139.02,22,6.3,mw,,,,1.1,us,usp0004m4s,2022-04-28T19:28:08.784Z,"185 km WNW of Abepura, Indonesia",earthquake,,,,,reviewed,us,nc
1991-01-24T21:00:28.930Z,4.821,127.385,106.9,4,mb,,,,0.3,us,usp0004m3w,2014-11-07T00:47:52.384Z,"216 km SE of Pondaguitan, Philippines",earthquake,,15.6,,1,reviewed,us,us
1991-01-24T20:01:18.180Z,2.266,126.718,54.1,5.4,mw,,,,1.2,us,usp0004m3v,2025-12-19T20:55:26.096Z,"155 km WNW of Tobelo, Indonesia",earthquake,,8.4,,,reviewed,us,hrv
1991-01-24T05:46:08.670Z,-5.826,105.468,33,4.7,mb,,,,0.6,us,usp0004m39,2014-11-07T00:47:52.326Z,"49 km SSE of Bandar Lampung, Indonesia",earthquake,,,,3,reviewed,us,us
1991-01-22T21:53:01.780Z,-8.294,119.822,192,4.8,mb,,,,1.2,us,usp0004m1r,2014-11-07T00:47:52.149Z,"23 km NNW of Labuan Bajo, Indonesia",earthquake,,12.6,,7,reviewed,us,us
1991-01-22T18:49:10.310Z,-10.259,118.968,33,4.2,mb,,,,1.1,us,usp0004m1j,2014-11-07T00:47:52.132Z,"156 km WSW of Waingapu, Indonesia",earthquake,,,,2,reviewed,us,us
1991-01-22T01:57:55.230Z,-5.558,127.81,407.2,4.7,mb,,,,1.2,us,usp0004m0t,2014-11-07T00:47:51.894Z,"210 km SSW of Ambon, Indonesia",earthquake,,26.5,,2,reviewed,us,us
1991-01-22T00:16:53.340Z,-7.495,128.64,155.9,4.8,mb,,,,1.2,us,usp0004m0n,2014-11-07T00:47:51.879Z,"213 km ENE of Lospalos, Timor Leste",earthquake,,26.6,,1,reviewed,us,us
1991-01-21T16:53:22.680Z,1.12,127.372,159,5.3,mb,,,,1,us,usp0004m03,2022-04-28T19:27:54.649Z,"36 km N of Ternate, Indonesia",earthquake,,8.7,,21,reviewed,us,us
1991-01-21T01:46:15.550Z,-9.131,124.37,191.5,4.6,mb,,,,1.1,us,usp0004kz6,2014-11-07T00:47:51.727Z,"7 km N of Pante Makasar, Timor Leste",earthquake,,16.8,,3,reviewed,us,us
1991-01-21T00:23:44.800Z,-1.879,100.4,67.9,5,mb,,,,0.2,us,usp0004kz3,2014-11-07T00:47:51.701Z,"102 km S of Padang, Indonesia",earthquake,,21.3,,5,reviewed,us,us
1991-01-20T22:20:05.920Z,3.456,95.415,33,4.8,mb,,,,0.8,us,usp0004kyx,2014-11-07T00:47:51.667Z,"109 km SW of Meulaboh, Indonesia",earthquake,,,,3,reviewed,us,us
1991-01-19T23:11:49.530Z,-7.434,128.209,145.9,5.3,mb,,,,1,us,usp0004kx8,2014-11-07T00:47:51.146Z,"179 km NE of Lospalos, Timor Leste",earthquake,,4.3,,17,reviewed,us,us
1991-01-19T22:28:27.240Z,-5.615,105.691,33,4.8,mb,,,,1.4,us,usp0004kx6,2014-11-07T00:47:51.050Z,"51 km ESE of Bandar Lampung, Indonesia",earthquake,,,,2,reviewed,us,us
1991-01-19T13:30:52.230Z,-7.352,129.178,150,4.8,mb,,,,1.4,us,usp0004kwd,2014-11-07T00:47:50.984Z,"272 km ENE of Lospalos, Timor Leste",earthquake,,13.1,,5,reviewed,us,us
1991-01-19T10:00:35.910Z,2.508,128.267,33,4.9,mb,,,,1,us,usp0004kw2,2014-11-07T00:47:50.958Z,"90 km NNE of Tobelo, Indonesia",earthquake,,,,5,reviewed,us,us
1991-01-19T08:18:11.910Z,-8.452,123.947,33,4.6,mb,,,,1.3,us,usp0004kvy,2014-11-07T00:47:50.951Z,"95 km NNW of Pante Makasar, Timor Leste",earthquake,,,,2,reviewed,us,us
1991-01-19T07:53:11.640Z,-7.173,128.577,71.5,4.5,mb,,,,0.4,us,usp0004kvw,2014-11-07T00:47:50.948Z,"229 km NE of Lospalos, Timor Leste",earthquake,,34.8,,4,reviewed,us,us
1991-01-19T03:06:34.760Z,-4.903,131.552,17.6,5.1,mb,,,,1.2,us,usp0004kvc,2014-11-07T00:47:50.905Z,"155 km WNW of Tual, Indonesia",earthquake,,,,10,reviewed,us,us
1991-01-18T22:28:04.800Z,-3.101,130.605,33,5.1,mb,,,,0.9,us,usp0004kv1,2014-11-07T00:47:50.874Z,"189 km E of Amahai, Indonesia",earthquake,,,,7,reviewed,us,us
1991-01-18T20:28:10.310Z,-7.35,126.642,341.8,4.4,mb,,,,0.9,us,usp0004kux,2014-11-07T00:47:50.801Z,"126 km N of Baukau, Timor Leste",earthquake,,12.7,,8,reviewed,us,us
1991-01-18T03:29:35.770Z,-1.498,134.581,33,4.6,mb,,,,1.7,us,usp0004ktv,2014-11-07T00:47:50.713Z,"90 km SE of Manokwari, Indonesia",earthquake,,,,3,reviewed,us,us
1991-01-18T01:35:25.160Z,-2.173,134.197,33,5.1,ms,,,,1.7,us,usp0004ktp,2014-11-07T00:47:50.680Z,"Near the north coast of Papua, Indonesia",earthquake,,,,2,reviewed,us,us
1991-01-14T15:39:24.500Z,-8.462,123.582,163.3,4.6,mb,,,,0.9,us,usp0004kps,2014-11-07T00:47:50.178Z,"120 km NW of Pante Makasar, Timor Leste",earthquake,,13,,7,reviewed,us,us
1991-01-14T10:24:30.200Z,-2.733,138.862,33,4.8,mb,,,,1.1,us,usp0004kph,2014-11-07T00:47:50.148Z,"197 km W of Abepura, Indonesia",earthquake,,,,8,reviewed,us,us
1991-01-13T20:46:43.340Z,-1.875,136.908,33,5.1,mb,,,,1.1,us,usp0004kn8,2014-11-07T00:47:50.042Z,"120 km SE of Biak, Indonesia",earthquake,,,,11,reviewed,us,us
1991-01-13T16:57:12.570Z,-0.091,123.406,153.8,4.6,mb,,,,1,us,usp0004kmx,2014-11-07T00:47:50.012Z,"79 km SSE of Gorontalo, Indonesia",earthquake,,14.3,,3,reviewed,us,us
1991-01-13T08:08:41.150Z,-7.839,131.066,81.9,5.1,mb,,,,1.7,us,usp0004km6,2014-11-07T00:47:49.916Z,"Pulau Pulau Tanimbar, Indonesia",earthquake,,19.2,,6,reviewed,us,us
1991-01-13T07:45:01.810Z,-10.098,123.226,33,4,mb,,,,1,us,usp0004km4,2014-11-07T00:47:49.909Z,"42 km W of Kupang, Indonesia",earthquake,,,,1,reviewed,us,us
1991-01-12T18:45:13.690Z,3.007,128.511,33,4.6,mb,,,,1,us,usp0004kkc,2014-11-07T00:47:49.580Z,"151 km NNE of Tobelo, Indonesia",earthquake,,,,3,reviewed,us,us
1991-01-12T09:29:53.040Z,4.744,96.073,33,4.7,mb,,,,1.4,us,usp0004kjt,2014-11-07T00:47:49.524Z,"57 km SSW of Reuleuet, Indonesia",earthquake,,,,4,reviewed,us,us
1991-01-11T06:57:30.060Z,5.741,125.432,182.5,4.9,mb,,,,0.5,us,usp0004kha,2014-11-07T00:47:49.095Z,"7 km WNW of Kalbay, Philippines",earthquake,,7,,9,reviewed,us,us
1991-01-10T02:54:51.360Z,1.353,126.161,33,5,mb,,,,0.9,us,usp0004kfd,2014-11-07T00:47:48.864Z,"132 km E of Laikit, Laikit II (Dimembe), Indonesia",earthquake,,,,6,reviewed,us,us
1991-01-10T02:36:55.740Z,1.493,126.479,43.3,4.6,mb,,,,1.1,us,usp0004kfc,2014-11-07T00:47:48.860Z,"127 km NW of Ternate, Indonesia",earthquake,,21.2,,5,reviewed,us,us
1991-01-09T22:59:11.090Z,-6.801,129.944,83.2,5.2,mb,,,,1.3,us,usp0004kf2,2014-11-07T00:47:48.817Z,"Banda Sea",earthquake,,20,,4,reviewed,us,us
1991-01-09T12:41:17.210Z,1.342,98.621,110.4,4.8,mb,,,,1.1,us,usp0004kef,2014-11-07T00:47:48.428Z,"47 km SSW of Sibolga, Indonesia",earthquake,,15.4,,9,reviewed,us,us
1991-01-08T21:06:35.790Z,2.236,97.06,33,5.2,mb,,,,1.3,us,usp0004kdt,2014-11-07T00:47:47.951Z,"80 km ESE of Sinabang, Indonesia",earthquake,,,,2,reviewed,us,us
1991-01-08T09:45:21.680Z,2.42,128.176,50.6,5,mb,,,,1,us,usp0004kd5,2014-11-07T00:47:47.902Z,"78 km NNE of Tobelo, Indonesia",earthquake,,17.2,,14,reviewed,us,us
1991-01-07T11:19:19.420Z,-7.523,127.668,104.6,5,mb,,,,1.4,us,usp0004kbr,2014-11-07T00:47:47.781Z,"132 km NNE of Lospalos, Timor Leste",earthquake,,39.5,,7,reviewed,us,us
1991-01-07T10:50:36.130Z,-0.171,122.818,168.5,5,mb,,,,1,us,usp0004kbp,2014-11-07T00:47:47.775Z,"82 km SSW of Gorontalo, Indonesia",earthquake,,9.1,,17,reviewed,us,us
1991-01-06T13:56:48.970Z,0.122,122.723,81.8,4.4,mb,,,,0.1,us,usp0004ka2,2014-11-07T00:47:47.019Z,"59 km SW of Gorontalo, Indonesia",earthquake,,17,,4,reviewed,us,us
1991-01-06T03:01:58.460Z,0.571,98.549,57,5.4,mw,,,,1,us,usp0004k9c,2022-04-28T19:26:17.062Z,"120 km SW of Padangsidempuan, Indonesia",earthquake,,7.8,,,reviewed,us,hrv
1991-01-05T19:03:22.370Z,2.728,128.251,175.1,4.8,mb,,,,0.9,us,usp0004k8v,2014-11-07T00:47:46.793Z,"113 km NNE of Tobelo, Indonesia",earthquake,,18.1,,13,reviewed,us,us
1991-01-05T11:07:31.390Z,-3.619,130.95,33,4.8,mb,,,,1,us,usp0004k87,2014-11-07T00:47:46.595Z,"227 km E of Amahai, Indonesia",earthquake,,,,8,reviewed,us,us
1991-01-04T16:03:04.110Z,-5.813,130.907,33,4.2,mb,,,,1.1,us,usp0004k79,2014-11-07T00:47:45.873Z,"205 km W of Tual, Indonesia",earthquake,,,,2,reviewed,us,us
1991-01-04T07:02:06.230Z,-0.232,127.348,33,4.5,mb,,,,1.3,us,usp0004k6x,2014-11-07T00:47:45.798Z,"109 km SSW of Sofifi, Indonesia",earthquake,,,,2,reviewed,us,us
1991-01-04T00:44:41.060Z,1.132,123.614,34.2,4.8,mb,,,,1,us,usp0004k6a,2014-11-07T00:47:45.664Z,"89 km NE of Gorontalo, Indonesia",earthquake,,,,3,reviewed,us,us
1991-01-03T22:13:35.760Z,1.922,126.787,101.5,4.8,mb,,,,0.9,us,usp0004k67,2014-11-07T00:47:45.650Z,"137 km W of Tobelo, Indonesia",earthquake,,15.5,,4,reviewed,us,us
1991-01-03T20:38:37.940Z,1.973,126.731,83.6,5.8,mw,,,,1.3,us,usp0004k66,2022-04-28T19:26:03.337Z,"144 km W of Tobelo, Indonesia",earthquake,,11,,,reviewed,us,hrv
1991-01-03T08:18:16.360Z,-7.008,129.605,133.6,4.8,mb,,,,0.8,us,usp0004k56,2014-11-07T00:47:44.812Z,"Kepulauan Babar, Indonesia",earthquake,,24.9,,2,reviewed,us,us
1991-01-01T12:14:23.980Z,0.944,126.256,78.1,4.4,mb,,,,0.5,us,usp0004k2e,2014-11-07T00:47:43.543Z,"126 km W of Ternate, Indonesia",earthquake,,10.3,,3,reviewed,us,us
1990-12-31T21:47:21.840Z,0.45,126.422,33,5,mb,,,,0.3,us,usp0004k1k,2014-11-07T00:47:40.854Z,"113 km WSW of Ternate, Indonesia",earthquake,,,,1,reviewed,us,us
1990-12-31T17:57:03.200Z,0.857,126.689,70.5,5.5,mb,,,,1.2,us,usp0004k19,2022-04-28T19:32:54.705Z,"77 km W of Ternate, Indonesia",earthquake,,12.4,,29,reviewed,us,us
1990-12-31T00:08:23.950Z,-3.427,140.561,37.9,4.9,mb,,,,1.1,us,usp0004k0a,2014-11-07T00:47:40.734Z,"92 km S of Abepura, Indonesia",earthquake,,13.1,,10,reviewed,us,us
1990-12-30T22:28:02.230Z,-7.591,122.949,269.7,4.6,mb,,,,0.9,us,usp0004k06,2014-11-07T00:47:40.701Z,"139 km NE of Maumere, Indonesia",earthquake,,18.5,,4,reviewed,us,us
1990-12-30T06:22:17.010Z,-0.072,123.11,181.3,5.4,mw,,,,1.1,us,usp0004jz9,2025-12-19T20:56:00.912Z,"67 km S of Gorontalo, Indonesia",earthquake,,3.2,,,reviewed,us,hrv
1990-12-29T22:44:36.530Z,-8.803,118.826,138.5,4.8,mb,,,,1.2,us,usp0004jyg,2014-11-07T00:47:40.463Z,"39 km SSE of Bima, Indonesia",earthquake,,14,,12,reviewed,us,us
1990-12-29T21:05:27.800Z,5.707,125.912,114.2,5.2,mw,,,,1.1,us,usp0004jye,2025-12-19T20:55:59.080Z,"38 km SE of Caburan, Philippines",earthquake,,9,,,reviewed,us,hrv
1990-12-29T00:40:50.440Z,-0.105,123.026,192.2,5.3,mb,,,,1.1,us,usp0004jx4,2014-11-07T00:47:40.296Z,"71 km S of Gorontalo, Indonesia",earthquake,,9.9,,24,reviewed,us,us
1990-12-28T20:45:19.080Z,-0.845,127.64,33,5.2,mb,,,,1,us,usp0004jwz,2014-11-07T00:47:40.253Z,"175 km S of Sofifi, Indonesia",earthquake,,,,12,reviewed,us,us
1990-12-28T18:47:41.990Z,3.532,128.722,33,4.6,mb,,,,0.7,us,usp0004jws,2014-11-07T00:47:40.241Z,"214 km NNE of Tobelo, Indonesia",earthquake,,,,2,reviewed,us,us
1990-12-28T17:48:00.210Z,3.437,128.584,37.3,5.1,mb,,,,1,us,usp0004jwp,2014-11-07T00:47:40.234Z,"199 km NNE of Tobelo, Indonesia",earthquake,,17.9,,11,reviewed,us,us
1990-12-28T14:34:53.000Z,-6.152,131.368,33,4.8,mb,,,,0.9,us,usp0004jwg,2014-11-07T00:47:40.214Z,"163 km WSW of Tual, Indonesia",earthquake,,,,6,reviewed,us,us
1990-12-28T10:32:06.620Z,-0.892,127.342,33,4.8,mb,,,,0.8,us,usp0004jw6,2014-11-07T00:47:40.168Z,"181 km S of Sofifi, Indonesia",earthquake,,,,3,reviewed,us,us
1990-12-28T09:51:37.870Z,3.725,129.584,33,4.9,mb,,,,1.3,us,usp0004jw4,2014-11-07T00:47:40.165Z,"188 km WNW of Tobi Village, Palau",earthquake,,,,6,reviewed,us,us
1990-12-27T21:12:49.350Z,-4.305,102.81,137,5.3,mb,,,,0.9,us,usp0004jve,2014-11-07T00:47:40.073Z,"57 km WSW of Pagar Alam, Indonesia",earthquake,,15.6,,8,reviewed,us,us
1990-12-27T13:35:10.090Z,-6.873,129.542,180.9,5.7,mw,,,,0.9,us,usp0004juv,2022-04-28T19:32:39.823Z,"Banda Sea",earthquake,,,,,reviewed,us,hrv
1990-12-26T16:26:12.340Z,-0.229,99.14,73.9,5,mb,,,,0.9,us,usp0004ju5,2014-11-07T00:47:39.902Z,"117 km WNW of Pariaman, Indonesia",earthquake,,10.1,,16,reviewed,us,us
1990-12-26T15:37:21.930Z,-9.778,107.188,33,4.8,mb,,,,1.4,us,usp0004ju0,2014-11-07T00:47:39.591Z,"286 km S of Banjar, Indonesia",earthquake,,,,5,reviewed,us,us
1990-12-26T04:36:42.130Z,-8.229,118.651,116.8,5,mb,,,,1.1,us,usp0004jt8,2014-11-07T00:47:39.455Z,"26 km NNW of Bima, Indonesia",earthquake,,19.3,,8,reviewed,us,us
1990-12-26T01:59:36.380Z,-0.668,127.337,38.7,5.6,mw,,,,1.1,us,usp0004jt5,2022-04-28T19:32:38.691Z,"157 km S of Sofifi, Indonesia",earthquake,,14,,,reviewed,us,hrv
1990-12-25T22:59:21.020Z,-0.726,127.445,41.9,5.1,mw,,,,1.1,us,usp0004jsx,2022-04-28T19:32:37.435Z,"162 km S of Sofifi, Indonesia",earthquake,,10.7,,,reviewed,us,hrv
1990-12-25T15:30:24.850Z,2.436,128.522,80.1,5,mb,,,,1.1,us,usp0004jsf,2014-11-07T00:47:39.370Z,"96 km NE of Tobelo, Indonesia",earthquake,,27.1,,5,reviewed,us,us
1990-12-24T04:55:21.670Z,-7.921,108.787,45.5,4.9,mb,,,,1.1,us,usp0004jq4,2014-11-07T00:47:39.100Z,"48 km S of Sidareja, Indonesia",earthquake,,19.5,,5,reviewed,us,us
1990-12-23T21:03:03.770Z,-0.656,127.387,31.7,5.6,mw,,,,1.1,us,usp0004jpd,2022-04-28T19:31:57.392Z,"155 km S of Sofifi, Indonesia",earthquake,,14,,,reviewed,us,hrv
1990-12-23T01:11:25.200Z,1.093,124.146,49.5,5.4,mw,,,,1.2,us,usp0004jmu,2022-04-28T19:31:48.581Z,"77 km WSW of Tomohon, Indonesia",earthquake,,10.8,,,reviewed,us,hrv
1990-12-22T18:38:51.020Z,4.754,125.965,33,4.5,mb,,,,1.1,us,usp0004jku,2014-11-07T00:47:38.815Z,"90 km SE of Sarangani, Philippines",earthquake,,,,3,reviewed,us,us
1990-12-20T17:19:25.970Z,-7.256,128.862,104.5,4.9,mb,,,,1,us,usp0004jd7,2014-11-07T00:47:38.226Z,"248 km NE of Lospalos, Timor Leste",earthquake,,31.8,,4,reviewed,us,us
1990-12-19T23:00:34.810Z,-5.837,102.259,33,5.1,mb,,,,1.5,us,usp0004jc8,2014-11-07T00:47:38.096Z,"225 km S of Bengkulu, Indonesia",earthquake,,,,6,reviewed,us,us
1990-12-18T06:28:33.100Z,0.782,124.038,166.8,4.5,mb,,,,1,us,usp0004j9p,2014-11-07T00:47:37.795Z,"103 km SW of Tomohon, Indonesia",earthquake,,29.3,,3,reviewed,us,us
1990-12-17T11:37:09.080Z,1.21,125.604,33,4.1,mb,,,,1.2,us,usp0004j8s,2014-11-07T00:47:37.651Z,"Molucca Sea",earthquake,,,,2,reviewed,us,us
1990-12-17T10:17:58.940Z,-7.205,129.902,33,4.5,mb,,,,1.4,us,usp0004j8n,2014-11-07T00:47:37.602Z,"Kepulauan Babar, Indonesia",earthquake,,,,3,reviewed,us,us
1990-12-17T07:14:57.910Z,1.232,123.013,33,5,mb,,,,1.5,us,usp0004j8e,2014-11-07T00:47:37.590Z,"76 km N of Gorontalo, Indonesia",earthquake,,,,5,reviewed,us,us
1990-12-17T01:43:48.650Z,1.298,123.188,33,5.5,mw,,,,1.2,us,usp0004j7w,2022-04-28T19:31:15.144Z,"85 km N of Gorontalo, Indonesia",earthquake,,,,,reviewed,us,hrv
1990-12-17T01:21:07.830Z,1.412,123.23,33,5.1,mw,,,,1.4,us,usp0004j7u,2022-04-28T19:31:13.761Z,"98 km N of Gorontalo, Indonesia",earthquake,,,,,reviewed,us,hrv
1990-12-16T16:53:33.570Z,2.303,97.139,33,4.8,mb,,,,1,us,usp0004j79,2014-11-07T00:47:37.453Z,"72 km W of Singkil, Indonesia",earthquake,,,,7,reviewed,us,us
1990-12-16T12:12:13.660Z,1.286,124.278,33,4.3,mb,,,,1.1,us,usp0004j74,2014-11-07T00:47:37.189Z,"58 km W of Tomohon, Indonesia",earthquake,,,,1,reviewed,us,us
1990-12-16T10:06:55.710Z,-7.021,127.231,279,5,mb,,,,1,us,usp0004j72,2014-11-07T00:47:37.181Z,"167 km N of Lospalos, Timor Leste",earthquake,,4.1,,13,reviewed,us,us
1990-12-15T02:55:53.670Z,-5.474,105.984,33,4.9,mb,,,,1.3,us,usp0004j5k,2014-11-07T00:47:37.037Z,"73 km NNW of Serang, Indonesia",earthquake,,,,2,reviewed,us,us
1990-12-14T22:17:41.600Z,1.335,123.374,33,4.1,mb,,,,1.5,us,usp0004j57,2014-11-07T00:47:37.006Z,"94 km NNE of Gorontalo, Indonesia",earthquake,,,,1,reviewed,us,us
1990-12-14T14:09:07.300Z,-2.982,136.488,33,5.5,mw,,,,1,us,usp0004j4v,2022-04-28T19:30:52.718Z,"117 km ENE of Nabire, Indonesia",earthquake,,,,,reviewed,us,hrv
1990-12-14T11:46:31.950Z,1.403,123.425,33,4.7,ms,,,,1,us,usp0004j4r,2014-11-07T00:47:36.966Z,"103 km NNE of Gorontalo, Indonesia",earthquake,,,,1,reviewed,us,us
1990-12-13T19:28:03.880Z,1.175,124.12,33,5.2,mb,,,,1.2,us,usp0004j33,2014-11-07T00:47:36.682Z,"77 km WSW of Tomohon, Indonesia",earthquake,,,,6,reviewed,us,us
1990-12-13T19:24:31.070Z,1.238,124.133,33,4.9,mb,,,,1.1,us,usp0004j32,2014-11-07T00:47:36.680Z,"75 km W of Tomohon, Indonesia",earthquake,,,,4,reviewed,us,us
1990-12-13T19:18:21.390Z,0.863,123.88,33,4.7,mb,,,,0.8,us,usp0004j31,2014-11-07T00:47:36.678Z,"97 km ENE of Gorontalo, Indonesia",earthquake,,,,2,reviewed,us,us
1990-12-13T14:38:47.860Z,1.295,124.339,33,4.6,mb,,,,1.4,us,usp0004j2s,2014-11-07T00:47:36.662Z,"51 km W of Tomohon, Indonesia",earthquake,,,,2,reviewed,us,us
1990-12-13T13:00:05.970Z,1.109,124.006,33,5.1,mb,,,,1.3,us,usp0004j2p,2014-11-07T00:47:36.656Z,"91 km WSW of Tomohon, Indonesia",earthquake,,,,3,reviewed,us,us
1990-12-13T12:41:02.440Z,1.05,123.981,33,5.3,mb,,,,1,us,usp0004j2n,2014-11-07T00:47:36.653Z,"96 km WSW of Tomohon, Indonesia",earthquake,,,,10,reviewed,us,us
1990-12-13T12:26:40.750Z,1.116,124.034,33,6.2,mw,,,,1.2,us,usp0004j2m,2022-04-28T19:30:16.940Z,"88 km WSW of Tomohon, Indonesia",earthquake,,,,,reviewed,us,nc
1990-12-12T18:24:09.730Z,1.096,123.714,33,5.3,mb,,,,1.1,us,usp0004j1j,2022-04-28T19:30:02.044Z,"95 km NE of Gorontalo, Indonesia",earthquake,,,,11,reviewed,us,us
1990-12-12T15:42:50.940Z,-9.156,112.356,33,4.4,mb,,,,0.7,us,usp0004j1c,2014-11-07T00:47:36.404Z,"111 km S of Sumberpucung, Indonesia",earthquake,,,,2,reviewed,us,us
1990-12-12T04:54:14.580Z,-7.297,128.566,198.8,5.2,mb,,,,1,us,usp0004j0j,2014-11-07T00:47:36.315Z,"219 km NE of Lospalos, Timor Leste",earthquake,,41.4,,1,reviewed,us,us
1990-12-11T13:37:12.050Z,4.392,127.969,33,4.7,mb,,,,0.3,us,usp0004hze,2014-11-07T00:47:36.156Z,"294 km N of Tobelo, Indonesia",earthquake,,,,7,reviewed,us,us
1990-12-09T11:17:37.920Z,0.205,122.151,177.1,4.9,mb,,,,0.7,us,usp0004hwt,2014-11-07T00:47:35.718Z,"107 km WSW of Gorontalo, Indonesia",earthquake,,16.5,,13,reviewed,us,us
1990-12-09T07:33:15.710Z,-8.165,110.811,33,4.8,mb,,,,1.5,us,usp0004hwh,2014-11-07T00:47:35.700Z,"42 km S of Selogiri, Indonesia",earthquake,,,,7,reviewed,us,us
1990-12-09T05:26:49.670Z,-8.676,110.587,33,5,mb,,,,1.5,us,usp0004hwb,2014-11-07T00:47:35.683Z,"84 km SSE of Pundong, Indonesia",earthquake,,,,13,reviewed,us,us
1990-12-08T17:53:54.700Z,-3.278,134.528,33,5,mb,,,,1.2,us,usp0004hvx,2014-11-07T00:47:35.649Z,"108 km W of Nabire, Indonesia",earthquake,,,,12,reviewed,us,us
1990-12-08T15:47:56.870Z,-3.169,126.511,33,4.8,mb,,,,0.3,us,usp0004hvt,2014-11-07T00:47:35.635Z,"194 km WNW of Ambon, Indonesia",earthquake,,,,3,reviewed,us,us
1990-12-08T15:01:31.460Z,-2.935,138.482,33,4.8,mb,,,,1.2,us,usp0004hvs,2014-11-07T00:47:35.633Z,"242 km W of Abepura, Indonesia",earthquake,,,,6,reviewed,us,us
1990-12-07T20:31:03.220Z,-6.787,132.26,33,5.2,mb,,,,1.1,us,usp0004hup,2014-11-07T00:47:35.141Z,"139 km SSW of Tual, Indonesia",earthquake,,,,11,reviewed,us,us
1990-12-07T12:17:40.670Z,-7.022,108.768,220.7,4.9,mb,,,,1.2,us,usp0004hu9,2014-11-07T00:47:35.045Z,"16 km SW of Ketanggungan, Indonesia",earthquake,,5.2,,21,reviewed,us,us
1990-12-05T16:08:51.460Z,-5.264,131.37,75.1,6.1,mw,,,,1.1,us,usp0004hsc,2022-04-28T19:29:21.445Z,"158 km WNW of Tual, Indonesia",earthquake,,,,,reviewed,us,hrv
1990-12-04T09:17:41.250Z,-0.141,125.097,63.9,5.4,mw,,,,1.1,us,usp0004hra,2025-12-19T20:55:36.113Z,"161 km S of Tondano, Indonesia",earthquake,,,,,reviewed,us,hrv
1990-12-04T01:47:20.150Z,-1.076,119.797,33,4.8,mb,,,,1,us,usp0004hqy,2014-11-07T00:47:33.994Z,"20 km SSW of Palu, Indonesia",earthquake,,,,6,reviewed,us,us
1990-12-02T07:08:36.280Z,-8.171,108.502,102.4,4.7,mb,,,,1.4,us,usp0004hp0,2014-11-07T00:47:32.522Z,"82 km SSW of Sidareja, Indonesia",earthquake,,28.8,,4,reviewed,us,us
1990-11-30T14:17:06.160Z,1.021,124.003,55.3,5.3,mw,,,,0.8,us,usp0004hks,2022-04-28T19:34:19.058Z,"94 km WSW of Tomohon, Indonesia",earthquake,,6.9,,,reviewed,us,hrv
1990-11-30T13:19:27.640Z,1.03,123.97,28.3,5.8,mw,,,,1,us,usp0004hkn,2022-04-28T19:34:17.315Z,"98 km WSW of Tomohon, Indonesia",earthquake,,,,,reviewed,us,hrv
1990-11-29T08:02:32.130Z,5.674,126.781,217.6,4.6,mb,,,,1.2,us,usp0004hj0,2014-11-07T00:47:29.237Z,"101 km SE of Pondaguitan, Philippines",earthquake,,20.1,,5,reviewed,us,us
1990-11-29T04:03:52.980Z,-7.241,128.858,102.3,4.8,mb,,,,1.1,us,usp0004hht,2014-11-07T00:47:29.208Z,"249 km NE of Lospalos, Timor Leste",earthquake,,9,,1,reviewed,us,us
1990-11-28T19:30:33.580Z,-3.051,139.526,33,4.8,mb,,,,1.2,us,usp0004hhh,2014-11-07T00:47:29.172Z,"132 km WSW of Abepura, Indonesia",earthquake,,,,2,reviewed,us,us
1990-11-28T06:02:18.840Z,-6.884,129.242,129.4,4.7,mb,,,,1,us,usp0004hgp,2014-11-07T00:47:29.122Z,"Banda Sea",earthquake,,34.7,,2,reviewed,us,us
1990-11-27T00:28:28.050Z,3.322,98.401,144.9,5.1,mb,,,,1.1,us,usp0004hee,2014-11-07T00:47:28.873Z,"18 km NW of Berastagi, Indonesia",earthquake,,5.5,,41,reviewed,us,us
1990-11-27T00:24:41.720Z,-5.703,129.667,97.8,5,mb,,,,0.8,us,usp0004hed,2014-11-07T00:47:28.871Z,"274 km SSE of Amahai, Indonesia",earthquake,,17,,5,reviewed,us,us
1990-11-26T19:34:50.020Z,-10.545,112.894,33,4.6,mb,,,,0.9,us,usp0004he2,2014-11-07T00:47:28.809Z,"255 km SSW of Kencong, Indonesia",earthquake,,,,3,reviewed,us,us
1990-11-26T07:06:51.770Z,-7.264,128.975,183.3,4.6,mb,,,,0.6,us,usp0004hd9,2014-11-07T00:47:28.755Z,"258 km ENE of Lospalos, Timor Leste",earthquake,,10.2,,1,reviewed,us,us
1990-11-26T02:05:33.870Z,1.506,126.378,75.4,4.7,mb,,,,0.7,us,usp0004hd3,2014-11-07T00:47:28.743Z,"137 km NW of Ternate, Indonesia",earthquake,,17.9,,7,reviewed,us,us
1990-11-25T03:34:05.410Z,-8.652,123.642,66.9,3.6,mb,,,,1.1,us,usp0004hcb,2014-11-07T00:47:28.643Z,"101 km NW of Pante Makasar, Timor Leste",earthquake,,33,,1,reviewed,us,us
1990-11-25T00:32:14.620Z,-5.627,130.901,72,5.1,mb,,,,1.2,us,usp0004hc3,2014-11-07T00:47:28.613Z,"205 km W of Tual, Indonesia",earthquake,,21.1,,9,reviewed,us,us
1990-11-24T18:18:41.060Z,-3.182,139.549,36.1,5.3,mb,,,,1.3,us,usp0004hbr,2014-11-07T00:47:28.582Z,"136 km WSW of Abepura, Indonesia",earthquake,,15.6,,10,reviewed,us,us
1990-11-24T16:16:59.310Z,-2.029,135.294,33,5.3,mw,,,,1.1,us,usp0004hbp,2022-04-28T19:33:52.366Z,"127 km SW of Insrom, Indonesia",earthquake,,,,,reviewed,us,hrv
1990-11-24T01:58:25.420Z,-4.139,102.363,52.2,5.2,mb,,,,0.9,us,usp0004ha9,2014-11-07T00:47:28.441Z,"38 km SSE of Bengkulu, Indonesia",earthquake,,,,20,reviewed,us,us
1990-11-23T20:22:34.230Z,-9.997,118.69,98.5,4.9,mb,,,,1.3,us,usp0004h9y,2014-11-07T00:47:28.371Z,"163 km S of Dompu, Indonesia",earthquake,,21.5,,7,reviewed,us,us
1990-11-23T10:37:44.430Z,-7.554,128.609,33,4.1,mb,,,,1.4,us,usp0004h9j,2014-11-07T00:47:28.350Z,"207 km ENE of Lospalos, Timor Leste",earthquake,,,,2,reviewed,us,us
1990-11-23T07:41:57.960Z,5.538,125.851,125,5.5,mw,,,,1.1,us,usp0004h98,2025-12-19T20:56:33.718Z,"44 km ESE of Kalbay, Philippines",earthquake,,2,,,reviewed,us,hrv
1990-11-22T17:31:02.360Z,3.807,95.257,57.2,4.8,mb,,,,1.5,us,usp0004h85,2014-11-07T00:47:28.166Z,"103 km WSW of Meulaboh, Indonesia",earthquake,,26.2,,6,reviewed,us,us
1990-11-22T05:30:35.150Z,5.017,125.431,196.5,4.9,mb,,,,0.6,us,usp0004h79,2014-11-07T00:47:28.083Z,"42 km S of Sarangani, Philippines",earthquake,,16.1,,5,reviewed,us,us
1990-11-22T04:48:58.670Z,-6.089,130.021,119,5.1,mb,,,,0.5,us,usp0004h76,2014-11-07T00:47:28.069Z,"Banda Sea",earthquake,,21.8,,7,reviewed,us,us
1990-11-20T09:03:37.130Z,0.171,127.01,114.1,5.8,mw,,,,1.1,us,usp0004h4k,2022-04-28T19:33:38.244Z,"80 km SSW of Ternate, Indonesia",earthquake,,,,,reviewed,us,hrv
1990-11-19T15:31:39.920Z,-1.774,134.389,33,4.9,mb,,,,1.2,us,usp0004h41,2014-11-07T00:47:27.756Z,"107 km SSE of Manokwari, Indonesia",earthquake,,,,4,reviewed,us,us
1990-11-19T03:19:38.280Z,-6.006,130.427,33,4.2,mb,,,,1.4,us,usp0004h3m,2014-11-07T00:47:27.680Z,"260 km W of Tual, Indonesia",earthquake,,,,3,reviewed,us,us
1990-11-18T16:23:06.950Z,3.942,97.343,67.2,5.5,mw,,,,1.1,us,usp0004h33,2022-04-28T19:33:36.865Z,"90 km SW of Langsa, Indonesia",earthquake,,,,,reviewed,us,hrv
1990-11-18T16:06:54.100Z,3.878,97.357,61.8,5.1,mw,,,,1.1,us,usp0004h32,2022-04-28T19:33:31.754Z,"94 km SW of Langsa, Indonesia",earthquake,,7.4,,,reviewed,us,hrv
1990-11-18T12:16:51.190Z,3.774,97.54,56.5,4.2,mb,,,,1.3,us,usp0004h2n,2014-11-07T00:47:27.245Z,"86 km WSW of Pangkalan Brandan, Indonesia",earthquake,,15.3,,3,reviewed,us,us
1990-11-17T20:00:49.440Z,5.6,126.254,33,4.8,mb,,,,0.9,us,usp0004h1z,2014-11-07T00:47:27.187Z,"76 km ESE of Caburan, Philippines",earthquake,,,,11,reviewed,us,us
1990-11-17T02:13:05.070Z,1.261,99.059,127.3,4.9,mb,,,,1.1,us,usp0004h12,2014-11-07T00:47:27.122Z,"27 km WSW of Padangsidempuan, Indonesia",earthquake,,10.7,,11,reviewed,us,us
1990-11-17T02:09:24.610Z,-5.83,129.231,222.4,5.1,mb,,,,1.3,us,usp0004h11,2014-11-07T00:47:27.118Z,"263 km SSE of Ambon, Indonesia",earthquake,,15.2,,14,reviewed,us,us
1990-11-16T10:06:49.610Z,2.882,95.823,33,4.9,mb,,,,1.4,us,usp0004h0c,2014-11-07T00:47:27.053Z,"76 km NW of Sinabang, Indonesia",earthquake,,,,8,reviewed,us,us
1990-11-15T17:32:26.230Z,0.43,125.325,33,5,mb,,,,0.7,us,usp0004gzq,2014-11-07T00:47:26.993Z,"107 km SSE of Tondano, Indonesia",earthquake,,,,7,reviewed,us,us
1990-11-15T05:47:22.000Z,3.923,97.349,48.5,5.4,mb,,,,1,us,usp0004gyt,2014-11-07T00:47:26.931Z,"91 km SW of Langsa, Indonesia",earthquake,,10.6,,59,reviewed,us,us
1990-11-15T05:18:45.870Z,3.909,97.291,53.5,5.6,mb,,,,1.1,us,usp0004gys,2022-04-28T19:33:28.434Z,"97 km SW of Langsa, Indonesia",earthquake,,11.8,,55,reviewed,us,us
1990-11-15T04:48:12.220Z,3.982,97.324,30.4,5.8,mb,,,,1.1,us,usp0004gyr,2022-04-28T19:33:27.328Z,"89 km SW of Langsa, Indonesia",earthquake,,12,,70,reviewed,us,us
1990-11-15T02:34:32.400Z,3.908,97.457,48.4,6.7,mw,,,,1.1,us,usp0004gyj,2022-04-28T19:33:25.006Z,"84 km SW of Langsa, Indonesia",earthquake,,,,,reviewed,us,hrv
1990-11-14T22:51:07.920Z,-7.382,128.503,140.1,4.7,mb,,,,1.3,us,usp0004gyc,2014-11-07T00:47:26.801Z,"208 km NE of Lospalos, Timor Leste",earthquake,,44.1,,1,reviewed,us,us
1990-11-13T20:26:20.910Z,-6.948,128.777,74.9,4.6,mb,,,,1.6,us,usp0004gwa,2014-11-07T00:47:26.615Z,"262 km NE of Lospalos, Timor Leste",earthquake,,35.1,,1,reviewed,us,us
1990-11-13T18:58:43.040Z,-6.785,131.683,33,5,mb,,,,1.2,us,usp0004gw6,2014-11-07T00:47:26.601Z,"174 km SW of Tual, Indonesia",earthquake,,,,10,reviewed,us,us
1990-11-13T10:30:00.380Z,-2.445,139.863,33,5.2,mb,,,,1.2,us,usp0004gvk,2014-11-07T00:47:26.549Z,"87 km W of Abepura, Indonesia",earthquake,,,,15,reviewed,us,us
1990-11-12T22:06:01.830Z,-9.99,123.537,33,3.6,mb,,,,1.3,us,usp0004guz,2014-11-07T00:47:26.471Z,"21 km NNW of Kupang, Indonesia",earthquake,,,,1,reviewed,us,us
1990-11-12T07:59:24.490Z,-4.616,131.055,33,4.5,mb,,,,1.2,us,usp0004gte,2014-11-07T00:47:26.253Z,"218 km WNW of Tual, Indonesia",earthquake,,,,2,reviewed,us,us
1990-11-12T04:12:56.260Z,-6.014,130.413,117.5,5.2,mb,,,,1,us,usp0004gt8,2014-11-07T00:47:26.233Z,"262 km W of Tual, Indonesia",earthquake,,14,,15,reviewed,us,us
1990-11-12T02:47:13.880Z,-5.493,128.871,163.7,4.8,mb,,,,1.4,us,usp0004gt6,2014-11-07T00:47:26.228Z,"212 km SSE of Ambon, Indonesia",earthquake,,40.5,,2,reviewed,us,us
1990-11-12T00:51:31.040Z,-9.455,113.813,89.6,4.5,mb,,,,1.6,us,usp0004gt1,2014-11-07T00:47:26.216Z,"122 km SSW of Gambiran Satu, Indonesia",earthquake,,20.7,,2,reviewed,us,us
1990-11-11T15:10:10.140Z,0.317,122.228,130.9,5.1,mb,,,,0.9,us,usp0004gsc,2014-11-07T00:47:26.129Z,"96 km WSW of Gorontalo, Indonesia",earthquake,,15.3,,17,reviewed,us,us
1990-11-10T19:28:24.900Z,-7.354,128.43,136.8,4.9,mb,,,,1,us,usp0004gr9,2014-11-07T00:47:25.938Z,"203 km NE of Lospalos, Timor Leste",earthquake,,10.4,,19,reviewed,us,us
1990-11-10T11:07:46.860Z,-1.664,100.478,80.1,4.9,mb,,,,1.1,us,usp0004gqy,2014-11-07T00:47:25.878Z,"80 km S of Padang, Indonesia",earthquake,,9.9,,11,reviewed,us,us
1990-11-08T14:10:42.240Z,-8.549,108.939,73.6,5.3,mw,,,,1.2,us,usp0004gne,2025-12-19T20:56:11.581Z,"106 km SSW of Kroya, Indonesia",earthquake,,13,,,reviewed,us,hrv
1990-11-08T11:37:33.240Z,2.55,126.649,33,4.9,mb,,,,1.3,us,usp0004gnb,2014-11-07T00:47:25.628Z,"176 km WNW of Tobelo, Indonesia",earthquake,,,,7,reviewed,us,us
1990-11-08T08:46:38.780Z,-4.989,101.768,33,4.6,mb,,,,0.4,us,usp0004gn1,2014-11-07T00:47:25.568Z,"142 km SSW of Bengkulu, Indonesia",earthquake,,,,3,reviewed,us,us
1990-11-08T08:13:47.340Z,-6.608,129.952,33,4,mb,,,,1,us,usp0004gn0,2014-11-07T00:47:25.565Z,"Banda Sea",earthquake,,,,2,reviewed,us,us
1990-11-08T07:06:16.840Z,-9.919,116.511,71.7,5.1,mb,,,,1.1,us,usp0004gmx,2014-11-07T00:47:25.548Z,"136 km S of Praya, Indonesia",earthquake,,15.9,,14,reviewed,us,us
1990-11-08T00:38:42.750Z,-10.912,112.814,63.5,4.8,mb,,,,1.2,us,usp0004gmk,2014-11-07T00:47:25.516Z,"297 km SSW of Kencong, Indonesia",earthquake,,16.5,,8,reviewed,us,us
1990-11-07T17:51:52.780Z,-4.099,140.201,66.8,4.5,mb,,,,1.2,us,usp0004gmd,2014-11-07T00:47:25.465Z,"172 km SSW of Abepura, Indonesia",earthquake,,15.1,,1,reviewed,us,us
1990-11-07T14:36:27.790Z,5.643,125.247,77.8,5.7,mw,,,,1.3,us,usp0004gm7,2022-04-28T19:33:09.585Z,"7 km SSW of Pangyan, Philippines",earthquake,,6.5,,,reviewed,us,hrv
1990-11-06T15:14:41.860Z,-6.618,130.258,33,5,mb,,,,1.4,us,usp0004gk6,2014-11-07T00:47:24.800Z,"296 km WSW of Tual, Indonesia",earthquake,,,,5,reviewed,us,us
1990-11-06T05:46:24.950Z,-8.127,118.023,201.9,5.1,mb,,,,1.1,us,usp0004gjv,2014-11-07T00:47:24.728Z,"66 km NW of Dompu, Indonesia",earthquake,,12.7,,14,reviewed,us,us
1990-11-04T18:26:08.130Z,0.808,125.187,33,5.3,mb,,,,1.1,us,usp0004ghe,2014-11-07T00:47:24.227Z,"62 km SSE of Tondano, Indonesia",earthquake,,,,11,reviewed,us,us
1990-11-04T15:41:38.390Z,-7.088,106.815,87.6,4.2,mb,,,,1.5,us,usp0004gh9,2014-11-07T00:47:24.138Z,"22 km SSW of Sukabumi, Indonesia",earthquake,,25.2,,2,reviewed,us,us
1990-11-03T20:00:20.870Z,-7.475,128.273,139.5,5.4,mb,,,,1,us,usp0004gge,2014-11-07T00:47:23.965Z,"Kepulauan Barat Daya, Indonesia",earthquake,,5.4,,26,reviewed,us,us
1990-11-01T04:03:19.060Z,-6.704,125.636,515.3,5.5,mw,,,,0.9,us,usp0004gdu,2025-12-19T20:56:02.463Z,"202 km N of Metinaro, Timor Leste",earthquake,,5.8,,,reviewed,us,hrv
1990-11-01T03:39:43.900Z,-3.533,139.367,35.3,5.7,mw,,,,1,us,usp0004gds,2022-04-28T19:32:57.080Z,"174 km SW of Abepura, Indonesia",earthquake,,,,,reviewed,us,hrv
1990-10-31T20:53:28.540Z,-8.734,123.973,75.5,5.4,mb,,,,1.2,us,usp0004gde,2014-11-07T00:47:20.149Z,"68 km NW of Pante Makasar, Timor Leste",earthquake,,17.7,,6,reviewed,us,us
1990-10-31T10:05:48.040Z,-7.435,127.872,130.6,4.6,mb,,,,1,us,usp0004gcy,2014-11-07T00:47:19.873Z,"154 km NE of Lospalos, Timor Leste",earthquake,,29.9,,4,reviewed,us,us
1990-10-31T09:20:32.450Z,-6.057,127.802,221.1,4.8,mb,,,,1.3,us,usp0004gct,2014-11-07T00:47:19.860Z,"264 km S of Ambon, Indonesia",earthquake,,22.1,,6,reviewed,us,us
1990-10-31T02:11:52.510Z,-8.738,124.065,49.3,4.8,mb,,,,0.9,us,usp0004gc9,2014-11-07T00:47:19.562Z,"61 km NW of Pante Makasar, Timor Leste",earthquake,,14.6,,9,reviewed,us,us
1990-10-30T11:05:22.950Z,-10.396,124.137,18.9,4.6,mb,,,,0.7,us,usp0004gbd,2014-11-07T00:47:19.476Z,"61 km SSW of Soe, Indonesia",earthquake,,10.7,,8,reviewed,us,us
1990-10-30T07:30:06.510Z,3.796,123.235,550.9,5.4,mw,,,,0.9,us,usp0004gb5,2025-12-19T20:56:19.555Z,"284 km SSW of Maitum, Philippines",earthquake,,4.6,,,reviewed,us,hrv
1990-10-29T23:29:33.930Z,-9.09,108.926,33,4.9,mb,,,,0.9,us,usp0004gav,2014-11-07T00:47:19.429Z,"164 km SSW of Kroya, Indonesia",earthquake,,,,11,reviewed,us,us
1990-10-28T15:57:24.660Z,-7.44,128.379,156.2,5.4,mb,,,,1.1,us,usp0004g90,2022-04-28T19:36:42.025Z,"193 km NE of Lospalos, Timor Leste",earthquake,,5.6,,33,reviewed,us,us
1990-10-28T14:24:54.520Z,-3.833,134.871,33,4.3,mb,,,,0.8,us,usp0004g8u,2014-11-07T00:47:19.258Z,"87 km SW of Nabire, Indonesia",earthquake,,,,1,reviewed,us,us
1990-10-28T11:43:38.010Z,-7.561,129.204,33,4.5,mb,,,,1.2,us,usp0004g8r,2014-11-07T00:47:19.252Z,"265 km ENE of Lospalos, Timor Leste",earthquake,,,,5,reviewed,us,us
1990-10-27T19:16:53.290Z,1.494,99.033,128.8,4.9,mb,,,,1,us,usp0004g84,2014-11-07T00:47:19.186Z,"29 km WNW of Padangsidempuan, Indonesia",earthquake,,13.4,,19,reviewed,us,us
1990-10-27T16:15:49.780Z,-1.031,121.393,70.6,4.4,mb,,,,0.7,us,usp0004g82,2014-11-07T00:47:19.174Z,"81 km ENE of Poso, Indonesia",earthquake,,25.3,,1,reviewed,us,us
1990-10-27T15:07:55.030Z,-0.892,129.148,33,5,mb,,,,1.5,us,usp0004g7z,2014-11-07T00:47:19.163Z,"235 km W of Sorong, Indonesia",earthquake,,,,2,reviewed,us,us
1990-10-27T14:49:00.570Z,-8.451,128.127,62.9,4.4,mb,,,,1.3,us,usp0004g7y,2014-11-07T00:47:19.160Z,"124 km E of Lospalos, Timor Leste",earthquake,,22.2,,4,reviewed,us,us
1990-10-26T23:53:18.440Z,1.145,129.122,33,4.7,mb,,,,1.1,us,usp0004g73,2014-11-07T00:47:18.922Z,"139 km ESE of Tobelo, Indonesia",earthquake,,,,4,reviewed,us,us
1990-10-26T21:07:27.040Z,-9.792,121.736,33,5,mb,,,,1.3,us,usp0004g6z,2014-11-07T00:47:18.912Z,"105 km S of Ende, Indonesia",earthquake,,,,1,reviewed,us,us
1990-10-26T13:40:39.550Z,-8.017,129.473,190.9,5.4,mb,,,,1.4,us,usp0004g6n,2014-11-07T00:47:18.877Z,"278 km ENE of Lospalos, Timor Leste",earthquake,,40.9,,4,reviewed,us,us
1990-10-26T05:25:11.780Z,-9.922,118.186,33,4.4,mb,,,,1.4,us,usp0004g65,2014-11-07T00:47:18.547Z,"156 km SSW of Dompu, Indonesia",earthquake,,,,1,reviewed,us,us
1990-10-26T02:02:22.820Z,-9.759,124.266,10,3.6,mb,,,,1.1,us,usp0004g5y,2014-11-07T00:47:18.532Z,"11 km N of Soe, Indonesia",earthquake,,,,1,reviewed,us,us
1990-10-24T21:47:15.380Z,-6.958,130.999,33,4.9,mb,,,,1.2,us,usp0004g4a,2014-11-07T00:47:18.189Z,"243 km SW of Tual, Indonesia",earthquake,,,,12,reviewed,us,us
1990-10-23T17:26:24.300Z,-5.005,103.199,62.8,4,mb,,,,0.3,us,usp0004g2u,2014-11-07T00:47:18.011Z,"southern Sumatra, Indonesia",earthquake,,18.6,,2,reviewed,us,us
1990-10-22T05:14:52.280Z,-6.032,128.204,269.6,4.7,mb,,,,0.8,us,usp0004g1a,2014-11-07T00:47:17.875Z,"258 km S of Ambon, Indonesia",earthquake,,19.2,,6,reviewed,us,us
1990-10-21T23:19:27.800Z,-3.611,130.915,33,4.4,mb,,,,1.2,us,usp0004g15,2014-11-07T00:47:17.861Z,"223 km E of Amahai, Indonesia",earthquake,,,,1,reviewed,us,us
1990-10-21T22:53:33.610Z,-8.911,123.843,122.3,5.1,mw,,,,1.3,us,usp0004g13,2025-12-19T21:00:06.963Z,"67 km WNW of Pante Makasar, Timor Leste",earthquake,,,,,reviewed,us,hrv
1990-10-21T20:51:45.720Z,0.619,126.631,33,4.9,mb,,,,1.4,us,usp0004g10,2014-11-07T00:47:17.846Z,"85 km WSW of Ternate, Indonesia",earthquake,,,,7,reviewed,us,us
1990-10-21T16:04:22.260Z,-0.413,124.318,33,4.7,mb,,,,1.2,us,usp0004g0n,2014-11-07T00:47:17.805Z,"174 km SE of Gorontalo, Indonesia",earthquake,,,,3,reviewed,us,us
1990-10-21T13:18:46.940Z,-3.075,136.46,33,5.1,mb,,,,1.2,us,usp0004g0f,2014-11-07T00:47:17.771Z,"111 km ENE of Nabire, Indonesia",earthquake,,,,5,reviewed,us,us
1990-10-19T21:04:27.180Z,-9.764,120.762,33,4.4,mb,,,,0.8,us,usp0004fyb,2014-11-07T00:47:17.595Z,"55 km ESE of Waingapu, Indonesia",earthquake,,,,2,reviewed,us,us
1990-10-19T16:41:24.030Z,-3.429,136.143,33,5,mb,,,,1.1,us,usp0004fy1,2014-11-07T00:47:17.578Z,"71 km E of Nabire, Indonesia",earthquake,,,,1,reviewed,us,us
1990-10-19T02:39:05.790Z,-7.139,129.318,98.2,5.1,mb,,,,1.1,us,usp0004fx8,2014-11-07T00:47:17.511Z,"298 km ENE of Lospalos, Timor Leste",earthquake,,12.9,,11,reviewed,us,us
1990-10-18T23:22:22.280Z,-1.897,100.102,68,5.4,mb,,,,1.1,us,usp0004fwu,2022-04-28T19:36:01.413Z,"108 km SSW of Padang, Indonesia",earthquake,,12.7,,23,reviewed,us,us
1990-10-18T03:06:52.330Z,-7.348,129.279,47.6,5.3,mb,,,,0.9,us,usp0004fvs,2014-11-07T00:47:17.346Z,"282 km ENE of Lospalos, Timor Leste",earthquake,,10.5,,16,reviewed,us,us
1990-10-17T01:32:23.530Z,-1.155,128.957,33,4.8,mb,,,,0.6,us,usp0004fum,2014-11-07T00:47:17.182Z,"241 km N of Amahai, Indonesia",earthquake,,,,2,reviewed,us,us
1990-10-16T23:28:13.650Z,-1.663,134.502,33,4.5,mb,,,,1.2,us,usp0004fug,2014-11-07T00:47:17.173Z,"101 km SSE of Manokwari, Indonesia",earthquake,,,,3,reviewed,us,us
1990-10-15T19:50:24.060Z,-10.047,114.607,70.3,5.4,mw,,,,1.4,us,usp0004ft6,2025-12-19T21:00:03.020Z,"151 km SSW of Jimbaran, Indonesia",earthquake,,11.2,,,reviewed,us,hrv
1990-10-15T11:46:38.980Z,-7.202,122.996,544.8,5,mb,,,,1,us,usp0004ft0,2014-11-07T00:47:16.996Z,"179 km NNE of Maumere, Indonesia",earthquake,,7.8,,16,reviewed,us,us
1990-10-14T07:01:27.810Z,-6.414,130.734,133.6,4.5,mb,,,,1.4,us,usp0004frd,2014-11-07T00:47:16.791Z,"239 km WSW of Tual, Indonesia",earthquake,,29.3,,2,reviewed,us,us
1990-10-13T20:15:13.910Z,4.282,95.3,76.1,5,mb,,,,0.9,us,usp0004fqh,2014-11-07T00:47:16.688Z,"93 km W of Meulaboh, Indonesia",earthquake,,11.1,,12,reviewed,us,us
1990-10-12T23:46:50.740Z,-7.743,119.209,133.2,4.3,mb,,,,0.9,us,usp0004fp7,2014-11-07T00:47:16.563Z,"95 km NE of Bima, Indonesia",earthquake,,40.5,,3,reviewed,us,us
1990-10-11T23:51:59.220Z,3.523,123.95,421.6,4.5,mb,,,,0.6,us,usp0004fn7,2014-11-07T00:47:16.429Z,"246 km NNW of Manado, Indonesia",earthquake,,20.3,,6,reviewed,us,us
1990-10-10T07:45:07.950Z,-1.602,99.479,57,5.2,mb,,,,1,us,usp0004fkc,2014-11-07T00:47:16.209Z,"121 km SW of Padang, Indonesia",earthquake,,,,17,reviewed,us,us
1990-10-10T01:59:55.810Z,5.452,126.053,135.9,4.5,mb,,,,1.1,us,usp0004fk2,2014-11-07T00:47:16.103Z,"65 km E of Sarangani, Philippines",earthquake,,30.7,,3,reviewed,us,us
1990-10-10T01:01:32.300Z,-4.769,126.82,31.6,5.2,mb,,,,1.2,us,usp0004fk0,2014-11-07T00:47:16.094Z,"192 km SW of Ambon, Indonesia",earthquake,,10.1,,13,reviewed,us,us
1990-10-09T18:05:10.150Z,-3.551,100.83,25.3,5.4,mw,,,,1.1,us,usp0004fjp,2022-04-28T19:35:10.328Z,"161 km W of Bengkulu, Indonesia",earthquake,,,,,reviewed,us,hrv
1990-10-08T19:23:32.140Z,-8.671,119.73,189.6,4.4,mb,,,,1.3,us,usp0004fh2,2014-11-07T00:47:15.798Z,"25 km SW of Labuan Bajo, Indonesia",earthquake,,16.1,,5,reviewed,us,us
1990-10-08T17:00:06.980Z,-9.231,110.783,92,5,mb,,,,1.1,us,usp0004fgy,2014-11-07T00:47:15.786Z,"149 km SSE of Pundong, Indonesia",earthquake,,20,,9,reviewed,us,us
1990-10-06T07:20:11.040Z,5.224,126.399,33,4.7,mb,,,,1.2,us,usp0004fdz,2014-11-07T00:47:14.576Z,"105 km E of Sarangani, Philippines",earthquake,,,,4,reviewed,us,us
1990-10-05T08:43:29.710Z,2.924,96.324,50.2,4.7,mb,,,,1.1,us,usp0004fcq,2014-11-07T00:47:13.777Z,"49 km N of Sinabang, Indonesia",earthquake,,12.4,,9,reviewed,us,us
1990-10-04T20:57:14.970Z,2.089,126.691,68.4,5.1,mb,,,,1.1,us,usp0004fc2,2014-11-07T00:47:13.648Z,"152 km WNW of Tobelo, Indonesia",earthquake,,13.4,,13,reviewed,us,us
1990-10-04T09:23:27.740Z,0.314,125.838,50,4.9,mb,,,,1,us,usp0004fbn,2014-11-07T00:47:13.581Z,"150 km SE of Tondano, Indonesia",earthquake,,14.3,,12,reviewed,us,us
1990-10-02T13:27:06.160Z,3.734,95.793,59.9,5,mb,,,,1.1,us,usp0004f9h,2014-11-07T00:47:12.596Z,"58 km SW of Meulaboh, Indonesia",earthquake,,,,9,reviewed,us,us
1990-10-01T11:50:56.050Z,-7.072,106.494,53.5,4.7,mb,,,,1.3,us,usp0004f89,2014-11-07T00:47:11.326Z,"11 km SW of Pelabuhanratu, Indonesia",earthquake,,,,7,reviewed,us,us
1990-09-29T11:16:10.920Z,-8.701,122.385,33,5,mb,,,,1.2,us,usp0004f5v,2014-11-07T00:47:08.692Z,"21 km ESE of Maumere, Indonesia",earthquake,,,,13,reviewed,us,us
1990-09-28T03:51:00.050Z,-2.559,118.992,33,4.8,mb,,,,0.8,us,usp0004f4s,2014-11-07T00:47:08.501Z,"17 km NE of Mamuju, Indonesia",earthquake,,,,4,reviewed,us,us
1990-09-27T12:59:28.690Z,-6.103,127.933,101,4.4,mb,,,,1.4,us,usp0004f44,2014-11-07T00:47:08.435Z,"267 km S of Ambon, Indonesia",earthquake,,49.1,,2,reviewed,us,us
1990-09-26T18:54:51.260Z,-10.497,124.407,52.3,4.8,mb,,,,1.1,us,usp0004f36,2014-11-07T00:47:08.350Z,"71 km S of Soe, Indonesia",earthquake,,22.3,,6,reviewed,us,us
1990-09-26T13:24:18.920Z,-3.989,102.385,58.6,5,mw,,,,1,us,usp0004f2w,2025-12-19T21:00:35.433Z,"24 km SSE of Bengkulu, Indonesia",earthquake,,,,,reviewed,us,hrv
1990-09-26T12:47:14.660Z,-5.456,102.271,46.3,5.3,mb,,,,1,us,usp0004f2u,2014-11-07T00:47:08.294Z,"183 km S of Bengkulu, Indonesia",earthquake,,30.4,,3,reviewed,us,us
1990-09-26T07:44:31.430Z,-6.278,124.294,33,5.2,mb,,,,0.9,us,usp0004f2p,2014-11-07T00:47:08.283Z,"246 km SE of Katabu, Indonesia",earthquake,,,,8,reviewed,us,us
1990-09-25T16:23:04.010Z,3.727,128.773,33,4.5,mb,,,,0.4,us,usp0004f25,2014-11-07T00:47:08.241Z,"236 km NNE of Tobelo, Indonesia",earthquake,,,,3,reviewed,us,us
1990-09-25T09:57:17.280Z,-0.527,125.64,33,4.8,mb,,,,1.2,us,usp0004f1w,2014-11-07T00:47:08.205Z,"218 km SSE of Tondano, Indonesia",earthquake,,,,5,reviewed,us,us
1990-09-25T07:17:26.300Z,-7.779,128.962,140.3,4.3,mb,,,,0.5,us,usp0004f1n,2014-11-07T00:47:08.192Z,"231 km ENE of Lospalos, Timor Leste",earthquake,,53.5,,1,reviewed,us,us
1990-09-25T02:36:27.300Z,-7.615,119.463,284,5,mb,,,,1.2,us,usp0004f1e,2014-11-07T00:47:08.153Z,"107 km N of Komodo, Indonesia",earthquake,,24.6,,4,reviewed,us,us
1990-09-24T07:04:12.010Z,2.432,128.576,231.5,4.9,mb,,,,1.1,us,usp0004f0t,2014-11-07T00:47:08.099Z,"100 km NE of Tobelo, Indonesia",earthquake,,10.8,,11,reviewed,us,us
1990-09-24T05:03:56.270Z,-3.578,127.191,33,5.3,mb,,,,0.6,us,usp0004f0q,2014-11-07T00:47:08.094Z,"111 km W of Ambon, Indonesia",earthquake,,,,4,reviewed,us,us
1990-09-23T20:33:49.730Z,-6.726,130.373,33,6.5,ms,,,,1.1,us,usp0004ezz,2014-11-07T00:47:07.959Z,"289 km WSW of Tual, Indonesia",earthquake,,,,1,reviewed,us,us
1990-09-22T13:36:09.920Z,-2.563,121.86,33,4.2,mb,,,,0.4,us,usp0004eyr,2014-11-07T00:47:07.830Z,"Sulawesi, Indonesia",earthquake,,,,1,reviewed,us,us
1990-09-22T07:13:01.420Z,-6.223,124.287,35.5,5.2,mb,,,,1.1,us,usp0004eyh,2014-11-07T00:47:07.813Z,"242 km SE of Katabu, Indonesia",earthquake,,11,,13,reviewed,us,us
1990-09-21T14:51:52.060Z,-6.282,103.436,33,4.9,mb,,,,1.4,us,usp0004exx,2014-11-07T00:47:07.761Z,"223 km WSW of Bandar Lampung, Indonesia",earthquake,,,,4,reviewed,us,us
1990-09-21T08:58:00.120Z,-0.637,119.669,77.8,4.7,mb,,,,1.2,us,usp0004exq,2014-11-07T00:47:07.742Z,"37 km NW of Palu, Indonesia",earthquake,,26.5,,2,reviewed,us,us
1990-09-20T02:43:40.670Z,-3.234,138.525,40.9,5,mb,,,,1.4,us,usp0004ew8,2014-11-07T00:47:07.608Z,"244 km WSW of Abepura, Indonesia",earthquake,,15.7,,4,reviewed,us,us
1990-09-18T20:58:46.990Z,-8.205,121.854,53.1,4.9,mb,,,,1.3,us,usp0004ev7,2014-11-07T00:47:07.530Z,"60 km NW of Maumere, Indonesia",earthquake,,16.7,,9,reviewed,us,us
1990-09-18T15:48:51.910Z,-6.853,129.015,200.3,5,mb,,,,0.9,us,usp0004euz,2014-11-07T00:47:07.514Z,"289 km NE of Lospalos, Timor Leste",earthquake,,11.3,,2,reviewed,us,us
1990-09-18T12:31:03.330Z,0.453,126.101,62.6,4.6,mb,,,,1,us,usp0004eux,2014-11-07T00:47:07.510Z,"147 km WSW of Ternate, Indonesia",earthquake,,18,,3,reviewed,us,us
1990-09-18T05:37:35.130Z,0.129,123.111,122.7,4.6,mb,,,,0.6,us,usp0004eut,2014-11-07T00:47:07.505Z,"45 km S of Gorontalo, Indonesia",earthquake,,44.7,,2,reviewed,us,us
1990-09-17T18:41:54.730Z,5.648,124.729,42.1,5.2,mb,,,,0.8,us,usp0004euc,2014-11-07T00:47:07.440Z,"28 km SSW of Katubao, Philippines",earthquake,,11.4,,11,reviewed,us,us
1990-09-17T11:57:24.110Z,-5.917,103.796,59,5.8,mw,,,,1,us,usp0004eu2,2022-04-28T19:38:20.079Z,"170 km SW of Kotabumi, Indonesia",earthquake,,,,,reviewed,us,hrv
1990-09-17T10:06:29.520Z,-2.435,127.77,33,4.7,mb,,,,0.9,us,usp0004ety,2014-11-07T00:47:07.334Z,"146 km NNW of Ambon, Indonesia",earthquake,,,,1,reviewed,us,us
1990-09-16T10:54:58.540Z,-7.015,124.913,546.5,5,mb,,,,0.8,us,usp0004esx,2014-11-07T00:47:07.245Z,"179 km N of Maubara, Timor Leste",earthquake,,11.8,,5,reviewed,us,us
1990-09-16T09:42:32.310Z,-5.348,133.72,33,4.5,mb,,,,1.4,us,usp0004est,2014-11-07T00:47:07.238Z,"111 km ENE of Tual, Indonesia",earthquake,,,,2,reviewed,us,us
1990-09-16T03:04:13.580Z,-0.151,122.867,169.3,4.6,mb,,,,0.6,us,usp0004ese,2014-11-07T00:47:07.199Z,"79 km SSW of Gorontalo, Indonesia",earthquake,,29,,2,reviewed,us,us
1990-09-15T19:22:52.840Z,-5.205,133.816,30.1,5.3,mw,,,,1.4,us,usp0004es2,2025-12-19T21:00:31.507Z,"126 km ENE of Tual, Indonesia",earthquake,,,,,reviewed,us,hrv
1990-09-15T07:15:52.350Z,-2.766,139.512,33,4.9,mb,,,,1.7,us,usp0004erf,2014-11-07T00:47:07.081Z,"125 km W of Abepura, Indonesia",earthquake,,,,1,reviewed,us,us
1990-09-12T09:42:27.300Z,4.306,96.46,33,5,mb,,,,0.7,us,usp0004emj,2014-11-07T00:47:06.653Z,"41 km ENE of Meulaboh, Indonesia",earthquake,,,,4,reviewed,us,us
1990-09-12T06:20:33.280Z,1.11,100.354,237.2,4.2,mb,,,,1.2,us,usp0004emb,2014-11-07T00:47:06.639Z,"104 km W of Balaipungut, Indonesia",earthquake,,41.1,,3,reviewed,us,us
1990-09-12T00:39:24.260Z,-0.478,98.315,33,5.2,mw,,,,1.3,us,usp0004em0,2022-04-28T19:37:41.177Z,"201 km W of Pariaman, Indonesia",earthquake,,,,,reviewed,us,hrv
1990-09-11T15:26:10.730Z,-3.528,101.638,65.3,5.1,mb,,,,0.8,us,usp0004ekh,2014-11-07T00:47:06.562Z,"75 km WNW of Bengkulu, Indonesia",earthquake,,13.2,,9,reviewed,us,us
1990-09-11T07:58:12.180Z,1.216,123.981,33,4.3,mb,,,,1.2,us,usp0004ek6,2014-11-07T00:47:06.505Z,"92 km W of Tomohon, Indonesia",earthquake,,,,2,reviewed,us,us
1990-09-11T05:20:45.250Z,-6.885,126.705,439.4,4.8,mb,,,,0.8,us,usp0004ek3,2014-11-07T00:47:06.497Z,"178 km N of Baukau, Timor Leste",earthquake,,15.9,,10,reviewed,us,us
1990-09-09T22:29:27.400Z,1.126,123.006,33.7,5.7,mw,,,,1.3,us,usp0004eh7,2022-04-28T19:37:29.525Z,"65 km N of Gorontalo, Indonesia",earthquake,,,,,reviewed,us,hrv
1990-09-09T03:45:03.220Z,0.505,126.124,33,4.5,mb,,,,0.7,us,usp0004eg6,2014-11-07T00:47:06.041Z,"143 km WSW of Ternate, Indonesia",earthquake,,,,5,reviewed,us,us
1990-09-09T03:16:49.860Z,2.891,99.012,184.8,4.8,mb,,,,1.2,us,usp0004eg4,2014-11-07T00:47:06.034Z,"9 km SW of Pematangsiantar, Indonesia",earthquake,,10.4,,9,reviewed,us,us
1990-09-08T16:11:40.000Z,-7.459,130.233,159,4.3,mb,,,,1.3,us,usp0004efc,2014-11-07T00:47:05.708Z,"Pulau Pulau Tanimbar, Indonesia",earthquake,,14,,2,reviewed,us,us
1990-09-08T15:25:53.800Z,-6.877,107.008,168.9,4.2,mb,,,,0.7,us,usp0004ef9,2014-11-07T00:47:05.700Z,"10 km ENE of Sukabumi, Indonesia",earthquake,,24.3,,4,reviewed,us,us
1990-09-08T12:11:23.790Z,-6.788,106.178,115.6,5.1,mb,,,,1.2,us,usp0004ef1,2014-11-07T00:47:05.672Z,"46 km WNW of Pelabuhanratu, Indonesia",earthquake,,14.2,,34,reviewed,us,us
1990-09-08T09:56:30.810Z,-0.037,123.064,246.3,4.7,mb,,,,1.4,us,usp0004eex,2014-11-07T00:47:05.659Z,"63 km S of Gorontalo, Indonesia",earthquake,,16.3,,14,reviewed,us,us
1990-09-08T03:14:24.720Z,-7.701,128.044,125,4.2,mb,,,,1.4,us,usp0004eek,2014-11-07T00:47:05.631Z,"146 km NE of Lospalos, Timor Leste",earthquake,,25.5,,5,reviewed,us,us
1990-09-07T19:06:34.400Z,0.789,123.788,187.9,4.7,mb,,,,0.8,us,usp0004ee6,2014-11-07T00:47:05.596Z,"85 km ENE of Gorontalo, Indonesia",earthquake,,32.9,,8,reviewed,us,us
1990-09-07T18:05:26.020Z,-1.078,124.582,59.4,5.4,mw,,,,1.2,us,usp0004ee4,2025-12-19T21:00:22.452Z,"200 km E of Luwuk, Indonesia",earthquake,,3.1,,,reviewed,us,hrv
1990-09-07T12:32:18.620Z,-4.127,135.36,33,4.6,mb,,,,1.2,us,usp0004edn,2014-11-07T00:47:05.495Z,"86 km S of Nabire, Indonesia",earthquake,,,,4,reviewed,us,us
1990-09-06T19:51:26.810Z,-6.717,124.829,590.3,4.6,mb,,,,0.6,us,usp0004ecw,2014-11-07T00:47:05.363Z,"213 km N of Maubara, Timor Leste",earthquake,,34.3,,8,reviewed,us,us
1990-09-06T16:20:11.020Z,-2.629,133.971,33,4.8,mb,,,,1.4,us,usp0004ecr,2014-11-07T00:47:05.340Z,"188 km WNW of Nabire, Indonesia",earthquake,,,,9,reviewed,us,us
1990-09-04T20:22:03.720Z,2.296,126.634,96.6,4.5,mb,,,,1.4,us,usp0004ean,2014-11-07T00:47:04.795Z,"165 km WNW of Tobelo, Indonesia",earthquake,,22.8,,8,reviewed,us,us
1990-09-04T13:26:47.630Z,-1.669,136.219,33,4.5,mb,,,,1.1,us,usp0004eaa,2014-11-07T00:47:04.680Z,"56 km SSE of Biak, Indonesia",earthquake,,,,5,reviewed,us,us
1990-09-03T18:50:24.880Z,2.18,125.847,198.4,4.9,mb,,,,0.4,us,usp0004e9f,2014-11-07T00:47:04.494Z,"123 km NE of Laikit, Laikit II (Dimembe), Indonesia",earthquake,,7.8,,8,reviewed,us,us
1990-09-02T16:16:31.230Z,2.694,125.912,98.3,4.7,mb,,,,1.2,us,usp0004e7t,2014-11-07T00:47:04.004Z,"169 km NE of Laikit, Laikit II (Dimembe), Indonesia",earthquake,,19.6,,8,reviewed,us,us
1990-09-02T11:37:52.300Z,-3.39,129.76,33,4.1,mb,,,,1.2,us,usp0004e7b,2014-11-07T00:47:03.844Z,"93 km E of Amahai, Indonesia",earthquake,,,,4,reviewed,us,us
1990-09-02T09:18:36.250Z,-6.069,133.801,33,4.4,mb,,,,1.4,us,usp0004e75,2014-11-07T00:47:03.759Z,"125 km ESE of Tual, Indonesia",earthquake,,,,3,reviewed,us,us
1990-09-02T02:54:59.890Z,-0.118,123.121,146.7,4.9,mb,,,,1.1,us,usp0004e6p,2014-11-07T00:47:03.286Z,"Sulawesi, Indonesia",earthquake,,19.7,,18,reviewed,us,us
1990-09-01T13:42:36.510Z,4.637,127.842,68.8,4.8,mb,,,,1,us,usp0004e61,2014-11-07T00:47:02.639Z,"Pulau-Pulau Talaud, Indonesia",earthquake,,10.4,,14,reviewed,us,us
1990-09-01T10:00:45.350Z,2.73,126.319,59.3,4.8,mb,,,,1.2,us,usp0004e5x,2014-11-07T00:47:02.543Z,"203 km NE of Laikit, Laikit II (Dimembe), Indonesia",earthquake,,18,,17,reviewed,us,us
1990-08-31T18:29:15.280Z,-3.883,126.261,33,4.7,mb,,,,1,us,usp0004e5a,2014-11-07T00:47:00.907Z,"214 km W of Ambon, Indonesia",earthquake,,,,4,reviewed,us,us
1990-08-31T08:05:12.690Z,-3.881,127.644,33,5.1,mb,,,,1.4,us,usp0004e4q,2014-11-07T00:47:00.854Z,"63 km WSW of Ambon, Indonesia",earthquake,,,,7,reviewed,us,us
1990-08-31T03:24:31.560Z,-6.984,106.37,33,4.9,mb,,,,1.5,us,usp0004e4e,2014-11-07T00:47:00.834Z,"20 km W of Pelabuhanratu, Indonesia",earthquake,,,,4,reviewed,us,us
1990-08-31T01:01:36.750Z,-3.079,131.115,33,4.6,mb,,,,1.1,us,usp0004e48,2014-11-07T00:47:00.827Z,"243 km S of Sorong, Indonesia",earthquake,,,,4,reviewed,us,us
1990-08-30T17:11:28.780Z,3.134,125.419,191.5,4.9,mb,,,,1.2,us,usp0004e3t,2014-11-07T00:47:00.679Z,"188 km NNE of Laikit, Laikit II (Dimembe), Indonesia",earthquake,,,,21,reviewed,us,us
1990-08-29T18:07:18.010Z,2.586,128.659,33,5,mb,,,,1.4,us,usp0004e28,2014-11-07T00:47:00.423Z,"119 km NE of Tobelo, Indonesia",earthquake,,,,15,reviewed,us,us
1990-08-28T16:20:43.880Z,-2.906,126.596,66.1,4.6,mb,,,,0.7,us,usp0004e0x,2014-11-07T00:47:00.309Z,"196 km WNW of Ambon, Indonesia",earthquake,,14.8,,3,reviewed,us,us
1990-08-28T05:29:52.360Z,-6.157,132.312,33,4.4,mb,,,,1.4,us,usp0004e03,2014-11-07T00:47:00.244Z,"76 km SW of Tual, Indonesia",earthquake,,,,2,reviewed,us,us
1990-08-27T22:20:39.500Z,3.843,122.569,607.5,4.8,mb,,,,0.9,us,usp0004dzg,2014-11-07T00:47:00.099Z,"252 km SSE of Tabiauan, Philippines",earthquake,,18.2,,10,reviewed,us,us
1990-08-27T16:02:37.950Z,-6.725,125.391,515,5,mb,,,,0.5,us,usp0004dz6,2014-11-07T00:47:00.077Z,"203 km N of Metinaro, Timor Leste",earthquake,,,,3,reviewed,us,us
1990-08-27T15:17:12.030Z,-6.87,125.452,506.4,5.9,mw,,,,0.9,us,usp0004dz3,2022-04-28T19:41:47.772Z,"186 km N of Metinaro, Timor Leste",earthquake,,,,,reviewed,us,hrv
1990-08-27T05:40:11.870Z,1.297,123.448,33,5,mb,,,,0.8,us,usp0004dyk,2014-11-07T00:46:59.818Z,"94 km NNE of Gorontalo, Indonesia",earthquake,,,,3,reviewed,us,us
1990-08-27T04:12:59.510Z,0.48,126.203,63.1,5,ms,,,,1.4,us,usp0004dyc,2014-11-07T00:46:59.655Z,"135 km WSW of Ternate, Indonesia",earthquake,,19.1,,1,reviewed,us,us
1990-08-27T01:53:33.700Z,3.453,126.44,33,4.9,mb,,,,1,us,usp0004dxy,2014-11-07T00:46:59.620Z,"241 km SSE of Sarangani, Philippines",earthquake,,,,14,reviewed,us,us
1990-08-26T23:13:33.690Z,-9.196,110.764,33,5.3,mb,,,,1,us,usp0004dxh,2022-04-28T19:41:40.563Z,"144 km SSE of Pundong, Indonesia",earthquake,,,,29,reviewed,us,us
1990-08-26T22:35:26.200Z,-4.62,103.105,116.9,4.7,mb,,,,0.8,us,usp0004dxg,2014-11-07T00:46:59.567Z,"67 km SSW of Pagar Alam, Indonesia",earthquake,,15.8,,12,reviewed,us,us
1990-08-26T18:52:24.190Z,-3.405,135.668,33,5,mb,,,,1.3,us,usp0004dxa,2014-11-07T00:46:59.544Z,"19 km ESE of Nabire, Indonesia",earthquake,,,,4,reviewed,us,us
1990-08-26T12:22:47.090Z,-3.891,130.418,33,3.6,mb,,,,0.7,us,usp0004dwz,2014-11-07T00:46:59.512Z,"177 km ESE of Amahai, Indonesia",earthquake,,,,2,reviewed,us,us
1990-08-26T05:16:39.850Z,-9.152,110.765,33,5.5,mw,,,,1.1,us,usp0004dwq,2025-12-19T21:00:59.693Z,"140 km SSE of Pundong, Indonesia",earthquake,,,,,reviewed,us,hrv
1990-08-25T15:47:53.890Z,0.525,126.084,11.3,6.4,mw,,,,1.1,us,usp0004dw9,2022-04-28T19:41:29.274Z,"147 km WSW of Ternate, Indonesia",earthquake,,,,,reviewed,us,hrv
1990-08-25T07:42:52.340Z,-4.035,127.484,214,4.6,mb,,,,0.8,us,usp0004dvg,2014-11-07T00:46:59.264Z,"Banda Sea",earthquake,,12,,6,reviewed,us,us
1990-08-25T00:33:59.820Z,-9.708,116.683,33,3.8,mb,,,,1.4,us,usp0004dv6,2014-11-07T00:46:59.221Z,"119 km SSE of Praya, Indonesia",earthquake,,,,2,reviewed,us,us
1990-08-24T07:23:57.350Z,-8.154,129.292,166.5,4.3,mb,,,,1,us,usp0004du8,2014-11-07T00:46:58.988Z,"Kepulauan Babar, Indonesia",earthquake,,48.8,,3,reviewed,us,us
1990-08-24T05:29:33.630Z,-9.385,121.875,33,3.8,mb,,,,1.5,us,usp0004du4,2014-11-07T00:46:58.979Z,"64 km SSE of Ende, Indonesia",earthquake,,,,2,reviewed,us,us
1990-08-23T16:11:09.910Z,-2.009,137.597,33,4.5,mb,,,,1.3,us,usp0004dtf,2014-11-07T00:46:58.918Z,"192 km ESE of Biak, Indonesia",earthquake,,,,2,reviewed,us,us
1990-08-23T12:45:52.690Z,-6.13,131.705,33,4.8,mb,,,,1.4,us,usp0004dta,2014-11-07T00:46:58.909Z,"128 km WSW of Tual, Indonesia",earthquake,,,,8,reviewed,us,us
1990-08-23T12:12:06.830Z,-8.273,108.345,69,4.5,mb,,,,0.8,us,usp0004dt9,2014-11-07T00:46:58.906Z,"99 km S of Kawalu, Indonesia",earthquake,,15.4,,10,reviewed,us,us
1990-08-22T22:31:48.900Z,2.953,127.271,33,5.2,mb,,,,0.8,us,usp0004dst,2014-11-07T00:46:58.847Z,"158 km NNW of Tobelo, Indonesia",earthquake,,,,6,reviewed,us,us
1990-08-22T17:18:49.870Z,3.585,124.562,334.1,5.2,mw,,,,1.1,us,usp0004dsj,2025-12-19T21:00:57.316Z,"224 km SSW of Sarangani, Philippines",earthquake,,6.8,,,reviewed,us,hrv
1990-08-22T03:25:26.670Z,1.059,123.434,33,5.1,mb,,,,0.9,us,usp0004drr,2014-11-07T00:46:58.774Z,"70 km NE of Gorontalo, Indonesia",earthquake,,,,15,reviewed,us,us
1990-08-22T01:23:51.970Z,2.464,126.564,33,4.8,mb,,,,1.2,us,usp0004drk,2014-11-07T00:46:58.762Z,"180 km WNW of Tobelo, Indonesia",earthquake,,,,10,reviewed,us,us
1990-08-21T15:41:55.530Z,-5.581,133.405,33,4.6,mb,,,,1.5,us,usp0004dqx,2014-11-07T00:46:58.533Z,"72 km E of Tual, Indonesia",earthquake,,,,5,reviewed,us,us
1990-08-21T12:57:41.110Z,-3.453,130.148,33,4.3,mb,,,,1.1,us,usp0004dqu,2014-11-07T00:46:58.491Z,"137 km E of Amahai, Indonesia",earthquake,,,,3,reviewed,us,us
1990-08-20T16:16:27.310Z,-8.149,129.713,33,4.4,mb,,,,1.5,us,usp0004dpm,2014-11-07T00:46:58.374Z,"Kepulauan Babar, Indonesia",earthquake,,,,2,reviewed,us,us
1990-08-20T13:20:53.540Z,-4.477,125.721,33,4.8,mb,,,,1.4,us,usp0004dpb,2014-11-07T00:46:58.332Z,"286 km WSW of Ambon, Indonesia",earthquake,,,,5,reviewed,us,us
1990-08-19T18:03:36.900Z,-9.682,120.754,33,4.4,mb,,,,0.9,us,usp0004dnc,2014-11-07T00:46:58.181Z,"53 km E of Waingapu, Indonesia",earthquake,,,,4,reviewed,us,us
1990-08-19T07:25:56.950Z,-9.736,127.809,241.1,4.2,mb,,,,1,us,usp0004dmm,2014-11-07T00:46:58.112Z,"161 km SSE of Lospalos, Timor Leste",earthquake,,28.6,,1,reviewed,us,us
1990-08-18T22:33:46.510Z,-6.223,130.071,101.9,4.5,mb,,,,1.2,us,usp0004dm0,2014-11-07T00:46:58.071Z,"Banda Sea",earthquake,,35.7,,3,reviewed,us,us
1990-08-18T18:24:44.580Z,-8.626,128.724,183.9,4.6,mb,,,,1.2,us,usp0004dkq,2014-11-07T00:46:57.814Z,"190 km E of Lospalos, Timor Leste",earthquake,,38.1,,3,reviewed,us,us
1990-08-18T03:35:02.660Z,-8.398,118.115,33,4.8,mb,,,,0.9,us,usp0004djr,2014-11-07T00:46:57.678Z,"41 km WNW of Dompu, Indonesia",earthquake,,,,4,reviewed,us,us
1990-08-17T19:20:18.040Z,2.748,126.957,67,4.5,mb,,,,1.1,us,usp0004dja,2014-11-07T00:46:57.596Z,"162 km NW of Tobelo, Indonesia",earthquake,,32.6,,5,reviewed,us,us
1990-08-17T18:50:57.010Z,-8.357,118.266,33,4.6,mb,,,,1,us,usp0004dj9,2014-11-07T00:46:57.594Z,"29 km NW of Dompu, Indonesia",earthquake,,,,3,reviewed,us,us
1990-08-17T02:56:06.070Z,3.386,122.537,560,5.2,mb,,,,0.9,us,usp0004dh5,2014-11-07T00:46:57.166Z,"297 km SE of Latung, Philippines",earthquake,,5.3,,26,reviewed,us,us
1990-08-16T19:05:02.830Z,0.739,126.753,10,4.4,mb,,,,1.1,us,usp0004dgh,2014-11-07T00:46:57.091Z,"70 km W of Ternate, Indonesia",earthquake,,,,4,reviewed,us,us
1990-08-16T17:38:17.850Z,-7.474,128.6,162.6,4.3,mb,,,,1.4,us,usp0004dge,2014-11-07T00:46:57.082Z,"211 km ENE of Lospalos, Timor Leste",earthquake,,45.3,,1,reviewed,us,us
1990-08-16T14:26:11.620Z,4.289,95.448,86.6,4.9,mb,,,,0.9,us,usp0004dg6,2014-11-07T00:46:57.064Z,"77 km WNW of Meulaboh, Indonesia",earthquake,,12.4,,26,reviewed,us,us
1990-08-16T07:54:37.720Z,-2.522,140.456,10,4.9,mb,,,,1.1,us,usp0004dfp,2014-11-07T00:46:57.027Z,"21 km WNW of Abepura, Indonesia",earthquake,,,,8,reviewed,us,us
1990-08-16T04:41:53.380Z,-5.167,130.423,63.6,5.2,mb,,,,1,us,usp0004dff,2014-11-07T00:46:56.977Z,"262 km SE of Amahai, Indonesia",earthquake,,14.7,,22,reviewed,us,us
1990-08-16T04:04:55.310Z,3.156,128.508,92.8,4.8,mb,,,,0.8,us,usp0004dfd,2014-11-07T00:46:56.964Z,"167 km NNE of Tobelo, Indonesia",earthquake,,22.1,,6,reviewed,us,us
1990-08-15T22:58:44.020Z,3.901,95.097,33,4.8,mb,,,,1.1,us,usp0004dez,2014-11-07T00:46:56.914Z,"117 km WSW of Meulaboh, Indonesia",earthquake,,,,7,reviewed,us,us
1990-08-15T02:55:18.270Z,-3.173,130.307,33,4.4,mb,,,,1.1,us,usp0004ddv,2014-11-07T00:46:56.647Z,"155 km E of Amahai, Indonesia",earthquake,,,,2,reviewed,us,us
1990-08-14T16:09:57.420Z,-10.456,123.956,33,4.7,mb,,,,1.1,us,usp0004dd6,2014-11-07T00:46:56.591Z,"49 km SE of Kupang, Indonesia",earthquake,,,,8,reviewed,us,us
1990-08-14T10:35:45.030Z,-5.419,131.382,33,4.6,mb,,,,1.7,us,usp0004dcr,2014-11-07T00:46:56.508Z,"153 km W of Tual, Indonesia",earthquake,,,,3,reviewed,us,us
1990-08-14T06:47:18.310Z,1.902,127.365,33,4.9,mb,,,,1.1,us,usp0004dce,2014-11-07T00:46:56.488Z,"74 km WNW of Tobelo, Indonesia",earthquake,,,,9,reviewed,us,us
1990-08-14T00:26:26.790Z,-4.068,102.014,33,4.6,mb,,,,0.9,us,usp0004dc3,2014-11-07T00:46:56.389Z,"40 km SW of Bengkulu, Indonesia",earthquake,,,,2,reviewed,us,us
1990-08-13T16:12:33.380Z,1.371,123.377,37.4,4.9,mb,,,,1,us,usp0004dbp,2014-11-07T00:46:56.326Z,"98 km NNE of Gorontalo, Indonesia",earthquake,,11.7,,13,reviewed,us,us
1990-08-13T16:07:49.620Z,1.599,123.795,45.9,4.5,mb,,,,1.3,us,usp0004dbn,2014-11-07T00:46:56.324Z,"116 km WNW of Tomohon, Indonesia",earthquake,,18.6,,4,reviewed,us,us
1990-08-12T00:09:30.110Z,-6.05,130.479,128.8,5.2,mb,,,,0.9,us,usp0004d97,2014-11-07T00:46:55.950Z,"256 km W of Tual, Indonesia",earthquake,,,,20,reviewed,us,us
1990-08-11T11:16:41.130Z,1.435,123.527,57.9,4.1,ms,,,,1.1,us,usp0004d8m,2014-11-07T00:46:55.896Z,"111 km NNE of Gorontalo, Indonesia",earthquake,,50.8,,1,reviewed,us,us
1990-08-11T04:55:13.510Z,1.372,123.172,33,4.4,mb,,,,1.2,us,usp0004d7z,2014-11-07T00:46:55.839Z,"93 km N of Gorontalo, Indonesia",earthquake,,,,2,reviewed,us,us
1990-08-11T02:45:18.140Z,-6.106,130.479,120.2,5.1,mb,,,,1,us,usp0004d7r,2014-11-07T00:46:55.796Z,"257 km WSW of Tual, Indonesia",earthquake,,13.1,,14,reviewed,us,us
1990-08-10T17:18:18.320Z,0.507,126.352,33,4.4,mb,,,,1,us,usp0004d78,2014-11-07T00:46:55.690Z,"119 km WSW of Ternate, Indonesia",earthquake,,,,3,reviewed,us,us
1990-08-10T16:49:07.050Z,0.304,126.191,90.5,4.9,mb,,,,1.2,us,usp0004d76,2014-11-07T00:46:55.684Z,"Molucca Sea",earthquake,,14,,9,reviewed,us,us
1990-08-10T15:44:31.360Z,0.333,126.175,53.2,6.2,mw,,,,1.1,us,usp0004d74,2022-04-28T19:40:03.945Z,"143 km WSW of Ternate, Indonesia",earthquake,,2.7,,,reviewed,us,hrv
1990-08-10T01:51:19.440Z,-0.076,122.954,172.1,5.5,mw,,,,1,us,usp0004d65,2022-04-28T19:39:57.517Z,"68 km S of Gorontalo, Indonesia",earthquake,,1.6,,,reviewed,us,hrv
1990-08-09T13:44:39.690Z,2.548,128.359,41.1,5.1,mb,,,,1.3,us,usp0004d55,2014-11-07T00:46:55.412Z,"98 km NNE of Tobelo, Indonesia",earthquake,,22.3,,6,reviewed,us,us
1990-08-09T13:08:50.380Z,-6.555,127.476,426.6,4.6,mb,,,,1,us,usp0004d53,2014-11-07T00:46:55.387Z,"223 km NNE of Lospalos, Timor Leste",earthquake,,17.9,,9,reviewed,us,us
1990-08-09T07:33:52.350Z,-7.199,129.187,112.5,5.1,mb,,,,1,us,usp0004d4w,2014-11-07T00:46:55.372Z,"282 km ENE of Lospalos, Timor Leste",earthquake,,12.6,,17,reviewed,us,us
1990-08-08T12:18:23.540Z,-6.394,130.016,139.1,4.7,mb,,,,1.2,us,usp0004d40,2014-11-07T00:46:55.275Z,"Banda Sea",earthquake,,19.3,,14,reviewed,us,us
1990-08-06T14:50:34.990Z,-0.445,124.032,33,4.4,mb,,,,0.9,us,usp0004d1r,2014-11-07T00:46:55.011Z,"149 km ENE of Luwuk, Indonesia",earthquake,,,,2,reviewed,us,us
1990-08-06T12:25:18.260Z,-0.454,123.524,156.1,4.2,mb,,,,0.6,us,usp0004d1e,2014-11-07T00:46:54.986Z,"98 km NE of Luwuk, Indonesia",earthquake,,35.2,,2,reviewed,us,us
1990-08-06T03:47:57.370Z,-6.887,130.162,117.7,4.1,mb,,,,1,us,usp0004d0x,2014-11-07T00:46:54.940Z,"Banda Sea",earthquake,,47.6,,2,reviewed,us,us
1990-08-05T07:24:39.510Z,-5.375,129.63,240.9,4.7,mb,,,,1.1,us,usp0004czn,2014-11-07T00:46:54.621Z,"238 km SSE of Amahai, Indonesia",earthquake,,9.2,,10,reviewed,us,us
1990-08-05T07:12:28.300Z,-4.585,103.118,115.7,4.6,mb,,,,0.9,us,usp0004czk,2014-11-07T00:46:54.595Z,"63 km SSW of Pagar Alam, Indonesia",earthquake,,20.2,,9,reviewed,us,us
1990-08-05T01:29:38.630Z,0.958,123.213,68.4,4.2,mb,,,,1.3,us,usp0004cz6,2014-11-07T00:46:54.274Z,"49 km NNE of Gorontalo, Indonesia",earthquake,,17.1,,1,reviewed,us,us
1990-08-04T13:12:37.340Z,-3.933,122.424,33,4.3,mb,,,,1.1,us,usp0004cys,2014-11-07T00:46:53.701Z,"11 km WNW of Kendari, Indonesia",earthquake,,,,2,reviewed,us,us
1990-08-04T09:19:29.260Z,1.289,123.155,36.1,5.4,mw,,,,1.1,us,usp0004cyn,2022-04-28T19:39:27.556Z,"83 km N of Gorontalo, Indonesia",earthquake,,,,,reviewed,us,hrv
1990-08-04T05:05:40.800Z,-0.118,99.517,111.4,5.1,mb,,,,1.1,us,usp0004cyb,2014-11-07T00:46:53.417Z,"87 km NW of Pariaman, Indonesia",earthquake,,11.6,,22,reviewed,us,us
1990-08-03T20:52:06.750Z,-6.654,130.181,33,4.2,mb,,,,0.8,us,usp0004cxu,2014-11-07T00:46:53.291Z,"Banda Sea",earthquake,,,,4,reviewed,us,us
1990-08-03T18:12:26.360Z,-6.828,130.581,135,4.4,mb,,,,1.1,us,usp0004cxp,2014-11-07T00:46:53.269Z,"274 km WSW of Tual, Indonesia",earthquake,,13.8,,6,reviewed,us,us
1990-08-03T11:59:07.790Z,-7.348,129.236,145.9,4.9,mb,,,,1.1,us,usp0004cx6,2014-11-07T00:46:53.146Z,"278 km ENE of Lospalos, Timor Leste",earthquake,,8.5,,12,reviewed,us,us
1990-08-02T15:03:27.650Z,-6.46,105.396,47.6,5.8,mw,,,,1,us,usp0004cvr,2022-04-28T19:39:12.871Z,"48 km W of Labuan, Indonesia",earthquake,,,,,reviewed,us,hrv
1990-08-01T11:04:58.030Z,-7.909,123.036,203.3,4.7,mb,,,,0.8,us,usp0004cty,2014-11-07T00:46:50.484Z,"120 km NE of Maumere, Indonesia",earthquake,,32.7,,4,reviewed,us,us
1990-07-31T18:25:50.750Z,3.812,95.369,29.9,5.1,mw,,,,0.8,us,usp0004css,2025-12-19T21:01:21.785Z,"91 km WSW of Meulaboh, Indonesia",earthquake,,,,,reviewed,us,hrv
1990-07-31T13:49:21.640Z,4.49,127.63,149.4,5,mb,,,,0.8,us,usp0004csg,2014-11-07T00:46:47.890Z,"260 km ESE of Sarangani, Philippines",earthquake,,13.7,,7,reviewed,us,us
1990-07-29T23:08:00.500Z,1.253,121.994,449.1,4.8,mb,,,,0.9,us,usp0004cqc,2014-11-07T00:46:46.989Z,"142 km WNW of Gorontalo, Indonesia",earthquake,,29.7,,8,reviewed,us,us
1990-07-27T22:05:55.020Z,-7.746,128.893,33,4.7,mb,,,,1.2,us,usp0004cmv,2014-11-07T00:46:46.711Z,"225 km ENE of Lospalos, Timor Leste",earthquake,,,,6,reviewed,us,us
1990-07-27T13:58:46.240Z,-9.05,124.237,33,4.3,mb,,,,1.5,us,usp0004cma,2014-11-07T00:46:46.650Z,"23 km NW of Pante Makasar, Timor Leste",earthquake,,,,3,reviewed,us,us
1990-07-26T11:06:26.030Z,3.742,123.996,399,4.3,mb,,,,1,us,usp0004cjh,2014-11-07T00:46:46.323Z,"245 km SW of Sarangani, Philippines",earthquake,,11.1,,4,reviewed,us,us
1990-07-26T04:18:28.910Z,-7.504,127.76,130.5,5.5,mw,,,,1.1,us,usp0004cj1,2022-04-28T19:44:43.864Z,"140 km NE of Lospalos, Timor Leste",earthquake,,,,,reviewed,us,hrv
1990-07-25T10:48:40.850Z,3.563,127.376,33,4.8,mb,,,,0.7,us,usp0004ch1,2014-11-07T00:46:46.130Z,"214 km NNW of Tobelo, Indonesia",earthquake,,,,4,reviewed,us,us
1990-07-25T07:24:38.110Z,-3.207,129.698,79.1,4.9,mb,,,,1.4,us,usp0004cgt,2014-11-07T00:46:46.116Z,"87 km E of Amahai, Indonesia",earthquake,,19.2,,9,reviewed,us,us
1990-07-24T21:16:32.080Z,-10.558,119.296,33,3.7,mb,,,,1.2,us,usp0004cg9,2014-11-07T00:46:46.079Z,"145 km SW of Waingapu, Indonesia",earthquake,,,,2,reviewed,us,us
1990-07-24T10:56:09.860Z,-7.664,128.411,115.5,4.1,mb,,,,0.2,us,usp0004cfe,2014-11-07T00:46:45.812Z,"182 km ENE of Lospalos, Timor Leste",earthquake,,42.3,,3,reviewed,us,us
1990-07-24T07:45:59.410Z,-4.811,102.75,79.6,5,mb,,,,1.1,us,usp0004cfa,2014-11-07T00:46:45.798Z,"102 km SSW of Pagar Alam, Indonesia",earthquake,,10.8,,16,reviewed,us,us
1990-07-24T04:50:46.010Z,-6.16,129.609,137.3,4.4,mb,,,,1.3,us,usp0004cf7,2014-11-07T00:46:45.788Z,"Banda Sea",earthquake,,52.6,,3,reviewed,us,us
1990-07-24T03:08:18.310Z,-0.472,120.991,33,4.1,mb,,,,0.9,us,usp0004cf4,2014-11-07T00:46:45.782Z,"105 km NNE of Poso, Indonesia",earthquake,,,,1,reviewed,us,us
1990-07-23T23:29:25.110Z,-3.7,138.4,103.9,4.8,mb,,,,0.9,us,usp0004cf1,2014-11-07T00:46:45.776Z,"276 km WSW of Abepura, Indonesia",earthquake,,18.8,,8,reviewed,us,us
1990-07-23T16:06:28.800Z,-10.388,124.032,33,4.5,mb,,,,1.3,us,usp0004ceh,2014-11-07T00:46:45.715Z,"52 km ESE of Kupang, Indonesia",earthquake,,,,3,reviewed,us,us
1990-07-23T06:33:13.760Z,-5.388,131.169,33,4.8,mb,,,,1,us,usp0004ce0,2014-11-07T00:46:45.663Z,"177 km W of Tual, Indonesia",earthquake,,,,8,reviewed,us,us
1990-07-23T06:23:53.600Z,-2.045,99.67,33,4.7,ms,,,,1.2,us,usp0004cdy,2014-11-07T00:46:45.659Z,"143 km SSW of Padang, Indonesia",earthquake,,,,2,reviewed,us,us
1990-07-23T04:46:16.470Z,-5.724,110.927,582.5,5.1,mb,,,,1,us,usp0004cdt,2014-11-07T00:46:45.635Z,"87 km NNE of Batang, Indonesia",earthquake,,34.1,,5,reviewed,us,us
1990-07-23T02:58:31.030Z,-9.39,114.61,42.7,4.8,mb,,,,0.9,us,usp0004cds,2014-11-07T00:46:45.633Z,"89 km SW of Jimbaran, Indonesia",earthquake,,19.7,,6,reviewed,us,us
1990-07-22T16:56:41.780Z,-5.512,131.614,33,4.4,mb,,,,0.8,us,usp0004cd2,2014-11-07T00:46:45.566Z,"126 km W of Tual, Indonesia",earthquake,,,,2,reviewed,us,us
1990-07-22T10:20:44.550Z,-7.223,120.5,521.8,4.9,mb,,,,1.4,us,usp0004ccs,2014-11-07T00:46:45.521Z,"153 km N of Ruteng, Indonesia",earthquake,,11.4,,10,reviewed,us,us
1990-07-21T08:41:05.180Z,-7.767,130.68,149.4,4,mb,,,,1,us,usp0004cay,2014-11-07T00:46:44.731Z,"Pulau Pulau Tanimbar, Indonesia",earthquake,,45.1,,1,reviewed,us,us
1990-07-21T07:28:33.240Z,1.877,128.313,210.1,5.1,mb,,,,0.9,us,usp0004cav,2014-11-07T00:46:44.716Z,"37 km ENE of Tobelo, Indonesia",earthquake,,12.2,,7,reviewed,us,us
1990-07-20T18:03:29.750Z,3.832,95.411,46.6,4.8,mb,,,,0.9,us,usp0004c9s,2014-11-07T00:46:44.413Z,"86 km WSW of Meulaboh, Indonesia",earthquake,,9.5,,21,reviewed,us,us
1990-07-20T15:29:58.990Z,-9.323,118.186,99.6,5.2,mb,,,,1.4,us,usp0004c9n,2014-11-07T00:46:44.404Z,"92 km SSW of Dompu, Indonesia",earthquake,,13,,13,reviewed,us,us
1990-07-19T11:27:02.090Z,-6.052,104.868,105.1,4.9,mb,,,,1.4,us,usp0004c7f,2014-11-07T00:46:44.251Z,"81 km SSW of Bandar Lampung, Indonesia",earthquake,,15.6,,7,reviewed,us,us
1990-07-18T17:21:47.060Z,-6.82,130.601,97.1,5.7,mw,,,,1,us,usp0004c5w,2022-04-28T19:43:51.659Z,"Banda Sea",earthquake,,2.9,,,reviewed,us,hrv
1990-07-18T16:38:06.190Z,0.872,127.033,51.8,5.4,mw,,,,1.1,us,usp0004c5u,2022-04-28T19:43:50.249Z,"40 km WNW of Ternate, Indonesia",earthquake,,9.3,,,reviewed,us,hrv
1990-07-18T15:39:29.490Z,0.435,125.469,84.3,5.1,mw,,,,1,us,usp0004c5p,2025-12-19T21:01:15.639Z,"114 km SSE of Tondano, Indonesia",earthquake,,9.6,,,reviewed,us,hrv
1990-07-18T13:09:03.200Z,1.354,127.07,128.6,4.9,mb,,,,1.1,us,usp0004c56,2014-11-07T00:46:44.079Z,"71 km NNW of Ternate, Indonesia",earthquake,,13.7,,4,reviewed,us,us
1990-07-18T06:30:44.830Z,1.403,123.336,45,4.8,mb,,,,1.6,us,usp0004c4f,2014-11-07T00:46:43.830Z,"100 km NNE of Gorontalo, Indonesia",earthquake,,14.3,,6,reviewed,us,us
1990-07-17T07:20:24.880Z,1.205,121.501,33,5.1,mb,,,,1.2,us,usp0004c20,2014-11-07T00:46:43.549Z,"188 km WNW of Gorontalo, Indonesia",earthquake,,,,12,reviewed,us,us
1990-07-17T04:05:22.190Z,-0.294,122.761,94.8,5.1,mw,,,,1.1,us,usp0004c1r,2025-12-19T21:01:13.729Z,"72 km N of Luwuk, Indonesia",earthquake,,8,,,reviewed,us,hrv
1990-07-16T19:19:11.430Z,1.047,100.104,223.5,4.3,mb,,,,0.9,us,usp0004c0r,2014-11-07T00:46:42.833Z,"99 km ESE of Padangsidempuan, Indonesia",earthquake,,22.7,,1,reviewed,us,us
1990-07-15T20:13:29.920Z,-9.126,118.223,86.8,5.3,mw,,,,1.4,us,usp0004bwv,2025-12-19T21:01:12.949Z,"70 km SSW of Dompu, Indonesia",earthquake,,,,,reviewed,us,hrv
1990-07-15T07:26:39.080Z,-6.589,104.996,33,5.1,ms,,,,1.2,us,usp0004bw5,2014-11-07T00:46:41.565Z,"95 km WSW of Labuan, Indonesia",earthquake,,,,2,reviewed,us,us
1990-07-13T16:26:01.480Z,-7.602,128.32,171.3,4.8,mb,,,,1.4,us,usp0004bt2,2014-11-07T00:46:41.121Z,"177 km NE of Lospalos, Timor Leste",earthquake,,47.3,,2,reviewed,us,us
1990-07-12T20:36:52.730Z,2.256,98.175,101.9,4.6,mb,,,,1,us,usp0004brs,2014-11-07T00:46:40.899Z,"43 km E of Singkil, Indonesia",earthquake,,18.6,,15,reviewed,us,us
1990-07-12T19:56:14.610Z,1.683,127.101,124,4.9,mb,,,,1.1,us,usp0004brn,2014-11-07T00:46:40.889Z,"101 km W of Tobelo, Indonesia",earthquake,,17.6,,4,reviewed,us,us
1990-07-12T19:20:13.160Z,-6.572,130.02,127.5,4.8,mb,,,,1.3,us,usp0004brk,2014-11-07T00:46:40.886Z,"Banda Sea",earthquake,,14.6,,2,reviewed,us,us
1990-07-09T03:33:17.640Z,0.607,123.721,257.4,4.4,mb,,,,1.2,us,usp0004bk5,2014-11-07T00:46:39.708Z,"73 km E of Gorontalo, Indonesia",earthquake,,25.3,,3,reviewed,us,us
1990-07-08T23:27:19.420Z,1.132,121.468,39.1,5.2,mb,,,,1.2,us,usp0004bjy,2014-11-07T00:46:39.695Z,"189 km WNW of Gorontalo, Indonesia",earthquake,,13.6,,11,reviewed,us,us
1990-07-08T21:55:28.590Z,4.952,126.32,89.9,4.7,mb,,,,1.3,us,usp0004bjp,2014-11-07T00:46:39.675Z,"107 km ESE of Sarangani, Philippines",earthquake,,10.9,,11,reviewed,us,us
1990-07-08T06:55:30.390Z,-0.096,122.997,140,4.7,mb,,,,1.1,us,usp0004bht,2014-11-07T00:46:39.527Z,"70 km S of Gorontalo, Indonesia",earthquake,,7.7,,15,reviewed,us,us
1990-07-08T03:25:55.340Z,3.633,124.833,217.7,4.8,mb,,,,1.1,us,usp0004bhk,2014-11-07T00:46:39.489Z,"207 km SSW of Sarangani, Philippines",earthquake,,13.8,,6,reviewed,us,us
1990-07-07T14:30:15.740Z,-7.211,129.892,116.9,4.8,mb,,,,1.4,us,usp0004bgu,2014-11-07T00:46:39.264Z,"Kepulauan Babar, Indonesia",earthquake,,22.7,,2,reviewed,us,us
1990-07-07T11:22:43.800Z,-8.96,123.203,158.9,4.6,mb,,,,1,us,usp0004bgm,2014-11-07T00:46:39.233Z,"94 km NW of Naisano Dua, Indonesia",earthquake,,25.5,,3,reviewed,us,us
1990-07-07T10:01:28.810Z,1.087,121.396,33,4.7,mb,,,,1.3,us,usp0004bgf,2014-11-07T00:46:39.203Z,"195 km WNW of Gorontalo, Indonesia",earthquake,,,,3,reviewed,us,us
1990-07-07T04:51:50.670Z,2.28,97.135,53.3,4.4,mb,,,,1.1,us,usp0004bg5,2014-11-07T00:46:39.144Z,"72 km W of Singkil, Indonesia",earthquake,,12.8,,7,reviewed,us,us
1990-07-06T13:39:32.120Z,1.056,121.5,30.3,5.6,mw,,,,1.1,us,usp0004bf9,2022-04-28T19:42:09.856Z,"183 km WNW of Gorontalo, Indonesia",earthquake,,,,,reviewed,us,hrv
1990-07-06T11:19:43.750Z,2.897,128.66,231.9,5.1,mb,,,,1.1,us,usp0004bf3,2014-11-07T00:46:38.802Z,"148 km NNE of Tobelo, Indonesia",earthquake,,8.7,,25,reviewed,us,us
1990-07-06T08:33:58.800Z,-7.353,128.002,128.1,4.7,mb,,,,1.1,us,usp0004bez,2014-11-07T00:46:38.782Z,"170 km NE of Lospalos, Timor Leste",earthquake,,21.1,,5,reviewed,us,us
1990-07-06T00:16:20.440Z,-6.904,108.12,13.5,5.5,mw,,,,1.4,us,usp0004beh,2022-04-28T19:42:06.482Z,"14 km WSW of Majalengka, Indonesia",earthquake,,,,,reviewed,us,hrv
1990-07-05T22:41:20.520Z,-0.091,124.178,72.4,5.3,mw,,,,1.2,us,usp0004bef,2025-12-19T21:01:08.537Z,"142 km ESE of Gorontalo, Indonesia",earthquake,,,,,reviewed,us,hrv
1990-07-04T07:31:35.060Z,-2.898,127.122,69.2,5.1,mb,,,,1.1,us,usp0004bc1,2014-11-07T00:46:38.102Z,"Ceram Sea, Indonesia",earthquake,,11.1,,12,reviewed,us,us
1990-07-04T06:21:16.220Z,-10.968,110.01,33,5.2,mb,,,,1.4,us,usp0004bbt,2014-11-07T00:46:38.077Z,"south of Java, Indonesia",earthquake,,,,8,reviewed,us,us
1990-07-03T18:09:24.780Z,-8.243,117.719,33,4.4,mb,,,,1.1,us,usp0004bb6,2014-11-07T00:46:37.869Z,"32 km NE of Pototano, Indonesia",earthquake,,,,4,reviewed,us,us
1990-07-03T09:56:04.460Z,-6.198,105.521,156.4,4.5,mb,,,,1.1,us,usp0004bar,2014-11-07T00:46:37.729Z,"39 km WNW of Labuan, Indonesia",earthquake,,20.3,,5,reviewed,us,us
1990-07-03T05:12:02.540Z,3.471,126.441,106.6,4.5,mb,,,,1,us,usp0004ba8,2014-11-07T00:46:37.637Z,"239 km SSE of Sarangani, Philippines",earthquake,,17.5,,4,reviewed,us,us
1990-07-03T02:37:39.840Z,3.62,126.604,85.9,4.8,mb,,,,0.5,us,usp0004ba1,2014-11-07T00:46:37.593Z,"234 km SSE of Sarangani, Philippines",earthquake,,15.5,,5,reviewed,us,us
1990-07-02T18:29:55.230Z,5.508,126.645,33,4.4,mb,,,,1.3,us,usp0004b9e,2014-11-07T00:46:37.363Z,"107 km SSE of Pondaguitan, Philippines",earthquake,,,,3,reviewed,us,us
1990-07-02T10:03:52.030Z,1.21,123.126,33.5,5,ms,,,,1.4,us,usp0004b8z,2014-11-07T00:46:37.134Z,"74 km N of Gorontalo, Indonesia",earthquake,,,,7,reviewed,us,us
1990-07-02T08:15:57.540Z,-0.596,123.541,33,4.9,mb,,,,1.1,us,usp0004b8v,2014-11-07T00:46:37.105Z,"92 km ENE of Luwuk, Indonesia",earthquake,,,,6,reviewed,us,us
1990-07-02T02:42:32.460Z,3.324,95.273,33,4.6,mb,,,,0.8,us,usp0004b8k,2014-11-07T00:46:36.982Z,"131 km SW of Meulaboh, Indonesia",earthquake,,,,4,reviewed,us,us
1990-07-01T23:45:14.530Z,1.349,123.051,33,4.8,mb,,,,1.5,us,usp0004b8a,2014-11-07T00:46:36.865Z,"89 km N of Gorontalo, Indonesia",earthquake,,,,5,reviewed,us,us
1990-07-01T09:58:57.700Z,-3.323,102.052,110.9,5.3,mb,,,,1,us,usp0004b7s,2014-11-07T00:46:36.486Z,"54 km WNW of Curup, Indonesia",earthquake,,,,33,reviewed,us,us
1990-07-01T04:05:26.770Z,-7.374,128.489,147,5,mb,,,,1,us,usp0004b7f,2014-11-07T00:46:36.274Z,"207 km NE of Lospalos, Timor Leste",earthquake,,4.6,,21,reviewed,us,us
1990-07-01T00:11:00.190Z,1.619,123.275,33,4.7,mb,,,,1.1,us,usp0004b79,2014-11-07T00:46:36.188Z,"121 km N of Gorontalo, Indonesia",earthquake,,,,7,reviewed,us,us
1990-06-30T23:49:29.280Z,1.32,122.924,33,5,mb,,,,1,us,usp0004b76,2014-11-07T00:46:34.628Z,"87 km N of Gorontalo, Indonesia",earthquake,,,,15,reviewed,us,us
1990-06-30T19:02:21.900Z,1.419,123.596,33,4.5,mb,,,,1.3,us,usp0004b6t,2014-11-07T00:46:34.591Z,"114 km NNE of Gorontalo, Indonesia",earthquake,,,,5,reviewed,us,us
1990-06-30T14:10:30.740Z,-6.154,130.423,153.6,4.9,mb,,,,1.1,us,usp0004b6a,2014-11-07T00:46:34.512Z,"264 km WSW of Tual, Indonesia",earthquake,,12.1,,12,reviewed,us,us
1990-06-30T13:09:51.730Z,-10.33,120.048,33,4,mb,,,,1.1,us,usp0004b67,2014-11-07T00:46:34.507Z,"78 km SSW of Waingapu, Indonesia",earthquake,,,,2,reviewed,us,us
1990-06-30T11:15:44.460Z,-5.157,129.791,206.8,4.9,mb,,,,1.3,us,usp0004b63,2014-11-07T00:46:34.501Z,"223 km SSE of Amahai, Indonesia",earthquake,,10.7,,11,reviewed,us,us
1990-06-29T20:20:48.190Z,2.696,123.836,414,4.8,mb,,,,1.1,us,usp0004b58,2014-11-07T00:46:34.426Z,"175 km NW of Manado, Indonesia",earthquake,,8.3,,14,reviewed,us,us
1990-06-29T17:00:04.380Z,-7.726,128.443,120.1,4.2,mb,,,,1.7,us,usp0004b4z,2014-11-07T00:46:34.405Z,"181 km ENE of Lospalos, Timor Leste",earthquake,,34.8,,3,reviewed,us,us
1990-06-29T14:41:45.520Z,-7.598,128.273,168.6,4.7,mb,,,,1.3,us,usp0004b4y,2014-11-07T00:46:34.403Z,"173 km NE of Lospalos, Timor Leste",earthquake,,17.7,,6,reviewed,us,us
1990-06-29T00:16:38.750Z,-8.524,121.529,161,4.7,mb,,,,1.1,us,usp0004b3z,2014-11-07T00:46:34.276Z,"38 km NNW of Ende, Indonesia",earthquake,,25,,4,reviewed,us,us
1990-06-28T20:14:17.860Z,-4.999,129.761,175,4.3,mb,,,,1.2,us,usp0004b3v,2014-11-07T00:46:34.269Z,"Banda Sea",earthquake,,28.7,,5,reviewed,us,us
1990-06-28T00:32:02.150Z,-4.316,131.418,33,4.2,mb,,,,0.9,us,usp0004b2x,2014-11-07T00:46:34.190Z,"207 km NW of Tual, Indonesia",earthquake,,,,2,reviewed,us,us
1990-06-27T17:16:42.930Z,-9.503,119.056,33,3.8,mb,,,,1.3,us,usp0004b2h,2014-11-07T00:46:34.160Z,"111 km SSW of Komodo, Indonesia",earthquake,,,,2,reviewed,us,us
1990-06-27T01:18:28.870Z,0.12,123.556,181,4.8,mb,,,,1.1,us,usp0004b1t,2014-11-07T00:46:34.083Z,"71 km SE of Gorontalo, Indonesia",earthquake,,11.5,,8,reviewed,us,us
1990-06-26T21:24:37.480Z,-4.17,136.019,33,5.1,mb,,,,1.2,us,usp0004b1m,2014-11-07T00:46:34.047Z,"106 km SSE of Nabire, Indonesia",earthquake,,,,3,reviewed,us,us
1990-06-26T19:55:05.320Z,-7.414,128.78,187.4,3.7,mb,,,,0.6,us,usp0004b1h,2014-11-07T00:46:34.042Z,"231 km ENE of Lospalos, Timor Leste",earthquake,,37.6,,1,reviewed,us,us
1990-06-26T07:14:20.350Z,4.552,95.238,59.8,5,mb,,,,1,us,usp0004b10,2014-11-07T00:46:33.918Z,"northern Sumatra, Indonesia",earthquake,,,,40,reviewed,us,us
1990-06-26T02:36:21.720Z,1.158,122.98,31.1,5.3,mw,,,,1.3,us,usp0004b0r,2022-04-28T19:47:53.097Z,"69 km N of Gorontalo, Indonesia",earthquake,,20.4,,,reviewed,us,hrv
1990-06-26T00:53:55.170Z,-3.39,100.799,57.6,5.4,mb,,,,1.1,us,usp0004b0m,2014-11-07T00:46:33.872Z,"161 km SSW of Sungai Penuh, Indonesia",earthquake,,12.5,,20,reviewed,us,us
1990-06-25T22:46:28.660Z,4.452,127.396,135.7,5,mb,,,,0.7,us,usp0004b0j,2014-11-07T00:46:33.863Z,"238 km ESE of Sarangani, Philippines",earthquake,,21.9,,4,reviewed,us,us
1990-06-25T21:04:47.760Z,-7.07,129.737,160.5,4.9,mb,,,,1.4,us,usp0004b0d,2014-11-07T00:46:33.852Z,"Kepulauan Babar, Indonesia",earthquake,,14.5,,8,reviewed,us,us
1990-06-25T20:29:31.050Z,-3.437,131.13,33,4.1,mb,,,,1.3,us,usp0004b0b,2014-11-07T00:46:33.848Z,"245 km E of Amahai, Indonesia",earthquake,,,,2,reviewed,us,us
1990-06-25T19:53:39.530Z,-3.458,131,33.5,5.7,mw,,,,1.1,us,usp0004b0a,2022-04-28T19:47:51.956Z,"231 km E of Amahai, Indonesia",earthquake,,11.2,,,reviewed,us,hrv
1990-06-25T13:03:33.140Z,1.369,122.877,58.4,4.6,mb,,,,1.3,us,usp0004azv,2014-11-07T00:46:33.813Z,"94 km NNW of Gorontalo, Indonesia",earthquake,,17.1,,1,reviewed,us,us
1990-06-24T08:51:54.990Z,-8.904,119.515,196,4.5,mb,,,,1.5,us,usp0004ay5,2014-11-07T00:46:33.685Z,"34 km S of Komodo, Indonesia",earthquake,,23.4,,3,reviewed,us,us
1990-06-24T05:29:26.690Z,0.483,122.389,153.3,5.1,mb,,,,1.1,us,usp0004axt,2014-11-07T00:46:33.630Z,"75 km W of Gorontalo, Indonesia",earthquake,,8.1,,14,reviewed,us,us
1990-06-24T00:29:11.330Z,-2.479,139.716,24.1,5.1,mb,,,,1.3,us,usp0004axf,2014-11-07T00:46:33.594Z,"102 km W of Abepura, Indonesia",earthquake,,,,19,reviewed,us,us
1990-06-23T13:17:55.350Z,0.81,123.115,38.8,5.1,mb,,,,1.1,us,usp0004awj,2014-11-07T00:46:33.409Z,"30 km N of Gorontalo, Indonesia",earthquake,,14.3,,14,reviewed,us,us
1990-06-23T10:51:21.920Z,2.24,97.29,33,3.7,mb,,,,0.8,us,usp0004awa,2014-11-07T00:46:33.396Z,"55 km W of Singkil, Indonesia",earthquake,,,,1,reviewed,us,us
1990-06-22T23:00:08.980Z,1.67,127.238,140,5.1,mb,,,,0.9,us,usp0004avf,2014-11-07T00:46:33.305Z,"86 km W of Tobelo, Indonesia",earthquake,,10.1,,20,reviewed,us,us
1990-06-22T15:25:54.970Z,-5.582,104.974,105.2,4.8,mb,,,,1.3,us,usp0004av0,2014-11-07T00:46:33.220Z,"36 km WSW of Bandar Lampung, Indonesia",earthquake,,18.6,,6,reviewed,us,us
1990-06-22T09:22:40.230Z,-8.971,117.833,71.4,5.2,mb,,,,1.1,us,usp0004aur,2014-11-07T00:46:33.189Z,"69 km SE of Sumbawa Besar, Indonesia",earthquake,,20.2,,6,reviewed,us,us
1990-06-21T10:06:19.710Z,4.725,126.311,93.7,4.8,mb,,,,1.1,us,usp0004at0,2014-11-07T00:46:33.008Z,"Pulau-Pulau Talaud, Indonesia",earthquake,,24.2,,7,reviewed,us,us
1990-06-20T23:01:45.310Z,2.381,98.462,115.2,4,mb,,,,1.7,us,usp0004as0,2014-11-07T00:46:32.854Z,"52 km SW of Ambarita, Indonesia",earthquake,,14.1,,1,reviewed,us,us
1990-06-20T15:17:27.960Z,-1.12,126.816,24.2,5.6,mb,,,,1.2,us,usp0004are,2022-04-28T19:47:28.693Z,"220 km SSW of Ternate, Indonesia",earthquake,,,,32,reviewed,us,us
1990-06-19T21:33:03.330Z,5.892,125.429,88,5.1,mb,,,,1.3,us,usp0004aqn,2014-11-07T00:46:32.655Z,"13 km ENE of Kiupo, Philippines",earthquake,,,,20,reviewed,us,us
1990-06-19T08:45:05.470Z,-10.238,110.577,33,4.7,mb,,,,1.1,us,usp0004apv,2014-11-07T00:46:32.561Z,"254 km S of Pundong, Indonesia",earthquake,,,,3,reviewed,us,us
1990-06-18T23:10:11.630Z,-6.909,128.154,33,4.7,mb,,,,1,us,usp0004apj,2014-11-07T00:46:32.543Z,"219 km NE of Lospalos, Timor Leste",earthquake,,,,3,reviewed,us,us
1990-06-18T16:52:55.260Z,-8.813,111.235,33,5,mb,,,,1,us,usp0004ap9,2014-11-07T00:46:32.483Z,"96 km SSW of Trenggalek, Indonesia",earthquake,,,,15,reviewed,us,us
1990-06-18T04:25:25.770Z,4.479,125.76,207.2,5.3,mw,,,,1.3,us,usp0004ans,2025-12-19T21:01:29.332Z,"107 km SSE of Sarangani, Philippines",earthquake,,16.3,,,reviewed,us,hrv
1990-06-17T21:15:26.060Z,3.879,125.69,167.7,5.5,mw,,,,1.2,us,usp0004and,2022-04-28T19:47:19.345Z,"170 km S of Sarangani, Philippines",earthquake,,,,,reviewed,us,hrv
1990-06-17T07:50:20.540Z,4.138,126.494,33,4.3,mb,,,,1.2,us,usp0004amj,2014-11-07T00:46:32.321Z,"180 km SE of Sarangani, Philippines",earthquake,,,,1,reviewed,us,us
1990-06-17T06:39:59.610Z,-7.912,117.223,293.2,3.9,mb,,,,0.8,us,usp0004amh,2014-11-07T00:46:32.320Z,"62 km NNW of Pototano, Indonesia",earthquake,,32.2,,2,reviewed,us,us
1990-06-16T21:02:16.160Z,-8.84,127.271,176.6,4,mb,,,,1.3,us,usp0004aku,2014-11-07T00:46:32.232Z,"46 km SE of Lospalos, Timor Leste",earthquake,,44.9,,1,reviewed,us,us
1990-06-16T14:00:30.070Z,-7.477,128.809,145.2,5.2,mb,,,,1.3,us,usp0004akg,2014-11-07T00:46:32.213Z,"230 km ENE of Lospalos, Timor Leste",earthquake,,29,,2,reviewed,us,us
1990-06-15T15:04:50.930Z,-6.422,131.24,62.4,5,mb,,,,1.5,us,usp0004aj7,2014-11-07T00:46:32.049Z,"189 km WSW of Tual, Indonesia",earthquake,,13.5,,12,reviewed,us,us
1990-06-14T14:02:02.140Z,-7.004,125.074,567,5,mb,,,,0.9,us,usp0004agr,2014-11-07T00:46:31.822Z,"177 km N of Likisá, Timor Leste",earthquake,,9.6,,5,reviewed,us,us
1990-06-13T23:00:43.790Z,5.754,124.528,74,5.1,mb,,,,1.4,us,usp0004aft,2014-11-07T00:46:31.261Z,"27 km SW of Tambilil, Philippines",earthquake,,14.4,,8,reviewed,us,us
1990-06-12T19:56:59.260Z,-6.575,130.234,140.1,4.8,mb,,,,1,us,usp0004aeh,2014-11-07T00:46:31.083Z,"297 km WSW of Tual, Indonesia",earthquake,,10,,12,reviewed,us,us
1990-06-12T08:00:12.040Z,-2.898,130.315,33,5,mb,,,,0.9,us,usp0004ads,2014-11-07T00:46:30.992Z,"162 km ENE of Amahai, Indonesia",earthquake,,,,13,reviewed,us,us
1990-06-11T23:10:29.020Z,-2.998,130.457,23.5,4.7,mb,,,,1.1,us,usp0004adc,2014-11-07T00:46:30.965Z,"174 km ENE of Amahai, Indonesia",earthquake,,,,3,reviewed,us,us
1990-06-11T17:49:42.090Z,-6.777,106.42,106,4.8,mb,,,,1.2,us,usp0004acy,2014-11-07T00:46:30.935Z,"27 km NNW of Pelabuhanratu, Indonesia",earthquake,,18.3,,4,reviewed,us,us
1990-06-11T02:42:52.330Z,-10.468,124.467,92.5,4.6,mb,,,,1.3,us,usp0004acd,2014-11-07T00:46:30.883Z,"70 km SSE of Soe, Indonesia",earthquake,,38.2,,1,reviewed,us,us
1990-06-10T15:11:52.690Z,0.008,123.322,172.3,4.7,mb,,,,0.9,us,usp0004abu,2014-11-07T00:46:30.813Z,"65 km SSE of Gorontalo, Indonesia",earthquake,,9.3,,6,reviewed,us,us
1990-06-10T10:53:28.660Z,5.844,127.259,73.9,4.5,mb,,,,1.1,us,usp0004abk,2014-11-07T00:46:30.788Z,"132 km ESE of Pondaguitan, Philippines",earthquake,,14.5,,9,reviewed,us,us
1990-06-10T10:42:38.710Z,5.88,127.235,71,4.6,mb,,,,1,us,usp0004abj,2014-11-07T00:46:30.785Z,"128 km ESE of Pondaguitan, Philippines",earthquake,,12.6,,8,reviewed,us,us
1990-06-09T21:38:21.170Z,1.253,123.422,34.3,5.6,mw,,,,1.3,us,usp0004ab0,2024-01-17T20:45:15.236Z,"88 km NNE of Gorontalo, Indonesia",earthquake,,,,,reviewed,us,hrv
1990-06-09T21:15:05.320Z,-7.542,119.362,298.3,4.1,mb,,,,0.8,us,usp0004aaz,2014-11-07T00:46:30.714Z,"116 km N of Komodo, Indonesia",earthquake,,17.3,,3,reviewed,us,us
1990-06-09T08:41:04.330Z,1.854,98.956,20.8,4.5,mb,,,,1.1,us,usp0004aaa,2014-11-07T00:46:30.610Z,"23 km ENE of Sibolga, Indonesia",earthquake,,,,3,reviewed,us,us
1990-06-08T21:37:38.450Z,-9.103,120.264,33,5.5,mw,,,,1.1,us,usp0004a9n,2022-04-28T19:46:17.077Z,"58 km SSW of Ruteng, Indonesia",earthquake,,,,,reviewed,us,hrv
1990-06-08T07:50:29.460Z,-7.503,128.247,163.2,4.4,mb,,,,1.1,us,usp0004a8t,2014-11-07T00:46:30.267Z,"177 km NE of Lospalos, Timor Leste",earthquake,,32.8,,1,reviewed,us,us
1990-06-08T00:24:19.720Z,-9.06,124.026,33,4.5,mb,,,,1.3,us,usp0004a8e,2014-11-07T00:46:30.202Z,"42 km WNW of Pante Makasar, Timor Leste",earthquake,,,,4,reviewed,us,us
1990-06-07T23:06:13.710Z,-5.094,102.45,80,4.3,mb,,,,1,us,usp0004a88,2014-11-07T00:46:30.174Z,"144 km S of Bengkulu, Indonesia",earthquake,,19.8,,3,reviewed,us,us
1990-06-06T23:47:42.540Z,-9.503,119.746,33.8,5,mb,,,,1.3,us,usp0004a70,2014-11-07T00:46:29.729Z,"59 km WNW of Waingapu, Indonesia",earthquake,,,,12,reviewed,us,us
1990-06-05T23:25:57.900Z,-4.651,103.222,68.8,4.6,mb,,,,0.8,us,usp0004a62,2014-11-07T00:46:29.550Z,"69 km S of Pagar Alam, Indonesia",earthquake,,15,,7,reviewed,us,us
1990-06-04T11:49:38.160Z,2.153,127.668,102.9,4.3,mb,,,,1.1,us,usp0004a4j,2014-11-07T00:46:29.180Z,"60 km NW of Tobelo, Indonesia",earthquake,,28.5,,1,reviewed,us,us
1990-06-04T05:29:51.010Z,-4.608,138.676,33,4.8,mb,,,,1.1,us,usp0004a46,2014-11-07T00:46:28.997Z,"Papua, Indonesia",earthquake,,,,2,reviewed,us,us
1990-06-03T03:50:34.710Z,-7.424,106.688,33,4.7,mb,,,,1.2,us,usp0004a30,2014-11-07T00:46:28.577Z,"50 km SSE of Pelabuhanratu, Indonesia",earthquake,,,,8,reviewed,us,us
1990-06-02T05:40:48.260Z,-10.057,108.182,33,4.8,mb,,,,0.6,us,usp0004a20,2014-11-07T00:46:28.338Z,"292 km SSW of Sidareja, Indonesia",earthquake,,,,3,reviewed,us,us
1990-06-02T04:57:57.020Z,1.081,122.776,33.8,5.5,mw,,,,1.1,us,usp0004a1z,2022-04-28T19:45:38.239Z,"68 km NNW of Gorontalo, Indonesia",earthquake,,,,,reviewed,us,hrv
1990-06-01T23:26:20.410Z,-10.021,108.128,33,4.9,mb,,,,1.2,us,usp0004a1p,2014-11-07T00:46:28.084Z,"289 km SSW of Sidareja, Indonesia",earthquake,,,,5,reviewed,us,us
1990-06-01T18:14:58.640Z,-4.279,135.759,33,4.9,mb,,,,0.9,us,usp0004a1a,2014-11-07T00:46:27.999Z,"105 km SSE of Nabire, Indonesia",earthquake,,,,2,reviewed,us,us
1990-06-01T10:29:37.580Z,4.244,128.281,160,4.9,mb,,,,1.3,us,usp0004a0p,2014-11-07T00:46:27.474Z,"279 km N of Tobelo, Indonesia",earthquake,,,,6,reviewed,us,us
1990-06-01T01:00:35.760Z,2.107,97.308,33,4.8,mb,,,,1.3,us,usp0004a04,2014-11-07T00:46:26.239Z,"57 km WSW of Singkil, Indonesia",earthquake,,,,6,reviewed,us,us
1990-05-31T03:03:12.210Z,-6.159,133.654,33,4.8,mb,,,,1.3,us,usp00049ze,2014-11-07T00:46:25.311Z,"115 km ESE of Tual, Indonesia",earthquake,,,,3,reviewed,us,us
1990-05-30T09:22:23.170Z,-8.875,122.561,93.9,5.4,mw,,,,1.1,us,usp00049yg,2025-12-19T21:01:53.035Z,"47 km SE of Maumere, Indonesia",earthquake,,12.5,,,reviewed,us,hrv
1990-05-30T08:40:17.470Z,-6.036,130.452,98.2,4.4,mb,,,,1,us,usp00049yf,2014-11-07T00:46:25.098Z,"258 km W of Tual, Indonesia",earthquake,,33.2,,2,reviewed,us,us
1990-05-30T01:21:22.200Z,-6.25,130.169,218.8,4.7,mb,,,,1.2,us,usp00049xx,2014-11-07T00:46:25.002Z,"294 km WSW of Tual, Indonesia",earthquake,,8.9,,6,reviewed,us,us
1990-05-29T09:42:28.200Z,1.376,124.154,41.5,4.8,mb,,,,1,us,usp00049x1,2014-11-07T00:46:24.888Z,"72 km W of Tomohon, Indonesia",earthquake,,21.9,,5,reviewed,us,us
1990-05-28T15:12:00.170Z,-7.139,127.309,329,5.4,mw,,,,1.1,us,usp00049wa,2025-12-19T21:01:50.606Z,"156 km NNE of Lospalos, Timor Leste",earthquake,,8.9,,,reviewed,us,hrv
1990-05-27T23:55:31.080Z,-7.739,127.893,97.4,4.9,mb,,,,1.3,us,usp00049vj,2014-11-07T00:46:24.719Z,"131 km NE of Lospalos, Timor Leste",earthquake,,13.3,,7,reviewed,us,us
1990-05-27T23:11:20.650Z,3.606,122.736,33,4.7,mb,,,,0.9,us,usp00049vh,2014-11-07T00:46:24.718Z,"283 km SSE of Tabiauan, Philippines",earthquake,,,,4,reviewed,us,us
1990-05-27T19:31:31.520Z,-7.433,120.426,636.3,4.6,mb,,,,0.5,us,usp00049v7,2014-11-07T00:46:24.656Z,"130 km N of Ruteng, Indonesia",earthquake,,34.1,,6,reviewed,us,us
1990-05-27T18:11:16.550Z,1.074,122.931,33,4.4,mb,,,,1.5,us,usp00049v2,2014-11-07T00:46:24.624Z,"Minahasa, Sulawesi, Indonesia",earthquake,,,,3,reviewed,us,us
1990-05-26T16:18:14.010Z,5.569,95.553,132.5,3.9,mb,,,,0.6,us,usp00049tm,2014-11-07T00:46:24.437Z,"24 km E of Banda Aceh, Indonesia",earthquake,,18,,2,reviewed,us,us
1990-05-26T07:59:45.570Z,1.135,123.3,64.8,4.7,mb,,,,1.2,us,usp00049sy,2014-11-07T00:46:24.350Z,"71 km NNE of Gorontalo, Indonesia",earthquake,,24.5,,3,reviewed,us,us
1990-05-26T02:57:34.820Z,1.342,123.371,33.8,5.8,mw,,,,1.3,us,usp00049sj,2022-04-28T19:49:50.750Z,"95 km NNE of Gorontalo, Indonesia",earthquake,,,,,reviewed,us,hrv
1990-05-26T00:03:29.660Z,-7.603,128.456,174.9,3.5,mb,,,,0.5,us,usp00049sc,2014-11-07T00:46:24.284Z,"190 km ENE of Lospalos, Timor Leste",earthquake,,37.7,,1,reviewed,us,us
1990-05-25T17:38:35.510Z,3.828,126.525,73.9,4.8,mb,,,,0.7,us,usp00049rt,2014-11-07T00:46:24.244Z,"210 km SE of Sarangani, Philippines",earthquake,,19.1,,3,reviewed,us,us
1990-05-25T16:30:55.880Z,3.923,126.73,48.9,4.7,ms,,,,1.2,us,usp00049rq,2014-11-07T00:46:24.239Z,"215 km SE of Sarangani, Philippines",earthquake,,22.2,,2,reviewed,us,us
1990-05-25T10:00:13.140Z,-6.469,129.043,289.6,4.8,mb,,,,0.9,us,usp00049r7,2014-11-07T00:46:24.203Z,"Banda Sea",earthquake,,4.6,,21,reviewed,us,us
1990-05-25T06:31:52.100Z,2.936,127.288,64,4.7,mb,,,,0.3,us,usp00049r2,2014-11-07T00:46:24.197Z,"155 km NNW of Tobelo, Indonesia",earthquake,,29.4,,3,reviewed,us,us
1990-05-25T02:03:27.560Z,-2.871,130.338,14.6,5.9,mw,,,,1,us,usp00049qy,2022-04-28T19:49:49.709Z,"165 km ENE of Amahai, Indonesia",earthquake,,,,,reviewed,us,hrv
1990-05-24T20:30:36.120Z,-8.184,127.876,126.1,4.5,mb,,,,1.4,us,usp00049qh,2014-11-07T00:46:24.108Z,"103 km ENE of Lospalos, Timor Leste",earthquake,,54.2,,1,reviewed,us,us
1990-05-24T20:09:23.240Z,-7.363,120.363,588.9,7.1,mw,,,,0.9,us,usp00049qg,2022-04-28T19:49:46.775Z,"135 km NNE of Labuan Bajo, Indonesia",earthquake,,,,,reviewed,us,hrv
1990-05-24T13:16:19.910Z,1.33,123.037,45.6,4.7,mb,,,,1.1,us,usp00049pu,2014-11-07T00:46:23.933Z,"87 km N of Gorontalo, Indonesia",earthquake,,10.8,,4,reviewed,us,us
1990-05-24T12:41:18.770Z,1.244,123.031,8.3,4.7,mb,,,,1,us,usp00049pt,2014-11-07T00:46:23.930Z,"Minahasa, Sulawesi, Indonesia",earthquake,,7.2,,6,reviewed,us,us
1990-05-23T19:35:14.900Z,-7.343,128.803,129,5.4,mw,,,,0.9,us,usp00049p0,2025-12-19T21:01:46.978Z,"237 km ENE of Lospalos, Timor Leste",earthquake,,,,,reviewed,us,hrv
1990-05-23T03:55:00.160Z,-4.213,136.249,33,5.1,mb,,,,1.1,us,usp00049na,2014-11-07T00:46:23.731Z,"125 km SE of Nabire, Indonesia",earthquake,,,,3,reviewed,us,us
1990-05-22T20:47:31.630Z,0.499,123.499,280,4.6,mb,,,,0.9,us,usp00049mt,2014-11-07T00:46:23.692Z,"48 km E of Gorontalo, Indonesia",earthquake,,34.5,,5,reviewed,us,us
1990-05-22T17:59:44.150Z,-4.691,103.173,87.8,5.1,mb,,,,1,us,usp00049mr,2014-11-07T00:46:23.673Z,"74 km S of Pagar Alam, Indonesia",earthquake,,11.3,,16,reviewed,us,us
1990-05-21T13:24:36.690Z,-8.137,109.043,27.5,5.6,mw,,,,1.1,us,usp00049k9,2022-04-28T19:49:39.931Z,"60 km SSW of Kroya, Indonesia",earthquake,,,,,reviewed,us,hrv
1990-05-19T14:34:47.460Z,-9.629,120.499,33,4.1,mb,,,,1.2,us,usp00049gw,2014-11-07T00:46:22.991Z,"25 km E of Waingapu, Indonesia",earthquake,,,,2,reviewed,us,us
1990-05-19T09:28:02.880Z,1.356,124.137,31,5,mb,,,,1.2,us,usp00049gr,2014-11-07T00:46:22.848Z,"74 km W of Tomohon, Indonesia",earthquake,,,,12,reviewed,us,us
1990-05-18T03:30:43.530Z,-4.157,102.475,77.7,5.2,mb,,,,1.1,us,usp00049f9,2014-11-07T00:46:22.709Z,"45 km SSE of Bengkulu, Indonesia",earthquake,,9.7,,21,reviewed,us,us
1990-05-17T18:54:11.190Z,4.243,96.034,33,4.7,mb,,,,1.2,us,usp00049eg,2014-11-07T00:46:22.627Z,"15 km NW of Meulaboh, Indonesia",earthquake,,,,5,reviewed,us,us
1990-05-17T10:17:34.130Z,-6.675,129.71,124.9,4.7,mb,,,,1.2,us,usp00049dy,2014-11-07T00:46:22.516Z,"Banda Sea",earthquake,,23.8,,6,reviewed,us,us
1990-05-17T06:09:09.990Z,1.186,124.106,33,4.3,mb,,,,0.7,us,usp00049dn,2014-11-07T00:46:22.486Z,"78 km W of Tomohon, Indonesia",earthquake,,,,1,reviewed,us,us
1990-05-16T19:38:35.500Z,4.271,127.499,33,4.4,mb,,,,1,us,usp00049d1,2014-11-07T00:46:22.408Z,"258 km ESE of Sarangani, Philippines",earthquake,,,,3,reviewed,us,us
1990-05-16T18:38:59.320Z,-8.339,129.57,181.8,4.2,mb,,,,1.3,us,usp00049cz,2014-11-07T00:46:22.351Z,"283 km E of Lospalos, Timor Leste",earthquake,,40.5,,1,reviewed,us,us
1990-05-16T17:09:56.130Z,-0.358,99.144,68.2,5,mb,,,,1.3,us,usp00049cw,2014-11-07T00:46:22.344Z,"112 km WNW of Pariaman, Indonesia",earthquake,,16.6,,5,reviewed,us,us
1990-05-16T00:18:32.810Z,-5.703,131.269,96.6,4.6,mb,,,,1.4,us,usp00049bu,2014-11-07T00:46:22.193Z,"164 km W of Tual, Indonesia",earthquake,,18.7,,4,reviewed,us,us
1990-05-15T20:35:34.620Z,-7.797,129.467,56.5,4.8,mb,,,,1.6,us,usp00049bg,2014-11-07T00:46:22.121Z,"283 km ENE of Lospalos, Timor Leste",earthquake,,14.6,,5,reviewed,us,us
1990-05-15T19:09:35.380Z,1.256,123.992,33,4.9,mb,,,,1,us,usp00049ba,2014-11-07T00:46:22.101Z,"90 km W of Tomohon, Indonesia",earthquake,,,,4,reviewed,us,us
1990-05-15T18:31:39.680Z,1.158,123.869,29.7,6,mw,,,,1.1,us,usp00049b9,2022-04-28T17:25:23.279Z,"105 km W of Tomohon, Indonesia",earthquake,,,,,reviewed,us,hrv
1990-05-15T16:33:35.460Z,5.743,126.219,33,5.2,mb,,,,0.8,us,usp00049b4,2014-11-07T00:46:22.075Z,"65 km ESE of Mangili, Philippines",earthquake,,,,5,reviewed,us,us
1990-05-15T15:59:02.100Z,-0.767,122.63,48.7,4.6,mb,,,,1.5,us,usp00049b2,2014-11-07T00:46:22.056Z,"26 km NW of Luwuk, Indonesia",earthquake,,18.8,,4,reviewed,us,us
1990-05-15T09:49:48.280Z,-8.746,118.413,128.2,4.6,mb,,,,1.5,us,usp00049as,2014-11-07T00:46:21.960Z,"23 km SSW of Dompu, Indonesia",earthquake,,21.4,,5,reviewed,us,us
1990-05-15T05:31:47.430Z,-0.716,122.609,33.6,4.1,mb,,,,1.4,us,usp00049aq,2014-11-07T00:46:21.957Z,"32 km NW of Luwuk, Indonesia",earthquake,,19.3,,2,reviewed,us,us
1990-05-15T02:57:26.410Z,-8.472,124.015,150.7,4.4,mb,,,,1.1,us,usp00049aj,2014-11-07T00:46:21.945Z,"90 km NNW of Pante Makasar, Timor Leste",earthquake,,42.9,,2,reviewed,us,us
1990-05-14T08:54:10.590Z,-7.535,129.073,189.1,4.6,mb,,,,1,us,usp000499s,2014-11-07T00:46:21.717Z,"253 km ENE of Lospalos, Timor Leste",earthquake,,37.5,,5,reviewed,us,us
1990-05-13T16:50:56.110Z,-8.331,117.63,33,4.7,mb,,,,1.3,us,usp000498z,2014-11-07T00:46:21.636Z,"18 km ENE of Pototano, Indonesia",earthquake,,,,1,reviewed,us,us
1990-05-13T16:40:27.470Z,-8.815,118.571,153.7,5,mb,,,,1.4,us,usp000498y,2014-11-07T00:46:21.630Z,"Sumbawa region, Indonesia",earthquake,,11.2,,18,reviewed,us,us
1990-05-12T15:05:53.640Z,-3.181,137.52,33,4.6,mb,,,,1.1,us,usp0004978,2014-11-07T00:46:21.462Z,"225 km E of Nabire, Indonesia",earthquake,,,,2,reviewed,us,us
1990-05-12T06:54:45.850Z,-7.822,106.984,33,4.4,mb,,,,1.5,us,usp000496y,2014-11-07T00:46:21.443Z,"85 km SW of Banjar, Indonesia",earthquake,,,,4,reviewed,us,us
1990-05-11T20:21:30.300Z,-3.25,135.977,33,4.5,mb,,,,1.1,us,usp000496f,2014-11-07T00:46:21.324Z,"54 km ENE of Nabire, Indonesia",earthquake,,,,2,reviewed,us,us
1990-05-11T19:42:23.340Z,1.329,123.59,21.5,5.3,mw,,,,1.1,us,usp000496d,2025-12-19T20:56:25.793Z,"105 km NE of Gorontalo, Indonesia",earthquake,,,,,reviewed,us,hrv
1990-05-11T02:17:09.200Z,-7.086,129.804,156.4,4.3,mb,,,,1.4,us,usp000495d,2014-11-07T00:46:21.072Z,"Kepulauan Babar, Indonesia",earthquake,,15.3,,4,reviewed,us,us
1990-05-10T12:36:28.280Z,-7.714,116.172,313.9,4.4,mb,,,,0.7,us,usp000494f,2014-11-07T00:46:21.002Z,"71 km N of Gili Air, Indonesia",earthquake,,9,,5,reviewed,us,us
1990-05-09T19:46:43.110Z,-2.813,119.729,33,5.2,mw,,,,1.1,us,usp000493h,2022-04-28T19:48:48.229Z,"25 km NW of Rantepao, Indonesia",earthquake,,,,,reviewed,us,hrv
1990-05-09T18:50:54.860Z,-8.907,128.215,197.9,3.6,mb,,,,0.7,us,usp000493e,2014-11-07T00:46:20.258Z,"140 km ESE of Lospalos, Timor Leste",earthquake,,34.1,,1,reviewed,us,us
1990-05-09T12:18:40.320Z,1.453,123.78,33,4.5,mb,,,,1.4,us,usp0004935,2014-11-07T00:46:20.022Z,"114 km W of Tomohon, Indonesia",earthquake,,,,2,reviewed,us,us
1990-05-08T09:55:04.680Z,1.209,123.789,33,5,mb,,,,1,us,usp000490q,2014-11-07T00:46:19.707Z,"109 km NE of Gorontalo, Indonesia",earthquake,,,,7,reviewed,us,us
1990-05-08T06:39:15.620Z,-7.334,129.117,87.3,4.2,mb,,,,1.2,us,usp000490h,2014-11-07T00:46:19.692Z,"268 km ENE of Lospalos, Timor Leste",earthquake,,32.1,,4,reviewed,us,us
1990-05-07T10:53:45.070Z,-0.578,135.702,33,4.7,mb,,,,0.7,us,usp00048zg,2014-11-07T00:46:18.936Z,"72 km NNW of Insrom, Indonesia",earthquake,,,,10,reviewed,us,us
1990-05-06T14:23:07.410Z,-10.593,110.395,33,3.8,mb,,,,0.2,us,usp00048y7,2014-11-07T00:46:18.710Z,"292 km S of Pundong, Indonesia",earthquake,,,,2,reviewed,us,us
1990-05-05T22:56:05.400Z,0.344,122.221,33,4.1,mb,,,,0.6,us,usp00048xa,2014-11-07T00:46:18.615Z,"96 km WSW of Gorontalo, Indonesia",earthquake,,,,2,reviewed,us,us
1990-05-05T14:11:18.930Z,1.115,123.658,27.8,4.9,mb,,,,1.3,us,usp00048wm,2014-11-07T00:46:18.366Z,"92 km NE of Gorontalo, Indonesia",earthquake,,,,4,reviewed,us,us
1990-05-05T09:41:54.680Z,1.164,123.577,33,4.6,mb,,,,0.9,us,usp00048w7,2014-11-07T00:46:17.604Z,"89 km NE of Gorontalo, Indonesia",earthquake,,,,6,reviewed,us,us
1990-05-05T07:34:32.330Z,0.018,123.566,213.4,4.8,mb,,,,1.3,us,usp00048vu,2014-11-07T00:46:17.447Z,"Minahasa, Sulawesi, Indonesia",earthquake,,13.4,,11,reviewed,us,us
1990-05-04T02:59:23.860Z,1.481,123.585,30,5,mb,,,,0.9,us,usp00048u5,2014-11-07T00:46:16.894Z,"119 km NNE of Gorontalo, Indonesia",earthquake,,17,,12,reviewed,us,us
1990-05-03T19:14:26.050Z,-0.439,132.82,22.7,5.2,mb,,,,1.2,us,usp00048tj,2014-11-07T00:46:16.778Z,"146 km WNW of Manokwari, Indonesia",earthquake,,,,16,reviewed,us,us
1990-05-03T05:31:42.700Z,1.328,123.157,37,4.6,mb,,,,1,us,usp00048sp,2014-11-07T00:46:16.608Z,"88 km N of Gorontalo, Indonesia",earthquake,,12.5,,5,reviewed,us,us
1990-05-02T15:33:28.500Z,-6.328,130.491,94,3.9,mb,,,,1.1,us,usp00048rt,2014-11-07T00:46:16.244Z,"262 km WSW of Tual, Indonesia",earthquake,,35.2,,3,reviewed,us,us
1990-05-02T12:30:17.270Z,-9.474,129.091,185.5,4.2,mb,,,,0.7,us,usp00048rm,2014-11-07T00:46:16.200Z,"253 km ESE of Lospalos, Timor Leste",earthquake,,28.5,,2,reviewed,us,us
1990-05-02T06:39:55.070Z,-4.238,103.049,33,4.4,mb,,,,0.6,us,usp00048r4,2014-11-07T00:46:16.057Z,"32 km SW of Pagar Alam, Indonesia",earthquake,,,,3,reviewed,us,us
1990-05-02T05:08:01.170Z,-7.974,123.564,352.6,5,mb,,,,1.1,us,usp00048r2,2014-11-07T00:46:16.033Z,"162 km NNW of Pante Makasar, Timor Leste",earthquake,,11.1,,10,reviewed,us,us
1990-05-02T04:19:40.790Z,0.019,124.252,103.2,5.3,mw,,,,1.1,us,usp00048qz,2025-12-19T21:01:38.649Z,"144 km ESE of Gorontalo, Indonesia",earthquake,,2.5,,,reviewed,us,hrv
1990-05-02T04:13:50.570Z,-7.079,129.973,130.4,4.8,mb,,,,1.3,us,usp00048qy,2014-11-07T00:46:15.726Z,"Kepulauan Babar, Indonesia",earthquake,,10,,8,reviewed,us,us
1990-05-02T03:28:46.620Z,-10.457,110.295,33,4.5,mb,,,,0.8,us,usp00048qv,2014-11-07T00:46:15.588Z,"277 km S of Pundong, Indonesia",earthquake,,,,5,reviewed,us,us
1990-05-02T01:43:14.820Z,1.389,123.351,33,4.4,mb,,,,0.7,us,usp00048qt,2014-11-07T00:46:15.558Z,"99 km NNE of Gorontalo, Indonesia",earthquake,,,,5,reviewed,us,us
1990-05-01T10:01:14.160Z,-5.688,130.746,33,4.2,mb,,,,1.2,us,usp00048q7,2014-11-07T00:46:14.568Z,"222 km W of Tual, Indonesia",earthquake,,,,3,reviewed,us,us
1990-05-01T09:48:01.730Z,-9.57,109.914,33,4.6,mb,,,,0.7,us,usp00048q6,2014-11-07T00:46:14.560Z,"183 km SSW of Bambanglipuro, Indonesia",earthquake,,,,2,reviewed,us,us
1990-05-01T09:31:26.550Z,-2.708,139.185,33,3.7,mb,,,,0.8,us,usp00048q3,2014-11-07T00:46:14.514Z,"161 km W of Abepura, Indonesia",earthquake,,,,2,reviewed,us,us
1990-05-01T06:12:09.020Z,-7.782,129.236,111.7,4.5,mb,,,,1.5,us,usp00048px,2014-11-07T00:46:14.336Z,"259 km ENE of Lospalos, Timor Leste",earthquake,,54.2,,2,reviewed,us,us
1990-04-30T06:58:20.540Z,1.211,123.338,33,4.3,mb,,,,1.3,us,usp00048nt,2014-11-07T00:46:12.501Z,"80 km NNE of Gorontalo, Indonesia",earthquake,,,,2,reviewed,us,us
1990-04-30T02:49:16.190Z,-3.233,129.331,96.9,4.7,mb,,,,1,us,usp00048nd,2014-11-07T00:46:12.466Z,"47 km ENE of Amahai, Indonesia",earthquake,,8.2,,3,reviewed,us,us
1990-04-30T02:40:04.020Z,-6.487,130.18,153.6,4.6,mb,,,,0.8,us,usp00048nc,2014-11-07T00:46:12.464Z,"Banda Sea",earthquake,,34,,4,reviewed,us,us
1990-04-29T09:56:45.210Z,1.746,123.864,33,4.2,mb,,,,1.4,us,usp00048mg,2014-11-07T00:46:12.392Z,"113 km WNW of Manado, Indonesia",earthquake,,,,3,reviewed,us,us
1990-04-29T06:21:01.350Z,1.571,123.696,33,4.3,mb,,,,1.4,us,usp00048m9,2014-11-07T00:46:12.367Z,"126 km WNW of Tomohon, Indonesia",earthquake,,,,4,reviewed,us,us
1990-04-28T13:10:44.360Z,-2.96,129.867,33,4.5,mb,,,,1.4,us,usp00048kd,2014-11-07T00:46:12.301Z,"113 km ENE of Amahai, Indonesia",earthquake,,,,3,reviewed,us,us
1990-04-28T02:23:16.820Z,1.012,123.243,33,4.8,mb,,,,1.2,us,usp00048jv,2014-11-07T00:46:12.247Z,"56 km NNE of Gorontalo, Indonesia",earthquake,,,,4,reviewed,us,us
1990-04-27T22:11:48.550Z,-7.355,128.176,153.3,4.4,mb,,,,1,us,usp00048jq,2014-11-07T00:46:12.196Z,"183 km NE of Lospalos, Timor Leste",earthquake,,47.8,,2,reviewed,us,us
1990-04-27T17:34:25.700Z,1.309,123.672,33,4.4,mb,,,,0.6,us,usp00048je,2014-11-07T00:46:12.178Z,"108 km NE of Gorontalo, Indonesia",earthquake,,,,1,reviewed,us,us
1990-04-27T09:42:31.050Z,1.462,123.566,36.8,5.4,mw,,,,1.2,us,usp00048j1,2025-12-19T21:02:08.270Z,"116 km NNE of Gorontalo, Indonesia",earthquake,,,,,reviewed,us,hrv
1990-04-27T05:09:02.850Z,1.245,122.881,45.8,5,mb,,,,1,us,usp00048hw,2014-11-07T00:46:12.115Z,"Minahasa, Sulawesi, Indonesia",earthquake,,10.2,,9,reviewed,us,us
1990-04-26T23:28:40.090Z,1.313,122.987,33,4.8,mb,,,,1.3,us,usp00048hh,2014-11-07T00:46:12.074Z,"86 km N of Gorontalo, Indonesia",earthquake,,,,6,reviewed,us,us
1990-04-26T15:40:34.400Z,1.059,122.825,24.4,6,mw,,,,1,us,usp00048h3,2022-04-28T19:53:16.476Z,"63 km NNW of Gorontalo, Indonesia",earthquake,,,,,reviewed,us,hrv
1990-04-26T07:41:30.910Z,1.522,123.238,33,4.4,mb,,,,1.4,us,usp00048gn,2014-11-07T00:46:11.906Z,"110 km N of Gorontalo, Indonesia",earthquake,,,,3,reviewed,us,us
1990-04-25T23:06:52.540Z,0.815,122.862,86,4.1,mb,,,,0.1,us,usp00048g3,2014-11-07T00:46:11.862Z,"37 km NW of Gorontalo, Indonesia",earthquake,,37.2,,2,reviewed,us,us
1990-04-25T19:54:29.720Z,1.398,123.378,33,4.6,mb,,,,1.4,us,usp00048fx,2014-11-07T00:46:11.852Z,"101 km NNE of Gorontalo, Indonesia",earthquake,,,,7,reviewed,us,us
1990-04-25T18:30:54.670Z,-9.411,107.634,31,4.8,mb,,,,1.2,us,usp00048fr,2014-11-07T00:46:11.835Z,"233 km SSW of Kawalu, Indonesia",earthquake,,,,7,reviewed,us,us
1990-04-24T21:05:17.430Z,1.37,123.547,42,4.8,mb,,,,1,us,usp00048e1,2014-11-07T00:46:11.655Z,"106 km NNE of Gorontalo, Indonesia",earthquake,,10.5,,8,reviewed,us,us
1990-04-24T20:24:27.900Z,1.339,123.531,33,4.3,mb,,,,1,us,usp00048dx,2014-11-07T00:46:11.647Z,"102 km NNE of Gorontalo, Indonesia",earthquake,,,,2,reviewed,us,us
1990-04-24T19:13:25.780Z,-6.368,130.547,136.5,4.4,mb,,,,1.1,us,usp00048dr,2014-11-07T00:46:11.617Z,"257 km WSW of Tual, Indonesia",earthquake,,10,,5,reviewed,us,us
1990-04-24T13:06:30.350Z,1.428,123.525,33,4.5,mb,,,,1.1,us,usp00048da,2014-11-07T00:46:11.580Z,"111 km NNE of Gorontalo, Indonesia",earthquake,,,,5,reviewed,us,us
1990-04-24T10:00:39.880Z,1.404,123.486,32.4,5.1,mb,,,,1.2,us,usp00048d7,2022-04-28T19:52:57.324Z,"106 km NNE of Gorontalo, Indonesia",earthquake,,13.4,,22,reviewed,us,us
1990-04-24T03:03:41.340Z,-2.922,120.023,24,4.3,mb,,,,1.1,us,usp00048cu,2014-11-07T00:46:11.532Z,"14 km ENE of Rantepao, Indonesia",earthquake,,11.5,,3,reviewed,us,us
1990-04-23T09:19:22.910Z,1.016,123.842,33,4.8,mb,,,,1,us,usp00048bw,2014-11-07T00:46:11.447Z,"101 km ENE of Gorontalo, Indonesia",earthquake,,,,3,reviewed,us,us
1990-04-22T23:51:52.550Z,0.955,120.064,33,5.3,mw,,,,1.1,us,usp00048bd,2022-04-28T19:52:55.867Z,"207 km N of Palu, Indonesia",earthquake,,,,,reviewed,us,hrv
1990-04-22T21:28:56.340Z,-6.167,130.754,115.3,4.4,mb,,,,1.2,us,usp00048bb,2014-11-07T00:46:11.394Z,"229 km WSW of Tual, Indonesia",earthquake,,34.9,,4,reviewed,us,us
1990-04-21T22:13:53.330Z,-6.385,132.196,33,4.4,mb,,,,1.5,us,usp000489a,2014-11-07T00:46:11.155Z,"103 km SW of Tual, Indonesia",earthquake,,,,1,reviewed,us,us
1990-04-21T17:02:35.960Z,1.34,122.83,46.5,4.4,mb,,,,0.6,us,usp000488v,2014-11-07T00:46:11.097Z,"92 km NNW of Gorontalo, Indonesia",earthquake,,20.1,,3,reviewed,us,us
1990-04-21T16:30:57.390Z,1.222,122.842,33,4.4,mb,,,,1.3,us,usp000488s,2014-11-07T00:46:11.093Z,"79 km NNW of Gorontalo, Indonesia",earthquake,,,,1,reviewed,us,us
1990-04-21T11:56:16.280Z,-7.077,130.044,62.8,4.6,mb,,,,1.3,us,usp000488a,2014-11-07T00:46:10.792Z,"Pulau Pulau Tanimbar, Indonesia",earthquake,,9.8,,5,reviewed,us,us
1990-04-21T05:14:03.930Z,1.234,123.254,32.9,5.5,mw,,,,1.1,us,usp000487x,2022-04-28T19:52:46.116Z,"79 km NNE of Gorontalo, Indonesia",earthquake,,,,,reviewed,us,hrv
1990-04-21T04:27:22.820Z,1.278,123.106,33,4.6,mb,,,,0.6,us,usp000487v,2014-11-07T00:46:10.695Z,"82 km N of Gorontalo, Indonesia",earthquake,,,,2,reviewed,us,us
1990-04-21T01:42:33.500Z,-10.194,123.721,33,4.2,mb,,,,1,us,usp000487p,2014-11-07T00:46:10.680Z,"12 km ESE of Kupang, Indonesia",earthquake,,,,2,reviewed,us,us
1990-04-20T17:56:50.810Z,1.365,123.404,33,4.8,mb,,,,1.3,us,usp0004876,2014-11-07T00:46:10.592Z,"99 km NNE of Gorontalo, Indonesia",earthquake,,,,6,reviewed,us,us
1990-04-20T11:51:48.530Z,1.058,124.083,33,4.8,mb,,,,1.5,us,usp000486x,2014-11-07T00:46:10.577Z,"Minahasa, Sulawesi, Indonesia",earthquake,,,,8,reviewed,us,us
1990-04-20T03:24:22.580Z,0.393,123.183,33,4.7,mb,,,,0.6,us,usp000486h,2014-11-07T00:46:10.526Z,"20 km SE of Gorontalo, Indonesia",earthquake,,,,4,reviewed,us,us
1990-04-19T22:03:08.130Z,1.093,123.876,25.8,5.1,mb,,,,1.3,us,usp000486b,2014-11-07T00:46:10.504Z,"106 km WSW of Tomohon, Indonesia",earthquake,,,,13,reviewed,us,us
1990-04-19T21:53:10.100Z,1.53,123.54,33,4.5,mb,,,,1.3,us,usp000486a,2014-11-07T00:46:10.502Z,"121 km NNE of Gorontalo, Indonesia",earthquake,,,,2,reviewed,us,us
1990-04-19T18:35:32.660Z,1.567,123.238,33,4.6,mb,,,,1.1,us,usp0004866,2014-11-07T00:46:10.493Z,"115 km N of Gorontalo, Indonesia",earthquake,,,,6,reviewed,us,us
1990-04-19T17:10:12.220Z,1.306,123.509,33,4.6,mb,,,,1.1,us,usp0004865,2014-11-07T00:46:10.490Z,"Minahasa, Sulawesi, Indonesia",earthquake,,,,7,reviewed,us,us
1990-04-19T15:18:10.940Z,1.254,127.944,33,4.3,mb,,,,0.8,us,usp000485x,2014-11-07T00:46:10.475Z,"52 km S of Tobelo, Indonesia",earthquake,,,,5,reviewed,us,us
1990-04-19T15:00:55.170Z,1.272,123.033,33,4.9,mb,,,,1.1,us,usp000485w,2014-11-07T00:46:10.471Z,"81 km N of Gorontalo, Indonesia",earthquake,,,,9,reviewed,us,us
1990-04-19T12:40:38.690Z,1.108,123.429,23.7,6.5,mw,,,,1.2,us,usp000485m,2022-04-28T19:52:26.603Z,"75 km NNE of Gorontalo, Indonesia",earthquake,,,,,reviewed,us,nc
1990-04-19T11:28:29.640Z,1.355,123.53,33,4.6,mb,,,,1.2,us,usp000485k,2014-11-07T00:46:10.420Z,"104 km NNE of Gorontalo, Indonesia",earthquake,,,,6,reviewed,us,us
1990-04-19T08:28:33.250Z,1.429,123.576,33,5.4,mw,,,,1.1,us,usp000485f,2025-12-19T21:02:03.140Z,"113 km NNE of Gorontalo, Indonesia",earthquake,,,,,reviewed,us,hrv
1990-04-19T03:59:22.450Z,1.188,123.463,28.1,5.3,mb,,,,1.1,us,usp000485a,2014-11-07T00:46:10.395Z,"84 km NNE of Gorontalo, Indonesia",earthquake,,,,12,reviewed,us,us
1990-04-19T03:57:20.440Z,1.317,123.692,33,4.9,mb,,,,1,us,usp0004859,2014-11-07T00:46:10.391Z,"111 km NE of Gorontalo, Indonesia",earthquake,,,,5,reviewed,us,us
1990-04-19T03:36:58.600Z,-6.583,128.901,193.5,4.6,mb,,,,1.2,us,usp0004855,2014-11-07T00:46:10.383Z,"Banda Sea",earthquake,,7.5,,6,reviewed,us,us
1990-04-19T01:05:08.760Z,1.3,123.021,33,6,mw,,,,1.3,us,usp0004850,2022-04-28T19:52:21.280Z,"Minahasa, Sulawesi, Indonesia",earthquake,,,,,reviewed,us,hrv
1990-04-19T01:01:48.230Z,1.487,123.118,33,4.6,mb,,,,1.4,us,usp000484z,2014-11-07T00:46:10.355Z,"105 km N of Gorontalo, Indonesia",earthquake,,,,6,reviewed,us,us
1990-04-18T22:47:30.790Z,1.39,122.907,33,5,mb,,,,1,us,usp000484v,2014-11-07T00:46:10.336Z,"95 km N of Gorontalo, Indonesia",earthquake,,,,11,reviewed,us,us
1990-04-18T22:27:58.380Z,1.342,123.084,33,4.5,mb,,,,0.7,us,usp000484u,2014-11-07T00:46:10.334Z,"88 km N of Gorontalo, Indonesia",earthquake,,,,4,reviewed,us,us
1990-04-18T21:35:13.440Z,1.311,123.626,33,4.9,mb,,,,1,us,usp000484s,2014-11-07T00:46:10.331Z,"106 km NE of Gorontalo, Indonesia",earthquake,,,,5,reviewed,us,us
1990-04-18T20:57:37.200Z,1.431,123.533,33,4.9,mb,,,,1.3,us,usp000484m,2014-11-07T00:46:10.323Z,"111 km NNE of Gorontalo, Indonesia",earthquake,,,,4,reviewed,us,us
1990-04-18T20:34:07.690Z,1.276,123.07,33,4.9,mb,,,,0.6,us,usp000484k,2014-11-07T00:46:10.321Z,"81 km N of Gorontalo, Indonesia",earthquake,,,,5,reviewed,us,us
1990-04-18T19:22:40.280Z,1.229,123.441,36.8,5.5,mb,,,,1.1,us,usp000484b,2022-04-28T19:52:15.838Z,"87 km NNE of Gorontalo, Indonesia",earthquake,,,,24,reviewed,us,us
1990-04-18T19:19:29.890Z,1.257,123.47,33,5.1,mb,,,,1,us,usp000484a,2014-11-07T00:46:10.293Z,"91 km NNE of Gorontalo, Indonesia",earthquake,,,,13,reviewed,us,us
1990-04-18T19:08:00.810Z,1.305,123.359,33,5.2,mb,,,,1.3,us,usp0004849,2014-11-07T00:46:10.280Z,"91 km NNE of Gorontalo, Indonesia",earthquake,,,,6,reviewed,us,us
1990-04-18T18:54:38.560Z,1.232,123.358,28.5,5.4,mb,,,,1.1,us,usp0004848,2022-04-28T19:52:14.758Z,"83 km NNE of Gorontalo, Indonesia",earthquake,,,,15,reviewed,us,us
1990-04-18T18:45:24.150Z,1.244,123.002,33,5.1,mb,,,,1.2,us,usp0004847,2014-11-07T00:46:10.271Z,"78 km N of Gorontalo, Indonesia",earthquake,,,,10,reviewed,us,us
1990-04-18T18:32:59.980Z,1.315,123.018,19.1,6.5,mw,,,,1.1,us,usp0004845,2022-04-28T19:52:13.772Z,"86 km N of Gorontalo, Indonesia",earthquake,,,,,reviewed,us,hrv
1990-04-18T18:24:50.930Z,1.215,123.429,31.2,5.4,mb,,,,1,us,usp0004844,2022-04-28T19:52:11.907Z,"Minahasa, Sulawesi, Indonesia",earthquake,,,,15,reviewed,us,us
1990-04-18T18:12:24.680Z,0.68,123.557,33,4.7,mb,,,,1.1,us,usp0004843,2014-11-07T00:46:10.240Z,"57 km ENE of Gorontalo, Indonesia",earthquake,,,,2,reviewed,us,us
1990-04-18T17:26:08.550Z,1.224,122.994,33,5,mb,,,,1.3,us,usp000483z,2014-11-07T00:46:10.235Z,"76 km N of Gorontalo, Indonesia",earthquake,,,,1,reviewed,us,us
1990-04-18T17:17:53.230Z,1.393,123.506,33,5.1,mb,,,,1.1,us,usp000483y,2014-11-07T00:46:10.232Z,"106 km NNE of Gorontalo, Indonesia",earthquake,,,,8,reviewed,us,us
1990-04-18T17:06:18.490Z,1.263,122.984,35.3,5.7,mb,,,,1.1,us,usp000483x,2022-04-28T19:52:10.885Z,"80 km N of Gorontalo, Indonesia",earthquake,,,,45,reviewed,us,us
1990-04-18T16:54:46.360Z,1.221,123.039,33,5,mb,,,,1,us,usp000483w,2014-11-07T00:46:10.215Z,"75 km N of Gorontalo, Indonesia",earthquake,,,,8,reviewed,us,us
1990-04-18T16:43:55.100Z,1.489,123.611,33,4.3,mb,,,,1.1,us,usp000483v,2014-11-07T00:46:10.214Z,"121 km NNE of Gorontalo, Indonesia",earthquake,,,,2,reviewed,us,us
1990-04-18T16:23:31.250Z,-1.948,126.05,33,5.2,mb,,,,1.3,us,usp000483u,2014-11-07T00:46:10.212Z,"Pulau-Pulau Sula, Indonesia",earthquake,,,,4,reviewed,us,us
1990-04-18T16:21:37.360Z,1.169,123.69,33,4.8,mb,,,,1.3,us,usp000483t,2014-11-07T00:46:10.210Z,"98 km NE of Gorontalo, Indonesia",earthquake,,,,3,reviewed,us,us
1990-04-18T16:19:00.770Z,1.226,123.168,33,4.8,mb,,,,0.9,us,usp000483r,2014-11-07T00:46:10.206Z,"77 km N of Gorontalo, Indonesia",earthquake,,,,6,reviewed,us,us
1990-04-18T15:50:46.310Z,1.337,122.846,33,5.1,mb,,,,1,us,usp000483p,2014-11-07T00:46:10.200Z,"91 km NNW of Gorontalo, Indonesia",earthquake,,,,9,reviewed,us,us
1990-04-18T15:27:08.220Z,1.29,123.113,28.6,5.4,mb,,,,1.1,us,usp000483j,2022-04-28T19:52:09.917Z,"83 km N of Gorontalo, Indonesia",earthquake,,,,19,reviewed,us,us
1990-04-18T15:15:22.560Z,1.319,122.973,33,5.3,mb,,,,1.2,us,usp000483h,2014-11-07T00:46:10.181Z,"86 km N of Gorontalo, Indonesia",earthquake,,,,19,reviewed,us,us
1990-04-18T15:12:55.670Z,1.222,122.768,33,4.4,mb,,,,1.1,us,usp000483g,2014-11-07T00:46:10.180Z,"82 km NNW of Gorontalo, Indonesia",earthquake,,,,2,reviewed,us,us
1990-04-18T15:06:19.780Z,1.449,123.128,33,4.9,mb,,,,1.3,us,usp000483f,2014-11-07T00:46:10.178Z,"101 km N of Gorontalo, Indonesia",earthquake,,,,2,reviewed,us,us
1990-04-18T14:53:13.520Z,1.443,123.016,33,4.9,mb,,,,1.1,us,usp000483e,2014-11-07T00:46:10.175Z,"100 km N of Gorontalo, Indonesia",earthquake,,,,7,reviewed,us,us
1990-04-18T14:50:22.700Z,1.085,122.746,33,5,mb,,,,1.2,us,usp000483b,2014-11-07T00:46:10.166Z,"70 km NNW of Gorontalo, Indonesia",earthquake,,,,4,reviewed,us,us
1990-04-18T14:35:17.070Z,1.129,122.645,33,5.6,mb,,,,0.8,us,usp0004839,2022-04-28T19:52:08.858Z,"80 km NW of Gorontalo, Indonesia",earthquake,,,,9,reviewed,us,us
1990-04-18T14:29:01.380Z,1.321,123.039,33,5.3,mb,,,,1.6,us,usp0004837,2014-11-07T00:46:10.146Z,"86 km N of Gorontalo, Indonesia",earthquake,,,,3,reviewed,us,us
1990-04-18T14:23:56.220Z,1.182,122.819,33,5.4,mb,,,,1.4,us,usp0004835,2022-04-28T19:52:07.870Z,"76 km NNW of Gorontalo, Indonesia",earthquake,,,,14,reviewed,us,us
1990-04-18T14:19:02.090Z,1.212,122.999,33,5.3,mb,,,,1.5,us,usp0004834,2014-11-07T00:46:10.138Z,"74 km N of Gorontalo, Indonesia",earthquake,,,,4,reviewed,us,us
1990-04-18T13:54:19.030Z,0.368,123.131,33,5.6,mb,,,,1.6,us,usp0004832,2020-08-28T23:33:31.621Z,"20 km SSE of Gorontalo, Indonesia",earthquake,,,,3,reviewed,us,us
1990-04-18T13:39:19.010Z,1.186,122.857,25.7,7.8,mw,,,,1.2,us,usp000482z,2022-04-28T19:52:05.247Z,"75 km NNW of Gorontalo, Indonesia",earthquake,,,,,reviewed,us,par
1990-04-18T06:15:23.080Z,-6.43,129.101,234.7,4.9,mb,,,,1.4,us,usp000482c,2014-11-07T00:46:10.045Z,"Banda Sea",earthquake,,9.6,,8,reviewed,us,us
1990-04-17T17:17:36.630Z,2.819,126.23,86.2,4.9,mb,,,,0.7,us,usp000481k,2014-11-07T00:46:09.984Z,"202 km NE of Laikit, Laikit II (Dimembe), Indonesia",earthquake,,13.7,,12,reviewed,us,us
1990-04-16T19:12:54.770Z,-5.301,102.38,38.9,4.9,mb,,,,1.3,us,usp0004805,2014-11-07T00:46:09.802Z,"166 km S of Bengkulu, Indonesia",earthquake,,,,8,reviewed,us,us
1990-04-16T08:59:43.530Z,2.504,128.613,30.7,5,mb,,,,1.2,us,usp00047zp,2014-11-07T00:46:09.732Z,"108 km NE of Tobelo, Indonesia",earthquake,,,,21,reviewed,us,us
1990-04-15T13:17:58.660Z,0.036,123.487,166,4.6,mb,,,,1.6,us,usp00047z3,2014-11-07T00:46:09.680Z,"72 km SE of Gorontalo, Indonesia",earthquake,,10.9,,5,reviewed,us,us
1990-04-15T11:50:44.540Z,-8.665,120.539,137.7,3.5,mb,,,,1,us,usp00047z0,2014-11-07T00:46:09.676Z,"10 km SE of Ruteng, Indonesia",earthquake,,28.2,,1,reviewed,us,us
1990-04-14T18:12:34.010Z,-0.09,99.634,115.5,4.7,mb,,,,0.9,us,usp00047xv,2014-11-07T00:46:09.588Z,"79 km NW of Pariaman, Indonesia",earthquake,,16.8,,8,reviewed,us,us
1990-04-14T18:03:41.650Z,1.778,127.364,128,4.8,mb,,,,0.6,us,usp00047xu,2014-11-07T00:46:09.586Z,"72 km W of Tobelo, Indonesia",earthquake,,36,,2,reviewed,us,us
1990-04-14T10:29:45.630Z,2.091,127.803,33,5.2,mb,,,,1,us,usp00047xa,2014-11-07T00:46:09.560Z,"46 km NNW of Tobelo, Indonesia",earthquake,,,,2,reviewed,us,us
1990-04-13T22:46:55.320Z,-6.638,130.513,17.7,5.2,mb,,,,1.3,us,usp00047wg,2014-11-07T00:46:09.439Z,"271 km WSW of Tual, Indonesia",earthquake,,,,15,reviewed,us,us
1990-04-13T18:10:57.040Z,-10.029,117.829,33,3.4,mb,,,,0.9,us,usp00047w3,2014-11-07T00:46:09.409Z,"175 km SSE of Sumbawa Besar, Indonesia",earthquake,,,,1,reviewed,us,us
1990-04-13T14:17:04.030Z,-7.12,106.695,33,5,mb,,,,1.1,us,usp00047vw,2014-11-07T00:46:09.386Z,"21 km SE of Pelabuhanratu, Indonesia",earthquake,,,,4,reviewed,us,us
1990-04-13T11:31:56.470Z,4.136,97.475,162.1,4.2,mb,,,,0.8,us,usp00047vt,2014-11-07T00:46:09.380Z,"65 km SW of Langsa, Indonesia",earthquake,,22,,3,reviewed,us,us
1990-04-12T00:15:10.270Z,4.245,128.969,33,4.4,mb,,,,1.6,us,usp00047u6,2014-11-07T00:46:09.215Z,"275 km WNW of Tobi Village, Palau",earthquake,,,,2,reviewed,us,us
1990-04-11T06:38:10.450Z,-7.157,129.515,131.2,5.5,mb,,,,1.4,us,usp00047t7,2014-11-07T00:46:09.032Z,"Kepulauan Babar, Indonesia",earthquake,,14.8,,5,reviewed,us,us
1990-04-10T22:44:44.100Z,-10.524,109.592,39.9,5.3,mb,,,,1.1,us,usp00047sy,2022-04-28T19:51:57.209Z,"294 km SSW of Bambanglipuro, Indonesia",earthquake,,,,13,reviewed,us,us
1990-04-10T13:10:22.000Z,-9.247,113.669,65,4,mb,,,,0.5,us,usp00047sa,2014-11-07T00:46:08.953Z,"107 km SSW of Gambiran Satu, Indonesia",earthquake,,19.1,,2,reviewed,us,us
1990-04-10T05:51:10.550Z,-7.738,127.563,176.1,4.7,mb,,,,1.5,us,usp00047s2,2014-11-07T00:46:08.934Z,"106 km NE of Lospalos, Timor Leste",earthquake,,10.1,,7,reviewed,us,us
1990-04-10T02:25:19.510Z,-4.494,136.728,33,5.1,mb,,,,1,us,usp00047ry,2014-11-07T00:46:08.906Z,"185 km SE of Nabire, Indonesia",earthquake,,,,8,reviewed,us,us
1990-04-09T13:04:56.550Z,-10.547,124.947,33,4.6,mb,,,,0.7,us,usp00047r3,2014-11-07T00:46:08.817Z,"105 km SE of Soe, Indonesia",earthquake,,,,2,reviewed,us,us
1990-04-09T07:21:14.280Z,-2.341,134.32,33,4.2,mb,,,,1.1,us,usp00047qh,2014-11-07T00:46:08.744Z,"165 km S of Manokwari, Indonesia",earthquake,,,,3,reviewed,us,us
1990-04-08T01:17:54.800Z,-10.109,121.849,33,4.3,mb,,,,1.1,us,usp00047nr,2014-11-07T00:46:08.404Z,"141 km S of Ende, Indonesia",earthquake,,,,4,reviewed,us,us
1990-04-07T16:14:31.200Z,4.892,126.691,63.5,4.9,mb,,,,1.3,us,usp00047n3,2014-11-07T00:46:08.247Z,"147 km ESE of Sarangani, Philippines",earthquake,,14.7,,12,reviewed,us,us
1990-04-07T13:54:14.620Z,-0.765,123.367,65.6,4.2,mb,,,,0.9,us,usp00047mw,2014-11-07T00:46:08.231Z,"67 km ENE of Luwuk, Indonesia",earthquake,,12.1,,4,reviewed,us,us
1990-04-07T12:54:19.810Z,-5.059,130.971,58.2,4.7,mb,,,,1.2,us,usp00047ms,2014-11-07T00:46:08.215Z,"207 km WNW of Tual, Indonesia",earthquake,,13,,8,reviewed,us,us
1990-04-06T22:31:55.550Z,-8.963,109.95,33,4.8,mb,,,,1.1,us,usp00047kc,2014-11-07T00:46:08.067Z,"117 km SSW of Bambanglipuro, Indonesia",earthquake,,,,12,reviewed,us,us
1990-04-06T14:08:07.930Z,-2.518,139.232,33,5,mb,,,,1,us,usp00047jn,2014-11-07T00:46:07.603Z,"155 km W of Abepura, Indonesia",earthquake,,,,9,reviewed,us,us
1990-04-06T05:47:43.650Z,-6.817,105.14,33,5.8,mw,,,,1.3,us,usp00047hw,2022-04-28T19:51:28.899Z,"90 km WSW of Labuan, Indonesia",earthquake,,,,,reviewed,us,hrv
1990-04-05T20:41:34.300Z,-7.798,119.749,199,4.3,mb,,,,1.2,us,usp00047gh,2014-11-07T00:46:06.617Z,"78 km N of Labuan Bajo, Indonesia",earthquake,,29.3,,2,reviewed,us,us
1990-04-05T06:09:05.300Z,-8.868,124.397,180.9,4.3,mb,,,,1.3,us,usp00047fx,2014-11-07T00:46:06.450Z,"36 km N of Pante Makasar, Timor Leste",earthquake,,55.8,,2,reviewed,us,us
1990-04-04T15:13:56.090Z,-5.148,130.43,102.5,4.7,mb,,,,1.1,us,usp00047f1,2014-11-07T00:46:05.967Z,"260 km SE of Amahai, Indonesia",earthquake,,13.4,,7,reviewed,us,us
1990-04-04T09:07:27.230Z,-0.788,122.323,32.6,5.1,mw,,,,1.3,us,usp00047ep,2022-04-28T19:51:05.633Z,"54 km WNW of Luwuk, Indonesia",earthquake,,7.2,,,reviewed,us,hrv
1990-04-03T16:49:49.750Z,-5.614,113.01,36.1,4.6,mb,,,,0.8,us,usp00047dt,2014-11-07T00:46:04.882Z,"156 km NNE of Paciran, Indonesia",earthquake,,12.8,,8,reviewed,us,us
1990-04-03T11:54:12.130Z,-2.829,140.352,33,4.9,mb,,,,0.6,us,usp00047dr,2014-11-07T00:46:04.872Z,"40 km SW of Abepura, Indonesia",earthquake,,,,8,reviewed,us,us
1990-04-03T11:38:29.280Z,-3.055,139.934,33,4,mb,,,,1.3,us,usp00047dp,2014-11-07T00:46:04.857Z,"92 km WSW of Abepura, Indonesia",earthquake,,,,2,reviewed,us,us
1990-04-03T06:48:23.600Z,-9.54,110.663,33,3.8,mb,,,,1.1,us,usp00047dg,2014-11-07T00:46:04.709Z,"178 km S of Pundong, Indonesia",earthquake,,,,3,reviewed,us,us
1990-04-03T04:33:09.680Z,-9.947,119.396,33,3.8,mb,,,,1.1,us,usp00047de,2014-11-07T00:46:04.702Z,"100 km WSW of Waingapu, Indonesia",earthquake,,,,2,reviewed,us,us
1990-04-02T16:04:21.060Z,2.745,126.866,33,4.9,mb,,,,0.5,us,usp00047cu,2014-11-07T00:46:04.559Z,"169 km NW of Tobelo, Indonesia",earthquake,,,,9,reviewed,us,us
1990-04-01T11:36:39.670Z,-5.811,129.826,217.5,4.8,mb,,,,0.6,us,usp00047b2,2014-11-07T00:46:03.320Z,"291 km SSE of Amahai, Indonesia",earthquake,,8.4,,2,reviewed,us,us
1990-03-30T03:39:51.980Z,-2.662,134.007,33,4.1,mb,,,,0.7,us,usp0004781,2014-11-07T00:46:01.054Z,"183 km WNW of Nabire, Indonesia",earthquake,,,,3,reviewed,us,us
1990-03-30T00:31:40.190Z,-5.089,129.35,33,4.7,mb,,,,1.9,us,usp000477q,2014-11-07T00:46:00.903Z,"199 km SSE of Amahai, Indonesia",earthquake,,,,2,reviewed,us,us
1990-03-27T17:04:43.290Z,-6.041,127.817,423.6,4.8,mb,,,,0.7,us,usp0004754,2014-11-07T00:45:59.390Z,"262 km S of Ambon, Indonesia",earthquake,,11.2,,3,reviewed,us,us
1990-03-27T07:55:05.310Z,-0.893,120.513,46.5,4.8,mb,,,,0.9,us,usp000474p,2014-11-07T00:45:59.347Z,"61 km NNW of Poso, Indonesia",earthquake,,10,,3,reviewed,us,us
1990-03-27T03:56:41.120Z,-0.639,124.688,105.9,4.7,mb,,,,0.4,us,usp000474j,2014-11-07T00:45:59.339Z,"214 km E of Luwuk, Indonesia",earthquake,,26.3,,2,reviewed,us,us
1990-03-27T01:59:34.690Z,-7.779,128.527,187.4,3.7,mb,,,,1,us,usp000474c,2014-11-07T00:45:59.315Z,"187 km ENE of Lospalos, Timor Leste",earthquake,,27.4,,2,reviewed,us,us
1990-03-26T20:31:07.910Z,-6.231,112.399,33,4.6,mb,,,,1.2,us,usp000473s,2014-11-07T00:45:59.229Z,"71 km N of Paciran, Indonesia",earthquake,,,,3,reviewed,us,us
1990-03-26T11:23:09.590Z,-5.667,112.873,33,5,ms,,,,1.1,us,usp000473b,2014-11-07T00:45:59.188Z,"144 km NNE of Paciran, Indonesia",earthquake,,13.1,,3,reviewed,us,us
1990-03-26T05:06:29.690Z,-6.512,130.288,182.2,4.5,mb,,,,1.1,us,usp0004733,2014-11-07T00:45:59.167Z,"289 km WSW of Tual, Indonesia",earthquake,,11.9,,5,reviewed,us,us
1990-03-26T04:12:42.880Z,-5.236,102.52,34.1,5,mb,,,,1.1,us,usp0004732,2014-11-07T00:45:59.160Z,"156 km SSW of Pagar Alam, Indonesia",earthquake,,,,10,reviewed,us,us
1990-03-25T20:22:06.120Z,-7.794,128.488,128.7,4.6,mb,,,,1,us,usp000472n,2014-11-07T00:45:58.908Z,"182 km ENE of Lospalos, Timor Leste",earthquake,,15.8,,3,reviewed,us,us
1990-03-25T05:51:38.370Z,-9.063,116.848,33,4.1,mb,,,,1.3,us,usp000471b,2014-11-07T00:45:58.652Z,"65 km SSE of Labuan Lombok, Indonesia",earthquake,,,,3,reviewed,us,us
1990-03-25T03:14:59.550Z,-8.821,124.17,113.5,4.5,mb,,,,1.3,us,usp0004714,2014-11-07T00:45:58.640Z,"48 km NNW of Pante Makasar, Timor Leste",earthquake,,21.9,,4,reviewed,us,us
1990-03-24T14:49:56.020Z,0.687,125.235,80.6,4.5,mb,,,,0.6,us,usp000470c,2014-11-07T00:45:58.367Z,"77 km SSE of Tondano, Indonesia",earthquake,,8.6,,4,reviewed,us,us
1990-03-23T03:58:21.040Z,-3.171,130.182,33,4.1,mb,,,,1.1,us,usp00046yp,2014-11-07T00:45:58.224Z,"141 km E of Amahai, Indonesia",earthquake,,,,2,reviewed,us,us
1990-03-23T01:36:51.200Z,-4.21,102.302,62.5,5,mb,,,,1.1,us,usp00046yg,2014-11-07T00:45:58.205Z,"45 km S of Bengkulu, Indonesia",earthquake,,12.9,,13,reviewed,us,us
1990-03-21T20:09:00.340Z,-8.946,127.773,110.2,4,mb,,,,1.1,us,usp00046x1,2014-11-07T00:45:57.983Z,"97 km ESE of Lospalos, Timor Leste",earthquake,,46.1,,2,reviewed,us,us
1990-03-20T21:57:50.270Z,1.372,126.468,33,4.6,mb,,,,1.2,us,usp00046vn,2014-11-07T00:45:57.739Z,"120 km WNW of Ternate, Indonesia",earthquake,,,,2,reviewed,us,us
1990-03-20T17:11:39.720Z,-5.561,129.633,33.7,5.1,mb,,,,1.2,us,usp00046v9,2014-11-07T00:45:57.707Z,"258 km SSE of Amahai, Indonesia",earthquake,,,,13,reviewed,us,us
1990-03-19T12:50:48.920Z,-0.097,122.903,168.8,4.6,mb,,,,0.8,us,usp00046tw,2014-11-07T00:45:57.551Z,"72 km SSW of Gorontalo, Indonesia",earthquake,,7.2,,2,reviewed,us,us
1990-03-19T07:23:05.640Z,-8.21,121.559,40.4,5,mb,,,,1.2,us,usp00046tm,2014-11-07T00:45:57.517Z,"70 km N of Ende, Indonesia",earthquake,,,,14,reviewed,us,us
1990-03-18T04:21:45.200Z,-5.198,129.447,234.1,4.9,mb,,,,0.9,us,usp00046ry,2014-11-07T00:45:57.299Z,"213 km SSE of Amahai, Indonesia",earthquake,,7.7,,10,reviewed,us,us
1990-03-18T02:09:25.970Z,2.594,128.41,195.6,4.6,mb,,,,0.7,us,usp00046ru,2014-11-07T00:45:57.290Z,"105 km NNE of Tobelo, Indonesia",earthquake,,56.7,,2,reviewed,us,us
1990-03-17T09:23:16.320Z,-7.084,130.076,110,4.6,mb,,,,1.3,us,usp00046r0,2014-11-07T00:45:57.228Z,"Pulau Pulau Tanimbar, Indonesia",earthquake,,,,2,reviewed,us,us
1990-03-17T02:01:04.990Z,-7.147,129.572,103.1,5,mb,,,,1.6,us,usp00046qn,2014-11-07T00:45:57.202Z,"Kepulauan Babar, Indonesia",earthquake,,17,,6,reviewed,us,us
1990-03-16T12:38:50.950Z,-7.682,129.506,183.7,4.4,mb,,,,1.3,us,usp00046pf,2014-11-07T00:45:57.113Z,"291 km ENE of Lospalos, Timor Leste",earthquake,,50.8,,2,reviewed,us,us
1990-03-16T11:43:58.330Z,4.399,126.218,104.4,5,mb,,,,1.1,us,usp00046pc,2014-11-07T00:45:57.094Z,"139 km SE of Sarangani, Philippines",earthquake,,9.2,,15,reviewed,us,us
1990-03-16T07:16:14.440Z,-5.834,129.031,277.6,4.3,mb,,,,1,us,usp00046p2,2014-11-07T00:45:57.076Z,"254 km SSE of Ambon, Indonesia",earthquake,,19.2,,2,reviewed,us,us
1990-03-15T22:19:42.060Z,4.762,126.041,182.4,4.9,mb,,,,1.1,us,usp00046ng,2014-11-07T00:45:57.037Z,"95 km SE of Sarangani, Philippines",earthquake,,21.2,,4,reviewed,us,us
1990-03-15T19:12:35.840Z,-9.095,124.146,82.9,4.1,mb,,,,1.5,us,usp00046n9,2014-11-07T00:45:57.013Z,"28 km WNW of Pante Makasar, Timor Leste",earthquake,,59,,1,reviewed,us,us
1990-03-15T14:58:45.690Z,-7.486,127.697,178.1,4.6,mb,,,,1.4,us,usp00046n2,2014-11-07T00:45:57.002Z,"138 km NE of Lospalos, Timor Leste",earthquake,,39.7,,2,reviewed,us,us
1990-03-14T13:33:09.130Z,-8.109,121.788,173.9,5.1,mb,,,,0.9,us,usp00046kq,2014-11-07T00:45:55.817Z,"73 km NW of Maumere, Indonesia",earthquake,,13.2,,10,reviewed,us,us
1990-03-14T03:44:49.620Z,4.575,122.62,639.4,5.7,mw,,,,1.1,us,usp00046k3,2022-04-28T19:55:44.263Z,"179 km SSE of Tabiauan, Philippines",earthquake,,,,,reviewed,us,hrv
1990-03-12T20:19:41.190Z,-3.282,139.831,33,4,mb,,,,0.6,us,usp00046h5,2014-11-07T00:45:55.319Z,"116 km SW of Abepura, Indonesia",earthquake,,,,2,reviewed,us,us
1990-03-12T15:26:51.810Z,-3.258,128.887,75.3,4.7,mb,,,,0.7,us,usp00046gy,2014-11-07T00:45:55.305Z,"9 km NNW of Amahai, Indonesia",earthquake,,15.3,,3,reviewed,us,us
1990-03-12T14:00:07.340Z,-3.645,128.464,98.6,3.9,mb,,,,1.2,us,usp00046gs,2014-11-07T00:45:55.219Z,"31 km E of Ambon, Indonesia",earthquake,,28.9,,2,reviewed,us,us
1990-03-12T13:32:55.500Z,-3.158,128.838,26.2,5.5,mw,,,,1.1,us,usp00046gq,2022-04-28T19:55:38.444Z,"22 km NNW of Amahai, Indonesia",earthquake,,,,,reviewed,us,hrv
1990-03-12T06:43:46.520Z,-6.45,104.529,33,4.9,mb,,,,1.3,us,usp00046g5,2014-11-07T00:45:54.988Z,"138 km SW of Bandar Lampung, Indonesia",earthquake,,,,7,reviewed,us,us
1990-03-11T20:44:36.480Z,-7.012,129.643,141.7,4.6,mb,,,,1.6,us,usp00046fm,2014-11-07T00:45:54.921Z,"Kepulauan Babar, Indonesia",earthquake,,31.1,,1,reviewed,us,us
1990-03-11T03:47:30.350Z,-6.779,130.44,79.8,4.7,mb,,,,1.2,us,usp00046em,2014-11-07T00:45:54.825Z,"285 km WSW of Tual, Indonesia",earthquake,,12.8,,6,reviewed,us,us
1990-03-11T02:58:06.620Z,1.629,126.694,149.5,4.2,mb,,,,0.2,us,usp00046eh,2014-11-07T00:45:54.817Z,"120 km NW of Ternate, Indonesia",earthquake,,22.5,,3,reviewed,us,us
1990-03-10T11:19:24.360Z,-4.631,137.26,33,4.9,mb,,,,1.3,us,usp00046dv,2014-11-07T00:45:54.761Z,"240 km SE of Nabire, Indonesia",earthquake,,,,4,reviewed,us,us
1990-03-09T21:42:56.540Z,-7.593,129.345,33,4.7,mb,,,,0.9,us,usp00046d8,2014-11-07T00:45:54.668Z,"278 km ENE of Lospalos, Timor Leste",earthquake,,,,2,reviewed,us,us
1990-03-09T16:01:33.030Z,-4.269,139.962,71.8,4.6,mb,,,,1,us,usp00046cy,2014-11-07T00:45:54.636Z,"199 km SSW of Abepura, Indonesia",earthquake,,13.3,,2,reviewed,us,us
1990-03-08T20:41:55.790Z,5.221,127.879,33,4.8,mb,,,,1.1,us,usp00046c2,2014-11-07T00:45:54.541Z,"226 km SE of Pondaguitan, Philippines",earthquake,,,,8,reviewed,us,us
1990-03-08T13:58:48.590Z,-10.676,110.255,33,4.3,mb,,,,1.5,us,usp00046bp,2014-11-07T00:45:54.503Z,"south of Java, Indonesia",earthquake,,,,2,reviewed,us,us
1990-03-08T05:13:38.190Z,3.417,126.708,47,4.6,mb,,,,1.3,us,usp00046at,2014-11-07T00:45:54.334Z,"236 km NW of Tobelo, Indonesia",earthquake,,,,6,reviewed,us,us
1990-03-07T21:14:20.760Z,-10.384,110.17,33,4.4,mb,,,,0.4,us,usp00046a4,2014-11-07T00:45:54.240Z,"269 km S of Bambanglipuro, Indonesia",earthquake,,,,6,reviewed,us,us
1990-03-07T07:20:48.230Z,1.835,127.507,33,4.9,mb,,,,0.9,us,usp000469n,2014-11-07T00:45:54.189Z,"57 km WNW of Tobelo, Indonesia",earthquake,,,,5,reviewed,us,us
1990-03-07T02:16:18.280Z,3.517,126.702,85.4,5.2,mw,,,,1.2,us,usp000469a,2022-04-28T19:55:10.888Z,"245 km NW of Tobelo, Indonesia",earthquake,,9.7,,,reviewed,us,hrv
1990-03-06T15:25:04.180Z,-10.991,119.474,33,5,mb,,,,1.2,us,usp000468p,2014-11-07T00:45:53.816Z,"171 km SSW of Waingapu, Indonesia",earthquake,,,,17,reviewed,us,us
1990-03-06T07:12:48.140Z,3.841,126.422,33,5,mb,,,,1,us,usp0004686,2014-11-07T00:45:53.458Z,"202 km SSE of Sarangani, Philippines",earthquake,,,,17,reviewed,us,us
1990-03-05T20:02:31.630Z,3.668,126.393,33,4.6,mb,,,,0.8,us,usp000467m,2014-11-07T00:45:53.272Z,"217 km SSE of Sarangani, Philippines",earthquake,,,,4,reviewed,us,us
1990-03-02T09:52:19.000Z,-5.267,102.85,33,4.8,mb,,,,1,us,usp0004634,2014-11-07T00:45:51.143Z,"144 km SSW of Pagar Alam, Indonesia",earthquake,,,,4,reviewed,us,us
1990-03-02T03:04:00.680Z,-0.243,125.151,80,4.6,mb,,,,1.4,us,usp000462s,2014-11-07T00:45:51.055Z,"173 km S of Tondano, Indonesia",earthquake,,12.4,,4,reviewed,us,us
1990-03-01T16:06:00.840Z,-7.892,121.112,39.3,5.6,mw,,,,1.2,us,usp0004626,2022-04-28T19:53:56.771Z,"106 km NE of Ruteng, Indonesia",earthquake,,,,,reviewed,us,hrv
1990-02-28T04:00:46.240Z,-2.535,129.097,33,3.9,mb,,,,0.6,us,usp00045zu,2014-11-07T00:45:48.359Z,"91 km NNE of Amahai, Indonesia",earthquake,,,,1,reviewed,us,us
1990-02-27T20:15:35.660Z,-1.799,129.102,33,5,mb,,,,1.1,us,usp00045zm,2014-11-07T00:45:48.310Z,"171 km N of Amahai, Indonesia",earthquake,,,,6,reviewed,us,us
1990-02-27T14:54:08.070Z,-8.336,130.236,135.5,4.7,mb,,,,1,us,usp00045ze,2014-11-07T00:45:48.298Z,"Pulau Pulau Tanimbar, Indonesia",earthquake,,39.9,,4,reviewed,us,us
1990-02-27T13:16:14.390Z,-8.641,126.669,188.2,4.5,mb,,,,0,us,usp00045z8,2014-11-07T00:45:48.287Z,"29 km SE of Baukau, Timor Leste",earthquake,,46.4,,1,reviewed,us,us
1990-02-27T01:39:34.070Z,-4.65,136.756,33,4.4,mb,,,,1.5,us,usp00045yp,2014-11-07T00:45:48.138Z,"199 km SE of Nabire, Indonesia",earthquake,,,,2,reviewed,us,us
1990-02-26T08:45:00.700Z,-3.677,140.285,33,4,mb,,,,1,us,usp00045xr,2014-11-07T00:45:47.924Z,"125 km SSW of Abepura, Indonesia",earthquake,,,,2,reviewed,us,us
1990-02-25T11:57:25.740Z,-0.316,124.49,112.9,4.6,mb,,,,0.9,us,usp00045wq,2014-11-07T00:45:47.815Z,"Molucca Sea",earthquake,,18.3,,11,reviewed,us,us
1990-02-25T09:45:42.820Z,2.472,128.251,33,4,mb,,,,0.4,us,usp00045wj,2014-11-07T00:45:47.801Z,"86 km NNE of Tobelo, Indonesia",earthquake,,,,2,reviewed,us,us
1990-02-24T05:06:07.970Z,-7.035,126.624,429.9,4.3,mb,,,,0.9,us,usp00045ut,2014-11-07T00:45:47.648Z,"160 km N of Baukau, Timor Leste",earthquake,,25.8,,5,reviewed,us,us
1990-02-23T15:13:19.360Z,1.74,123.72,33,4.8,mb,,,,1,us,usp00045u2,2014-11-07T00:45:47.576Z,"128 km WNW of Manado, Indonesia",earthquake,,,,2,reviewed,us,us
1990-02-22T22:00:57.910Z,-7.522,129.543,104.7,4.8,mb,,,,1.1,us,usp00045sy,2014-11-07T00:45:47.497Z,"Kepulauan Babar, Indonesia",earthquake,,18.5,,4,reviewed,us,us
1990-02-22T06:08:01.890Z,-9.597,109.906,33,4.3,mb,,,,0.2,us,usp00045ry,2014-11-07T00:45:47.331Z,"186 km SSW of Bambanglipuro, Indonesia",earthquake,,,,2,reviewed,us,us
1990-02-21T20:34:48.070Z,2.956,129.375,33,4.9,mb,,,,1.2,us,usp00045re,2014-11-07T00:45:47.287Z,"194 km W of Tobi Village, Palau",earthquake,,,,3,reviewed,us,us
1990-02-21T19:29:26.260Z,-8.32,119.984,191.8,4.5,mb,,,,0.9,us,usp00045rb,2014-11-07T00:45:47.281Z,"22 km NNE of Labuan Bajo, Indonesia",earthquake,,9.2,,6,reviewed,us,us
1990-02-20T19:46:41.870Z,3.856,97.279,33,4.5,mb,,,,1.1,us,usp00045q6,2014-11-07T00:45:47.167Z,"102 km SW of Langsa, Indonesia",earthquake,,,,4,reviewed,us,us
1990-02-20T19:25:35.940Z,-5.454,129.564,195.9,4.8,mb,,,,0.9,us,usp00045q4,2014-11-07T00:45:47.164Z,"244 km SSE of Amahai, Indonesia",earthquake,,12.7,,2,reviewed,us,us
1990-02-20T11:07:54.180Z,0.832,127.25,212.4,5.1,mb,,,,1.1,us,usp00045p8,2014-11-07T00:45:47.072Z,"15 km WNW of Ternate, Indonesia",earthquake,,,,12,reviewed,us,us
1990-02-19T16:39:56.510Z,-6.652,129.322,215.4,5.3,mb,,,,1.2,us,usp00045n6,2014-11-07T00:45:46.328Z,"Banda Sea",earthquake,,8.5,,12,reviewed,us,us
1990-02-19T00:51:12.980Z,-7.265,128.976,201.1,4.9,mb,,,,0.6,us,usp00045me,2014-11-07T00:45:46.089Z,"258 km ENE of Lospalos, Timor Leste",earthquake,,19,,4,reviewed,us,us
1990-02-18T03:57:46.390Z,2.351,127.007,70,4.8,mb,,,,1.1,us,usp00045ka,2014-11-07T00:45:45.641Z,"131 km WNW of Tobelo, Indonesia",earthquake,,16.9,,7,reviewed,us,us
1990-02-16T21:02:53.730Z,-3.564,140.272,46.8,5.3,mw,,,,0.8,us,usp00045h9,2025-12-19T21:02:49.623Z,"114 km SSW of Abepura, Indonesia",earthquake,,,,,reviewed,us,hrv
1990-02-16T18:06:41.840Z,-3.424,129.046,33,4.7,mb,,,,0.9,us,usp00045h3,2014-11-07T00:45:44.830Z,"16 km ESE of Amahai, Indonesia",earthquake,,,,6,reviewed,us,us
1990-02-16T05:13:21.000Z,-8.826,117.612,110.2,4.1,mb,,,,1,us,usp00045gc,2014-11-07T00:45:43.772Z,"42 km SSE of Sumbawa Besar, Indonesia",earthquake,,20.3,,4,reviewed,us,us
1990-02-15T19:53:06.130Z,-0.106,123.086,99.2,4.5,mb,,,,0.9,us,usp00045g0,2014-11-07T00:45:43.726Z,"71 km S of Gorontalo, Indonesia",earthquake,,11.5,,6,reviewed,us,us
1990-02-15T00:26:50.100Z,-0.212,125.171,63.2,5,mb,,,,1.3,us,usp00045f8,2014-11-07T00:45:43.419Z,"170 km S of Tondano, Indonesia",earthquake,,12.2,,16,reviewed,us,us
1990-02-14T16:44:33.510Z,-6.777,108.023,265.8,4.3,mb,,,,0.8,us,usp00045f2,2014-11-07T00:45:43.401Z,"14 km NE of Sumedang Utara, Indonesia",earthquake,,13.4,,7,reviewed,us,us
1990-02-13T12:21:36.250Z,2.353,96.819,40.9,4.7,mb,,,,1.1,us,usp00045dn,2014-11-07T00:45:43.289Z,"50 km ESE of Sinabang, Indonesia",earthquake,,,,14,reviewed,us,us
1990-02-12T12:43:49.360Z,-3.674,134.821,33,4.5,mb,,,,1.6,us,usp00045ck,2014-11-07T00:45:43.191Z,"83 km WSW of Nabire, Indonesia",earthquake,,,,4,reviewed,us,us
1990-02-12T12:38:29.900Z,-4.584,134.925,33,4.7,mb,,,,0.6,us,usp00045cj,2014-11-07T00:45:43.189Z,"149 km SSW of Nabire, Indonesia",earthquake,,,,2,reviewed,us,us
1990-02-11T18:45:23.170Z,-8.442,118.394,33,4.5,mb,,,,1,us,usp00045bj,2014-11-07T00:45:42.702Z,"12 km NW of Dompu, Indonesia",earthquake,,,,4,reviewed,us,us
1990-02-11T12:38:41.680Z,-7.74,129.184,180.8,4.6,mb,,,,1.7,us,usp00045b9,2014-11-07T00:45:42.396Z,"255 km ENE of Lospalos, Timor Leste",earthquake,,35.7,,1,reviewed,us,us
1990-02-11T06:34:52.560Z,-8.564,128.106,317.8,4.2,mb,,,,0.4,us,usp00045av,2014-11-07T00:45:42.223Z,"122 km E of Lospalos, Timor Leste",earthquake,,21.6,,2,reviewed,us,us
1990-02-11T03:06:21.290Z,-7.542,130.037,173.5,4.7,mb,,,,1.3,us,usp00045aq,2014-11-07T00:45:42.214Z,"Pulau Pulau Tanimbar, Indonesia",earthquake,,18.9,,3,reviewed,us,us
1990-02-11T01:12:19.250Z,0.903,125.958,56.7,5.1,mb,,,,1.3,us,usp00045ak,2014-11-07T00:45:42.202Z,"124 km ESE of Tondano, Indonesia",earthquake,,15.3,,9,reviewed,us,us
1990-02-10T23:04:08.370Z,-3.846,104.331,296.6,4.6,mb,,,,1.2,us,usp00045af,2014-11-07T00:45:42.193Z,"36 km NNE of Baturaja, Indonesia",earthquake,,9.2,,9,reviewed,us,us
1990-02-10T14:32:09.740Z,-7.704,128.368,162.8,4.3,mb,,,,1.3,us,usp000459v,2014-11-07T00:45:42.078Z,"175 km ENE of Lospalos, Timor Leste",earthquake,,18.4,,3,reviewed,us,us
1990-02-10T13:58:07.950Z,-10.506,120.304,33,4.6,mb,,,,1.1,us,usp000459s,2014-11-07T00:45:42.072Z,"94 km S of Waingapu, Indonesia",earthquake,,,,5,reviewed,us,us
1990-02-10T12:51:10.580Z,-7.334,128.867,197.1,4.1,mb,,,,1.3,us,usp000459p,2014-11-07T00:45:42.062Z,"244 km ENE of Lospalos, Timor Leste",earthquake,,20.7,,1,reviewed,us,us
1990-02-09T21:33:40.390Z,-9.886,119.05,41.7,4.6,mb,,,,0.9,us,usp000458s,2014-11-07T00:45:41.489Z,"135 km W of Waingapu, Indonesia",earthquake,,10.2,,6,reviewed,us,us
1990-02-09T19:53:23.060Z,-10.547,120.293,57.9,4,mb,,,,1.4,us,usp000458p,2014-11-07T00:45:41.319Z,"98 km S of Waingapu, Indonesia",earthquake,,22.7,,2,reviewed,us,us
1990-02-08T22:55:14.890Z,-3.494,129.886,108.9,4.1,mb,,,,1.4,us,usp000457k,2014-11-07T00:45:41.090Z,"108 km E of Amahai, Indonesia",earthquake,,30.3,,4,reviewed,us,us
1990-02-08T18:27:23.230Z,0.855,120.272,61.1,4.7,mb,,,,1.2,us,usp000457f,2014-11-07T00:45:41.046Z,"200 km NNE of Palu, Indonesia",earthquake,,14.8,,3,reviewed,us,us
1990-02-07T23:00:04.600Z,-6.776,129.274,33,4.8,mb,,,,1,us,usp0004566,2014-11-07T00:45:40.733Z,"Banda Sea",earthquake,,,,6,reviewed,us,us
1990-02-07T04:16:03.120Z,-9.897,124.442,33,4.1,mb,,,,1.5,us,usp000455c,2014-11-07T00:45:40.611Z,"17 km ESE of Soe, Indonesia",earthquake,,,,2,reviewed,us,us
1990-02-07T01:52:29.520Z,-7.03,129.328,171.8,4.6,mb,,,,1.2,us,usp0004556,2014-11-07T00:45:40.568Z,"Kepulauan Babar, Indonesia",earthquake,,12.3,,7,reviewed,us,us
1990-02-06T22:43:24.040Z,-10.489,110.178,33,4.6,mb,,,,1,us,usp0004552,2014-11-07T00:45:40.536Z,"281 km S of Bambanglipuro, Indonesia",earthquake,,,,4,reviewed,us,us
1990-02-06T14:29:11.250Z,-8.845,119.36,141,4.3,mb,,,,0.9,us,usp000454s,2014-11-07T00:45:40.498Z,"32 km SSW of Komodo, Indonesia",earthquake,,17,,3,reviewed,us,us
1990-02-05T09:29:34.850Z,-5.914,131.371,140.9,4.1,mb,,,,0.7,us,usp000453t,2014-11-07T00:45:40.207Z,"156 km WSW of Tual, Indonesia",earthquake,,24.4,,2,reviewed,us,us
1990-02-04T16:55:03.990Z,-7.452,128.617,117.8,5,mb,,,,1,us,usp000452r,2014-11-07T00:45:39.817Z,"214 km ENE of Lospalos, Timor Leste",earthquake,,9.6,,18,reviewed,us,us
1990-02-04T14:47:41.020Z,-0.389,132.771,33,4.5,mb,,,,1.5,us,usp000452m,2014-11-07T00:45:39.801Z,"153 km WNW of Manokwari, Indonesia",earthquake,,,,2,reviewed,us,us
1990-02-04T07:58:14.070Z,-10.233,110.29,45.8,5.8,mw,,,,1.1,us,usp0004529,2022-04-28T19:57:26.368Z,"252 km S of Pundong, Indonesia",earthquake,,,,,reviewed,us,hrv
1990-02-04T06:23:45.470Z,2.956,98.105,116.8,4.3,mb,,,,0.9,us,usp0004525,2014-11-07T00:45:39.675Z,"45 km WSW of Kabanjahe, Indonesia",earthquake,,13.9,,1,reviewed,us,us
1990-02-03T22:27:30.810Z,-2.282,125.086,37.3,5.1,mw,,,,1.2,us,usp000451m,2022-04-28T19:57:23.772Z,"295 km ESE of Luwuk, Indonesia",earthquake,,12,,,reviewed,us,hrv
1990-02-03T12:04:50.810Z,-7.05,129.191,172,5.1,mb,,,,1.3,us,usp0004516,2014-11-07T00:45:39.416Z,"291 km NE of Lospalos, Timor Leste",earthquake,,10.2,,20,reviewed,us,us
1990-02-03T04:43:42.950Z,-3.065,126.361,84.5,5.2,mw,,,,1.2,us,usp000450t,2022-04-28T17:26:07.173Z,"214 km WNW of Ambon, Indonesia",earthquake,,13.8,,,reviewed,us,hrv
1990-02-03T03:15:29.840Z,-0.397,124.578,33,4.5,mb,,,,1,us,usp000450r,2014-11-07T00:45:39.272Z,"191 km S of Tomohon, Indonesia",earthquake,,,,5,reviewed,us,us
1990-02-01T17:00:53.670Z,-2.97,130.155,33,4.6,mb,,,,0.9,us,usp00044yt,2014-11-07T00:45:38.276Z,"143 km ENE of Amahai, Indonesia",earthquake,,,,2,reviewed,us,us
1990-02-01T05:06:23.200Z,-2.667,134.959,45.8,5.1,mb,,,,1.1,us,usp00044ye,2014-11-07T00:45:37.929Z,"97 km NW of Nabire, Indonesia",earthquake,,13.8,,22,reviewed,us,us
1990-02-01T03:38:48.020Z,-1.58,123.446,43.8,4.4,mb,,,,0.8,us,usp00044yd,2014-11-07T00:45:37.920Z,"100 km SE of Luwuk, Indonesia",earthquake,,19.9,,3,reviewed,us,us
1990-01-30T18:37:45.100Z,-5.033,139.578,33,4.4,mb,,,,0.5,us,usp00044wq,2014-11-07T00:45:36.123Z,"224 km WNW of Kiunga, Papua New Guinea",earthquake,,,,1,reviewed,us,us
1990-01-29T02:29:50.870Z,-9.907,123.386,33,3.9,mb,,,,0.7,us,usp00044ur,2014-11-07T00:45:35.932Z,"37 km NW of Kupang, Indonesia",earthquake,,,,2,reviewed,us,us
1990-01-28T03:58:49.290Z,-5.883,105.67,104.7,5.3,mb,,,,1.3,us,usp00044tj,2014-11-07T00:45:35.849Z,"57 km NNW of Labuan, Indonesia",earthquake,,14.6,,11,reviewed,us,us
1990-01-27T00:34:55.040Z,-6.913,130.257,109,5.2,mw,,,,1.2,us,usp00044s3,2025-12-19T20:56:33.065Z,"Banda Sea",earthquake,,10.1,,,reviewed,us,hrv
1990-01-26T05:02:30.910Z,-9.49,117.697,101.5,4.3,mb,,,,1.2,us,usp00044rk,2014-11-07T00:45:35.670Z,"114 km SSE of Sumbawa Besar, Indonesia",earthquake,,14.5,,2,reviewed,us,us
1990-01-24T11:23:39.520Z,-5.034,102.678,122.3,4.1,mb,,,,1.1,us,usp00044pd,2014-11-07T00:45:35.483Z,"128 km SSW of Pagar Alam, Indonesia",earthquake,,39,,1,reviewed,us,us
1990-01-22T17:26:11.460Z,3.885,96.1,45.7,6.2,mw,,,,1,us,usp00044ky,2022-04-28T20:02:45.678Z,"28 km S of Meulaboh, Indonesia",earthquake,,,,,reviewed,us,hrv
1990-01-22T06:44:42.760Z,-7.719,130.19,33,3.9,mb,,,,0.1,us,usp00044kd,2014-11-07T00:45:34.037Z,"Pulau Pulau Tanimbar, Indonesia",earthquake,,,,1,reviewed,us,us
1990-01-21T20:26:12.610Z,-7.198,128.077,81.5,3.8,mb,,,,1.1,us,usp00044jq,2014-11-07T00:45:33.975Z,"188 km NE of Lospalos, Timor Leste",earthquake,,21.9,,2,reviewed,us,us
1990-01-21T05:26:52.310Z,1.777,127.282,139.5,5.1,mb,,,,1.2,us,usp00044hr,2014-11-07T00:45:33.895Z,"81 km W of Tobelo, Indonesia",earthquake,,13.2,,14,reviewed,us,us
1990-01-21T01:08:16.230Z,-9.032,128.551,161.4,4.2,mb,,,,0.7,us,usp00044he,2014-11-07T00:45:33.867Z,"179 km ESE of Lospalos, Timor Leste",earthquake,,34.5,,1,reviewed,us,us
1990-01-20T09:13:13.960Z,-6.649,105.911,64.1,5.4,mw,,,,1,us,usp00044g9,2025-12-19T21:03:12.092Z,"31 km SSE of Labuan, Indonesia",earthquake,,3.3,,,reviewed,us,hrv
1990-01-19T17:29:35.310Z,-7.43,126.679,325.4,5.1,mb,,,,0.8,us,usp00044fe,2014-11-07T00:45:33.646Z,"118 km NNE of Baukau, Timor Leste",earthquake,,19.7,,3,reviewed,us,us
1990-01-19T14:54:03.690Z,2.158,127.135,33,4.6,mb,,,,1.3,us,usp00044fa,2014-11-07T00:45:33.641Z,"108 km WNW of Tobelo, Indonesia",earthquake,,,,2,reviewed,us,us
1990-01-18T18:30:00.620Z,-0.032,124.603,80.8,4.9,mb,,,,1.3,us,usp00044ep,2014-11-07T00:45:33.529Z,"150 km S of Tomohon, Indonesia",earthquake,,14.9,,11,reviewed,us,us
1990-01-18T09:22:33.230Z,-4.385,135.261,33,4.8,mb,,,,1.5,us,usp00044e3,2014-11-07T00:45:33.448Z,"116 km SSW of Nabire, Indonesia",earthquake,,,,6,reviewed,us,us
1990-01-18T05:38:51.100Z,3.43,123.217,512.8,4.4,mb,,,,1.2,us,usp00044dw,2014-11-07T00:45:33.424Z,"281 km NW of Manado, Indonesia",earthquake,,18.7,,4,reviewed,us,us
1990-01-18T01:04:31.050Z,-10.797,113.653,45.8,5.1,mb,,,,1.2,us,usp00044dm,2014-11-07T00:45:33.403Z,"271 km SSW of Gambiran Satu, Indonesia",earthquake,,,,15,reviewed,us,us
1990-01-17T16:58:48.980Z,-2.495,138.738,33,4.9,ms,,,,1.3,us,usp00044d9,2014-11-07T00:45:33.381Z,"210 km W of Abepura, Indonesia",earthquake,,,,2,reviewed,us,us
1990-01-16T12:25:58.120Z,-5.137,137.783,92.8,4,mb,,,,1.1,us,usp00044bx,2014-11-07T00:45:33.240Z,"near the south coast of Papua, Indonesia",earthquake,,14.2,,3,reviewed,us,us
1990-01-16T08:41:54.830Z,-5.253,132.381,44.2,5,mb,,,,1.3,us,usp00044bn,2014-11-07T00:45:33.210Z,"58 km NW of Tual, Indonesia",earthquake,,,,14,reviewed,us,us
1990-01-15T09:50:19.540Z,-4.235,127.051,10,4.5,mb,,,,1.5,us,usp00044ae,2014-11-07T00:45:33.069Z,"139 km WSW of Ambon, Indonesia",earthquake,,,,3,reviewed,us,us
1990-01-15T04:56:51.770Z,-9.602,110.365,33,4.6,mb,,,,1.3,us,usp00044a7,2014-11-07T00:45:33.052Z,"182 km S of Pundong, Indonesia",earthquake,,,,4,reviewed,us,us
1990-01-14T21:28:14.520Z,-5.571,128.605,338.8,4.8,mb,,,,1,us,usp000449u,2014-11-07T00:45:32.972Z,"212 km SSE of Ambon, Indonesia",earthquake,,7.8,,12,reviewed,us,us
1990-01-14T07:08:53.810Z,-8.208,108.818,88.8,5,mb,,,,1.1,us,usp000448u,2014-11-07T00:45:32.871Z,"79 km SW of Kroya, Indonesia",earthquake,,17.3,,8,reviewed,us,us
1990-01-14T05:40:37.520Z,5.346,126.455,33,5,mb,,,,0.9,us,usp000448s,2014-11-07T00:45:32.868Z,"110 km E of Sarangani, Philippines",earthquake,,,,6,reviewed,us,us
1990-01-14T04:27:10.680Z,1.625,126.997,115.4,4.8,mb,,,,1.2,us,usp000448j,2014-11-07T00:45:32.857Z,"101 km NNW of Ternate, Indonesia",earthquake,,24.7,,3,reviewed,us,us
1990-01-13T23:49:14.380Z,-10.488,124.052,33,4.2,mb,,,,1.5,us,usp000447w,2014-11-07T00:45:32.693Z,"60 km SE of Kupang, Indonesia",earthquake,,,,3,reviewed,us,us
1990-01-13T21:53:31.640Z,0.272,122.017,193,5.3,mb,,,,1.1,us,usp000447q,2014-11-07T00:45:32.680Z,"120 km WSW of Gorontalo, Indonesia",earthquake,,42.1,,7,reviewed,us,us
1990-01-13T20:03:41.920Z,-10.171,117.826,36.3,5.3,mw,,,,1.4,us,usp000447g,2025-12-19T21:03:09.809Z,"190 km SSE of Sumbawa Besar, Indonesia",earthquake,,,,,reviewed,us,hrv
1990-01-13T15:06:19.460Z,4.646,125.128,216.2,5,mb,,,,1.2,us,usp0004478,2014-11-07T00:45:32.549Z,"91 km SSW of Sarangani, Philippines",earthquake,,22.6,,6,reviewed,us,us
1990-01-12T15:28:14.790Z,4.979,126.508,61.9,5.7,mw,,,,1.1,us,usp000445p,2022-04-28T20:01:40.176Z,"124 km ESE of Sarangani, Philippines",earthquake,,9.5,,,reviewed,us,hrv
1990-01-11T21:23:35.630Z,-5.006,102.429,33,4.8,mb,,,,1.6,us,usp000444v,2014-11-07T00:45:31.836Z,"134 km S of Bengkulu, Indonesia",earthquake,,,,4,reviewed,us,us
1990-01-10T18:28:51.630Z,-10.439,124.203,77,5,mb,,,,1.5,us,usp000443h,2014-11-07T00:45:31.682Z,"64 km S of Soe, Indonesia",earthquake,,16.9,,12,reviewed,us,us
1990-01-10T16:11:46.730Z,-10.073,123.819,32.7,5.5,mw,,,,1.2,us,usp000443d,2022-04-28T20:01:23.944Z,"25 km ENE of Kupang, Indonesia",earthquake,,,,,reviewed,us,hrv
1990-01-09T18:31:43.250Z,-10.04,123.932,33,3.9,mb,,,,1.5,us,usp000441z,2014-11-07T00:45:30.939Z,"38 km ENE of Kupang, Indonesia",earthquake,,,,2,reviewed,us,us
1990-01-09T12:53:14.160Z,-0.732,133.32,33,4.2,mb,,,,1.3,us,usp000441t,2014-11-07T00:45:30.707Z,"84 km W of Manokwari, Indonesia",earthquake,,,,3,reviewed,us,us
1990-01-07T05:31:52.930Z,1.406,126.473,88.9,4.7,mb,,,,1,us,usp00043zc,2014-11-07T00:45:29.791Z,"122 km NW of Ternate, Indonesia",earthquake,,17.3,,4,reviewed,us,us
1990-01-06T07:16:53.300Z,-6.734,133.843,33,4.3,mb,,,,1.4,us,usp00043yn,2014-11-07T00:45:29.110Z,"171 km SE of Tual, Indonesia",earthquake,,,,2,reviewed,us,us
1990-01-05T10:10:21.810Z,-8.8,106.442,29,5.8,mw,,,,1.3,us,usp00043xp,2022-04-28T20:00:40.855Z,"200 km S of Pelabuhanratu, Indonesia",earthquake,,,,,reviewed,us,hrv
1990-01-04T12:58:13.170Z,-3.906,131.545,33,4.3,mb,,,,1.5,us,usp00043wj,2014-11-07T00:45:28.416Z,"232 km NW of Tual, Indonesia",earthquake,,,,3,reviewed,us,us
1990-01-02T21:38:18.610Z,-2.55,127.713,34,5.4,mw,,,,1.2,us,usp00043v7,2025-12-19T21:02:56.476Z,"137 km NNW of Ambon, Indonesia",earthquake,,,,,reviewed,us,hrv
1990-01-02T15:34:16.920Z,-2.849,128.687,33,4.7,mb,,,,1.2,us,usp00043uw,2014-11-07T00:45:27.535Z,"Ceram Sea, Indonesia",earthquake,,,,8,reviewed,us,us
1990-01-01T16:07:27.320Z,-7.183,125.242,527.1,5.3,mw,,,,1.1,us,usp00043tq,2025-12-19T21:02:55.332Z,"155 km N of Likisá, Timor Leste",earthquake,,4.7,,,reviewed,us,hrv
1990-01-01T14:10:03.050Z,-9.412,107.26,31.9,4.7,mb,,,,1.1,us,usp00043tn,2014-11-07T00:45:26.746Z,"245 km S of Banjar, Indonesia",earthquake,,,,7,reviewed,us,us
