datetime,latitude,longitude,magnitude,depth,dirasakan,wilayah,meta
2022-12-14 12:58:22+00:00,-7.5,106.76,3.9,24.0,II - III Sukabumi,Pusat gempa berada di laut 61 km Tenggara Kab. Sukabumi,
2022-12-14 16:13:38+00:00,-3.7199999999999998,127.9,3.0,10.0,II Hative Besar,Pusat gempa berada di laut 31 km barat Ambon,
2022-12-15 03:31:09+00:00,2.88,127.5,5.0,13.0,II Morotai Selatan,Pusat gempa berada di laut 127 km BaratLaut Daruba,
2022-12-15 08:13:21+00:00,-8.22,115.61,3.6,12.0,"II Karangasem, II Tejakula",Pusat gempa berada di laut 17 km TimurLaut Karangasem,
2022-12-15 09:45:54+00:00,-8.23,115.57,4.1,10.0,"II - III Karangasem, II Lombok Barat",Pusat gempa berada di laut 14 km Timurlaut Karangasem,
2022-12-15 22:47:11+00:00,-6.91,105.35,4.1,13.0,"II-III Sumur, II Lebak",Pusat gempa berada di laut 37 km BaratDaya Sumur,
2022-12-16 03:00:35+00:00,-3.93,122.43,3.1,6.0,II Konawe Selatan,Pusat gempa berada di darat 0.6 km TimurLaut Morosi,
2022-12-16 16:05:37+00:00,-6.77,107.12,2.2,10.0,II Kab. Cianjur,Pusat gempa berada didarat 6 km BaratLaut Kab. Cianjur,
2022-12-16 21:50:50+00:00,-6.25,105.04,5.1,10.0,"III Lampung Selatan, II Bandar Lampung, II - III Pesawaran, II-III Kotabumi, II-III Pringsewu, II Metro , II Lampung Tengah, II Cinangka",Pusat gempa berada di laut 75 km BaratLaut SUMUR,
2022-12-18 02:59:13+00:00,-8.22,116.47,3.9,13.0,II-III Lombok Utara,Pusat gempa berada di laut 37 km TimurLaut Lombok Utara,
2022-12-18 16:55:23+00:00,2.09,98.94,3.8,1.0,"III Sipoholon, III Tarutung",Pusat gempa berada di darat 8 km BaratLaut Tapanuli Utara,
2022-12-19 01:45:14+00:00,-2.58,140.55,3.1,10.0,"II Kota Jayapura, III Kab. Jayapura",Pusat gempa berada di darat 7 km BaratDaya Kota Jayapura,
2022-12-19 05:50:14+00:00,-5.71,104.32,5.3,99.0,"II Tanggamus, II Pesisir Barat, II Lampung Barat, II Lampung Selatan, II Bandar Lampung, II-III Pesawaran",Pusat gempa berada di laut 47 km barat daya Tanggamus,
2022-12-20 05:45:43+00:00,-6.8,107.07,2.5,10.0,II Cugenang,Pusat gempa berada di darat 8 km BaratLaut Kab. Cianjur,
2022-12-20 18:05:47+00:00,-8.89,112.46,4.8,29.0,"II-III Trenggalek, II - III Karangkates, II - III Blitar, II Lumajang",Pusat gempa berada di laut 84 km BaratDaya Kabupaten Malang,
2022-12-21 05:18:27+00:00,-6.8100000000000005,107.08,2.1,10.0,III Cugenang,Pusat gempa berada di darat 6 km barat laut Cianjur,
2022-12-21 08:59:21+00:00,-6.82,107.09,2.9,10.0,"II - III Karangtengah, II - III Ciherang, II - III Cianjur, II - III Cugenang, II - III Cipanas, II - III Cilaku, II - III Warungkondang, II - III Bayongbong",Pusat gempa berada di darat 5 km barat laut kab.Cianjur,
2022-12-21 21:18:28+00:00,-6.99,108.48,3.8,5.0,"III Kuningan, II - III Cirebon, II - III Majalengka",Pusat gempa berada di darat 1 km BaratDaya Kab. Kuningan,
2022-12-22 05:00:40+00:00,-4.44,122.61,4.1,10.0,"II - III Kendari, II - III Konawe Selatan, II Konawe Kepulauan","Pusat gempa berada di laut 5 km tenggara Lainea, Kab. Konawe Selatan",
2022-12-22 07:21:40+00:00,-6.8,107.1,2.6,10.0,II Pacet,Pusat gempa berada di darat 4 km Barat Laut Cianjur,
2022-12-22 09:21:08+00:00,-1.55,120.12,4.2,5.0,II - III Kulawi,"Pusat gempa berada di darat 11 km timur laut Lawua, Kab. Sigi",
2022-12-23 00:52:09+00:00,-2.74,127.81,5.0,10.0,II Kairatu,Pusat gempa berada di laut 55 km barat laut Seram Bagian Barat,
2022-12-23 01:42:20+00:00,2.08,98.98,3.8,1.0,"III-IV Tarutung, III Sipoholon",Pusat gempa berada di darat 7 km timur laut Tapanuli Utara,
2022-12-23 11:41:23+00:00,-6.77,107.1,2.7,10.0,"III Cugenang, III Cipanas, II Kota Cianjur",Pusat gempa berada di darat 7 km Baratlaut Kab. Cianjur,
2022-12-23 12:56:04+00:00,-6.82,107.07,2.4,10.0,"II Cugenang, II Cipanas",Pusat gempa berada di darat 7 km BaratLaut Kab. Cianjur,
2022-12-24 05:43:05+00:00,-6.79,107.09,2.8,10.0,"III Cipanas, II Cugenang, II Ciseupan, II Sukaresmi",Pusat gempa berada di Darat 6 km BaratLaut Cianjur,
2022-12-24 12:07:26+00:00,-8.2,115.58,3.2,10.0,II Kubu,Pusat gempa berada di laut 17 km timur laut Karangasem,
2022-12-24 20:57:27+00:00,-9.44,109.16,5.3,10.0,II Kebumen,Pusat gempa berada di laut 191 km Tenggara Cilacap,
2022-12-25 22:38:54+00:00,4.79,96.82,3.7,3.0,II - III Bener Meriah,Pusat gempa berada di darat 8 km BaratLaut Kab. Bener Meriah,
2022-12-27 18:45:45+00:00,-8.14,107.9,4.5,25.0,II - III Garut,Pusat gempa berada di laut 82 km Barat Daya Kabupaten Pangandaran,
2022-12-28 12:22:23+00:00,-2.68,141.06,4.0,10.0,II - III Kota Jayapura,Pusat gempa berada di darat 51 km Tenggara Kota Jayapura,
2022-12-28 23:07:37+00:00,-0.6000000000000001,127.43,3.7,10.0,II-III Labuha,Pusat gempa berada di darat 9 km BaratLaut Labuha,
2022-12-29 16:17:54+00:00,-3.41,119.15,2.3,7.0,II Polewali Mandar,Pusat gempa berada di darat 22 km barat Polewali Mandar,
2022-12-30 03:51:21+00:00,-7.24,107.75,3.0,10.0,"II Pangalengan, II Paseh, II Pasirwangi, II Darajat",Pusat gempa berada di darat 16 Km Baratdaya Garut,
2022-12-31 04:12:48+00:00,5.14,94.75,3.6,17.0,II Aceh Besar,Pusat gempa berada di laut 95 km BaratDaya Jantho-Aceh Besar,
2022-12-31 17:22:07+00:00,5.29,95.69,3.7,8.0,II - III Sigli,Pusat gempa berada didarat 10 km TimurLaut Jantho-Aceh Besar,
2023-01-01 10:52:39+00:00,-6.79,107.08,3.0,10.0,"II - III Cipanas, II - III Pacet, II - III Cugenang",Pusat gempa berada di darat 7 km Barat Laut Kab. Cianjur,
2023-01-01 11:42:09+00:00,-6.8,107.08,1.9,12.0,II Pacet,Pusat gempa berada di darat 6 km Barat Laut Kab Cianjur,
2023-01-01 11:51:23+00:00,-2.5,140.71,4.4,10.0,"II Kota Jayapura, II Kab. Jayapura",Pusat gempa berada di darat 53 km Timur Laut Kabupaten Jayapura,
2023-01-01 14:43:43+00:00,-2.47,140.74,3.1,10.0,"II Kota Jayapura, II Kab. Jayapura",Pusat gempa berada di laut 18 km Timur Laut Kota Jayapura,
2023-01-01 14:56:08+00:00,-2.46,140.71,3.3,5.0,"II Kota Jayapura, II Kab. Jayapura",Pusat gempa berada di laut 16 km Timur Laut Kota Jayapura,
2023-01-01 15:55:07+00:00,2.07,98.91,3.8,5.0,"III Tarutung, III Sipahutar",Pusat gempa berada di darat 8 km Barat Laut Tapanuli Utara,
2023-01-01 16:59:32+00:00,-2.49,140.69,3.6,10.0,II Kota Jayapura,Pusat gempa berada di darat 12 km Timur Laut Kota Jayapura,
2023-01-01 17:46:56+00:00,-2.43,140.64,3.3,4.0,II Kota Jayapura,Pusat gempa berada di laut 15 km Timur Laut Kota Jayapura,
2023-01-01 18:24:33+00:00,-2.5300000000000002,140.74,4.9,10.0,"IV Kota Jayapura, IV Kabupaten Jayapura",Pusat gempa berada di darat 14 km Timur Laut Kota Jayapura,
2023-01-01 23:56:44+00:00,-2.41,140.73,2.6,10.0,II Kota Jayapura,Pusat gempa berada di laut 22 km Timur Laut Kota Jayapura,
2023-01-02 00:55:09+00:00,-2.37,140.69,3.5,10.0,II Kota Jayapura,Pusat gempa berada di laut 23 km Timur Laut Kota Jayapura,
2023-01-02 03:14:46+00:00,-2.5,140.72,3.5,10.0,II Kota Jayapura,Pusat gempa berada di darat 14 km Timur Laut Kota Jayapura,
2023-01-02 04:06:55+00:00,-6.8100000000000005,107.1,2.4,10.0,"II-III Pacet, II-III Ciseupan, II-III Kota Cianjur",Pusat gempa berada di darat 4 km barat laut Kab. Cianjur,
2023-01-02 10:40:02+00:00,5.41,96.99,4.9,10.0,"III Lhokseumawe, II - III Aceh Utara",Pusat gempa berada di laut 29 Km Barat Laut Kota Lhoksemauwe,
2023-01-02 21:32:54+00:00,-2.54,140.69,3.6,10.0,II Kota Jayapura,Pusat gempa berada di darat 9 Km Timur Laut KOta Jayapura,
2023-01-02 21:39:23+00:00,5.49,96.98,4.3,2.0,II - III Aceh Utara,Pusat gempa berada di laut 37 Km Barat Laut Kota Lhokseumawe,
2023-01-02 22:40:00+00:00,-2.47,140.68,4.0,8.0,II-III Kota Jayapura,Pusat gempa berada di laut 13 km timur laut Kota Jayapura,
2023-01-02 23:55:20+00:00,-8.14,107.88,4.9,29.0,"III Garut , III Pangalengan, III Bungbulang, III Pameungpeuk, III Sindangbarang, III Cidaun, II - III Pangandaran, II - III Tasikmalaya, II - III Cisompet, II - III Kota Banjar, II Sukabumi, II Cianjur, II Kab. Bandung",Pusat gempa berada di laut 83 km BaratDaya Pangandaran,
2023-01-03 03:28:42+00:00,-2.41,140.74,4.1,10.0,II - III Kota Jayapura,Pusat gempa berada di laut 22 km TimurLaut kota Jayapura,
2023-01-03 03:41:14+00:00,-2.35,140.74,3.8,10.0,II Kota Jayapura,Pusat gempa berada di laut 28 km TimurLaut kota Jayapura,
2023-01-03 09:07:52+00:00,-2.49,140.8,3.4,7.0,II Kota Jayapura,Pusat gempa berada di laut 23 TimurLaut Kota Jayapura,
2023-01-03 09:32:26+00:00,-3.67,133.46,5.0,10.0,II - III Kaimana,Pusat gempa berada di laut 68 km BaratDaya Kaimana,
2023-01-03 09:34:47+00:00,-2.45,140.73,3.4,10.0,II Kota Jayapura,Pusat gempa berada di laut 18 km TimurLaut Kota Jayapura,
2023-01-03 09:50:42+00:00,-2.45,140.74,3.7,9.0,II-III Kota Jayapura,Pusat gempa berada di laut 19 km Timurlaut Kota Jayapura,
2023-01-03 09:54:04+00:00,-2.44,140.74,4.3,10.0,III Kota Jayapura,Pusat gempa berada di laut 20 km Timurlaut Jayapura,
2023-01-03 10:24:44+00:00,-2.38,140.76,3.7,10.0,II Kota Jayapura,Pusat gempa berada di laut 26 km TimurLaut Kota Jayapura,
2023-01-03 10:29:32+00:00,-2.52,140.72,3.1,10.0,II Kota Jayapura,Pusat gempa berada di darat 13 km TimurLaut Kota Jayapura,
2023-01-03 11:15:35+00:00,-2.42,140.72,3.0,10.0,II Kota Jayapura,Pusat gempa berada di laut 20 km timur laut Jayapura,
2023-01-03 12:29:05+00:00,-2.49,140.73,3.5,10.0,II - III Kota Jayapura,Pusat gempa berada di laut 18 km Timurlaut Kota Jayapura,
2023-01-03 12:55:21+00:00,-2.27,140.65,5.2,10.0,"III-IV Kota Jayapura, III-IV Kab. Jayapura",Pusat gempa berada di laut 33 km TimurLaut Kota Jayapura,
2023-01-03 15:46:19+00:00,-2.9,134.11,4.7,9.0,II Nabire,Pusat gempa berada di darat 24 km BaratDaya Teluk Wondama,
2023-01-03 15:55:49+00:00,-2.43,140.7,3.8,10.0,II - III Kota Jayapura,Pusat gempa berada di laut 18 km TimurLaut Kota Jayapura,
2023-01-03 17:11:39+00:00,-2.35,140.78,4.1,10.0,II - III Kota Jayapura,Pusat gempa berada di laut 30 km TimurLaut Kota Jayapura,
2023-01-03 17:55:42+00:00,-2.43,140.77,4.5,10.0,II - III Kota Jayapura,Pusat gempa berada di laut 23 km TimurLaut Kota Jayapura,
2023-01-03 17:57:09+00:00,-2.45,140.71,4.1,10.0,II - III Kota Jayapura,Pusat gempa berada di laut 17 km TimurLaut Kota Jayapura,
2023-01-03 19:19:33+00:00,-2.43,140.79,3.2,10.0,II Kota Jayapura,Pusat gempa berada di laut 25 km TimurLaut Kota Jayapura,
2023-01-04 00:03:30+00:00,-2.74,140.51,3.2,20.0,II Kab. Jayapura,Pusat gempa berada di darat 21 km Tenggara Kab. Jayapura,
2023-01-04 01:39:41+00:00,-2.46,140.69,4.2,10.0,"III - IV Kota Jayapura, III - IV Kabupaten Jayapura",Pusat gempa berada di laut 15 km TimurLaut Kota Jayapura,
2023-01-04 01:42:59+00:00,-2.36,140.72,3.6,6.0,II - III Kota Jayapura,Pusat gempa berada di laut 26 km TimurLaut Kota Jayapura,
2023-01-04 02:39:36+00:00,-2.56,140.68,3.4,5.0,II Kota Jayapura,Pusat gempa berada di darat 8 km TimurLaut Kota Jayapura,
2023-01-04 02:53:17+00:00,-2.42,140.71,3.7,10.0,II - III Kota Jayapura,Pusat gempa berada di laut 20 Km TimurLaut Kota Jayapura,
2023-01-04 04:04:51+00:00,-2.42,140.75,3.9,10.0,II - III Kota Jayapura,Pusat gempa berada di laut 22 km TimurLaut Kota Jayapura,
2023-01-04 08:18:23+00:00,-2.5300000000000002,140.71,3.7,14.0,III Kota Jayapura,Pusat gempa berada di darat 11 km Timurlaut Kota jayapura,
2023-01-04 08:42:05+00:00,-2.39,140.71,4.1,10.0,III Kota Jayapura,Pusat gempa berada di laut 22 km Tmurlaut Kota Jayapura,
2023-01-04 09:10:00+00:00,-2.45,140.71,3.6,10.0,II-III Kota Jayapura,Pusat gempa berada di laut 17 km TimurLaut Kota Jayapura,
2023-01-04 12:16:57+00:00,-2.4,140.75,4.9,10.0,"III-IV Kota Jayapura, III-IV Kab. Keerom, II Kab. Jayapura",Pusat gempa berada di laut 23 km TimurLaut Kota Jayapura,
2023-01-04 12:33:32+00:00,-2.46,140.76,3.5,10.0,II-III Kota Jayapura,Pusat gempa berada di laut 20 km TimurLaut Kota Jayapura,
2023-01-04 13:54:29+00:00,-2.36,140.8,4.0,10.0,II Kota Jayapura,Pusat gempa berada di laut 31 km TimurLaut Kota Jayapura,
2023-01-04 22:15:22+00:00,-2.55,140.76,3.7,10.0,III Kota Jayapura,Pusat gempa berada di laut 17 km TimurLaut Kota Jayapura,
2023-01-04 22:34:42+00:00,-6.83,107.07,2.9,10.0,III Cianjur,Pusat gempa berada di darat 7 km BaratDaya Kab. Cianjur,
2023-01-05 11:08:15+00:00,-2.38,140.72,2.9,10.0,II Kota Jayapura,Pusat gempa berada di laut 24 km Timurlaut Kota Jayapura,
2023-01-05 22:58:54+00:00,-3.8200000000000003,133.45,4.3,10.0,II Kaimana,Pusat gempa berada di darat 81 km BaratDaya Kaimana,
2023-01-06 15:10:00+00:00,-2.52,140.7,2.9,6.0,II Kota Jayapura,Pusat gempa berada di darat 11 km TimurLaut Kota Jayapura,
2023-01-06 16:48:21+00:00,-2.47,140.8,3.4,10.0,II Kota Jayapura,Pusat gempa berada di laut 23 km timur laut Kota Jayapura,
2023-01-06 16:49:59+00:00,-2.45,140.73,3.4,10.0,II Kota Jayapura,Pusat gempa berada di laut 18 km timur laut Kota Jayapura,
2023-01-06 22:27:53+00:00,-10.78,112.54,4.7,10.0,II Dinoyo,Pusat gempa berada di laut 293 km BaratDaya Kab. Malang,
2023-01-07 03:01:26+00:00,-3.77,133.41,4.9,10.0,III Kaimana,Pusat gempa berada di laut 74 km BaratDaya Kaimana,
2023-01-07 08:49:01+00:00,-2.39,140.7,4.2,10.0,III Kota Jayapura,Pusat gempa berada di laut 21 km TimurLaut Kota Jayapura,
2023-01-07 11:54:31+00:00,-3.76,133.5,3.7,10.0,II - III Kaimana,Pusat gempa berada di laut 72 km BaratDaya Kaimana,
2023-01-07 16:40:26+00:00,-3.75,133.46,4.9,6.0,II - III Kaimana,Pusat gempa berada di laut 74 km BaratDaya Kaimana,
2023-01-08 00:40:31+00:00,-8.27,115.51,3.5,11.0,II Karangasem,Pusat gempa berada di darat 8 km BaratLaut Karangasem,
2023-01-08 14:27:20+00:00,-2.01,140.79,3.0,10.0,II Kota Jayapura,Pusat gempa berada di laut 65 km timurlaut Kota Jayapura,
2023-01-08 22:41:06+00:00,-8.0,110.42,3.1,18.0,II Bantul,Pusat gempa berada di Darat 13 km Tenggara Bantul,
2023-01-09 09:46:40+00:00,-6.93,105.26,3.6,18.0,II-III Cibaliung,Pusat gempa berada di laut 46 km barat daya Sumur,
2023-01-09 12:26:31+00:00,-8.99,111.16,5.6,10.0,"II-III Pacitan, II-III Gunungkidul, II-III Bantul, II-III Kota Yogyakarta, II-III Sleman, II-III Kulonprogo, II-III Wonogiri, II-III Purworejo, II-III Cilacap, II - III Nganjuk, II - III Kediri, II - III Tulungagung, II - III Trenggalek, II Banjarnegara, II Wonosobo, II Karangkates, II Kebumen, II - III Blitar",Pusat gempa berada di laut 90 km Tenggara Pacitan,
2023-01-09 17:47:34+00:00,-7.25,130.18,7.9,131.0,"V Saumlaki, III-IV Sorong, III-IV Kaimana, II-III Merauke, II-III Nabire, II-III Tanah Merah, II-III Wamena, II-III Bakunase, II-III Kolhua, II-III Sabu, II-III Rote, II-III Ende, II-III Amarasi Selatan, II-III Kota Kupang, III-IV Alor, III-IV Waingapu, III-IV Waijelu, III-IV Lembata, II Ambon, II Piru, IV Dobo, IV Tiakur",Pusat gempa berada di laut 148 km BaratLaut MALUKUTENGGARABRT,
2023-01-09 20:52:19+00:00,-7.2,109.81,2.5,10.0,II Banjarnegara,Pusat gempa berada di darat 21 km BaratLaut Wonosobo,
2023-01-09 22:41:26+00:00,-6.51,104.69,4.8,13.0,II Liwa,Pusat gempa berada di laut 99 km barat laut Sumur,
2023-01-10 00:35:51+00:00,-2.48,140.73,3.8,10.0,II - III Kota Jayapura,Pusat gempa berada di laut 15 km TimurLaut Kota Jayapura,
2023-01-10 06:35:32+00:00,-2.44,140.73,3.8,10.0,II-III Jayapura,Pusat gempa berada di laut 19 km TimurLaut Kota Jayapura,
2023-01-10 09:23:19+00:00,-8.11,107.95,4.3,26.0,"II - III Garut, II - III Pangandaran, II - III Tasikmalaya",Pusat gempa berada di laut 75 km BaratDaya Kab. Pangandaran,
2023-01-10 12:51:18+00:00,-2.39,140.73,3.4,10.0,II Kota Jayapura,Pusat gempa berada dilaut 24 Km Timur Laut Kota Jayapura,
2023-01-10 12:57:22+00:00,-2.43,140.74,3.6,10.0,III Kota Jayapura,Pusat gempa berada di laut 21 Km Timur Laut Kota Jayapura,
2023-01-10 16:21:21+00:00,-2.38,140.67,3.2,10.0,II Kota Jayapura,Pusat gempa berada di laut 22 Km Timur Laut Kota Jayapura,
2023-01-11 07:59:23+00:00,-2.64,137.02,5.1,60.0,III Nabire,Pusat gempa berada di darat 44 km Timur Laut Waropen,
2023-01-11 08:48:22+00:00,-6.65,107.01,2.4,10.0,"II Sukabumi, II Sukaraja, II Cisarua, II Sukalarang, II Kab. Sukabumi",Pusat gempa berada di 11 km Timur Laut Kota Sukabumi,
2023-01-11 11:53:30+00:00,-6.8100000000000005,131.53,4.8,56.0,II-III Molu Maru,Pusat gempa berada di laut 43 km Barat Laut Larat - Kep. Tanimbar,
2023-01-11 23:25:00+00:00,-3.81,136.35,3.7,10.0,II-III Enarotali,Pusat gempa berada di darat 3 km barat daya Paniai,
2023-01-12 20:18:24+00:00,-2.35,140.75,4.7,10.0,"III-IV Kota Jayapura, II Kab. Jayapura",Pusat gempa berada di laut 28 km TimuLaut Kota Jayapura,
2023-01-12 21:48:19+00:00,2.16,125.81,4.9,4.0,"II-III Manado, II-III Bitung",Pusat gempa berada di laut 82 km Tenggara Ondong Siau,
2023-01-12 23:56:44+00:00,-2.32,140.72,3.3,11.0,II Kota Jayapura,Pusat gempa berada di laut 29 km TimurLaut Kota Jayapura,
2023-01-13 01:19:30+00:00,-0.29,129.67,4.8,10.0,II Halmahera Tengah,Pusat gempa berada di laut 188 km Tenggara Maba,
2023-01-13 04:14:53+00:00,-8.22,115.59,3.6,10.0,"II Karangasem, II Abang, II Kubu, II Bebandem, II Selat",Pusat gempa berada di laut 16 km TimurLaut Karangasem,
2023-01-13 06:27:01+00:00,-2.44,140.72,3.7,10.0,III Kota Jayapura,Pusat gempa berada di laut 18 km TimurLaut Kota Jayapura,
2023-01-13 11:46:44+00:00,-7.24,109.81,3.4,10.0,"III Wonosobo, II - III Banjarnegara, II-III Batur",Pusat gempa berada di darat 17 km BaratLaut Wonosobo,
2023-01-13 11:54:18+00:00,-3.7800000000000002,133.55,4.1,7.0,III Kaimana,Pusat gempa berada di laut 70 km BaratDaya Kaimana,
2023-01-13 12:44:51+00:00,-7.13,130.5,5.1,101.0,II - III Molomaru,Pusat gempa berada di laut 130 km BaratLaut Saumlaki,
2023-01-13 15:41:45+00:00,-2.44,138.59,5.0,54.0,III Sarmi,Pusat gempa berada di darat 31 km Tenggara Mamberotengah,
2023-01-13 22:41:00+00:00,-5.14,102.99,5.3,18.0,"III-IV Kaur, III Kota Bengkulu, III Argamakmur, II - III Kepahiang, III Oku Selatan, III Liwa, II Sekincau",Pusat gempa berada di laut 55 km BaratDaya Kaur,
2023-01-14 11:12:57+00:00,-7.17,109.79,1.9,10.0,II Banjarnegara,Pusat gempa berada di darat 25 km BaratLaut Wonosobo,
2023-01-14 23:51:21+00:00,-2.44,140.68,3.8,4.0,III Jayapura,Pusat gempa berada di laut 16 km Timurlaut Jayapura,
2023-01-15 00:12:53+00:00,-2.48,140.69,3.3,4.0,II Jayapura,Pusat gempa berada di darat 13 km TimurLaut Jayapura,
2023-01-15 01:20:09+00:00,5.45,97.01,4.0,10.0,II - III Lhokseumawe,Pusat gempa berada di laut 32 km BaratLaut Kota Lhokseumawe,
2023-01-15 22:30:01+00:00,1.9100000000000001,97.83,6.2,23.0,"IV Gunung Sitoli, III Subulussalam, III Padang Sidempuan, III - IV Aceh Selatan, IV Nias Utara, IV Nias Barat, IV Nias Selatan, II Tapanuli Utara, IV Aceh Singkil, II Sibolga, IV Kepulauan Banyak",Pusat gempa berada di laut 47 km Tenggara Kab. Aceh Singkil,
2023-01-16 05:11:15+00:00,-2.48,140.71,3.5,10.0,II Jayapura,Pusat gempa berada di laut 15 Km Timur Laut Kota Jayapura,
2023-01-16 13:10:04+00:00,-9.32,115.49,4.6,69.0,"II Denpasar, II Kuta Selatan, II Jimbaran, II Karangasem, II Gianyar, II Klungkung, II Lombok Utara, II Mataram, III Lombok Barat",Pusat gempa berada di laut 65 km Tenggara KUTASELATAN,
2023-01-16 17:16:45+00:00,-6.85,107.04,2.6,10.0,"III Cugenang, III Pacet, III Warungkondang, III Panembong, II-III Kota Cianjur",Pusat gempa berada di darat 11 km barat daya Kab. Cianjur,
2023-01-16 18:40:13+00:00,-2.56,140.78,3.6,4.0,II-III Kota Jayapura,Pusat gempa berada di darat 19 km Timurlaut kota Jayapura,
2023-01-17 02:14:04+00:00,-2.45,140.66,3.8,10.0,II Jayapura,Pusat gempa berada di laut 14 km TimurLaut Jayapura,
2023-01-17 04:36:12+00:00,-9.26,112.49,5.1,17.0,"III-IV Karangkates, III-IV Sumbermanjing Wetan, II - III Kepanjen, II - III Lumajang, II - III Malang, II Badung, II Blitar, II Trenggalek, II Pacitan, II Bondowoso","Pusat gempa berada di laut, 125 km Barat Daya Kab. Malang",
2023-01-17 04:50:49+00:00,-1.56,99.85,4.4,10.0,II Tuapejat,"Pusat gempa berada di laut 71 km Timurlaut Pulau Sipora, kep. Mentawai",
2023-01-17 06:54:53+00:00,-7.15,109.77,1.9,10.0,"III Batur, III Dieng",Pusat gempa berada di darat 21 km tenggara kab-Pekalongan,
2023-01-17 06:56:13+00:00,-7.15,109.77,2.2,17.0,"III Batur, III Dieng",Pusat gempa berada di darat 24 km tenggara kab. Pekalongan,
2023-01-17 06:58:42+00:00,-7.16,109.76,2.3,21.0,"II - III Batur, II - III Dieng, II - III Wonosobo",Pusat gempa berada di darat 24 km tenggara kab. Pekalongan,
2023-01-17 09:47:55+00:00,-2.4,140.4,4.1,13.0,"II Kota Jayapura, II Kabupaten Jayapura",Pusat gempa berada di laut 20 km Baratlaut Kabupaten Jayapura,
2023-01-17 15:21:26+00:00,-8.41,120.6,4.7,30.0,"IV Ruteng, III Nagekeo, II - III Labuan Bajo, II Congkar, II Reo, III Borong, II Bajawa, II Ende",Pusat gempa berada di darat 27 km TimurLaut Ruteng,
2023-01-17 16:12:01+00:00,-6.78,107.1,2.6,10.0,"II - III Cilaku, II - III Cugenang, II - III Cianjur, II - III Karangtengah, II - III Cipanas",Pusat gempa berada di darat 6 km Baratlaut Kabupaten Cianjur,
2023-01-17 17:37:17+00:00,-6.84,107.1,2.4,10.0,"II - III Cilaku, II - III Cianjur, II - III Gekbrong, II - III Karangtengah, II - III Cugenang",Pusat gempa berada di darat 4 km Baratdaya Kabupaten Cianjur,
2023-01-17 20:47:03+00:00,-2.45,140.72,3.4,10.0,II Kota Jayapura,Pusat gempa berada di laut 18 km TimurLaut Kota Jayapura,
2023-01-18 00:34:46+00:00,-0.07,123.28,6.3,138.0,"III-IV Luwuk, III - IV Ampana, III Kabupaten Gorontalo, III Kota Gorontalo, III Taliabu, III Minahasa Tenggara, III Kabupaten Bone Bolango, II - III Kabupaten Pohuwato, II - III Kabupaten Gorontalo Utara, II - III Sanana, II - III Palu , II Ternate, II Labuha, III-IV Malili, III-IV Sorowako, III Kotamobagu, III Bolaang Mongondow Timur",Pusat gempa berada di laut 69 km Tenggara Bone Bolango,
2023-01-18 06:06:14+00:00,2.8,127.11,7.1,64.0,"III Minahasa, III Manado, III Minahasa Utara, III Bitung, III Ternate, III Sofifi, III Halmahera Timur, III - IV Talaud, III Minahasa Tenggara, III Minahasa Selatan, III Bolaang Mongondow Timur, III Bolaang Mongondow Selatan, III - IV Kepulauan Sangihe, II Kota Gorontalo, III Tomohon, III Bolaang Mongondow, III Halmahera Barat, III Halmahera Utara, III - IV Kepulauan Sitaro, III Banggai Kepulauan, III Halmahera Tengah, III-IV Tidore, IV Pulau Taliabu",Pusat gempa berada di laut 141 km Tenggara Melonguane,
2023-01-18 15:35:23+00:00,-2.25,1.3900000000000001,4.4,22.0,III Kabupaten Jayapura,Pusat gempa berada di laut 78 km Baratlaut Jayapura,
2023-01-18 16:27:52+00:00,-10.87,111.73,5.4,10.0,II Trenggalek,Pusat gempa berada di laut 306 km tenggara Pacitan,
2023-01-19 13:37:28+00:00,-2.32,140.77,3.9,10.0,III Kota Jayapura,Pusat gempa berada di laut 32 km TimurLaut Kota Jayapura,
2023-01-19 13:47:39+00:00,-2.26,140.79,4.0,6.0,III Kota Jayapura,Pusat gempa berada di laut 39 km TimurLaut Kota Jayapura,
2023-01-19 23:55:33+00:00,-4.14,121.62,3.2,7.0,II - III Kabupaten Kolaka,"Pusat gempa berada di darat 4 km Timurlaut Pomala, Kabupaten Kolaka",
2023-01-20 12:49:11+00:00,-7.19,109.81,2.3,8.0,"II Wonosobo, II Banjarnegara",Pusat gempa berada di darat 22 km BaratLaut Wonosobo,
2023-01-20 13:19:56+00:00,-2.64,140.6,3.9,21.0,II Kota Jayapura,Pusat gempa berada di darat 8 km BaratDaya Kota Jayapura,
2023-01-20 22:22:47+00:00,-2.43,140.7,3.4,10.0,II Kota Jayapura,Pusat gempa berada di laut 18 km timur laut Kota Jayapura,
2023-01-20 22:33:53+00:00,-2.29,140.78,4.0,10.0,II Kota Jayapura,Pusat gempa berada di laut 36 km timur laut Kota Jayapura,
2023-01-20 23:23:59+00:00,-6.8,107.07,3.4,4.0,"III Pacet, II - III Cianjur",Pusat gempa berada di darat 8 km BaratLaut Kab. Cianjur,
2023-01-21 02:50:34+00:00,3.33,96.25,4.8,1.0,"II Aceh Selatan, II Takengon, II Gayo Lues",Pusat gempa berada di Laut 91 km Tenggara Meulaboh,
2023-01-22 04:58:36+00:00,-6.73,107.34,3.6,7.0,"III Purwakarta, II - III Cikalong Wetan, II - III Cianjur, II - III Karangtengah, II - III Ciranjang, II - III Darangdan, II - III Cirata",Pusat gempa berada di darat 22 km Barat Daya Kabupaten Purwakarta,
2023-01-22 09:44:45+00:00,-2.5,140.71,4.9,10.0,"III - IV Kota Jayapura, III Kab, Jayapura, III Kab. Keerom",Pusat gempa berada di darat 13 km Timur Laut Kota Jayapura,
2023-01-23 05:32:31+00:00,-8.13,124.93,4.0,10.0,III Alor,Pusat gempa berada dilaut 45 km Timur Laut Alor,
2023-01-23 19:45:01+00:00,-6.82,107.07,4.3,10.0,"III-IV Cianjur, III-IV Cikalongkulon, III-IV Cipanas, III-IV Sukabumi, III Purwakarta, II Jakarta Selatan, II Tangerang Selatan, II Bekasi, II Depok",Pusat gempa berada di darat 7 km Barat Laut Kab. Cianjur,
2023-01-23 22:55:22+00:00,-5.62,104.19,4.7,46.0,"II Kota Agung, II Ngaras",Pusat gempa berada di laut 55 km Tenggara Pesisir Barat,
2023-01-24 05:35:44+00:00,-6.82,107.09,2.1,10.0,"II Cijedil, II Rancagoong",Pusat gempa berada di darat 5 km BaratLaut Kab. Cianjur,
2023-01-24 05:35:45+00:00,-6.76,107.1,2.3,12.0,"II Cijedil, II Rancagoong",Pusat gempa berada di darat 8 km BaratLaut Kab. Cianjur,
2023-01-24 15:15:15+00:00,-7.14,110.02,2.2,26.0,II Dieng,Pusat gempa berada di darat 26 km BaratLaut Temanggung,
2023-01-26 12:20:12+00:00,2.19,97.86,4.3,24.0,II - III Singkil,Pusat gempa berada di laut 17 km Tenggara Kabupaten Aceh Singkil,
2023-01-26 12:56:33+00:00,-8.0,110.48,2.9,8.0,"II Kretek, II Panggang",Pusat gempa berada di darat 14 km BaratDaya Gunungkidul,
2023-01-27 18:00:33+00:00,-7.22,107.59,4.0,5.0,"II - III Soreang, II - III Bandung",Pusat gempa berada di darat 23 km tenggara Kab. Bandung,
2023-01-28 10:02:10+00:00,-6.72,107.3,3.7,10.0,"II - III Cirata, II - III Tegalwaru, II - III Cianjur, II - III Gekbrong, II - III Cugenang, II - III Bojongpicung, II - III Karangtengah, II - III Mande, II Padalarang",Pusat gempa berada di darat 21 km Timur Laut Kabupaten Cianjur,
2023-01-28 19:15:19+00:00,1.9500000000000002,128.13,5.6,136.0,"IV Morotai, III Halmahera Tengah, III Halmahera Utara",Pusat gempa berada di laut 13 km barat daya Daruba,
2023-01-28 20:33:03+00:00,1.78,128.04,2.4,9.0,II - III Halmahera Timur,Pusat gempa berada di laut 8 km timur laut Tobelo,
2023-01-29 14:28:04+00:00,-7.21,109.89,2.3,10.0,II Banjarnegara,Pusat gempa berada di darat 17 km Barat Laut Wonosobo,
2023-01-29 21:10:00+00:00,-7.27,109.95,2.6,6.0,II-III Banjarnegara,Pusat gempa berada di darat 11 km Timur Laut Wonosobo,
2023-01-30 01:04:50+00:00,-2.59,121.05,3.5,10.0,III-IV Malili,Pusat gempa berada di darat 13km BaratDaya Luwu Timur,
2023-01-30 01:58:48+00:00,-2.46,140.68,3.5,10.0,II-III Kota Jayapura,Pusat gempa berada di laut 13 km Timurlaut Kota Jayapura,
2023-01-30 03:42:31+00:00,-0.43,132.48,3.6,7.0,II - III Tambrauw,Pusat gempa berada di darat 40 km TimurLaut Tambrauw,
2023-01-30 03:58:56+00:00,-3.73,133.43,4.1,10.0,II - III Kaimana,Pusat gempa berada di darat 75 km BaratDaya Kaimana,
2023-01-30 06:24:19+00:00,-3.33,128.35,3.2,3.0,III Kairatu,Pusat gempa berada di darat 1 km Utara Kairatu,
2023-01-30 15:10:21+00:00,-8.38,120.57,3.5,10.0,"II - III Ruteng, II - III Borong",Pusat gempa berada di darat 28 km Timur laut Ruteng,
2023-01-31 03:29:47+00:00,-2.42,140.72,3.0,7.0,II Kota Jayapura,Pusat gempa berada di darat 20 km Timurlaut Kota Jayapura,
2023-01-31 10:31:42+00:00,-3.85,119.27,4.1,6.0,"II-III Majene, II-III Pinrang",Pusat gempa berada di laut 38 Km Barat Daya Pinrang,
2023-01-31 23:06:20+00:00,-7.23,109.89,1.8,10.0,II Dieng,Pusat gempa berada di darat 15 km BaratLaut Wonosobo,
2023-02-01 01:10:16+00:00,-6.77,107.13,2.7,10.0,II Cipanas,Pusat gempa berada di darat 5 km BaratLaut Kab. Cianjur,
2023-02-01 08:04:51+00:00,-0.87,134.62,4.4,10.0,"II-III Ransiki, II-III Oransbari",Pusat gempa berada di laut 29 km BaratLaut Pulau Numfor,
2023-02-01 09:33:47+00:00,-5.3,103.35,4.6,39.0,II Sekincau,Pusat gempa berada di laut 56 km Tenggara Kaur,
2023-02-01 15:01:25+00:00,-8.82,116.13,2.6,12.0,"III Lombok Barat, III Lombok Tengah",Pusat gempa berada di darat 15 km Baratdaya Lombok Barat,
2023-02-01 15:57:21+00:00,-7.27,107.73,4.3,3.0,"IV Garut, II Bandung, II Lembang, II Pangalengan, II Pacet, II Cileunyi, II Sumedang, IV Pasirwangi, IV Cisurupan, IV Bayongbong, IV Samarang",Pusat gempa berada di darat 19 km Baratdaya Kab. Garut,
2023-02-02 12:19:12+00:00,-5.71,103.94,4.7,34.0,"III Pesisir Barat, III Tanggamus, II Liwa, II Lampung Barat",Pusat gempa berada di laut 57 km Tenggara Pesisir Barat,
2023-02-02 12:45:55+00:00,-7.28,106.14,4.4,25.0,"III Bayah, III Malingping, III Ciracap, III Surade, II Sukabumi, II Cianjur, II Pelabuhan Ratu, II Cipanas, II Lebak",Pusat gempa berada di laut 40 km barat daya Bayah,
2023-02-02 13:45:35+00:00,-4.07,128.09,3.5,10.0,II Ambon,Pusat gempa berada di laut 43 km selatan Ambon,
2023-02-02 23:05:05+00:00,2.61,128.18,5.0,19.0,II - III Morotai,Pusat gempa berada di laut 63 km barat laut Daruba,
2023-02-03 13:42:56+00:00,-2.49,140.69,3.5,30.0,II - III Kota Jayapura,Pusat gempa berada di darat 12 Km TimurLaut Kota Jayapura,
2023-02-03 23:15:37+00:00,4.92,96.04,3.6,2.0,II Pidie,Pusat gempa berada di darat 27 Km Barat Daya KAB-PIDIEJAYA,
2023-02-04 02:47:24+00:00,-2.5700000000000003,140.65,3.6,5.0,II Kota Jayapura,Pusat gempa berada di darat 4 km tenggara kota Jayapura,
2023-02-04 02:48:46+00:00,-2.56,140.62,4.9,10.0,III - IV Kota Jayapura,Pusat gempa berada di darat 1 km Timurlaut Kota Jayapura,
2023-02-04 04:39:24+00:00,-2.54,140.69,2.7,10.0,II Kota Jayapura,Pusat gempa berada di darat 9 km TimurLaut Kota Jayapura,
2023-02-04 12:22:17+00:00,-7.18,109.83,2.6,7.0,"II Batur, II Kepakisan",Pusat gempa berada di darat 22 km BaratLaut Wonosobo,
2023-02-04 14:02:02+00:00,-8.36,116.14,3.3,12.0,III Lombok Utara,Pusat gempa berada di darat 2 km Barat Daya Lombok Utara,
2023-02-04 23:43:23+00:00,-2.42,140.68,3.0,7.0,,Pusat gempa berada di darat 13 km BaratLaut Kota Jayapura,
2023-02-05 02:40:05+00:00,-8.24,115.59,3.6,10.0,II - III Kubu,Pusat gempa berada di laut 14 km Timur Laut Karangasem,
2023-02-05 11:43:23+00:00,-2.42,140.68,3.0,7.0,II Kota Jayapura,Pusat gempa berada di laut 13 km BaratLaut Kota Jayapura,
2023-02-05 12:56:22+00:00,-2.46,140.68,3.9,10.0,III Kota Jayapura,Pusat gempa berada di laut 9 km barat laut Kota Jayapura,
2023-02-05 13:17:25+00:00,-2.48,140.68,3.0,10.0,II - III Jayapura,Pusat gempa berada di laut 12 Km Timurlaut Kota Jayapura,
2023-02-05 22:47:21+00:00,-2.33,140.73,3.1,7.0,II Kota Jayapura,Pusat gempa berada di laut 23 km Timur Laut Kota Jayapura,
2023-02-05 23:19:34+00:00,-2.52,140.69,4.2,10.0,III Kota Jayapura,Pusat gempa berada di darat 2 km Baratlaut Kota Jayapura,
2023-02-05 23:31:05+00:00,-2.5300000000000002,140.69,3.1,8.0,II Kota Jayapura,Pusat gempa berada di darat 3 km BaratLaut kota Jayapura,
2023-02-06 13:50:12+00:00,2.39,128.73,4.3,18.0,II Morotai,Pusat gempa berada di laut 62 km TimurLaut Daruba,
2023-02-07 00:35:50+00:00,-7.43,105.88,5.2,10.0,"III-IV Bayah, III-IV Banjarsari, III-IV Tamanjaya, III Serang, III Pandeglang, III Malingping, III Ciptagelar, III Cikeusik, III Labuan, III Tangerang, III Panimbang, III Cinangka, II Tangerang Selatan, II Bogor, II Cianjur, II Sukabumi, II Jakarta",Pusat gempa berada di laut 66 km Tenggara Muarabinuangeun,
2023-02-07 05:42:39+00:00,-2.42,140.69,3.0,10.0,II Kota Jayapura,Pusat gempa berada di laut 13 km barat laut Kota Jayapura,
2023-02-07 15:02:21+00:00,-2.47,140.68,3.6,10.0,III Kota Jayapura,Pusat gempa berada di laut 8 km barat laut Kota Jayapura,
2023-02-07 15:28:46+00:00,-2.46,140.68,3.2,10.0,II-III Kota Jayapura,Pusat gempa berada di laut 9 km barat laut Kota Jayapura,
2023-02-07 15:39:37+00:00,-2.5,140.68,2.9,8.0,II Kota Jayapura,Pusat gempa berada di darat 6 km Baratlaut Kota Jayapura,
2023-02-07 16:42:25+00:00,-2.42,140.69,3.4,7.0,II-III Kota Jayapura,Pusat gempa berada di laut 13 km barat laut Kota Jayapura,
2023-02-07 18:38:40+00:00,-2.47,140.68,3.0,10.0,II Kota Jayapura,Pusat gempa berada di laut 8 km barat laut Kota Jayapura,
2023-02-07 19:17:14+00:00,-2.44,140.69,3.4,10.0,II - III Kota Jayapura,Pusat gempa berada di laut 11 km Barat Laut Kota Jayapura,
2023-02-07 20:29:39+00:00,-2.46,140.68,3.2,10.0,II Kota Jayapura,Pusat gempa berada di laut 9 km arah BaratLaut Kota Jayapura,
2023-02-07 21:26:33+00:00,-2.36,140.67,2.9,10.0,II Kota Jayapura,Pusat gempa berada di laut 20 km BaratLaut Kota Jayapura,
2023-02-07 22:17:02+00:00,-2.46,140.69,2.9,10.0,II Kota Jayapura,Pusat gempa berada di laut 9 km BaratLaut Kota Jayapura,
2023-02-07 23:28:44+00:00,-7.26,109.8,2.4,15.0,"II Batur, Banjarnegara",Pusat gempa berada di darat 16 km BaratLaut Wonosobo,
2023-02-08 02:05:12+00:00,-8.4,116.21,3.5,13.0,II - III Lombok Utara,Pusat gempa berada di darat 7 Km Tenggara Lombok Utara,
2023-02-08 07:42:01+00:00,-8.17,114.78,3.7,10.0,II-III Gerokgak,Pusat gempa berada di laut 28 Km TimurLaut Jembrana,
2023-02-08 11:35:35+00:00,-2.5,140.71,4.7,10.0,"III - IV Kota Jayapura, III Kabupaten Jayapura, II - III Kab. Keerom",Pusat gempa berada di darat 4 km Baratlaut Kota Jayapura,
2023-02-08 11:42:55+00:00,-2.51,140.68,3.4,10.0,II - III Kota Jayapura,Pusat gempa berada di darat 5 Km BaratLaut Kota Jayapura,
2023-02-08 11:52:47+00:00,-2.47,140.66,3.3,8.0,II Kota Jayapura,Pusat gempa berada di darat 10 Km BaratLaut Kota Jayapura,
2023-02-08 11:54:34+00:00,-2.48,140.68,2.9,8.0,II Kota Jayapura,Pusat gempa berada di darat 7 Km BaratLaut Kota Jayapura,
2023-02-08 12:34:08+00:00,-2.46,140.67,4.4,10.0,"III - IV Kota Jayapura, III Kabupaten Jayapura",Pusat gempa berada di darat 10 Km Baratlaut Kota Jayapura,
2023-02-08 12:40:57+00:00,-2.41,140.68,3.4,9.0,II Kota Jayapura,Pusat gempa berada di laut 15 Km Baratlaut Kota Jayapura,
2023-02-08 12:42:24+00:00,-2.51,140.68,3.1,6.0,II Kota Jayapura,Pusat gempa berada di darat 5 Km Baratlaut Kota Jayapura,
2023-02-08 13:21:15+00:00,-2.46,140.7,4.3,10.0,"III-IV Kota Jayapura, III Kabupaten Jayapura",Pusat gempa berada di laut 9 Km Barat Laut Kota Jayapura,
2023-02-08 13:34:27+00:00,-2.48,140.71,3.6,10.0,II-III Kota Jayapura,Pusat gempa berada di laut 6 Km BaratLaut Kota Jayapura,
2023-02-08 13:36:45+00:00,-2.47,140.69,3.3,7.0,Kota Jayapura II,Pusat gempa berada di laut 8 Km BaratLaut Kota Jayapura,
2023-02-08 14:29:19+00:00,-2.58,140.63,3.1,10.0,II Jayapura,Pusat gempa berada di darat 6 km BaratDaya kota Jayapura,
2023-02-08 14:42:15+00:00,-2.59,140.71,3.1,10.0,II Kota Jayapura,Pusat gempa berada di darat 6 km BaratDaya Kota Jayapura,
2023-02-08 15:51:46+00:00,-2.47,140.72,4.0,10.0,III Kota Jayapura,Pusat gempa berada di laut 7 km TimurLaut Kota Jayapura,
2023-02-08 16:01:57+00:00,-4.92,122.58,4.1,3.0,"III-IV Muna Barat, III Muna","Pusat gempa berada di darat 5.2 km Tenggara Lawa, Kab. Muna Barat",
2023-02-08 16:33:38+00:00,-2.5,140.68,3.2,10.0,II Jayapura,Pusat gempa berada di darat 6 km BaratLaut kota Jayapura,
2023-02-08 16:39:43+00:00,-4.87,122.59,2.8,3.0,II Muna Barat,"Pusat gempa berada di darat 4.2 km TimurLaut Lawa, Kab. Muna Barat",
2023-02-08 16:45:17+00:00,-2.51,140.67,3.6,5.0,III Jayapura,Pusat gempa berada di darat 6 km BaratLaut kota Jayapura,
2023-02-08 17:48:09+00:00,-2.47,140.68,4.5,10.0,"IV Kota Jayapura, III Kabupaten Jayapura",Pusat gempa berada di darat 8 km BaratLaut kota Jayapura,
2023-02-08 17:49:16+00:00,-2.43,140.68,3.6,10.0,II Kota Jayapura,Pusat gempa berada di laut 12 km BaratLaut Kota Jayapura,
2023-02-08 18:09:23+00:00,-2.46,140.68,3.3,10.0,II Kota Jayapura,Pusat gempa berada di darat 9 km Baratlaut Kota Jayapura,
2023-02-08 18:26:34+00:00,-2.45,140.68,2.9,10.0,II Kota Jayapura,Pusat gempa berada di laut 10 km Baratlaut Kota Jayapura,
2023-02-08 19:36:13+00:00,-2.51,140.69,3.1,5.0,II Jayapura,Pusat gempa berada di darat 4 km Barat Laut Kota Jayapura,
2023-02-08 19:42:03+00:00,-2.43,140.67,3.1,6.0,II Jayapura,Pusat gempa berada di laut Barat Laut Kota Jayapura,
2023-02-08 19:56:32+00:00,-2.46,140.68,3.0,10.0,II Jayapura,Pusat gempa berada di laut 9 km Barat Laut Kota Jayapura,
2023-02-08 19:58:27+00:00,-2.43,140.68,2.6,10.0,II Kota Jayapura,Pusat gempa berada di laut 12 Km BaratLaut Kota Jayapura,
2023-02-08 19:59:03+00:00,-2.45,140.69,2.8,5.0,Kota Jayapura II,Pusat gempa berada di laut 10 Km BaratLaut Kota Jayapura,
2023-02-08 20:51:01+00:00,-2.46,140.68,3.5,7.0,II - III Kota Jayapura,Pusat gempa berada di laut 9 Km BaratLaut Kota Jayapura,
2023-02-08 23:33:00+00:00,-2.43,140.67,3.0,10.0,Kota Jayapura II,Pusat gempa berada di laut 13 Km BaratLaut Kota Jayapura,
2023-02-08 23:35:58+00:00,-2.46,140.68,3.1,8.0,Kota Jayapura II,Pusat gempa berada di laut 9 Km BaratLaut Kota Jayapura,
2023-02-09 01:02:40+00:00,-2.45,140.68,2.9,10.0,II Kota Jayapura,Pusat gempa berada di laut 10 km BaratLaut Kota Jayapura,
2023-02-09 01:15:42+00:00,-2.46,140.67,3.2,10.0,III Kota Jayapura,Pusat gempa berada di darat 10 km BaratLaut Kota Jayapura,
2023-02-09 02:59:55+00:00,-2.52,140.7,2.6,10.0,II Kota Jayapura,Pusat gempa berada di darat 2 km BaratLaut Kota Jayapura,
2023-02-09 04:07:26+00:00,-2.51,140.77,3.0,10.0,II Kota Jayapura,Pusat gempa berada di Laut 7 km TimurLaut Kota Jayapura,
2023-02-09 04:59:30+00:00,-2.56,140.7,3.6,10.0,III Kota Jayapura,Pusat gempa berada di darat 3 km BaratDaya Kota Jayapura,
2023-02-09 05:00:44+00:00,-2.47,140.68,3.2,10.0,II Kota Jayapura,Pusat gempa berada di darat 8 km BaratLaut Kota Jayapura,
2023-02-09 05:49:10+00:00,-2.51,140.67,2.7,11.0,II Kota Jayapura,Pusat gempa berada di darat 6 km BaratLaut Kota Jayapura,
2023-02-09 06:28:02+00:00,-2.6,140.66,5.4,10.0,"V Kota Jayapura, III - IV Kab. Keerom, III Kab. Jayapura",Pusat gempa berada di Darat 9 Km Barat Daya Kota Jayapura,
2023-02-09 06:42:30+00:00,-2.42,140.69,3.5,10.0,II Kota Jayapura,Pusat gempa berada di Laut 13 km Barat Laut Kota Jayapura,
2023-02-09 06:50:00+00:00,-2.35,140.69,4.2,10.0,Kota Jayapura III,Pusat gempa berada di Laut 21 km Barat Laut Kota Jayapura,
2023-02-09 07:15:43+00:00,-2.44,140.68,2.9,10.0,II Kota Jayapura,Pusat gempa berada di Laut 11 km Barat Laut Kota Jayapura,
2023-02-09 07:20:03+00:00,-2.5300000000000002,140.69,3.5,6.0,III Kota Jayapura,Pusat gempa berada di darat 3 km Barat Laut Kota Jayapura,
2023-02-09 07:22:21+00:00,-2.45,140.69,3.9,5.0,III Kota Jayapura,Pusat gempa berada di laut 10 km Barat Laut Kota Jayapura,
2023-02-09 07:30:04+00:00,-2.48,140.68,2.7,7.0,II Kota Jayapura,Pusat gempa berada di darat 7 km Barat Laut Kota Jayapura,
2023-02-09 07:52:40+00:00,-2.45,140.69,2.9,10.0,II Kota Jayapura,Pusat gempa berada di laut 10 km BaratLaut Kota Jayapura,
2023-02-09 07:53:40+00:00,-2.55,140.69,2.8,15.0,II Kota Jayapura,Pusat gempa berada di darat 3 km BaratDaya Kota Jayapura,
2023-02-09 08:10:45+00:00,-2.52,140.68,3.5,5.0,III Kota Jayapura,Pusat gempa berada di darat 4 km Barat Laut Kota Jayapura,
2023-02-09 08:14:47+00:00,-2.55,140.7,4.0,8.0,III Kota Jayapura,Pusat gempa berada di darat BaratDaya Kota Jayapura,
2023-02-09 08:15:12+00:00,-2.48,140.67,4.1,5.0,III-IV Kota Jayapura,Pusat gempa berada di darat 8 km BaratLaut Kota Jayapura,
2023-02-09 08:20:35+00:00,-2.5300000000000002,140.67,3.2,4.0,III Kota Jayapura,Pusat gempa berada di darat BaratLaut Kota Jayapura,
2023-02-09 08:22:36+00:00,-2.5300000000000002,140.69,2.9,5.0,II - III Kota Jayapura,Pusat gempa berada di darat 3 km BaratLaut Kota Jayapura,
2023-02-09 08:23:52+00:00,-2.54,140.68,4.0,8.0,III Kota Jayapura,Pusat gempa berada di darat 4 km BaratDaya Kota Jayapura,
2023-02-09 09:00:42+00:00,-2.48,140.68,2.7,6.0,II Kota Jayapura,Pusat gempa berada di darat 7 km BaratLaut Kota Jayapura,
2023-02-09 09:04:13+00:00,-2.54,140.71,2.6,4.0,II Kota Jayapura,Pusat gempa berada di darat 1 km BaratDaya Kota Jayapura,
2023-02-09 10:18:48+00:00,-2.52,140.69,2.6,6.0,II Kota Jayapura,Pusat gempa berada di darat 3 km BaratLaut Kota Jayapura,
2023-02-09 10:42:52+00:00,-2.48,140.66,3.0,15.0,II Kota Jayapura,Pusat gempa berada di darat 9 km BaratLaut Kota Jayapura,
2023-02-09 11:16:20+00:00,-2.44,140.68,2.7,10.0,II Kota Jayapura,Pusat gempa berada di darat 11 km BaratLaut Kota Jayapura,
2023-02-09 11:20:57+00:00,-2.41,140.68,3.1,10.0,II Kota Jayapura,Pusat gempa berada di laut 15 km BaratLaut Kota Jayapura,
2023-02-09 12:37:15+00:00,-2.51,140.68,3.3,8.0,II Kota Jayapura,Pusat gempa berada di darat 5 km BaratLaut Kota Jayapura,
2023-02-09 14:32:10+00:00,-2.5700000000000003,140.7,2.9,5.0,II Kota Jayapura,Pusat gempa berada di darat 4 km Barat Daya Kota Jayapura,
2023-02-09 14:38:50+00:00,-2.42,140.67,2.7,10.0,II Kota Jayapura,Pusat gempa berada di laut 14 km BaratLaut Kota Jayapura,
2023-02-09 14:46:58+00:00,-2.5300000000000002,140.68,2.4,4.0,II Kota Jayapura,Pusat gempa berada didarat 4 km BaratLaut Kota Jayapura,
2023-02-09 15:00:39+00:00,-2.4,140.55,3.1,10.0,II Kota Jayapura,Pusat gempa berada didarat 24 km BaratLaut Kota Jayapura,
2023-02-09 16:47:39+00:00,-2.52,140.72,3.1,5.0,II - III Kota Jayapura,Pusat gempa berada didarat 2 km TimurLaut Kota Jayapura,
2023-02-09 16:57:12+00:00,-2.54,140.68,3.0,8.0,II Kota Jayapura,Pusat gempa berada di darat 4 km BaratDaya Kota Jayapura,
2023-02-09 17:29:21+00:00,-2.52,140.7,3.8,7.0,III-IV Kota Jayapura,Pusat gempa berada di darat 2 km BaratLaut Kota Jayapura,
2023-02-09 17:37:12+00:00,-2.5300000000000002,140.7,3.8,10.0,III-IV Kota Jayapura,Pusat gempa berada di darat 2 km BaratLaut Kota Jayapura,
2023-02-09 17:49:16+00:00,-2.48,140.74,2.4,10.0,II Kota Jayapura,Pusat gempa berada di laut 7 km TimurLaut Kota Jayapura,
2023-02-09 18:10:24+00:00,-2.59,140.69,2.4,10.0,II Kota Jayapura,Pusat gempa berada di darat 7 km BaratDaya Kota Jayapura,
2023-02-09 21:28:46+00:00,-2.52,140.68,4.0,7.0,III Kota Jayapura,Pusat gempa berada di darat 4 km BaratLaut Kota Jayapura,
2023-02-10 02:02:07+00:00,-2.61,140.66,2.8,10.0,II Kota Jayapura,Pusat gempa berada di darat 10 km BaratDaya Kota Jayapura,
2023-02-10 03:47:18+00:00,-2.44,140.61,2.8,10.0,II Kota Jayapura,Pusat gempa berada di laut 16 km barat laut Kota Jayapura,
2023-02-10 05:36:59+00:00,-2.46,140.66,3.0,10.0,II Kota Jayapura,Pusat gempa berada di laut 10 km barat laut Kota Jayapura,
2023-02-10 08:54:36+00:00,-2.46,140.62,3.5,9.0,II - III Kota Jayapura,Pusat gempa berada di darat 14 km barat laut Kota Jayapura,
2023-02-10 10:36:01+00:00,-2.43,140.63,2.9,10.0,II Kota Jayapura,Pusat gempa berada di darat 15 km BaratLaut Kota Jayapura,
2023-02-10 13:26:57+00:00,-2.5300000000000002,140.66,4.0,10.0,III-IV Kota Jayapura,Pusat gempa berada di darat 6 km Barat Laut Kota Jayapura,
2023-02-10 14:27:19+00:00,-2.49,140.66,3.4,10.0,II-III Kota Jayapura,Pusat gempa berada di darat 8 km barat laut Kota Jayapura,
2023-02-10 16:30:22+00:00,-2.48,140.64,2.6,30.0,II Kota Jayapura,Pusat gempa berada di darat 10 km BaratLaut Kota Jayapura,
2023-02-10 16:45:12+00:00,-3.56,119.15,3.2,10.0,"II Polewali, II Majene",Pusat gempa berada di laut 24 Km Tenggara Polewalimandar,
2023-02-10 17:39:09+00:00,-2.55,140.65,4.1,10.0,III - IV Kota Jayapura,Pusat gempa berada di darat 7 km BaratDaya Kota Jayapura,
2023-02-10 20:37:47+00:00,-2.49,140.67,4.0,10.0,III-IV Kota Jayapura,Pusat gempa berada di darat 7 km BaratLaut kota Jayapura,
2023-02-10 23:23:06+00:00,-2.44,140.69,3.5,6.0,II Kota Jayapura,Pusat gempa berada di laut 11 km Barat Laut Kota Jayapura,
2023-02-10 23:36:32+00:00,-2.51,140.63,2.5,10.0,II Kota Jayapura,Pusat gempa berada di darat 10 km Barat Laut Kota Jayapura,
2023-02-10 23:47:54+00:00,-2.41,140.62,3.1,12.0,II Kota Jayapura,Pusat gempa berada di laut 18 km Barat Laut Kota Jayapura,
2023-02-11 00:12:29+00:00,-2.5,140.61,3.2,4.0,II-III Kota Jayapura,Pusat gempa berada di darat 12 km Barat Laut Kota Jayapura,
2023-02-11 08:55:06+00:00,3.67,126.76,6.0,11.0,"IV Melonguane, III-IV Tahuna, III - IV Siau, II Manado",Pusat gempa berada di Laut 37 km Tenggara Melonguane,
2023-02-11 14:41:34+00:00,-2.48,140.62,3.4,23.0,II - III Kota Jayapura,Pusat gempa berada di darat 12 km BaratLaut Kota Jayapura,
2023-02-11 15:55:28+00:00,-2.48,140.65,3.3,10.0,II Kota Jayapura,Pusat gempa berada di darat 10 km baratlaut kota Jayapura,
2023-02-11 16:03:00+00:00,-2.38,140.69,3.1,10.0,II Kota Jayapura,Pusat gempa berada di laut 18 km BaratLaut Kota Jayapura,
2023-02-11 19:58:43+00:00,-2.44,140.69,2.6,10.0,II Kota Jayapura,Pusat gempa berada di Darat 11 km Barat Laut Kota Jayapura,
2023-02-12 05:13:54+00:00,-0.32,100.31,3.4,10.0,"II Bukittinggi, II Padang Panjang, II Padang Pariaman",Pusat gempa berada di darat 6 km Baratdaya Bukittinggi,
2023-02-12 10:40:26+00:00,-2.39,140.67,2.8,10.0,II Kota Jayapura,Pusat gempa berada di laut 20 km Timurlaut Kota Jayapura,
2023-02-12 10:43:51+00:00,-1.44,134.3,4.7,10.0,"II-III Ransiki, II-III Manokwari",Pusat gempa berada di laut 16 km Timurlaut Ransiki,
2023-02-12 12:45:57+00:00,-8.1,115.22,2.3,14.0,II Kubutambahan,Pusat gempa berada di darat 14 km TimurLaut Buleleng,
2023-02-12 14:41:29+00:00,-6.85,107.1,2.5,10.0,"II Cibereum, II Cilaku, II Ciseupan, II Nagrak",Pusat gempa berada di darat 5 km BaratDaya Kab. Cianjur,
2023-02-12 17:38:07+00:00,-1.49,134.17,5.3,20.0,"IV Ransiki, III-IV Manokwari",Pusat gempa berada di darat 1 km Tenggara Ransiki,
2023-02-12 18:25:02+00:00,-2.52,140.62,3.0,10.0,II Kota Jayapura,Pusat gempa berada di darat 11 km BaratLaut Kota Jayapura,
2023-02-12 18:40:29+00:00,-2.42,140.62,2.7,10.0,II Kota Jayapura,Pusat gempa berada di laut 17 km BaratLaut Kota Jayapura,
2023-02-13 04:46:29+00:00,-2.49,140.71,3.4,10.0,II Kota Jayapura,Pusat gempa berada di darat 5 km BaratLaut Kota Jayapura,
2023-02-13 05:29:21+00:00,-2.51,140.68,2.9,10.0,II Kota Jayapura,Pusat gempa berada di darat 5km BaratLaut Kota Jayapura,
2023-02-13 09:17:18+00:00,-2.45,140.66,3.2,10.0,II Kota Jayapura,Pusat gempa berada di Laut 11 km BaratLaut Kota Jayapura,
2023-02-13 12:31:00+00:00,-2.39,140.69,3.1,10.0,II Kota Jayapura,Pusat gempa berada di Laut 16 km BaratLaut Kota Jayapura,
2023-02-13 15:36:26+00:00,-2.5300000000000002,140.67,3.6,9.0,III Kota Jayapura,Pusat gempa berada di darat 5 km BaratLaut Kota Jayapura,
2023-02-13 15:37:30+00:00,-2.41,140.67,3.4,10.0,II Kota Jayapura,Pusat gempa berada di Laut 15 km BaratLaut Kota Jayapura,
2023-02-14 05:49:12+00:00,-2.54,140.69,2.2,10.0,II Kota Jayapura,Pusat gempa berada di darat 3 km BaratDaya Kota Jayapura,
2023-02-14 06:02:21+00:00,0.46,121.05,5.3,87.0,"III - IV Toli-toli, II - III Pohuwato, II - III Gorontalo Utara, II - III Kab. Gorontalo, II - III Buol",Pusat gempa berada di darat 30 km Tenggara Parigi Moutong,
2023-02-14 06:03:56+00:00,-6.8100000000000005,107.1,2.4,11.0,"II Cipanas, II Ciherang, II Kota Cianjur",Pusat gempa berada di darat 4 km BaratLaut Kab. Cianjur,
2023-02-14 11:59:37+00:00,-6.79,107.09,2.3,18.0,II Kec. Pacet - Cianjur,Pusat gempa berada di darat 6 km BaratLaut Kab. Cianjur,
2023-02-14 12:57:46+00:00,-1.47,134.17,4.5,23.0,"II - III Ransiki, II - III Manokwari",Pusat gempa berada di darat 2 km Timurlaut Ransiki,
2023-02-14 13:02:12+00:00,-6.78,107.08,2.3,11.0,"II Ciputri, II Pacet, II Cipanas, II Cugenang",Pusat gempa berada di darat 8 km Baratlaut Kab. Cianjur,
2023-02-14 15:38:06+00:00,-2.52,140.67,2.7,9.0,II Kota Jayapura,Pusat gempa berada di darat 5 km baratlaut kota Jayapura,
2023-02-14 21:57:46+00:00,-2.52,140.67,2.4,10.0,II Kota Jayapura,Pusat gempa berada didarat 5 km BaratLaut Kota Jayapura,
2023-02-15 00:36:00+00:00,-2.52,140.67,3.3,10.0,II - III Jayapura,Pusat gempa berada di darat 5 km baratlaut kota Jayapura,
2023-02-15 01:01:27+00:00,-2.51,140.65,2.9,4.0,II - III Kota Jayapura,Pusat gempa berada didarat 8 km BaratLaut Kota Jayapura,
2023-02-15 05:11:18+00:00,-2.5300000000000002,140.67,3.1,10.0,II Kota Jayapura,Pusat gempa berada di darat 5 km Barat Laut Kota Jayapura,
2023-02-15 13:51:13+00:00,-2.5,140.72,3.8,10.0,III Kota Jayapura,Pusat gempa berada di darat 4 km Timur Laut Kota jayapura,
2023-02-17 03:45:27+00:00,-2.5,140.7,4.1,10.0,III - IV Kota Jayapura,Pusat gempa berada di darat 4 km BaratLaut Kota Jayapura,
2023-02-17 04:23:16+00:00,-2.5300000000000002,140.69,2.7,5.0,II - III Kota Jayapura,Pusat gempa berada di darat 3 km BaratLaut Kota Jayapura,
2023-02-17 07:33:35+00:00,-3.98,122.41,3.4,5.0,"III Kendari, III Konawe Selatan, III Konawe","Pusat gempa berada di darat 0.9 km timur laut Sampara, Kab. Konawe",
2023-02-17 09:37:35+00:00,-6.6,132.1,6.6,97.0,"III Saumlaki, III Dobo, III Kei, III Sorong, III Kaimana, II Banda",Pusat gempa berada di laut 125 km BaratDaya Maluku Tenggara,
2023-02-17 09:55:06+00:00,-2.5300000000000002,140.65,2.7,5.0,II Kota Jayapura,Pusat gempa berada di darat 7 km barat laut Kota Jayapura,
2023-02-17 12:52:08+00:00,-8.98,116.83,4.2,128.0,III Lombok Tengah,Pusat gempa berada di darat 25 km barat daya Sumbawa Barat,
2023-02-18 00:03:49+00:00,-8.15,115.89,4.9,10.0,"III Karangasem, II Denpasar, II Badung, II Mataram",Pusat gempa berada di laut 37 km BaratLaut Lombok Utara,
2023-02-18 04:30:12+00:00,0.59,99.89,4.1,10.0,III-IV Pasaman,Pusat gempa berada di darat 14Km BaratLaut RAO-PASAMAN,
2023-02-18 05:38:58+00:00,3.32,117.18,3.8,10.0,II Tarakan,Pusat gempa berada di darat 28 km Tenggara Tanatidung,
2023-02-18 06:14:38+00:00,-7.52,121.84,3.7,13.0,"II Pulau Kalaotoa, II Pulau Madu",Pusat gempa berada di laut 128 km BaratLaut Maumere-Sikka,
2023-02-18 13:42:01+00:00,-2.56,140.66,2.1,3.0,II Kota Jayapura,Pusat gempa berada di darat 7 Km BaratDaya Kota Jayapura,
2023-02-20 03:12:47+00:00,-2.5300000000000002,140.68,2.7,3.0,II Kota Jayapura,Pusat gempa berada di darat 4 km barat laut Kota Jayapura,
2023-02-20 11:15:16+00:00,-3.73,133.5,4.3,10.0,II-III Kaimana,Pusat gempa berada di laut 70 km barat daya Kaimana,
2023-02-20 20:13:49+00:00,-4.41,102.11,5.2,13.0,"III Seluma, II-III Manna, II-III Kota Bengkulu",Pusat gempa berada di laut 63 km barat daya Seluma,
2023-02-21 23:46:41+00:00,-2.45,140.71,2.5,10.0,II Kota Jayapura,Pusat gempa berada di laut 10 km BaratLaut Kota Jayapura,
2023-02-22 09:34:04+00:00,-7.18,129.62,5.9,139.0,"II-III Saumlaki, III Tepa",Pusat gempa berada di laut 206 km Barat Laut Malukutenggarabarat,
2023-02-22 13:55:53+00:00,-2.59,140.64,2.5,14.0,II Kota Jayapura,Pusat gempa berada di darat 10km Barat Daya Kota Jayapura,
2023-02-23 10:21:31+00:00,-2.51,140.68,2.5,4.0,II Kota Jayapura,Pusat gempa berada di darat 5 km Barat Laut Kota Jayapura,
2023-02-23 10:49:37+00:00,-6.78,107.11,2.3,8.0,"II - III Cijeudil, II - III Cibeurem, II - III Nagrak",Pusat gempa berada di darat 5 km Baratlaut Kabupaten Cianjur,
2023-02-23 20:02:52+00:00,3.2,127.94,6.8,112.0,"IV Tahuna, IV Melonguane, IV Siau, III - IV Manado, III - IV Bitung, III - IV Minahasa Utara, III-IV Tobelo, III - IV Morotai, III Tondano, III Tomohon, III Minahasa Tenggara, II Sorong",Pusat gempa berada di laut 133 km BaratLaut Daruba,
2023-02-24 02:02:46+00:00,-0.46,100.28,2.9,1.0,"II Padang Panjang, II Padang Pariaman",Pusat gempa berada di darat 12 km BaratLaut Padang Panjang,
2023-02-24 09:28:56+00:00,-2.48,140.71,2.8,7.0,II Kota Jayapura,Pusat gempa berada di darat 6 km BaratLaut Kota Jayapura,
2023-02-24 13:59:53+00:00,-8.24,124.61,2.1,10.0,II - III Alor,Pusat gempa berada di darat 8 km TimurLaut Alor,
2023-02-24 17:28:36+00:00,2.87,126.19,4.8,13.0,"III Kepulauan Sangihe, III Kepulauan Siau",Pusat gempa berada di laut 93 km TimurLaut Ondongsiau,
2023-02-25 02:08:31+00:00,-5.72,103.87,4.8,29.0,"II Liwa, II Krui",Pusat gempa berada di Laut 59Km BaratDaya Pesisir Barat,
2023-02-25 02:21:52+00:00,-2.5300000000000002,140.68,3.1,5.0,II-III Kota Jayapura,Pusat gempa berada di darat 4Km BaratLaut Kota Jayapura,
2023-02-25 13:26:14+00:00,-9.08,118.9,3.6,10.0,III Bima,Pusat gempa berada di laut 46 km Barat laut Tambolaka,
2023-02-26 05:22:16+00:00,-2.54,140.68,2.2,3.0,II Kota Jayapura,Pusat gempa berada di darat 4 km Barat Daya Kota Jayapura,
2023-02-26 05:52:48+00:00,1.72,125.89,5.0,10.0,"III Bitung, II Manado",Pusat gempa berada di laut 90 Km Timur Laut Bitung,
2023-02-26 21:23:44+00:00,-2.52,140.69,2.4,10.0,II Kota Jayapura,Pusat gempa berada di darat 3 km BaratLaut Kota Jayapura,
2023-02-27 01:26:02+00:00,-1.5899999999999999,120.21,5.5,10.0,"IV Sigi, III - IV Palu, III - IV Poso, III - IV Wuasa, III Toli-toli, III Buol, III Morowali Utara, III Mamuju, III Ampana, III Wakai - Kep. Togean, II Polewali Mandar, III Masamba",Pusat gempa berada di darat 42 km Tenggara Sigi,
2023-02-28 05:35:45+00:00,-2.5,140.71,2.5,10.0,II Kota Jayapura,Pusat gempa berada di darat 4 km BaratLaut Kota Jayapura,
2023-02-28 13:11:48+00:00,-7.03,106.64,4.0,3.0,"II-III Kota Sukabumi, II - III Pelabuhan Ratu, II Bogor, II Lebak, II Bayah",Pusat gempa berada di darat 11 km Tenggara Kab-Sukabumi,
2023-02-28 14:42:52+00:00,1.37,125.83,4.9,55.0,"III Manado, III Bitung, III Tondano",Pusat gempa berada di laut 79 km Tenggara Bitung,
2023-03-01 01:45:06+00:00,-2.47,140.67,3.5,10.0,III Kota Jayapura,Pusat gempa berada di laut 9 km BaratLaut Kota Jayapura,
2023-03-01 13:00:16+00:00,-2.94,119.36,2.3,8.0,II-III Mamasa,Pusat gempa berada di darat 4 km tenggara Mamasa,
2023-03-01 16:01:53+00:00,-2.91,119.37,1.6,3.0,II Mamasa,Pusat gempa berada di darat 5 km TimurLaut Mamasa,
2023-03-01 23:05:23+00:00,-1.65,100.71,5.6,82.0,"II-III Padang, II-III Padang Panjang, II-III Pesisir Selatan, II-III Kerinci",Pusat gempa berada di darat 36 km Tenggara Pesisir Selatan,
2023-03-02 08:23:58+00:00,2.42,128.39,4.8,50.0,II Morotai,Pusat gempa berada di darat 42 km TimurLaut Daruba,
2023-03-02 08:56:43+00:00,1.27,120.2,4.8,8.0,II - III Toli-toli,Pusat gempa berada di laut 35 km utara Ogotua Kab. Tolitoli,
2023-03-02 20:31:19+00:00,-2.48,140.71,2.6,10.0,II Kota Jayapura,Pusat gempa berada di laut 6 km barat laut Kota Jayapura,
2023-03-03 00:36:46+00:00,-3.8,101.83,5.1,12.0,"III - IV Kota Bengkulu, III Bengkulu Utara, II - III Kepahiang, II - III Curup",Pusat gempa berada di laut 47 Km Barat Daya Bengkulu,
2023-03-03 04:49:16+00:00,-7.69,106.52,3.8,27.0,"II Ciracap, II Simpenan",Pusat gempa berada di Laut 78 Km Barat Daya Kabupaten Sukabumi,
2023-03-03 13:24:30+00:00,-0.42,123.01,4.9,52.0,II-III Banggai Kepulauan,Pusat gempa berada di laut 64 km utara Luwuk,
2023-03-04 16:10:27+00:00,-2.49,140.73,2.7,7.0,II Kota Jayapura,Pusat gempa berada di laut 5 km TimurLaut Kota Jayapura,
2023-03-04 17:05:25+00:00,-2.67,121.98,4.8,5.0,"II - III Bungku Tengah, II - III Bungku Pesisir, III Bahodopi",Pusat gempa berada di darat 3 km barat Kab. Morowali,
2023-03-04 18:53:39+00:00,-2.5300000000000002,140.67,3.0,10.0,II - III Kota Jayapura,Pusat gempa berada di darat 5 km barat laut Kota Jayapura,
2023-03-04 22:25:58+00:00,-2.7,140.01,4.4,50.0,III Genyem,Pusat gempa berada di darat 46 km BaratDaya Kab.Jayapura,
2023-03-06 02:42:21+00:00,-0.15,123.14,4.5,132.0,II - III Banggai Kepulauan,Pusat gempa berada di laut 76 km Tenggara Bonebolango,
2023-03-06 11:26:45+00:00,-2.46,140.72,2.7,10.0,II Kota Jayapura,Pusat gempa berada di laut 8 km timur laut Kota Jayapura,
2023-03-07 03:14:32+00:00,-0.11,120.32,4.6,5.0,II Palu,Pusat gempa berada di laut 30 km Tenggara Parigi Moutong,
2023-03-07 07:31:57+00:00,-6.47,103.9,5.3,10.0,"IV Kab. Pesisir Barat, III - IV Kota Agung, III-IV Kab. Tanggamus, II-III Liwa",Pusat gempa berada dilaut 140 Km BaratDaya Tanggamus,
2023-03-07 12:51:51+00:00,2.55,128.53,4.6,18.0,II Pulau Morotai,Pusat gempa berada di darat 61 Km TimurLaut Daruba,
2023-03-07 20:31:29+00:00,-0.28,124.57,5.1,10.0,II Tondano,Pusat gempa berada di laut 97 km Tenggara Kota Bolaanguki,
2023-03-07 21:38:54+00:00,-2.5300000000000002,140.67,3.5,8.0,II Kota Jayapura,Pusat gempa berada di darat 5 km Barat Laut Kota Jayapura,
2023-03-08 01:18:37+00:00,-2.21,140.58,3.8,10.0,II Kota Jayapura,Pusat gempa berada di laut 39 Km Barat Laut Kota Jayapura,
2023-03-08 10:55:50+00:00,-2.51,140.67,3.0,5.0,II Kota Jayapura,Pusat gempa berada di darat 6 km barat laut Kota Jayapura,
2023-03-08 14:47:53+00:00,-2.69,119.21,2.8,2.0,II Mamasa,Pusat gempa berada di darat 27 km barat laut Mamasa,
2023-03-09 05:50:27+00:00,-2.54,140.69,2.6,9.0,II Jayapura,Pusat gempa berada di darat 3 km Barat Daya Kota Jayapura,
2023-03-11 04:03:48+00:00,1.96,97.85,5.2,19.0,"IV Kepulauan Banyak, IV Aceh singkil , IV Silangit, IV Pakpak Bharat, IV Sipoholon, III Aceh Selatan, III Gunung Sitoli , III Sirombu, III Nias Selatan, III Kec. Pagaran, III Kab. Tapanuli Utara",Pusat gempa berada dilaut 42 km Tenggara Kab- Aceh Singkil,
2023-03-11 11:43:56+00:00,-2.92,119.46,2.7,5.0,II - III Mamasa,Pusat gempa berada di darat 15 km tenggara Mamasa,
2023-03-12 12:59:28+00:00,-2.5300000000000002,140.69,2.5,8.0,II Kota Jayapura,Pusat gempa berada di darat 3 km Barat Laut Kota Jayapura,
2023-03-12 13:26:25+00:00,-2.5,140.68,2.5,8.0,II Kota Jayapura,Pusat gempa berada di darat 6 km baratlaut Kota Jayapura,
2023-03-13 06:53:03+00:00,-0.41000000000000003,99.56,3.9,52.0,II Lubuk Basung,Pusat gempa berada di Laut 53 km BaratDaya AGAM-SUMBAR,
2023-03-14 03:27:52+00:00,0.65,125.32,4.6,33.0,"II-III Tondano, II-III Manado, II-III Bitung",Pusat gempa berada di laut 73 km Tenggara Ratahan,
2023-03-15 05:50:34+00:00,2.07,99.01,3.1,10.0,III - IV Tarutung,Pusat gempa berada di darat 8 km Timurlaut Tapanuli Utara,
2023-03-15 14:29:13+00:00,-2.5,140.69,2.9,8.0,III Jayapura,Pusat gempa berada di darat 5 Km Barat Laut Kota Jayapura,
2023-03-17 05:00:37+00:00,-7.21,109.89,2.2,7.0,"II Kepakisan, II Dieng Wonosobo",Pusat gempa berada di darat 17 km BaratLaut Wonosobo,
2023-03-17 08:13:21+00:00,-0.87,131.18,3.1,11.0,II - III Kota Sorong,Pusat gempa berada di darat 13 km BaratLaut Kota Sorong,
2023-03-17 12:05:27+00:00,-8.89,109.77,5.2,10.0,"III Kulonprogo, III Bantul, III Trenggalek, III Pacitan, III Madiun, III Ponorogo, II - III Tulungagung, II Klaten, II - III Ngawi, II - III Magetan, II Kediri, II Karangkates, II Nganjuk, II Solo, II Banjarnegara, II Wonogiri, II Wonosobo, II Cilacap, II Purworejo",Pusat gempa berada di laut 126 km BaratDaya Kulonprogo,
2023-03-18 06:19:46+00:00,-2.5,140.82,3.0,10.0,II Jayapura,Pusat gempa berada di Laut 12 km Timurlaut Kota Jayapura,
2023-03-18 07:14:50+00:00,2.37,128.49,4.6,24.0,II - III Morotai Utara,Pusat gempa berada di darat 42 km Timurlaut Daruba,
2023-03-18 16:30:46+00:00,2.33,128.92,4.8,5.0,III - IV Morotai Utara,Pusat gempa berada di laut 76 km TimurLaut Daruba,
2023-03-18 21:46:47+00:00,-2.5700000000000003,140.67,2.4,3.0,II - III Kota Jayapura,Pusat gempa berada di darat 6 km barat daya Kota Jayapura,
2023-03-19 16:29:53+00:00,2.8200000000000003,125.36,3.3,10.0,II Siau-Sitaro,Pusat gempa berada di laut 8 km utara Kepulauan Sitaro,
2023-03-19 19:30:14+00:00,-3.77,101.84,4.9,27.0,"III Kota Bengkulu, III Argamakmur, II Kepahiang",Pusat gempa berada di laut 54 km barat daya Bengkulu Utara,
2023-03-19 22:18:39+00:00,-2.74,128.07,4.7,10.0,III Kairatu,Pusat gempa berada di laut 38 km utara Seram Bagian Barat,
2023-03-21 01:21:16+00:00,3.48,97.79,3.4,5.0,II Kutacane,Pusat gempa berada didarat 1 km Baratdaya Kutacane,
2023-03-21 19:32:41+00:00,-2.49,140.68,4.3,5.0,III-IV Kota Jayapura,Pusat gempa berada di darat 6 km BaratLaut Kota Jayapura,
2023-03-21 21:25:10+00:00,-2.5300000000000002,140.67,2.7,4.0,II Kota Jayapura,Pusat gempa berada di darat 5 Km Barat Laut Kota Jayapura,
2023-03-21 22:43:48+00:00,-2.48,140.68,3.1,9.0,II Kota Jayapura,Pusat gempa berada di darat 7 km BaratLaut Kota Jayapura,
2023-03-21 22:44:34+00:00,-2.49,140.67,2.8,7.0,II Kota Jayapura,Pusat gempa berada di darat 7 km BaratLaut Kota Jayapura,
2023-03-22 01:24:14+00:00,-7.75,106.85,4.4,31.0,"III Cianjur, III Pajampangan, III Cipamingkis, III Cidora, III Pameungpeuk, II-III Kab. Bandung, II-III Kab. Garut, II-III Kab. Sukabumi, II - III Kab. Bogor, II Tasikmalaya, II Bandung Barat, II Pangalengan",Pusat gempa berada di laut 90 km Tenggara Kab-Sukabumi,
2023-03-23 04:25:23+00:00,-4.25,103.2,3.9,3.0,II - III Manna,Pusat gempa berada di darat 23 km BaratDaya Pagar Alam,
2023-03-23 04:48:22+00:00,-2.47,140.7,2.5,8.0,II Kota Jayapura,Pusat gempa berada laut di 8 km Barat Laut Kota Jayapura,
2023-03-23 11:07:53+00:00,-2.52,140.68,3.8,6.0,III-IV Kota Jayapura,Pusat gempa berada di darat 4 km Baratlaut Kota Jayapura,
2023-03-24 00:52:53+00:00,5.42,94.75,3.9,22.0,II Banda Aceh,Pusat gempa berada di laut 82 km BaratDaya Kota Sabang,
2023-03-24 12:44:26+00:00,-1.6,120.2,3.5,5.0,II-III Toro,"Pusat gempa berada di darat 15 km Barat Laut Doda, Kab. Poso",
2023-03-24 13:36:08+00:00,-7.19,109.83,2.7,9.0,II Wonosobo,Pusat gempa berada di darat 21 km Barat Laut Wonosobo,
2023-03-25 09:11:01+00:00,-5.34,102.12,4.5,16.0,II Enggano,Pusat gempa berada di darat 16 km Baratlaut Enggano,
2023-03-25 22:53:17+00:00,1.17,128.37,4.4,5.0,"III Wasile, II - III Buli",Pusat gempa berada di darat 20 km BaratDaya Halmahera Timur,
2023-03-26 00:48:26+00:00,-0.45,100.16,3.7,2.0,III Kab. Agam,Pusat gempa berada di darat 20 km Tenggara Agam,
2023-03-26 09:13:45+00:00,-6.86,107.1,2.7,11.0,"II Cibeber, II Warungkondang, II Cianjur, III Cugenang, III Cipanas",Pusat gempa berada di darat 6 km barat daya Kab. Cianjur,
2023-03-26 10:43:46+00:00,-7.38,130.31,4.9,14.0,III Dawelor,Pusat gempa berada di laut 98 km TimurLaut Tepa,
2023-03-26 15:11:20+00:00,-8.07,110.32,1.6,10.0,"II Ringinharjo, II Pundong",Pusat gempa berada dilaut 19 km BaratDaya Bantul,
2023-03-26 18:39:59+00:00,-7.53,130.1,5.0,70.0,III Dawelor,Pusat gempa berada di laut 142 BaratLaut Maluku Tenggara Barat,
2023-03-27 12:52:41+00:00,-3.96,133.43,4.2,10.0,II Kaimana,Pusat gempa berada di laut 94 Km Baratdaya Kaimana,
2023-03-27 17:03:44+00:00,3.24,97.92,2.4,4.0,"II Pasie Raja, Kab. Aceh Selatan",Pusat gempa berada di darat 29 km Tenggara Kutacane - Kab. Aceh Tenggara,
2023-03-28 04:19:10+00:00,-0.41000000000000003,123.58,5.5,53.0,"IV Luwuk, II-III Kab. Gorontalo, II Kota Gorontalo",Pusat gempa berada di laut 98 km BaratDaya Bolaang Mongondow Selatan,
2023-03-28 04:31:55+00:00,-3.44,138.72,4.5,10.0,II - III Kab. Wamena,Pusat gempa berada di darat 27 km TimurLaut Tolikara,
2023-03-29 05:34:44+00:00,-6.84,107.08,4.0,10.0,"III - IV Cianjur, III - IV Sukabumi, III-IV Bogor, III Sukaresmi, III Sabandar, III Cibodas, III Cipanas, III Rancagoong",Pusat gempa berada di darat 6 km BaratDaya Cianjur,
2023-03-29 18:10:21+00:00,-8.31,116.79,4.8,10.0,"III Lombok Utara, III Lombok Timur, II - III Sumbawa, II - III Sumbawa Barat, II - III Mataram",Pusat gempa berada di laut 19 km BaratLaut Pulau Panjang,
2023-03-30 00:51:48+00:00,-4.08,122.87,3.0,10.0,II-III Konawe Kepulauan,Pusat gempa berada di laut 14 km Baratlaut Laonti,
2023-03-30 07:12:02+00:00,-2.9,119.41,3.9,5.0,III Mamasa,Pusat gempa berada di darat 9 km Timurlaut Mamasa,
2023-03-30 11:40:11+00:00,-2.47,140.69,2.5,8.0,II - III Jayapura,Pusat gempa berada di laut 8 km BaratLaut Jayapura,
2023-03-30 17:40:16+00:00,-2.4,120.93,3.9,6.0,III Mangkutana,Pusat gempa berada di darat 33 km BaratLaut Luwu Timur,
2023-03-31 08:28:35+00:00,-9.67,115.15,5.0,10.0,"II-III Badung, II Karangasem, II Denpasar",Pusat gempa berada di laut 97 km Barat Daya Kuta Selatan,
2023-03-31 10:04:41+00:00,2.5700000000000003,128.47,4.7,28.0,"III Morotai Utara, III Morotai Timur",Pusat gempa berada di laut 61 km TimurLaut Daruba,
2023-03-31 14:09:49+00:00,-2.5,140.68,2.9,4.0,II Jayapura,Pusat gempa berada di darat 6 Km Baratlaut Kota Jayapura,
2023-03-31 17:55:41+00:00,-7.96,120.68,4.5,10.0,III Ruteng,Pusat gempa berada dilaut 76 km TimurLaut Ruteng,
2023-04-01 10:23:13+00:00,-2.55,140.71,2.6,5.0,II Kota Jayapura,Pusat gempa berada di darat 2 km Baratdaya Kota Jayapura,
2023-04-01 12:01:17+00:00,-2.52,140.67,2.6,4.0,II Kota Jayapura,Pusat gempa berada di darat 5 km barat laut Kota Jayapura,
2023-04-01 13:48:59+00:00,-2.49,140.68,3.2,6.0,II - III Kota Jayapura,Pusat gempa berada di darat 6 km Barat Laut Kota Jayapura,
2023-04-02 02:12:10+00:00,-4.86,121.99,2.8,5.0,II - III Bombana,Pusat gempa berada di darat 10 km BaratDaya Bombana,
2023-04-02 04:22:34+00:00,-2.47,140.74,2.5,7.0,II Kota Jayapura,Pusat gempa berada di laut 8 km TimurLaut Kota Jayapura,
2023-04-02 08:40:57+00:00,-7.8100000000000005,118.73,5.8,29.0,"III - IV Bima, III Makassar, III Dompu, III Sumbawa Besar, III Sumbawa Barat, II-III Labuan Bajo, III Gowa, II-III Mataram, II Takalar, II Pangkep",Pusat gempa berada di laut 70 Km Barat Laut Bima,
2023-04-02 09:26:22+00:00,-4.38,136.9,4.5,13.0,II Mimika,Pusat gempabumi berada di darat 59 km Timur Laut Mimika,
2023-04-02 09:50:26+00:00,-2.52,140.5,4.0,11.0,III - IV Sentani,Pusat gempa berada di darat 13 km Timur Laut Kabupaten Jayapura,
2023-04-02 11:05:56+00:00,-2.47,140.43,3.2,12.0,II Sentani,Pusat gempa berada di darat 13 km TimurLaut Kab. Jayapura,
2023-04-02 18:04:14+00:00,-4.44,143.05,7.2,93.0,"III Keerom, III Kota Jayapura, III Kabupaten Jayapura, III Wamena, II-III Nabire, II-III Merauke",Pusat gempa berada di darat 115 km BaratDaya Wewak,
2023-04-03 06:13:05+00:00,-3.77,133.81,3.9,10.0,III Kaimana,Pusat gempa berada di laut 56 km Barat Daya Kaimana,
2023-04-03 14:59:43+00:00,0.86,98.73,6.4,102.0,"IV - V Padang Sidempuan, IV - V Aek Godang, IV - V Pinangsori, III - IV Gunungsitoli, III - IV Nias Barat, III - IV Nias Selatan, III - IV Nias Utara, III - IV Aceh Singkil, III Telo, III Pulau Banyak, III Tapanuli Tengah, III Subulussalam, III Dairi, III Aceh Selatan, II Banda Aceh, IV Pasaman Barat, IV Pasaman, IV Agam, III Padang, III Pariaman, III Painan, III Padang Panjang, III Bukittinggi, III Payakumbuh, III Solok, III Limapuluhkota, III Tua Pejat, II Solok Selatan, II Pekanbaru",Pusat gempa berada di laut 82 km Barat Daya Padang Sidempuan,
2023-04-03 16:18:00+00:00,-7.85,118.77,4.5,31.0,"III Kota Bima, III Kabupaten Bima",Pusat gempa berada di laut 66 km Timurlaut Bima,
2023-04-03 18:26:48+00:00,-8.87,115.69,4.6,74.0,"III Karangasem, III Kuta, III Denpasar, III Lombok Barat, III Lombok Tengah, III Mataram, III Lombok Utara",Pusat gempa berada di Laut 48 km Tenggara Klungkung,
2023-04-06 00:32:04+00:00,-0.5700000000000001,122.19,5.3,10.0,"IV Ampana, III Malili, II - III Poso",Pusat gempa berada di laut 93 km TimurLaut Tojo Una-Una,
2023-04-06 13:28:34+00:00,-5.87,104.02,4.9,47.0,"III Pesisir Barat, II - III Liwa, II Tanggamus",Pusat gempa berada di laut 76 km tenggara Pesisir Barat,
2023-04-07 12:24:32+00:00,-0.27,100.28,3.6,10.0,"III Kota Bukittinggi, III Kabupaten Agam, II Kota Padang Panjang",Pusat gempa berada di darat 10 km barat laut Bukittinggi,
2023-04-08 05:21:22+00:00,-0.30000000000000004,100.28,4.5,10.0,"III Bukittinggi, III Pariaman, II - III Padang Panjang",Pusat gempa berada di darat 9 km Barat Laut Bukittinggi,
2023-04-09 10:38:19+00:00,-8.4,115.73,2.7,17.0,II Kab. Karangasem,Pusat gempa berada di laut 23 km Tenggara Karangasem,
2023-04-10 00:37:29+00:00,-9.63,115.12,5.2,10.0,"III Kuta, III Denpasar, III Mataram, III Lombok Barat, III Lombok Tengah, II - III Karangasem, II - III Sumbawa Barat, II - III Kuta Selatan",Pusat gempa berada di laut 93 km BaratDaya Kuta Selatan,
2023-04-10 04:00:01+00:00,-4.06,122.93,3.4,14.0,II - III Konawe Kepulauan,Pusat gempa berada di laut 9.4 km BaratDaya Wawonii Barat kab. Konawe Kepulauan,
2023-04-10 12:14:33+00:00,-4.75,121.98,3.9,10.0,III Bombana,Pusat gempa berada di darat 3 km BaratLaut Bombana,
2023-04-10 14:56:36+00:00,-4.72,121.99,3.0,5.0,II-III Bombana,Pusat gempa berada di darat 5 km Baratlaut Bombana,
2023-04-10 17:29:21+00:00,-2.26,121.75,4.0,5.0,"III - IV Witaponda, III - IV Bumi Raya, III Umbele",Pusat gempa berada di darat 5 km Tenggara Bahonsuai,
2023-04-10 18:24:28+00:00,-4.72,121.98,2.8,5.0,II - III Bombana,"Pusat gempa berada di darat 5.1 km Tenggara Rarowatu, Kab. Bombana",
2023-04-10 22:30:44+00:00,-3.4,128.79,3.6,6.0,II Masohi,Pusat gempa berada di laut 13 km Selatan Elpaputih-Kab. Maluku Tengah,
2023-04-11 02:42:52+00:00,-7.76,107.29,4.1,26.0,"III Sidang Barang, III Jampang, III Pameungpeuk, II Pangalengan",Pusat gempa berada di laut 86 km Barat Daya Kabupaten Bandung,
2023-04-11 07:52:02+00:00,-7.18,107.8,3.5,3.0,"III Bayongbong, III Cisurupan, III Pasirwangi, III Samarang, III Pangalengan",Pusat gempa berada di darat 11 Km Baratlaut Garut,
2023-04-11 12:16:05+00:00,5.8100000000000005,94.94,4.7,83.0,II Aceh Besar,Pusat gempa berada di laut 43 km barat daya Kota Sabang,
2023-04-12 04:19:52+00:00,-7.15,120.41,3.5,10.0,II-III Jampea,Pusat gempa berada di laut 96 km Baratdaya Selayar,
2023-04-13 12:45:46+00:00,2.08,98.99,3.2,5.0,III - IV Tarutung,Pusat gempa berada di darat 7 km TimurLaut Tapanuli Utara,
2023-04-14 02:22:36+00:00,-2.89,119.36,2.7,4.0,III Mamasa,Pusat gempa berada di darat 4 km Timur Laut Mamasa,
2023-04-14 03:01:33+00:00,-1.69,139.24,5.3,10.0,III Sarmi,Pusat gempa berada di Laut 57 km TimurLaut Sarmi,
2023-04-14 09:55:44+00:00,-6.29,111.92,6.6,632.0,"V Kuta, IV Karangkates, IV Trenggalek, IV Tuban, IV Garut, III - IV Kediri, III - IV Malang, III - IV Surabaya, III - IV Tulungagung, III - IV Pacitan, IV Gianyar, III Pelabuhan Ratu, III Labuan, III Tabanan, II Magelang, II Bantul, II Gunungkidul, II Purworejo, II Wonogiri, II Purwokerto, II - III Solo, II Klaten, II Wonosobo, II Purbalingga, II Temanggung, IV Mataram, III Lombok Barat, III Lombok Timur, III Lombok Tengah, III Lombok Utara, III Sumbawa, III Dompu, III Bima",Pusat gempa berada di laut 68 km BaratLaut Tuban,
2023-04-14 21:11:31+00:00,-2.5,140.67,2.5,10.0,II - III Jayapura,Pusat gempa berada di darat 7 km BaratLaut Kota Jayapura,
2023-04-15 04:39:43+00:00,1.17,99.41,4.9,5.0,III - IV Padang Sidempuan,Pusat gempa berada di darat 27 km Tenggara Padang Sidempuan,
2023-04-15 05:55:10+00:00,-7.22,107.58,2.3,6.0,"II Pangalengan, II Kertasari",Pusat gempa berada di darat 22 km Tenggara Kab. Bandung,
2023-04-15 15:07:07+00:00,-4.93,102.85,6.2,23.0,"IV Bengkulu Selatan, IV Liwa, IV Manna, III Kota Bengkulu, III Bengkulu utara, III Enggano, III Pesisir Barat, II Sekincau, II Kota Agung, II Linggau, II Lahat, II Kepahiang, IV Kaur, II Musi Rawas, II Oku Selatan, II Bukit Kemuning, III Pagar Alam",Pusat gempa berada di laut 53 km BaratDaya Bengkulu Selatan,
2023-04-16 03:29:28+00:00,-5.5,122.25,4.5,17.0,"II - III Kabaena, II - III Talaga Raya, III Bombana, III Muna Barat",Pusat gempa berada di laut 22.9 km BaratDaya Kab. Buton Tengah,
2023-04-17 02:24:35+00:00,-2.56,120.61,3.6,10.0,II-III Masamba,Pusat gempa berada di darat 62 km BaratLaut Luwu Timur,
2023-04-17 04:38:30+00:00,-8.36,107.91,4.9,24.0,"III Garut, III Pangalengan, III Pangandaran, III Tasikmalaya, III Cijulang, III Pameungpeuk, III Cikajang",Pusat gempa berada di Laut 97 km BaratDaya Kabupaten Pangandaran,
2023-04-17 06:41:28+00:00,-4.3,122.39,2.3,5.0,II - III Konawe Selatan,Pusat gempa berada di darat 21 km TimurLaut Konawe Selatan,
2023-04-17 11:05:55+00:00,-4.97,102.84,5.3,22.0,"III Manna, II-III Kota Bengkulu, II-III Kepahiang, I-II Liwa, I-II Lubuk Linggau, III Enggano, I-II Lemong",Pusat gempa berada di laut 58 km Barat Daya Bengkulu Selatan,
2023-04-18 13:25:08+00:00,-3.52,120.81,4.0,5.0,III Kolaka Utara,"Pusat gempa berada di laut 7.9 km BaratDaya Lasusua, Kab. Kolaka Utara",
2023-04-18 19:07:48+00:00,-8.07,115.56,3.5,15.0,III Tejakula,"Pusat gempa berada di laut, 31 km TimurLaut Karangasem",
2023-04-18 22:39:31+00:00,-3.79,101.86,4.4,18.0,"II - III Kota Bengkulu, II - III Bengkulu Tengah, II - III Bengkulu Utara",Pusat gempa berada di laut 54 km BaratDaya Bengkulu Utara,
2023-04-19 16:42:18+00:00,-9.65,115.12,4.5,12.0,"III Kuta, III Kuta Selatan, II Denpasar, II Mataram",Pusat gempa berada dilaut 95km Barat Daya Kuta Selatan,
2023-04-20 01:32:24+00:00,-2.5,140.93,3.3,14.0,III Kota Jayapura,Pusat gempa berada di laut 27 km TimurLaut Kota Jayapura,
2023-04-21 10:21:14+00:00,2.81,127.14,6.4,10.0,"III Morotai Selatan, III Galela, II - III Ternate, III Tobelo, II - III Manado, II Halmahera Tengah",Pusat gempa berada di laut 141 km Tenggara Melonguane,
2023-04-22 10:15:18+00:00,-2.05,125.85,5.0,17.0,III Sanana,Pusat gempa berada di laut 13 km BaratDaya Sanana,
2023-04-22 17:09:46+00:00,-0.86,98.43,5.9,40.0,"IV Siberut, III Pasaman Barat, III Pariaman, III Padang Pariaman, III Padang, II Padang Panjang, III Pulau Tello",Pusat gempa berada di 173 km Tenggara Nias Selatan,
2023-04-22 21:17:48+00:00,-0.9400000000000001,98.38,6.1,19.0,"IV Siberut, III Padang, III Payakumbuh, III Pasaman Barat",Pusat gempa berada di laut 177 km Barat Laut Kep. Mentawai,
2023-04-22 22:06:14+00:00,-8.35,123.04,2.8,10.0,II - III Larantuka,Pusat gempa berada di darat 9 km Tenggara Larantuka,
2023-04-24 11:35:45+00:00,-4.96,103.01,4.9,32.0,II Tanjung Sakti,Pusat gempa berada di laut 41 km BaratDaya Kaur,
2023-04-24 20:00:57+00:00,-0.93,98.39,7.3,84.0,"VI Siberut, VI Mentawai, V Pasaman Barat, V Padang Pariaman, V Agam, V Padang, III Gunung Sitoli, III Padang Panjang, III Pesisir Selatan, III Limapuluhkota, III Solok Selatan, III Solok, III Bukittinggi, II Labuhan Batu, II Padang Sidempuan",Pusat gempa berada di Laut 177 km BaratLaut Kepulauan Mentawai,
2023-04-24 22:30:46+00:00,-7.79,106.44,3.8,20.0,"II - III Surade, II - III Jampang, II - III Ujung Genteng","Pusat gempa berada dilaut 89Km barat daya Kab,Sukabumi",
2023-04-26 00:04:45+00:00,-2.48,140.47,2.8,7.0,II Sentani,Pusat gempa berada di darat 14 km TimurLaut Kabupaten Jayapura,
2023-04-26 02:56:27+00:00,4.77,95.56,4.7,61.0,"II Aceh Besar, II Banda Aceh",Pusat gempa berada di darat 15 km BaratLaut Calang,
2023-04-26 06:34:01+00:00,4.57,95.1,4.4,29.0,II Lamno,Pusat gempa berada di laut 53 km BaratDaya Calang,
2023-04-27 00:06:38+00:00,-2.93,119.4,2.7,4.0,III Mamasa,Pusat gempa berada di darat 8 km tenggara Mamasa,
2023-04-27 02:36:02+00:00,-2.9,119.41,3.3,5.0,III Mamasa,Pusat gempa berada di darat 9 km TimurLaut Mamasa,
2023-04-27 03:27:32+00:00,-3.9,133.72,3.1,10.0,II - III Kaimana,Pusat gempa berada di laut 29 km BaratDaya Kaimana,
2023-04-27 13:24:42+00:00,-2.91,119.4,2.6,6.0,II Mamasa,Pusat gempa berada di darat 8 km TimurLaut Mamasa,
2023-04-27 14:56:56+00:00,3.02,98.49,4.7,5.0,"II Sidikalang, IV Kabanjahe, IV Kab. Karo, III-IV Munte",Pusat gempa berada di darat 9 km Baratdaya Kab. Karo,
2023-04-27 21:28:44+00:00,-2.48,140.72,2.3,10.0,II-III Kota Jayapura,Pusat gempa berada di laut 10 km Timur Laut Kota Jayapura,
2023-04-27 23:19:37+00:00,-2.23,140.6,3.5,10.0,II Kota Jayapura,Pusat gempa berada di laut 38 km Barat Laut Kota Jayapura,
2023-04-28 09:19:56+00:00,-4.68,133.9,6.0,60.0,II Dobo,Pusat gempa berada di laut 167 km Timur Laut Tual,
2023-04-28 20:38:32+00:00,-8.8,119.0,5.7,98.0,"IV Kota Bima, III Sumbawa, III Labuan Bajo, II Ruteng, IV Tambolaka, III Waitabula","Pusat gempa berada di laut 46 km Tenggara, Kota Bima",
2023-04-28 20:46:34+00:00,2.49,96.58,4.9,26.0,III Aceh Selatan,Pusat gempa berada di laut 23 km Timur Laut Sinabang,
2023-04-29 12:40:06+00:00,-2.92,119.4,2.8,3.0,II Mamasa,Pusat gempa berada di darat 8 km Tenggara Mamasa,
2023-04-30 11:28:03+00:00,-8.01,122.9,3.8,10.0,III-IV Tanjung Bunga,Pusat gempa berada di laut 34 km Barat Laut Larantuka,
2023-05-01 03:20:12+00:00,-4.01,136.07,3.8,10.0,II Dogiyai,Pusat gempa berada di darat 12 km Timur Laut Dogiyai,
2023-05-02 17:56:44+00:00,-9.31,114.19,4.6,10.0,"II Kuta, II Kuta Selatan",Pusat gempa berada di Laut 116 km BaratDaya Jembrana,
2023-05-02 22:56:27+00:00,-5.18,102.55,4.8,11.0,III Enggano,Pusat gempa berada di laut 36 km Timur Laut Enggano,
2023-05-03 01:23:06+00:00,3.38,126.07,5.6,32.0,"III Naha, II Talaud, II Sitaro",Pusat gempa berada di laut 69 km Tenggara Tahuna,
2023-05-03 06:15:54+00:00,-3.62,128.68,5.3,103.0,"II Ambon, II Masohi, III Saparua, III Kairatu",Pusat gempa berada di laut 6 km Tenggara Saparua,
2023-05-03 13:54:39+00:00,-6.76,106.7,3.4,5.0,"III Caringin, III Cibadak, III Cimangu, III Cicuruk, II Sukabumi, II Bogor, II Pelabuhan Ratu",Pusat gempa berada di darat 21 km barat daya Kota Bogor,
2023-05-03 15:45:46+00:00,-8.34,122.04,3.8,10.0,II-III Maumere,Pusat gempa berada di laut 36 km Barat Laut MAUMERE-SIKKA,
2023-05-04 14:22:03+00:00,-10.52,121.7,3.6,10.0,IV Sabu Raijua,Pusat gempa berada di Laut 15 km BaratLaut Sabu Raijua,
2023-05-05 05:36:02+00:00,-4.05,122.33,3.0,5.0,"II-III Kendari, II Konawe Selatan",Pusat gempa berada di darat 35 km TimurLaut KONAWESELATAN-SULTRA,
2023-05-06 02:34:14+00:00,-2.89,119.44,3.0,1.0,III Mamasa,Pusat gempa berada di darat 13 km Timur Laut Mamasa,
2023-05-06 02:37:10+00:00,-2.92,119.43,2.8,1.0,III Mamasa,Pusat gempa berada di darat 11 km Tenggara Mamasa,
2023-05-06 06:45:14+00:00,-2.52,140.52,3.8,12.0,"III Kota Jayapura, III Sentani",Pusat gempa berada di darat 15 km Timur Laut Kab. Jayapura,
2023-05-06 15:11:09+00:00,-8.71,116.04,3.4,91.0,II Lombok Barat,Pusat gempa berada di laut 11 km Barat Daya Lombok Barat,
2023-05-06 18:57:00+00:00,-8.07,107.88,4.4,29.0,"II Pangandaran, II Ciamis",Pusat gempa berada di laut 79 km BaratDaya Kab. Pangandaran,
2023-05-08 17:19:35+00:00,-7.76,109.77,3.9,97.0,II Kebumen,Pusat gempa berada di darat 16 km Tenggara Kebumen,
2023-05-09 05:10:07+00:00,-3.71,133.71,2.9,10.0,II Kaimana,Pusat gempa berada di laut 54 km BaratDaya Kaimana,
2023-05-09 06:13:29+00:00,0.71,117.75,4.2,13.0,II-III Bengalon,Pusat gempa berada di laut 36 km TimurLaut Sangatta,
2023-05-10 04:24:49+00:00,-6.47,104.9,5.4,10.0,"III Padeglang, II-III Sukabumi, II Kota Tangerang, II Bogor, II-III Lebak, II-III Serang, II-III Cilegon, II Tangerang Selatan",Pusat gempa berada di Laut 78 km BaratLaut Sumur,
2023-05-10 10:48:10+00:00,-6.5600000000000005,104.83,5.2,10.0,"II - III Bandar Lampung, II - III Tanggamus, II - III Pesawaran, II Liwa",Pusat gempa berada di laut 83 km BaratLaut Sumur,
2023-05-11 14:35:57+00:00,1.6,96.36,5.7,10.0,II-III Gunung Sitoli,Pusat gempa berada di laut 290 km BaratDaya Gunung Sitoli,
2023-05-11 16:04:17+00:00,-6.42,104.86,4.6,10.0,"II Pesisir Barat, II Tanggamus",Pusat gempa berada di laut 84 km Barat Laut SUMUR,
2023-05-11 21:56:39+00:00,-8.41,109.01,4.5,15.0,II-III Cilacap,Pusat gempa berada di laut 76 Km Tenggara Cilacap,
2023-05-13 13:27:17+00:00,-6.49,104.87,4.6,10.0,II-III Sumur,Pusat gempa berada di laut 80 km barat laut Sumur,
2023-05-14 05:17:52+00:00,-9.02,111.51,5.0,56.0,"I-II Trenggalek, II Bantul, II Blitar, II Wonogiri",Pusat gempa berada di laut 103 km Tenggara Pacitan,
2023-05-14 15:32:21+00:00,0.49,126.9,5.9,109.0,"III Manado, III Kotamobagu, III Bitung, II-III Halmahera Tengah, II Sanana, II Gorontalo",Pusat gempa berada di laut 60 km barat daya Ternate,
2023-05-17 15:29:25+00:00,-3.26,135.3,4.6,29.0,II - III Nabire,Pusat gempa berada di darat 26 km BaratLaut Nabire,
2023-05-19 12:14:05+00:00,1.42,126.42,4.9,7.0,II-III Batang Dua,Pusat gempa berada di Laut 122 km BaratLaut Jailolo,
2023-05-19 13:52:17+00:00,-4.25,103.59,4.0,5.0,II Semendo Darat Ulu,Pusat gempa berada di darat 46 km Tenggara Pagar Alam,
2023-05-20 11:49:25+00:00,-4.19,103.61,3.4,3.0,II Semendo Darat Ulu,Pusat gempa berada di darat 45 km tenggara Lahat,
2023-05-21 17:31:01+00:00,-1.12,120.23,4.8,5.0,"III - IV Palu, II-III Poso",Pusat gempa berada di darat 14 km Timur Laut Kamarora,
2023-05-23 17:41:50+00:00,-8.15,115.27,4.4,10.0,"II Denpasar, III - IV Karangasem, IV Buleleng , III Bangli",Pusat gempa berada di darat 20 km Tenggara Buleleng,
2023-05-23 23:36:42+00:00,-3.7199999999999998,127.92,3.1,10.0,II Ambon,Pusat gempa berada di darat 29 km barat Ambon,
2023-05-24 15:49:34+00:00,-7.06,129.72,6.2,221.0,"IV Saumlaki, III Tual , III Molu Maru, II Dobo, II-III Sorong",Pusat gempa berada di laut 203 Barat Laut Saumlaki,
2023-05-24 19:57:22+00:00,-9.63,114.92,5.0,10.0,"III Kuta, III Lombok Barat, III Mataram, II Denpasar",Pusat gempa berada di laut 98 km BaratDaya KUTA SELATAN,
2023-05-25 00:08:30+00:00,1.23,126.45,4.6,10.0,III Batang Dua,Pusat gempa berada di laut 113 km BaratLaut Ternate,
2023-05-25 04:32:07+00:00,-1.4100000000000001,119.35,4.6,10.0,II-III Kec. Baras,Pusat gempa berada di darat 26 km BaratDaya Pasangkayu,
2023-05-25 12:21:07+00:00,-7.79,123.23,4.7,10.0,"II - III Flores Timur, III-IV Lembata",Pusat gempa berada di laut 65 km TimurLaut LARANTUKA,
2023-05-25 12:29:07+00:00,-7.85,123.21,3.6,18.0,,Pusat gempa berada di laut 58 km TimurLaut Larantuka,
2023-05-26 15:07:41+00:00,-3.58,129.07,3.9,5.0,II-III Masohi,Pusat gempa berada di laut 32 Km Tenggara Masohi,
2023-05-26 21:47:02+00:00,-7.31,110.33,2.4,10.0,"II Banyubiru, II Jambu",Pusat gempa berada di darat 16 km Timur laut Temanggung,
2023-05-27 06:00:16+00:00,-8.95,113.0,4.5,25.0,"II Karangkates, II Lumajang",Pusat gempa berada dilaut 94Km BaratDaya Lumajang,
2023-05-27 10:33:00+00:00,-7.35,110.36,2.5,6.0,"II Ambarawa, II Banyubiru, II Jambu",Pusat gempa berada di darat 15 km BaratDaya Kota Salatiga,
2023-05-27 13:22:26+00:00,-7.36,110.34,2.2,14.0,II Jambu,Pusat gempa berada di darat 17 km baratdaya Salatiga,
2023-05-27 13:43:14+00:00,-7.02,106.63,3.2,3.0,"II Sukabumi, II Pelabuhan Ratu",Pusat gempa berada di darat 9 km tenggara Sukabumi,
2023-05-27 14:58:17+00:00,1.23,120.99,3.5,5.0,II-III Tolitoli Utara,Pusat gempa berada di darat 13 km Tenggara Laulalang-Kab.Tolitoli,
2023-05-28 17:01:10+00:00,-7.27,110.35,2.2,12.0,I-II Banyubiru,Pusat gempa berada di darat 16 km barat daya Kabupaten Semarang,
2023-05-29 04:54:38+00:00,-3.51,120.86,3.1,11.0,III Kolaka Utara,Pusat gempa berada di laut 2.3 km Barat Laut Lasusua,
2023-05-29 08:48:37+00:00,-2.52,140.69,2.3,5.0,II Jayapura,Pusat gempa berada di darat 5 km BaratLaut Kota Jayapura,
2023-05-31 00:58:38+00:00,-1.05,98.4,5.3,10.0,"III Siberut Barat, II-III Siberut Selatan , II - III Siberut Utara",Pusat gempa berada di laut 167 km BaratLaut Kep-Mentawai,
2023-05-31 21:56:39+00:00,-3.52,128.29,5.5,95.0,"III Saparua, II Ambon, II Masohi, II Piru",Pusat gempa berada di darat 23 km Timur Laut Ambon,
2023-06-01 00:16:40+00:00,-4.34,122.1,3.2,10.0,III Konawe Selatan,"Pusat gempa berada di darat 6.3 km TimurLaut Lalembuu, Kab Konawe Selatan",
2023-06-01 09:29:32+00:00,-0.29,100.4,3.7,10.0,"III Bukittinggi, II - III Padang Panjang, III Agam, II-III Payakumbuh",Pusat gempa berada di darat 3 km TimurLaut Bukittinggi,
2023-06-02 17:13:22+00:00,-2.32,140.56,3.7,10.0,II-III Kota Jayapura,Pusat gempa berada di laut 31 km BaratLaut Kota Jayapura,
2023-06-03 22:41:43+00:00,-8.75,117.74,4.0,10.0,"III Sumbawa, III Bima",Pusat gempa berada di darat 45 km tenggara Sumbawa,
2023-06-04 00:25:10+00:00,-6.84,130.49,6.0,153.0,II Saumlaki,Pusat gempa berada di laut 136 km timurlaut Tepa-Maluku Barat Daya,
2023-06-04 11:38:15+00:00,-1.76,138.57,4.0,13.0,II Kab. Sarmi,Pusat gempa berada di laut 24 km BaratLaut Sarmi,
2023-06-04 13:48:39+00:00,-8.43,107.89,4.6,10.0,"III Pangandaran, III Cisompet, III Cikalong, III Pameungpeuk, II Banjar",Pusat gempa berada di laut 105 km BaratDaya Kab-Pangandaran,
2023-06-05 04:57:47+00:00,1.23,120.74,3.3,10.0,II-III Toli-toli,Pusat gempa berada di laut 39 km barat laut Toli-toli,
2023-06-05 16:13:24+00:00,0.8200000000000001,118.28,4.4,11.0,III Berau,Pusat gempa berada di laut 118 km Timur Laut Bontang,
2023-06-06 07:23:04+00:00,-8.05,107.01,5.1,10.0,"III - IV Kab. Sukabumi, III Pelabuhan Ratu, II-III Kab. Cianjur, II Kab. Garut, II Kota Tasikmalaya, II-III Kab. Lebak, II-III Kota Cianjur, II-III Kota Bandung, III Pangalengan",Pusat gempa berada di laut 126 km Tenggara Kota Sukabumi,
2023-06-06 10:40:52+00:00,1.01,121.07,3.9,8.0,II - III Toli-toli,Pusat gempa berada di darat 28 km Timur Toli-toli,
2023-06-06 11:40:12+00:00,5.02,95.5,4.1,63.0,"II Banda Aceh, II Aceh Besar",Pusat gempa berada di darat 27 km BaratDaya Aceh Besar,
2023-06-07 17:04:55+00:00,-9.15,110.69,6.0,10.0,"IV-V Kota Yogyakarta, III Semarang, III Jepara, IV Ponorogo, IV Karangkates, Iv Kepanjen, III-IV Nganjuk, III Madiun , III Sukorejo, II Demak, III Banjarnegara, III Kendal",Pusat gempa berada di laut 117 km Baratdaya Pacitan,
2023-06-09 02:37:48+00:00,-2.08,121.41,4.3,5.0,II-III Kolonodale,Pusat gempa berada di darat 4 km arah barat Bungintimbe,
2023-06-09 10:47:59+00:00,2.67,128.22,4.6,66.0,II - III Morotai Utara,Pusat gempa berada di laut 64 km TimurLaut Pulau Doi,
2023-06-10 15:07:44+00:00,-5.82,104.05,4.7,33.0,"II-III Ulu Belu, II-III Pesisir Selatan, II Liwa, II Limau, II Suoh",Pusat gempa berada di laut 71 km tenggara Pesisir Barat,
2023-06-11 01:42:32+00:00,-0.04,123.08,5.4,121.0,"II Gorontalo, II Luwuk, I-II Gorontalo Utara",Pusat gempa berada di laut 64 km BaratDaya BoneBolango,
2023-06-11 04:12:43+00:00,-6.86,107.06,3.5,10.0,"III Cipanas, III Pacet, III Cugenang, II Cibodas",Pusat gempa berada di darat 9 km baratdaya Cianjur,
2023-06-11 06:51:49+00:00,-2.68,136.7,5.2,48.0,"II-III Kab. Waropen , II Nabire, II Serui",Pusat gempa berada di darat 18 km TimurLaut Waropen,
2023-06-11 22:32:47+00:00,-6.79,107.1,2.5,13.0,"II-III Kec. Cianjur, II-III Cugenang, II-III Cipanas, II-III Warungkondang, II-III Cilaku, II Cibeber",Pusat gempa berada di darat 5 Km BaratLaut Kab. Cianjur,
2023-06-12 01:04:23+00:00,-7.11,111.85,4.0,7.0,"II-III Bojonegoro, II-III Tuban",Pusat gempa berada di darat 6 km BaratLaut Bojonegoro,
2023-06-12 09:08:40+00:00,-5.84,104.07,4.8,39.0,"III - IV Bengkunat, II-III Pekon Seray, II-III Gunung Kemala, II-III Pesisir Tengah, II Talang Padang, II Gisting",Pusat gempa berada di laut 73 km Tenggara Pesisir Barat,
2023-06-14 06:59:03+00:00,-2.6,121.21,3.9,10.0,II-III Maili,Pusat gempa berada di darat 4 km Tenggara Luwu Timur,
2023-06-14 14:27:48+00:00,1.7000000000000002,125.88,4.5,40.0,II Bitung,Pusat gempa berada di laut 89 km TimurLaut Bitung,
2023-06-14 23:20:20+00:00,-6.78,108.62,2.9,5.0,II Cirebon,Pusat gempa berada di darat 11 km tenggara Kota Cirebon,
2023-06-15 00:25:18+00:00,-6.7,108.64,3.2,7.0,"II Cirebon, II Palimanan",Pusat gempa berada di darat 9 km TimurLaut Kota Cirebon,
2023-06-15 09:06:57+00:00,-6.8,108.62,2.9,10.0,"II Cirebon, II Sindang Pancuran, II Karang Sambung",Pusat gempa berada di darat 12 km tenggara Kota Cirebon,
2023-06-15 10:24:25+00:00,0.89,108.94,4.0,32.0,"II-III Bengkayang, II-III Landak",Pusat gempa berada di laut 5 km Barat Daya Singkawang,
2023-06-16 18:24:24+00:00,-6.77,107.1,2.5,8.0,II Karangtengah,Pusat gempa berada di darat 7 Km Baratlaut Kab. Cianjur,
2023-06-18 08:00:26+00:00,-2.87,101.29,4.0,21.0,"II - III Bengkulu Utara, II - III Muko-Muko",Pusat gempa berada di laut 37 km Tenggara Muko-Muko,
2023-06-19 01:11:14+00:00,-0.81,119.92,2.9,10.0,II Palu,Pusat gempa berada di darat 11 km TimurLaut Palu,
2023-06-19 04:43:52+00:00,-2.56,140.43,3.2,8.0,II-III Sentani,Pusat gempa berada di darat 4 km Timurlaut Kab. Jayapura,
2023-06-19 05:15:50+00:00,1.17,121.07,3.4,10.0,II-III Tolitoli,Pusat gempa berada di darat 21 km Barat Lakea,
2023-06-19 13:44:01+00:00,-7.49,112.54,4.6,9.0,"III-IV Mojokerto, III Pasuruan, III Surabaya, III Lamongan , III Gresik, II-III Sidoarjo, II Lawang",Pusat gempa berada di darat 10 km Timur Laut Kab. Mojokerto,
2023-06-19 21:16:29+00:00,2.16,128.22,4.9,79.0,"III Morotai, III Tobelo",Pusat gempa berada di laut 14 km Barat Laut Daruba,
2023-06-20 05:43:32+00:00,0.63,114.99,4.6,10.0,"III Mahulu, III Samarinda",Pusat gempa berada di darat 47 km tenggara MAHAKAMULU-KALTIM,
2023-06-20 08:39:18+00:00,-0.91,98.55,5.8,10.0,"III - IV Siberut, II-III Pasaman Barat, II-III Pariaman, II Bukittinggi, III Hibala, II Padang, II Padang Panjang",Pusat gempa berada di laut 166 km Barat Laut Kep. Mentawai,
2023-06-21 06:52:01+00:00,-4.11,121.58,2.9,2.0,II Kolaka,Pusat gempa berada di darat 6 km BaratDaya Kolaka,
2023-06-21 10:59:54+00:00,-8.34,122.99,2.7,5.0,III Larantuka,Pusat gempa berada di darat 4 km Tenggara Larantuka,
2023-06-22 05:26:05+00:00,-9.49,116.56,4.7,28.0,"II-III Mataram , II-III Lombok Barat, II-III Lombok Tengah",Pusat gempa berada di laut 88 km Barat Daya Sumbawa Barat,
2023-06-22 20:19:06+00:00,-2.52,140.69,2.6,5.0,II Kota Jayapura,Pusat gempa berada di darat 5 km BaratLaut Kota Jayapura,
2023-06-23 06:42:53+00:00,2.5700000000000003,95.7,4.9,11.0,III Sinabang,Pusat gempa berada di laut 76 km BaratLaut Sinabang,
2023-06-23 11:30:57+00:00,-9.13,112.64,4.6,72.0,"II Prigi, II Trenggalek, II Kec. Puger, I Kec. Gondanglegi, II Kec. Pronojiwo, II Lumajang",Pusat gempa berada di laut 110 km Tenggara Kab. Malang,
2023-06-23 16:03:09+00:00,-3.51,135.43,2.6,9.0,II Nabire,Pusat gempa berada di darat 18 km BaratDaya Nabire,
2023-06-26 01:16:15+00:00,-8.87,112.46,4.7,32.0,"II Trenggalek, II Jember, II Tulungagung, II Blitar, II-III Malang",Pusat gempa berada di laut 82 km BaratDaya Kab. Malang,
2023-06-26 10:12:37+00:00,2.13,98.41,5.1,71.0,"III Dairi, III Pinangsori, III Tarutung, II Brastagi, II Aceh Singkil",Pusat gempa berada di darat 40 km Barat Daya Humbang Hasundutan,
2023-06-26 15:08:39+00:00,-2.52,140.7,3.0,10.0,III Kota Jayapura,Pusat gempa berada di darat 5 km TimurLaut Kota Jayapura,
2023-06-26 19:44:05+00:00,0.33,115.29,4.0,10.0,II-III Mahakam Ulu,Pusat gempa berada di darat 95 km Tenggara Mahakam Ulu,
2023-06-26 23:58:10+00:00,2.03,99.01,4.4,5.0,III-IV Tarutung,Pusat gempa berada di darat 5 km Timur Laut Tapanuli Utara,
2023-06-27 00:27:30+00:00,2.0,98.98,3.8,3.0,III Tarutung,Pusat gempa berada di darat 2 km Tenggara TAPANULIUTARA,
2023-06-27 03:13:08+00:00,5.27,95.73,4.0,7.0,"II Banda Aceh, II Sigli","Pusat gempa berada di darat 13 Km TimurLaut Jantho, Aceh Besar",
2023-06-27 03:48:03+00:00,-8.37,108.92,4.2,32.0,II Cilacap,Pusat gempa berada di laut 72 km BaratDaya Cilacap,
2023-06-27 13:32:59+00:00,-6.95,105.4,4.3,14.0,"II-III Sumur, II Munjul",Pusat gempa berada di laut 37 km BaratDaya Sumur,
2023-06-27 16:55:17+00:00,-7.35,130.22,5.5,123.0,III Saumlaki,Pusat gempa berada di laut 139 km BaratLaut Tanibar,
2023-06-28 05:03:52+00:00,-2.86,122.36,4.6,7.0,II-III Bungku,Pusat gempa berada di laut 19 km Timur Laut Lafeu Kab.Morowali,
2023-06-29 01:13:07+00:00,-2.65,140.44,3.2,5.0,II Sentani,Pusat gempa berada di darat 8 km tenggara Jayapura,
2023-06-29 10:57:56+00:00,2.01,99.03,3.3,4.0,III Sipoholon,Pusat gempa berada di darat 7 km Tenggara Tapanuli Utara,
2023-06-30 10:37:31+00:00,-0.59,122.44,5.3,10.0,"III Luwuk, II Bungku",Pusat gempa berada dilaut 103Km BaratLaut Banggai Kepulauan,
2023-06-30 12:57:43+00:00,-8.63,110.08,6.4,25.0,"III Purwokerto, III Demak, III Mojokerto, III Banjarnegara, III Purbalingga, III Madiun, III-IV Purworejo, III-IV Sleman, III-IV Kota Yogyakarta, III-IV Wonogiri, III-IV Kulonprogo, III-IV Kediri, III-IV Karangkates, IV Cilacap, IV Nganjuk, IV Kebumen, IV Ponorogo, IV Klaten, III Pacitan, III Gresik, III Jepara, III Blitar, III Solo, III Garut, III Pangandaran, II-III Bandung, II-III Lumajang, II-III Ngawi, II-III Trenggalek, II-III Pacitan, II-III Tulungagung, II-III Blora, II-III Indramayu, II Sumedang, II Malang, II Salatiga, II Denpasar, II Sidoarjo, II Surabaya",Pusat gempa berada di Laut 86 Km BaratDaya Bantul,
2023-07-01 18:44:18+00:00,-7.89,117.66,5.0,31.0,"III Kab. Bima, II Sumbawa, II Sumbawa Barat",Pusat gempa berada di laut 71 km Timur Laut Sumbawa,
2023-07-02 00:57:11+00:00,-8.55,115.87,3.3,23.0,"III Mataram, III Lombok Barat, II - III Lombok Utara",Pusat gempa berada di laut 33 km BaratLaut Lombok Barat,
2023-07-02 11:40:28+00:00,-1.74,133.87,4.5,43.0,"III Ransiki, III Oransbari",Pusat gempa berada di darat 43 km BaratDaya Ransiki,
2023-07-02 17:13:11+00:00,-1.99,121.42,3.0,5.0,II - III Petasia,Pusat gempa berada di darat 9 km timur Morowali Utara,
2023-07-03 02:51:38+00:00,-3.71,140.25,6.2,33.0,"III Wamena, II - III Jayapura",Pusat gempa berada di darat 69 km Barat Daya Keerom,
2023-07-04 13:57:01+00:00,-3.87,102.38,3.7,6.0,"II-III Kota Bengkulu, II-III Kepahiang",Pusat gempa berada di darat 14 km BaratDaya Bengkulu Tengah,
2023-07-05 07:31:29+00:00,-2.41,120.88,4.5,3.0,"III Tomoni, III Kalaena, III Malili",Pusat gempa berada di darat 37 Km BaratLaut Luwu Timur,
2023-07-05 21:43:22+00:00,0.62,110.0,2.6,8.0,II Kab. Landak,Pusat gempa berada di darat 102 km TimurLaut Pontianak,
2023-07-06 17:13:19+00:00,-7.17,129.62,6.0,162.0,"III Saumlaki, III Dawera",Pusat gempa berada di laut 207km BaratLaut Tanimbar,
2023-07-07 04:25:08+00:00,-2.4,140.07,5.0,28.0,"III Kota Jayapura, III Kab. Jayapura",Pusat gempa berada di laut 42 km BaratLaut Kab. Jayapura,
2023-07-09 00:35:10+00:00,-3.77,120.07,4.7,8.0,III Wajo,Pusat gempa berada di darat 5km Timur Laut Siddenreng Rappang,
2023-07-09 09:44:16+00:00,1.1,121.28,4.9,51.0,II-III Toli-Toli,Pusat gempa berada di darat 16 km Baratlaut Buol,
2023-07-09 14:09:06+00:00,5.38,94.77,5.5,24.0,"III-IV Banda Aceh, III-IV Aceh Besar, III Calang, II-III Sabang, II-III Pidie Jaya, II-III Pidie",Pusat gempa berada di laut 64 km Baratdaya Banda Aceh,
2023-07-10 01:19:04+00:00,3.65,95.84,5.2,27.0,"III Meulaboh, II-III Calang, I-II Banda Aceh, I-II Aceh Tengah, I-II Pidie",Pusat gempa berada di laut 63 km Barat Daya Meulaboh,
2023-07-10 02:18:18+00:00,-7.77,107.26,4.0,26.0,"III Rancabuaya, III Pameungpeuk, III Cisompet, II Cikajang, II singajaya",Pusat gempa berada di laut 88 Km Baratdaya Kabupaten Bandung,
2023-07-12 06:50:31+00:00,-2.93,119.42,2.7,5.0,II Mamasa,Pusat gempa berada di darat 10 km tenggara Mamasa,
2023-07-12 09:08:09+00:00,-2.56,140.61,3.0,5.0,III Kota Jayapura,Pusat gempa berada di darat 9 km barat laut Kota Jayapura,
2023-07-12 14:56:45+00:00,-2.51,140.69,3.1,7.0,II Kota Jayapura,Pusat gempa berada di darat 6 km BaratLaut Kota Jayapura,
2023-07-12 17:12:03+00:00,-8.79,109.76,4.2,10.0,II Bantul,Pusat gempa berada dilaut 117 km BaratDaya Kulon Progo,
2023-07-12 23:26:41+00:00,-3.51,128.76,2.8,15.0,II Saparua,Pusat gempa berada di laut 14 km Timur Laut Saparua-Maluku Tengah,
2023-07-14 13:30:13+00:00,-8.6,110.1,4.3,25.0,"II Wonosari, II Imogiri, II Pacitan",Pusat gempa berada di laut 82 km Barat Daya Bantul,
2023-07-16 01:13:41+00:00,-1.44,126.36,4.8,4.0,II-III Sanana,Pusat gempa berada di laut 79 km timur laut Sanana,
2023-07-16 19:38:00+00:00,-2.33,121.14,4.0,4.0,III Malili,Pusat gempa berada di darat 28 km baratlaut Luwu Timur,
2023-07-16 22:41:35+00:00,-2.5300000000000002,140.6,3.1,10.0,II Kota Jayapura,Pusat gempa berada di darat 11 km barat laut Kota Jayapura,
2023-07-17 04:07:27+00:00,-2.34,140.09,4.7,14.0,"III Kab. Jayapura, III Kota Jayapura, II Kab. Keerom",Pusat gempa berada di darat 29 km BaratLaut Genyem-Jayapura,
2023-07-17 04:42:16+00:00,-1.46,126.42,5.8,10.0,"III - IV Sanana, III Falabisahaya, II - III Labuha, II - III Bobong",Pusat gempa berada di laut 79 km TimurLaut Sanana,
2023-07-17 09:46:36+00:00,-1.44,126.41,5.2,10.0,II-III Sanana,Pusat gempa berada di laut 82 km TimurLaut Sanana,
2023-07-17 12:37:25+00:00,-0.38,123.57,4.7,48.0,II - III Luwuk,Pusat gempa berada di laut 96 km BaratDaya Bolaanguki,
2023-07-18 04:07:24+00:00,-7.97,116.68,4.9,22.0,"III Lombok Timur, III Lombok Utara, III Sumbawa Barat, II Mataram, II Sumbawa",Pusat gempa berada di Laut 58 km BaratLaut Pulau Panjang,
2023-07-19 10:47:53+00:00,-2.38,122.71,5.0,10.0,"III Bahodopi, III Bungku",Pusat gempa berada di laut 96 km TimurLaut Morowali,
2023-07-19 15:18:49+00:00,-3.06,139.99,5.2,18.0,III Kab. Jayapura,Pusat gempa berada di darat 70 km Barat Daya Kab.Jayapura,
2023-07-19 17:12:08+00:00,-2.47,140.69,2.5,10.0,II Kota Jayapura,Pusat gempa berada di darat 10 km BaratLaut Kota Jayapura,
2023-07-19 22:41:15+00:00,2.05,98.95,3.7,3.0,III Sipoholon,Pusat gempa berada di darat 4 km BaratLaut Tapanuli Utara,
2023-07-20 03:31:35+00:00,-1.47,126.38,5.2,10.0,II Sanana,Pusat gempa berada di laut 78 km Timur Laut Sanana,
2023-07-20 20:32:23+00:00,-1.23,134.41,4.6,10.0,III Ransiki,Pusat gempa berada di laut 40 km Timur Laut Ransiki,
2023-07-21 03:40:23+00:00,-5.18,102.15,4.9,10.0,"II - III Enggano, II Kota Bengkulu",Pusat gempa berada di laut 22 km BaratLaut Enggano,
2023-07-21 08:10:15+00:00,-8.38,119.74,4.6,136.0,II-III Ruteng,Pusat gempa berada di laut 21 km BaratLaut Labuan Bajo,
2023-07-21 22:41:40+00:00,-8.1,107.5,4.6,4.0,"III Pameungpeuk, III Cijulang, III Banjaran, III Cikelet, III Cidaun, III Ciamis, II - III Cimerak, II - III Parigi, II Kertasari, II Pangalengan, II Cipamingkis",Pusat gempa berada di laut 106 km BaratDaya Kab Tasikmalaya,
2023-07-22 06:19:44+00:00,-1.6800000000000002,120.45,4.3,3.0,"III Tentena, II - III Poso",Pusat gempa berada di darat 22 km timur Doda,
2023-07-22 06:20:24+00:00,-1.69,120.43,4.4,5.0,"III Tentena, II - III Poso",Pusat gempa berada di darat 20 km timur Doda,
2023-07-22 20:27:35+00:00,-1.96,99.93,4.2,10.0,II-III Padang,Pusat gempa berada di laut 35 km TimurLaut Pulau Sipora,
2023-07-23 12:33:25+00:00,-8.94,111.04,5.7,10.0,"IV Ponorogo, III Bantul, III Pacitan, III Purworejo, III Blitar, II-III Klaten, II-III Wonosobo, II-III Banjarnegara, II-III Magelang, II-III Kepanjen, II-III Karangkates, II Malang, II Kediri, II Sukoharjo, III Yogyakarta, II Pangandaran, II Ciamis, II Banjar, III Nganjuk",Pusat gempa berada di laut 84 km BaratDaya Pacitan-Jatim,
2023-07-24 22:10:51+00:00,1.27,122.63,4.5,7.0,"II Gorontalo, II Kabupaten Gorontalo",Pusat gempa berada dilaut 59 km BaratLaut Gorontalo Utara,
2023-07-25 00:25:12+00:00,-9.26,123.95,6.0,75.0,"II-III Alor, II-III Maumere, III Lembata, II-III Larantuka, II-III Waingapu , II Kupang, II Ende, II-III Kefa, II-III Soe, II Atambua",Pusat gempa berada dilaut 74 km BaratLaut TimorTengah Utara,
2023-07-25 03:04:40+00:00,4.97,95.99,2.7,6.0,II Tangse,Pusat gempa berada di darat 32 km BaratDaya Kab. Pidie Jaya,
2023-07-26 07:15:53+00:00,-3.34,128.22,2.5,5.0,II Kairatu,Pusat gempa berada di laut 15 km Barat Kairatu-SBB,
2023-07-26 12:31:29+00:00,-8.13,107.9,3.7,30.0,"II Cipatujang, II Cikajang, II Sindangkerta Kab Tasikmalaya",Pusat gempa berada di laut 80 km BaratDaya Kab-Pangandaran,
2023-07-27 23:49:51+00:00,-2.96,119.36,4.1,5.0,II-III Kab. Mamasa,Pusat gempa berada di darat 6 km tenggara Mamasa,
2023-07-29 11:19:11+00:00,1.4,128.31,5.0,51.0,"III Morotai Selatan, II-III Halmahera Timur, II Halmahera Utara",Pusat gempa berada di laut 21 km BaratLaut Halmahera Timur,
2023-07-31 11:55:45+00:00,-3.69,133.69,3.1,5.0,II Kaimana,Pusat gempa berada di laut 8 km barat daya Kaimana,
2023-07-31 13:50:25+00:00,-3.71,133.71,3.2,5.0,II Kaimana,Pusat gempa berada di laut 9 km BaratDaya Kaimana,
2023-08-01 03:33:57+00:00,-3.46,133.71,3.4,10.0,III-IV Kaimana,Pusat gempa berada di laut 20 km Barat Laut Kaimana,
2023-08-01 03:41:38+00:00,-3.73,133.71,3.3,10.0,III - IV Kaimana,Pusat gempa berada di laut 11 km BaratDaya Kaimana,
2023-08-01 04:13:32+00:00,-3.62,133.68,2.9,10.0,III Kaimana,Pusat gempa berada di laut 7 km Barat Laut Kaimana,
2023-08-02 19:21:32+00:00,-2.7199999999999998,134.51,3.7,10.0,II Teluk Wondama,Pusat gempa berada di darat 0 km TimurLaut Teluk Wondama,
2023-08-02 23:47:19+00:00,-8.13,120.55,3.8,8.0,II Ruteng,Pusat gempa berada di Laut 54 km TimurLaut Ruteng,
2023-08-03 02:52:04+00:00,2.04,98.89,2.5,4.0,II Tarutung,Pusat gempa berada di darat 8 km BaratLaut Tapanuli Utara,
2023-08-03 07:41:46+00:00,-8.27,116.49,4.3,9.0,"III Lombok Utara, III Lombok Timur, III Mataram, II-III Lombok Barat",Pusat gempa berada di darat 38 TimurLaut Lombok Utara,
2023-08-03 11:21:59+00:00,-3.44,119.03,3.4,5.0,II Majene,Pusat gempa berada di darat 16 km Barat Daya Polewali Mandar,
2023-08-03 21:27:54+00:00,2.06,98.91,3.3,3.0,III Sipoholon,Pusat gempa berada di darat 7 km BaratLaut Tapanuli Utara,
2023-08-04 00:31:41+00:00,-6.32,113.14,5.5,636.0,"II Karangkates, II Denpasar, II Kuta, II Pacitan",Pusat gempa berada di laut 83 km Timur Laut Bangkalan,
2023-08-04 03:19:40+00:00,-7.38,107.53,3.2,5.0,"II Pangalengan, II Cikajang, II Bayongbong, II Cisurupan",Pusat gempa berada di darat 39 km Tenggara Kab. Bandung,
2023-08-04 09:15:02+00:00,-0.36,101.39,4.3,10.0,III-IV Solok,Pusat gempa berada di darat 17 km Barat Laut Kuantan Singingi,
2023-08-04 11:48:38+00:00,-0.21,125.03,6.0,10.0,"III - IV Bone Bolango, III - IV Gorontalo, III Manado, III Tomohon, III Tondano, III Minahasa Utara, III Bolaang Mongondow Selatan, III Minahasa Tenggara, III Bolaang Mongondow Timur, III Kotamobagu, III Bitung, III Kab. Gorontalo, II-III Luwuk, II-III Kab. Gorontalo Utara, II-III Banggai Kepulauan, II Ampana",Pusat gempa berada di laut 117 km Tenggara Bolaang Mongondo Timur,
2023-08-05 03:24:22+00:00,-8.28,116.49,2.9,8.0,"II Lombok Timur, II Lombok Utara",Pusat gempa berada di darat 37 km TimurLaut Lombok Utara,
2023-08-05 04:15:58+00:00,-8.14,107.31,4.6,22.0,"II-III Kertajaya, II-III Warungkondang, II-III Garut, II-III Singajaya, II-III Cikalong, II-III Pangalengan, II-III Cikajang, II-III Cidaun, II-III Sindangbarang, II Cianjur, II Sukabumi",Pusat gempa berada di laut 121 km BaratDaya Kab. Garut,
2023-08-05 22:15:14+00:00,-0.78,131.48,3.7,8.0,II-III Kota Sorong,Pusat gempa berada di darat 21 km TimurLaut Kota Sorong,
2023-08-05 22:25:42+00:00,-0.71,131.48,3.5,7.0,II-III Kota Sorong,Pusat gempa berada di laut 23 km TimurLaut Kota Sorong,
2023-08-06 01:44:32+00:00,-1.19,120.26,5.3,16.0,"III Palu, III Poso, III-IV Parigi",Pusat gempa berada di darat 47 km Timur Laut Sigi,
2023-08-06 10:09:22+00:00,-1.1400000000000001,120.16,5.3,10.0,"IV - V Sigi, III - IV Parigi , III Palu, II Mamuju Tengah",Pusat gempa berada di darat 41 km Tenggara Palu,
2023-08-06 18:14:23+00:00,-8.36,116.76,4.6,11.0,"III Lombok Timur, II-III Lombok Utara",Pusat gempa berada di laut 18 km Barat Laut Pulau Panjang,
2023-08-07 08:06:09+00:00,1.74,125.79,4.8,6.0,"III-IV Bitung, III Tondano, II-III Manado",Pusat gempa berada di Laut 81 km TimurLaut Bitung,
2023-08-07 10:35:14+00:00,-5.73,103.47,4.6,10.0,II Liwa,Pusat gempa berada di Laut 79 km BaratDaya Pesisir Barat,
2023-08-08 15:30:55+00:00,-4.26,101.99,4.9,60.0,"II-III Kota Bengkulu, II Kepahiang",Pusat gempa berada di laut 68 km BaratDaya Seluma,
2023-08-08 18:29:43+00:00,-3.89,122.55,4.0,5.0,III Kendari,Pusat gempa berada di laut 5 km Tenggara Kab. Konawe,
2023-08-08 19:57:18+00:00,-3.93,122.75,3.3,6.0,II-III Kendari,Pusat gempa berada di laut 10 km tenggara Soropia,
2023-08-09 23:25:55+00:00,-3.56,101.18,5.0,10.0,III Mukomuko,Pusat gempa berada di laut 109 km tenggara Mukomuko,
2023-08-10 02:00:27+00:00,-5.75,131.55,5.9,154.0,"II Tual, II Dobo, II-III Banda, II - III Kaimana","Pusat gempa berada di laut 129 km Barat Langgur, Maluku Tenggara",
2023-08-10 06:14:45+00:00,0.64,121.46,5.2,48.0,"III Toli-toli, III Pohuwato",Pusat gempa berada di darat 38 km Tenggara Buol,
2023-08-10 06:58:45+00:00,-5.39,133.67,5.5,68.0,II - III Dobo,Pusat gempa berada di laut 74 km Barat Laut Dobo,
2023-08-10 08:25:05+00:00,-5.67,133.84,4.4,10.0,II Dobo,Pusat gempa berada di laut 43 km Barat Dobo,
2023-08-10 22:15:50+00:00,3.9,126.64,4.5,39.0,III Kabaruan,Pusat gempa berada di laut 11 km BaratDaya Melonguane,
2023-08-12 13:20:15+00:00,-0.63,121.16,5.2,10.0,"III-IV Ampana, III Poso",Pusat gempa berada di laut 66 km Baratlaut Tojo Una-una,
2023-08-12 23:31:22+00:00,-8.5,116.23,3.9,24.0,"III Lombok Utara, III Lombok Barat, III Mataram, II-III Lombok Tengah, III Lombok Timur",Pusat gempa berada di darat 17 km Tenggara Lombok Utara,
2023-08-13 23:07:17+00:00,-4.06,121.61,2.9,2.0,II-III Kolaka,Pusat gempa berada di darat 1.5 km Tenggara Kolaka Kab. Kolaka,
2023-08-14 09:00:03+00:00,-8.3,116.82,3.3,11.0,II Lombok Timur,Pusat gempa berada di laut 18 km barat laut Pulau Panjang,
2023-08-15 03:54:06+00:00,-8.65,121.51,5.8,164.0,"III-IV Waingapu, III Sumbawa, III Dompu, III Kota Bima, III Kab. Bima, III Ngada, II-III Mataram, II-III Lombok Timur, II-III Sumbawa Barat, II Gianyar, II Denpasar, III-IV Ende, II Bajawa",Pusat gempa berada di darat 22 km timur laut Mbay-Nagekeo,
2023-08-15 09:29:17+00:00,-6.82,107.13,2.6,6.0,"II Cugenang, II Kota Cianjur, II Karangtengah, II Warungkondang",Pusat gempa berada di darat 1 km barat laut Kab. Cianjur,
2023-08-17 04:28:48+00:00,-7.62,105.51,5.7,60.0,"II-III Bandung, II Cikembar, II Bogor, II-III Parung Panjang, III Cianjur, III Pelabuhan Ratu, III Binuangeun, III Labuan, III Tangerang, III-IV Nyalindung, III-IV Tegalbuleud, III-IV Ciambar, II Jakarta, III Pandeglang",Pusat gempa berada di laut 96 Km Barat Daya Muarabinuangeun,
2023-08-17 13:16:08+00:00,4.43,96.57,5.2,10.0,"III Takengon, III Bener Meriah, III Aceh Tengah, III Aceh Jaya, II Aceh Besar, II Aceh Baratdaya",Pusat gempa berada di darat 35 km TimurLaut Kab. Naganraya,
2023-08-18 13:41:06+00:00,-8.92,111.07,4.9,10.0,"II Pacitan, II Bantul, II Trenggalek",Pusat gempa berada di laut 82 km Barat Daya Pacitan,
2023-08-18 14:27:03+00:00,-2.43,140.71,2.3,10.0,II-III Kota Jayapura,Pusat gempa berada di laut 15 km TimurLaut Kota Jayapura,
2023-08-18 18:29:15+00:00,-8.99,111.06,5.0,10.0,"III Pacitan , II Gunungkidul, II Bantul, II Yogyakarta",Pusat gempa berada di laut 90 km BaratDaya Pacitan,
2023-08-20 02:52:32+00:00,-8.26,116.42,4.0,10.0,"III Lombok Utara, III Lombok Timur, II Lombok Barat",Pusat gempa berada di darat 30 km BaratLaut Lombok Utara,
2023-08-21 02:55:48+00:00,4.61,95.64,4.1,46.0,II-III Pasir Raya,Pusat gempa berada di darat 7 km Tenggara Calang,
2023-08-21 15:37:29+00:00,-8.65,115.17,3.1,11.0,"II Kuta, II Denpasar",Pusat gempa berada di darat 7 km Barat Daya Badung,
2023-08-23 19:52:53+00:00,-8.74,111.51,4.8,10.0,"II Trenggalek, II Blitar, II Nganjuk, II Karangkates",Pusat gempa berada di laut 76 km Baratdaya Trenggalek,
2023-08-25 11:42:23+00:00,4.52,96.45,4.0,3.0,II Nagan Raya,Pusat gempa berada di darat 35 km timur laut Kab. Nagan Raya,
2023-08-26 03:54:36+00:00,1.79,117.84,3.9,10.0,II Tabalar Berau,Pusat gempa berada di darat 60 km Tenggara Berau,
2023-08-26 22:45:29+00:00,0.98,121.95,5.1,42.0,"III Pohuwatu, III Kabupaten Gorontalo, III Gorontalo Utara, III Kabupaten Boalemo",Pusat gempa berada di darat 57 km TimurLaut Pohuwato,
2023-08-27 14:25:18+00:00,-9.46,115.57,3.6,35.0,,Pusat gempa berada di laut 83 km Tenggara KutaSelatan,
2023-08-28 13:05:38+00:00,-2.51,140.64,2.6,13.0,II-III Jayapura,Pusat gempa berada di darat 8 km Baratlaut Jayapura,
2023-08-28 15:39:34+00:00,-1.15,134.08,4.7,4.0,"III Manokwari, III Manokwari Selatan",Pusat gempa berada di darat 19 km TimurLaut Pegunungan Arfak,
2023-08-28 17:59:16+00:00,4.61,126.78,5.9,22.0,III Talaud,Pusat gempa berada di laut 37 km Baratdaya Pulau Karatung,
2023-08-28 19:55:32+00:00,-6.94,116.57,7.1,525.0,"V Kuta, IV Gianyar, IV Denpasar, IV Waingapu, IV Lombok, III-IV Karangkates, III Kuta Selatan, III Tabanan, II-III Trenggalek, II Bantul, II Blitar",Pusat gempa berada di laut 163 km TimurLaut Lombok Utara,
2023-08-29 03:21:36+00:00,-8.18,124.93,3.6,16.0,III Alor,Pusat gempa berada di darat 43 km Timur Laut Alor,
2023-08-29 04:34:46+00:00,-5.54,130.04,6.4,209.0,"II-III Banda, II-III Saumlaki, II Waipirit, II Tual, II Masohi, II Geser, II Dobo, II Labuang, II Sorong",Pusat gempa berada dilaut 275Km Baratdaya Seram Bagian Timur,
2023-08-29 20:04:57+00:00,-9.32,115.05,4.3,41.0,"II Kuta Selatan, II Kuta, II Denpasar",Pusat gempa berada di laut 61 Km BaratDaya Kuta Selatan,
2023-08-30 02:17:02+00:00,-6.04,103.87,5.0,10.0,II Liwa,Pusat gempa berada di laut 94 km BaratDaya Pesisir Barat,
2023-08-31 10:29:30+00:00,-9.69,124.1,6.1,75.0,"III-IV Alor, II-III Kupang, III-IV Timor Tengah Selatan, III Timor Tengah Utara",Pusat gempa berada di darat 36 km BaratLaut Timor Tengah Selatan,
2023-09-02 02:34:27+00:00,-3.31,135.51,4.0,26.0,II Nabire,Pusat gempa berada di darat 6 km TimurLaut Nabire,
2023-09-03 22:36:05+00:00,3.24,97.46,3.5,15.0,II-III Kab. Aceh Selatan,Pusat gempa berada di darat 24 km Tenggara Kab. Aceh Selatan,
2023-09-04 05:43:27+00:00,-7.38,107.53,3.8,2.0,"III Cisewu, III Pakenjeng, III Pangalengan, II-III Ciwidey, II-III Cikajang, II-III Cibereum, II-III Soreang, II-III Kopo, II Cikalong, II Cimaung, II Cidaun",Pusat gempa berada di darat 39 Km Tenggara Kabupaten Bandung,
2023-09-04 19:38:35+00:00,-0.61,135.83,3.2,7.0,II Supiori,Pusat gempa berada di laut 17 km timur laut Supiori,
2023-09-05 08:38:51+00:00,-4.24,102.26,4.8,30.0,III Kota Bengkulu,Pusat gempa berada di laut 39 Km Barat Daya Seluma,
2023-09-05 14:35:54+00:00,-8.41,109.05,4.7,10.0,"III Pangandaran, II-III Garut, II-III Tasikmalaya, II Bantul",Pusat gempa berada di laut 76 km Tenggara Cilacap,
2023-09-05 14:58:04+00:00,2.68,95.89,5.0,10.0,II-III Sinabang,Pusat gempa berada di laut 57 Km BaratLaut Sinabang,
2023-09-05 15:03:19+00:00,-5.54,142.82,6.0,57.0,II Boven Digoel,Pusat gempa berada di darat 236 km barat daya Wewak,
2023-09-06 11:35:54+00:00,-7.14,107.64,2.9,11.0,"II Cibereum, II Pangalengan, II Kertasari, II Pacet",Pusat gempa berada di darat 18 km Tenggara Kab. Bandung,
2023-09-06 17:33:30+00:00,-8.75,116.17,3.7,95.0,"III Lombok Barat, III Lombok Tengah",Pusat gempa berada di darat 8 Km Tenggara Lombok Barat,
2023-09-07 09:14:46+00:00,-2.5,121.4,3.7,5.0,II-III Sorowako,Pusat gempa berada di darat 27 km TimurLaut Luwu Timur,
2023-09-07 12:53:30+00:00,-2.33,140.07,4.2,10.0,III Kab. Jayapura,Pusat gempa berada di darat 31 km BaratLaut Jayapura,
2023-09-08 21:28:37+00:00,-8.24,123.55,2.8,14.0,I-II Kab. Lembata,Pusat gempa berada di laut 26 km TimurLaut Lembata,
2023-09-08 22:50:02+00:00,4.27,126.4,4.7,82.0,II-III Kep. Sangihe,Pusat gempa berada di laut 43 km BaratLaut Melonguane,
2023-09-09 00:06:16+00:00,-7.19,116.61,5.7,500.0,"II-III Denpasar, II-III Lombok Utara, II-III Mataram, II-III Lombok Tengah, II-III Lombok Barat, II Kuta",Pusat gempa berada di laut 119 km TimurLaut Lombok Utara,
2023-09-09 14:43:24+00:00,0.03,119.8,6.3,10.0,"IV Palu, V-VI Donggala, III Poso, III Sigi, II-III Pohuwatu, II-III Kab. Gorontalo, II Kota Gorontalo, I-II Kutai Timur, III Tolitoli",Pusat gempa berada di laut 50 km barat laut Donggala,
2023-09-10 03:55:22+00:00,1.09,97.16,4.2,18.0,II Gunung Sitoli,Pusat gempa berada di laut 35 km BaratLaut Nias Barat,
2023-09-10 07:17:24+00:00,-8.15,124.49,2.8,12.0,II-III Alor,Pusat gempa berada di darat 17 km Baratlaut Alor,
2023-09-10 14:40:05+00:00,2.94,98.53,3.9,10.0,"III Kabanjahe, II Sidikalang",Pusat gempa berada di darat 18 km Tenggara Kab. Karo,
2023-09-11 06:14:23+00:00,-3.0,139.87,4.8,75.0,"II Kota Jayapura, II Genyem","Pusat gempa berada di darat 19 Km BaratDaya Lereh, Jayapura",
2023-09-11 12:51:33+00:00,1.16,127.47,5.9,168.0,"III-IV Manado, III-IV Sangihe, III-IV Kotamobagu, II-III Gorontalo, II-III Minahasa Utara, II Namlea, II Tomohon, III Ternate, III Halmahera Barat, III Halmahera Selatan, III Kep. Sula, II-III Taliabu, II-III Ambon, III-IV Jailolo, III-IV Bitung, II Bone Bolango, III-IV Kep. Talaud",Pusat gempa berada di darat 11 km Timutlaut Jailolo,
2023-09-11 16:58:15+00:00,-6.86,107.09,3.1,10.0,"II-III Kec. Cilaku, II-III Karangtengah, II-III Cianjur",Pusat gempa berada di darat 6 km BaratDaya Kab. Cianjur,
2023-09-11 22:09:24+00:00,5.82,94.57,5.2,102.0,III Banda Aceh,Pusat gempa berada di laut 83 km Barat Daya Kota Sabang,
2023-09-13 13:10:06+00:00,-9.48,116.02,3.9,28.0,"III Lombok Barat, II Lombok Tengah",Pusat gempa berada di Laut 89 Km BaratDaya Lombok Barat,
2023-09-15 16:05:09+00:00,-6.85,107.06,1.9,6.0,"II-III Cilaku, II-III Cugenang, II-III Karangtengah, II-III Warungkondang, II-III Gekbrong, II-III cianjur",Pusat gempa berada di darat 9 km barat daya Kab. Cianjur,
2023-09-16 00:28:27+00:00,-4.69,121.94,4.2,2.0,III Bombana,"Pusat gempa berada di darat 3 km Timurlaut Rorowatu, Kab. Bombana",
2023-09-16 04:35:47+00:00,-6.77,107.1,2.3,10.0,II Cilaku,Pusat gempa berada di darat 7 km BaratLaut Kab. Cianjur,
2023-09-16 10:04:55+00:00,3.9699999999999998,126.51,5.3,21.0,IV Talaud,Pusat gempa berada di laut 18 km Baratdaya Melonguane,
2023-09-17 00:44:20+00:00,3.34,97.9,4.2,5.0,II-III Aceh Tenggara,Pusat gempa berada di darat 18 km Tenggara Kutacane,
2023-09-17 23:35:02+00:00,-7.67,106.95,3.8,32.0,"III Agrabinta, III Cipamingkis, III Tegalbuleud, III Surade, III Sindangbarang, III Cidaun",Pusat gempa berada di laut 83 km Tenggara Kota Sukabumi,
2023-09-19 04:09:56+00:00,1.26,128.22,4.0,78.0,II-III Halmahera Timur,Pusat gempa berada di darat 58 Km Tenggara Tobelo,
2023-09-19 12:16:34+00:00,-5.4,103.6,4.9,38.0,"III-IV Liwa, III-IV Krui, II Semaka, II Sekincau",Pusat gempa berada di laut 43 km Barat Daya Pesisir Barat,
2023-09-19 15:39:22+00:00,-2.5,140.76,4.2,5.0,III-IV Kota Jayapura,Pusat gempa berada di laut 10 km TimurLaut Kota Jayapura,
2023-09-20 18:00:43+00:00,-1.23,134.36,4.7,11.0,III Ransiki,Pusat gempa berada di Laut 37 km TimurLaut Ransiki,
2023-09-21 04:07:12+00:00,1.0,98.32,4.7,22.0,II Sibolga,Pusat gempa berada di laut 71 km Tenggara Nias,
2023-09-21 08:14:35+00:00,-8.31,123.56,3.6,3.0,II Lembata,Pusat gempa berada di laut 19 km TimurLaut Lembata,
2023-09-21 18:23:21+00:00,-6.22,122.63,4.6,10.0,III Buton,Pusat gempa berada di laut 68 km BaratDaya Buton Selatan,
2023-09-21 19:58:15+00:00,4.03,96.59,4.8,2.0,"III Naganraya, II Aceh Selatan, II Aceh Barat Daya",Pusat gempa berada di darat 38 km tenggara Kab. Naganraya,
2023-09-22 14:59:16+00:00,-7.13,129.87,6.6,214.0,"III-IV Saumlaki, III Maluku Tenggara, III Marsela, III Sorong, II Tepa",Pusat gempa berada di laut 184 km Barat Laut Tanimbar,
2023-09-23 07:03:42+00:00,-0.59,135.87,4.0,12.0,II-III Kab. Supiori,Pusat gempa berada di laut 22 km Timur Laut Supiori,
2023-09-23 08:07:01+00:00,-1.6,116.18,3.9,15.0,II-III Kab. Paser,Pusat gempa berada di darat 29 km Timur Laut Paser,
2023-09-24 00:10:18+00:00,-8.71,116.14,4.4,91.0,"III Mataram , II Karangasem",Pusat gempa berada di darat 3 km Tenggara Lombok Barat,
2023-09-24 14:11:14+00:00,-3.31,128.99,3.1,7.0,II Amahai,Pusat gempa berada di darat 8 km Timur Masohi,
2023-09-26 01:39:47+00:00,4.63,127.38,6.3,115.0,"III - IV Talaud, III Siau, II - III Tahuna",Pusat gempa berada di Laut 36 Km Tenggara Pulau Karatung,
2023-09-27 13:42:57+00:00,2.58,98.66,3.3,1.0,"III Pangururan, III Sianjur Mula Mula",Pusat gempa berada di darat 6 km barat daya Samosir,
2023-09-27 16:15:20+00:00,-3.2800000000000002,128.81,5.1,10.0,II-III Amahai,Pusat gempa berada di laut 16 km BaratLaut Maluku Tengah,
2023-09-27 17:47:22+00:00,0.9400000000000001,93.1,5.6,10.0,II-III Banda Aceh,Pusat gempa berada di laut 401 km BaratDaya Sinabang,
2023-09-27 18:19:17+00:00,-7.08,110.02,2.6,7.0,II Kendal,Pusat gempa berada di darat 26 km BaratDaya Kendal,
2023-09-28 09:05:40+00:00,-2.66,126.52,4.6,4.0,II Sanana,"Pusat gempa berada di laut 90 km arah Tenggara Sanana, Buru, Tenggara Sanana",
2023-09-28 12:47:30+00:00,-5.01,104.13,3.5,7.0,"II-III Liwa, II-III Pesisir Barat",Pusat gempa berada di darat 7 km TimurLaut Lampung Barat,
2023-09-29 03:00:04+00:00,-2.48,140.4,3.9,14.0,II Kab. Jayapura,"Pusat gempa berada di darat, 11 km BaratLaut Kab. Jayapura",
2023-10-01 04:00:26+00:00,-7.26,106.6,5.4,88.0,"IV Sukabumi, III Sawarna, III Pelabuhan Ratu, III Soreang, III Cianjur, II-III Cibadak, II-III Bandung, II Bogor, IV Cisolok, III Cipanas, II Lebak, IV Kota Sukabumi, II Tasikmalaya, II Pandeglang",Pusat gempa berada di darat 30 km Tenggara Kab. Sukabumi,
2023-10-02 08:58:40+00:00,-4.07,134.02,5.6,14.0,III-IV Kaimana,Pusat gempa berada di laut 57 km Tenggara Kaimana,
2023-10-02 12:26:11+00:00,-4.13,134.02,4.6,6.0,III Kaimana,Pusat gempa berada di laut 63 km Tenggara Kaimana,
2023-10-03 11:32:53+00:00,-9.25,114.53,4.1,22.0,II Kuta,Pusat gempa berada di laut 92 km Barat Daya Kuta Selatan,
2023-10-03 22:17:05+00:00,-5.11,102.53,5.0,11.0,II-III Enggano,Pusat gempa berada di laut 24 km TimurLaut Enggano,
2023-10-04 02:18:47+00:00,-4.19,121.7,4.1,5.0,III Kolaka,"Pusat gempa berada di darat 4,3 km tenggara Baula Kab. Kolaka",
2023-10-04 11:11:43+00:00,-9.27,124.86,4.7,10.0,III-IV Belu,Pusat gempa berada di darat 13 Km Barat Daya Belu,
2023-10-04 11:21:48+00:00,5.43,126.27,6.7,145.0,"III - IV Sangihe, II - III Morotai Selatan, II - III Sitaro, II - III Ternate",Pusat gempa berada di laut 116 km BaratLaut Pulau Karatung,
2023-10-04 11:54:22+00:00,-9.1,124.93,3.0,13.0,II-III Belu,Pusat gempa berada di darat 6 Km Timur Laut Belu,
2023-10-04 20:07:03+00:00,-0.8,135.85,4.1,14.0,II - III Kab. Supiori,Pusat gempa berada didarat 15 km Tenggara Supiori,
2023-10-06 05:42:25+00:00,-0.64,127.64,2.8,10.0,II-III Bacan Timur,Pusat gempa berada di darat 15 km Timur Labuha,
2023-10-06 06:51:33+00:00,-3.24,128.36,3.7,8.0,III Kairatu,Pusat gempa berada di darat 11 km utara Kairatu,
2023-10-07 10:20:32+00:00,-5.98,103.91,4.8,8.0,II Bangkunat,Pusat gempa berada di laut 88 Km Barat Daya Pesisir Barat,
2023-10-08 06:10:53+00:00,-5.77,122.82,3.0,7.0,III Buton Selatan,"Pusat gempa berada di laut 12,9 km Tenggara Lapandewa, Kab. Buton Selatan",
2023-10-09 03:50:50+00:00,0.41000000000000003,122.24,5.6,101.0,"II - III Gorontalo, II-III Pohuwato, II-III Kab. Gorontalo, III Kab. Gorontalo Utara, III Bone Bolango, III Bolaang Mongondow Utara, III Toli toli, III Buol, III Boalemo",Pusat gempa berada di laut 17 km BaratDaya Boalemo,
2023-10-10 16:42:29+00:00,-8.82,112.5,4.8,38.0,"III Karangkates, II Kepanjen, II Blitar, II Lumajang, II Jember",Pusat gempa berada di laut 76 km BaratDaya Kabupaten Malang,
2023-10-11 02:16:13+00:00,-6.84,107.08,2.1,22.0,II Cianjur,Pusat gempa berada di darat 6 km Barat Daya Cianjur,
2023-10-11 04:41:19+00:00,-3.76,133.68,3.1,9.0,II Kaimana,Pusat gempa berada di laut 15 Km Barat Daya Kaimana,
2023-10-11 09:05:57+00:00,-3.48,128.39,3.4,5.0,"II-III Ambon, II-III Kairatu",Pusat gempa berada di laut 16 km Selatan Kairatu,
2023-10-11 23:44:42+00:00,-6.75,106.65,3.2,7.0,II Klapanunggal Bogor,Pusat gempa berada di darat 23 km barat daya Kota Bogor,
2023-10-12 09:30:02+00:00,-10.18,120.12,5.0,10.0,III Sumba Timur,Pusat gempa berada di darat 17 km Barat Laut Karera - Sumba Timur,
2023-10-13 14:17:06+00:00,1.05,127.47,2.4,10.0,II-III Jailolo,Pusat gempa berada di laut 1 km tenggara Jailolo,
2023-10-14 03:49:30+00:00,-4.89,103.97,4.0,5.0,"III Liwa, II Pesisir Barat",Pusat gempa berada di darat 17 km Barat Laut Lampung Barat,
2023-10-15 11:41:21+00:00,-8.23,123.02,3.4,10.0,"II - III Larantuka, II - III Adonara, II-III Lembata",Pusat gempa berada di laut 11 km TimurLaut Larantuka,
2023-10-15 15:24:44+00:00,-8.2,118.09,4.4,15.0,"III Dompu, III Kab. Bima",Pusat gempa berada di darat 55 km barat laut Dompu,
2023-10-19 14:08:24+00:00,-8.09,107.34,5.6,18.0,"III Pelabuhan Ratu, III Cianjur, III Sukabumi, III Cilacap, III Garut, III Pangandaran, III Cikelet, II Lembang, II Bandung, II Parompong, II Bogor, II Cireunghas",Pusat gempa berada di laut 114 km Barat Daya Garut,
2023-10-20 04:28:03+00:00,-8.39,120.6,4.2,29.0,III Ruteng,Pusat gempa berada di darat 28 km TimurLaut Ruteng,
2023-10-20 07:57:31+00:00,-2.81,129.94,5.1,10.0,III Kobi,Pusat gempa berada di laut 69 km barat laut Seram Bagian Timur,
2023-10-20 15:12:45+00:00,-2.66,140.83,3.8,12.0,"III Kota Jayapura, II Kab.Jayapura",Pusat gempa berada didarat 19Km Tenggara Kota Jayapura,
2023-10-20 19:51:59+00:00,0.68,125.3,5.1,33.0,"II-III Tondano, II-III Ratahan",Pusat gempa berada di Laut 69 km Tenggara Ratahan,
2023-10-21 07:07:12+00:00,-4.38,134.57,4.6,20.0,II Kaimana,Pusat gempa berada di laut 123 km Tenggara Kaimana,
2023-10-21 10:03:48+00:00,-8.35,115.01,3.3,10.0,"II Tabanan, II Buleleng",Pusat gempa berada di darat 24 km Barat Laut Tabanan,
2023-10-21 12:04:56+00:00,-8.1,118.03,4.6,13.0,III Kab. Bima,Pusat gempa berada di laut 68 km barat laut Dompu,
2023-10-22 14:23:05+00:00,0.48,98.37,5.1,10.0,"III-IV Pinangsori, II-III Gunung Sitoli, II-III Pasaman Barat, II Mandailing Natal, II Aek Godang, II-III Nias Selatan",Pusat gempa berada di laut 62 km tenggara Nias Selatan,
2023-10-22 18:51:10+00:00,5.49,95.58,3.4,3.0,II Banda Aceh,Pusat gempa berada di darat 27 km BaratLaut Jantho,
2023-10-22 21:51:05+00:00,3.21,97.19,3.7,48.0,III Aceh Selatan,Pusat gempa berada di laut 11 km BaratDaya Kab-Aceh Selatan,
2023-10-23 10:55:58+00:00,-1.37,119.61,4.3,9.0,III-IV Rio Pakava,Pusat gempa berada di darat 12 km tenggara lalundu Donggala,
2023-10-23 15:30:23+00:00,1.1,127.96,4.8,3.0,"II-III Jailolo, II-III Tidore, II-III Buli, III Subaim",Pusat gempa berada di laut 55 km TimurLaut Sofifi,
2023-10-23 22:47:56+00:00,-8.19,107.9,4.3,26.0,"III Cisurupan, III Bayongbong, III Cikajang, III Pameungpeuk, III Pamarican, III Indihiang, II-III Pangandaran",Pusat gempa berada di laut 85 km Barat Daya Pangandaran,
2023-10-25 13:25:01+00:00,0.99,124.86,5.9,123.0,"II-III Manado, II-III Tondano, II-III Bitung, II Kotamobagu, II-III Halmahera Barat, II-III Bolaang Mongondow Timur, II-III Minahasa Tenggara",Pusat gempa berada di Darat 9 Km Tenggara Ratahan,
2023-10-26 05:44:17+00:00,-7.34,129.36,6.1,10.0,III-IV Saumlaki,Pusat gempa berada di laut 176 km Timur Laut Maluku Barat Daya,
2023-10-27 07:49:51+00:00,-9.71,120.22,5.5,44.0,"III - IV Waingapu, II Waitabula, II Waikabubak, II Bima",Pusat gempa berada di darat 7 km barat daya Waingapu,
2023-10-27 13:22:23+00:00,5.5600000000000005,94.59,4.8,27.0,"II-III Banda Aceh, II-III Aceh Besar",Pusat gempa berada di laut 88 km BaratDaya Kota Sabang,
2023-10-28 15:01:57+00:00,1.88,120.2,5.6,10.0,"III Kab. Berau, III Toli Toli",Pusat gempa berada di laut 127 km BaratLaut Toli-Toli,
2023-10-28 17:30:13+00:00,4.58,95.05,4.2,22.0,"II Lhoong, Aceh Besar",Pusat gempa berada di laut 59 km Barat Daya Calang-Aceh Jaya,
2023-10-29 00:56:06+00:00,-4.36,102.02,5.3,31.0,"III Bengkulu, II Kepahiang",Pusat gempa berada di laut 69 km BaratDaya Seluma,
2023-10-29 01:16:15+00:00,-1.8399999999999999,124.59,3.9,10.0,"II-III Bobong, II-III Taliabu Utara",Pusat gempa berada di darat 157 km Barat Sanana,
2023-10-29 18:21:44+00:00,-2.31,113.02,4.5,13.0,"III Kec. Baamang, III Kec. Mentawa Baru, Ketapang",Pusat gempa berada di darat 25 km TimurLaut Sampit,
2023-10-30 12:15:16+00:00,-3.16,128.2,4.4,5.0,II Piru,Pusat gempa berada di darat 11 km selatan Piru,
2023-10-30 21:44:48+00:00,-8.81,113.89,4.9,81.0,"II Jember, II Badung",Pusat gempa berada di laut 73 km Tenggara Jember,
2023-10-31 10:22:59+00:00,-0.18,132.86,3.2,13.0,III Tambrauw,Pusat gempa berada di laut 73 km BaratLaut Manokwari,
2023-10-31 10:56:34+00:00,-3.68,128.17,2.4,12.0,II Ambon,Pusat gempa berada di laut 2 km BaratLaut Ambon,
2023-11-01 14:07:50+00:00,-8.37,121.59,4.9,21.0,"III-IV Maumere, III-IV Ende",Pusat gempa berada di laut 46 km Timur Laut Mbay-Nagekeo,
2023-11-01 21:04:45+00:00,-10.34,123.76,6.6,10.0,"VI Kupang, IV-V Kabupaten Timor Tengah Selatan, III Rote, III Waingapu, III Alor, II Larantuka, II Lembata",Pusat gempa berada di darat 24 Km Tenggara Kupang,
2023-11-03 05:52:44+00:00,-4.7,101.88,5.3,85.0,"II-III Kota Bengkulu, II Empat Lawang, II Liwa, II-III Enggano, II-III Seluma, II Bengkulu Selatan, II Kaur, II Bengkulu Utara",Pusat gempa berada di laut 83 km barat laut Enggano,
2023-11-03 12:55:19+00:00,-2.44,140.71,2.3,10.0,II Kota Jayapura,Pusat gempa berada di laut 14 km Timur Laut Kota Jayapura,
2023-11-04 00:18:21+00:00,1.46,125.32,4.7,3.0,"IV Bitung, II-III Manado, II-III Tondano",Pusat gempa berada di laut 22 km TimurLaut Bitung,
2023-11-04 14:32:12+00:00,-0.62,127.54,3.1,5.0,II-III Labuha,Pusat gempa berada di darat 6 km Timur Laut Labuha,
2023-11-04 14:53:03+00:00,-0.62,127.57,2.6,5.0,II-III Labuha,Pusat gempa berada di darat 9 km Timur Laut Labuha,
2023-11-05 02:20:04+00:00,-5.17,102.6,4.9,14.0,III Enggano,Pusat gempa berada di darat 41 km Timur Laut Enggano,
2023-11-06 03:22:21+00:00,-6.0,103.91,3.8,7.0,II Liwa,Pusat gempa berada di laut 90 Km Barat Daya Pesisir Barat,
2023-11-06 06:29:30+00:00,-5.24,122.11,3.5,5.0,II-III Bombana,"Pusat gempa berada di laut 11 Km Timur Laut Kabaena Timur, Bombana",
2023-11-06 21:12:47+00:00,5.3,93.94,5.0,10.0,"II-III Banda Aceh, II-III Aceh Besar",Pusat gempa berada di laut 156 km BaratDaya Banda Aceh,
2023-11-07 03:28:31+00:00,-2.45,140.57,3.8,10.0,"II Kab. Jayapura, II Kota Jayapura","Pusat gempa berada di darat, 19 km BaratLaut Kota Jayapura",
2023-11-08 04:52:53+00:00,-6.31,129.77,7.2,10.0,"IV-V Saumlaki, IV Banda, II Ambon, III Damer, III Kisar",Pusat gempa berada di laut 251 km Barat Laut Tanimbar,
2023-11-08 05:42:41+00:00,-6.15,129.81,5.6,10.0,II Selaru,Pusat gempa berada di laut 181 km Selatan Banda,
2023-11-08 07:23:47+00:00,-3.47,129.71,5.1,38.0,II Masohi,"Pusat gempa berada di laut 85 km Tenggara, Maluku Tengah",
2023-11-08 13:02:07+00:00,-6.13,129.93,6.8,10.0,"III Banda, III Saumlaki",Pusat gempa berada di laut 255km Barat Laut Tanimbar,
2023-11-09 04:12:42+00:00,-4.57,129.74,2.7,10.0,II Banda,Pusat gempa berada di laut 18 km Barat Banda,
2023-11-09 14:29:47+00:00,-3.92,122.43,3.3,5.0,"II - III Kendari, II - III Konawe Utara","Pusat gempa berada di darat 1,7 km Timur Laut Morosi, Kab. Konawe",
2023-11-10 03:50:38+00:00,-5.97,130.17,6.0,121.0,II Banda,Pusat gempa berada di laut 255 km Tanimbar,
2023-11-10 16:33:15+00:00,-6.84,107.08,2.3,5.0,"II-III Cugenang, II-III Nagrak, II-III Warungkondang, II-III Cilaku",Pusat gempa berada di darat 6 km Barat Daya Kabupaten Cianjur,
2023-11-10 18:27:32+00:00,-0.73,133.5,3.9,7.0,II Kabupaten Tambrauw,"Pusat gempa berada didarat 50 km TimurLaut KEBAR, Manokwari",
2023-11-11 01:16:02+00:00,2.5300000000000002,98.71,3.9,2.0,III Samosir,Pusat gempa berada di darat 10 Km Tenggara Samosir,
2023-11-11 06:41:53+00:00,-5.7,130.09,5.9,127.0,II Banda,Pusat gempa berada di laut 286 Km Barat Laut Tanimbar,
2023-11-11 06:57:48+00:00,-6.75,106.57,3.5,7.0,"III Sukabumi , III Pelabuhan Ratu, II-III Bogor Barat, II-III Karanghawu , II-III Bayah",Pusat gempa berada di darat 26 Km Timur Laut Kabupaten Sukabumi,
2023-11-11 07:56:33+00:00,-6.67,106.61,2.3,9.0,"II Leuwiliang, II Nanggela, II Pamijahan",Pusat gempa berada di darat 22 Km Barat Daya Kota Bogor,
2023-11-12 02:06:17+00:00,-10.04,123.76,5.4,34.0,"III - IV Kota Kupang, III - IV Kabupaten Kupang, II Kabupaten Rote Ndao",Pusat gempa berada di laut 15 km BaratDaya Kab. Kupang,
2023-11-12 13:43:34+00:00,-2.58,121.11,4.2,5.0,"III Malili, II Masamba, III Tomoni Timur",Pusat gempa berada di darat 6 km Barat Laut Luwu Timur,
2023-11-12 15:08:51+00:00,-2.46,140.42,3.8,10.0,II-III Kab. Jayapura,Pusat gempa berada di darat 14 km Timur Laut Kab. Jayapura,
2023-11-12 20:38:16+00:00,-3.64,140.38,5.8,24.0,"III Keerom, II Jayapura",Pusat gempa berada di darat 53 km BaratDaya Keerom,
2023-11-13 00:39:17+00:00,-2.17,115.59,4.0,10.0,III Tabalong,Pusat gempa berada di darat 20 Km Baratlaut Balangan,
2023-11-13 01:54:17+00:00,-0.64,135.8,4.7,14.0,III Kab. Supiori,Pusat gempa berada di darat 13 km Timur Laut Supiori,
2023-11-14 21:15:46+00:00,-7.24,107.67,2.9,10.0,II-III Cikembang,Pusat gempa berada di darat 25 km BaratDaya Kab. Garut,
2023-11-15 05:11:05+00:00,-3.47,101.59,4.7,25.0,II-III Bengkulu Utara,Pusat gempa berada di laut 67 km Barat Daya Bengkulu Utara,
2023-11-15 23:26:17+00:00,1.9500000000000002,124.18,6.2,294.0,"II-III Kepulauan Sula, II-III Taliabu, II-III Tidore, II-III Kab. Halmahera Barat, II-III Kotamobago","Pusat gempa berada di laut, 90 km Barat Laut Manado",
2023-11-16 02:21:47+00:00,-3.71,138.78,5.1,127.0,II-III Wamena,Pusat gempa berada didarat 32Km BaratDaya Kobagma,
2023-11-16 11:24:13+00:00,-10.13,123.81,4.7,29.0,II-III Kota Kupang,Pusat gempa berada di darat 17 Km Barat Daya Kupang,
2023-11-17 03:02:19+00:00,-2.07,138.93,5.2,22.0,III - IV Sarmi,Pusat gempa berada di darat 29 km Tenggara Sarmi,
2023-11-17 08:14:15+00:00,5.5,125.18,6.9,44.0,"V Naha, III - IV KEP.TALAUD, III Manado, III Bolaang Mongondow, III Minahasa Utara",Pusat gempa berada di 212 km BaratLaut TAHUNA-KEP.SANGIHE-SULUT,
2023-11-17 23:34:28+00:00,-7.86,107.27,5.2,21.0,"III Garut , III Sindangbarang, III Ciamis, III Pakenjeng, III Bungbulang, III Tasikmalaya, II-III Cianjur, II-III Sukabumi, II-III Kab. Bandung, II Bandung",Pusat gempa berada di laut 97 km Barat Daya Kab. Bandung,
2023-11-19 23:33:16+00:00,-3.32,128.35,3.4,5.0,III Kairatu,Pusat gempa berada di darat 3 km utara Kairatu,
2023-11-20 04:30:51+00:00,-0.67,135.46,3.8,6.0,II-III Supiori,Pusat gempa berada di darat 31 km BaratLaut SUPIORI,
2023-11-21 04:41:17+00:00,-2.42,140.38,3.5,16.0,II - III Sentani,Pusat gempa berada di darat 18 Km Barat laut Kab. Jayapura,
2023-11-21 07:12:16+00:00,-0.51,135.64,5.5,10.0,"III - IV Supiori, III Biak",Pusat gempa berada di laut 27 km BaratLaut Supiori,
2023-11-21 13:58:29+00:00,-3.47,135.53,2.8,10.0,II-III Nabire,Pusat gempa berada di darat 12 km tenggara Nabire,
2023-11-21 22:01:24+00:00,-4.79,122.64,2.7,7.0,II - III Muna,Pusat gempa berada di darat 7.2 km BaratLaut Kab. Muna,
2023-11-22 02:48:54+00:00,1.77,127.14,6.6,109.0,"III-IV Minahasa, III-IV Minahasa Utara, III Tidore, III Bitung, III-IV Halmahera Barat, III - IV Halmahera Utara, III-IV Ternate, III-IV Manado, IV Siau, III-IV Minahasa Tenggara, III-IV Tomohon, III Talaud, III Halmahera Timur, III Kotamobagu, III Morotai, II-III Kepulauan Sula",Pusat gempa berada di laut 68 Km Barat Laut Halmahera Barat,
2023-11-23 05:58:05+00:00,-8.56,116.03,3.2,11.0,"II - III Lombok Barat, II - III Mataram, II - III Lombok Utara",Pusat gempa berada di laut 18 km barat laut Lombok Barat,
2023-11-23 08:06:13+00:00,-8.51,116.09,3.2,11.0,"II - III Lombok Barat, II - III Lombok Utara, II - III Lombok Tengah",Pusat gempa berada di laut 18 Km BaratDaya Lombok Utara,
2023-11-24 04:08:15+00:00,-8.14,107.9,4.0,30.0,"III Pangandaran, III Cikajang, III Bungbulang, II-III Ciamis, II - III Salopa, II - III Karangnunggal, II - III Singaparna",Pusat gempa berada di Laut 82 km BaratDaya Kabupaten Pangandaran,
2023-11-24 09:48:34+00:00,-1.0,100.29,3.4,2.0,III Padang,Pusat gempa berada di darat 10 km BaratDaya Padang,
2023-11-24 23:36:59+00:00,-7.03,106.65,3.5,12.0,II-III Sukabumi,Pusat gempa berada di darat 12 km Tenggara Kab. Sukabumi,
2023-11-25 11:22:09+00:00,-8.23,114.81,1.8,12.0,II Gerokgag,Pusat gempa berada di darat 27 km Timur laut Jembrana,
2023-11-26 08:21:48+00:00,1.32,128.01,5.2,132.0,II Halmahera Timur,Pusat gempa berada di laut 24 km tenggara Halmahera Utara,
2023-11-26 16:18:55+00:00,0.8300000000000001,120.4,4.2,13.0,III Toli-Toli,Pusat gempa berada di Laut 40 Km Barat Daya Toli-Toli,
2023-11-27 01:13:25+00:00,-4.66,129.56,2.9,10.0,II Banda,Pusat gempa berada di laut 40 km Barat Banda,
2023-11-27 08:19:01+00:00,-8.86,112.81,4.7,109.0,"II Trenggalek, II Gunung Kidul, II Karangkates, II Jember, II Banyuwangi, II Blitar",Pusat gempa berada di laut 84 km Tenggara Kab. Malang,
2023-11-28 11:03:05+00:00,2.04,129.0,5.0,10.0,II Morotai Selatan,Pusat gempa berada di laut 78 Km Tenggara Daruba,
2023-11-28 11:40:19+00:00,-2.38,120.89,3.4,2.0,III Angkona,Pusat gempa berada di darat 38 km BaratLaut Luwu Timur,
2023-11-28 12:54:31+00:00,-6.8100000000000005,107.07,2.1,7.0,II Cianjur,Pusat gempa berada di darat 7 km BaratLaut Kabupaten Cianjur,
2023-11-28 14:42:13+00:00,-6.85,107.07,2.2,9.0,II Cianjur,Pusat gempa berada di darat 8 km BaratDaya Kabupaten Cianjur,
2023-11-29 07:55:32+00:00,2.26,96.14,4.7,16.0,III Sinabang,Pusat gempa berada di laut 34 km barat daya Sinabang,
2023-12-01 00:15:09+00:00,-8.16,124.58,3.0,10.0,III Alor,Pusat gempa berada di darat 15 km TimurLaut Alor,
2023-12-02 05:37:31+00:00,-9.38,112.65,5.2,10.0,"II Malang, II Lumajang",Pusat gempa berada di laut 138 km Tenggara Kab. Malang,
2023-12-02 12:01:02+00:00,-7.13,129.81,6.0,157.0,"II-III Saumlaki, II Tual, II Damer",Pusat gempa berada di laut 190 km BaratLaut Tanimbar,
2023-12-02 13:42:04+00:00,-3.5300000000000002,102.01,5.0,108.0,"II-III Kota Bengkulu, II Mukomuko",Pusat gempa berada di laut 23 km BaratDaya Bengkulu Utara,
2023-12-02 14:37:07+00:00,8.53,126.59,7.5,56.0,III Naha,Pusat gempa berada di laut 420 km BaratLaut Pulau Karatung,
2023-12-02 14:57:22+00:00,-2.67,129.62,5.0,10.0,II Kairatu,Pusat gempa berada di laut 21 km TimurLaut Wahai,
2023-12-02 18:32:02+00:00,-7.22,107.43,2.7,6.0,"II - III Kab. Bandung, III Cianjur","Pusat gempa berada di darat, 24 km BaratDaya Kab. Bandung",
2023-12-03 01:16:28+00:00,-8.95,118.79,4.7,67.0,II-III Bima,Pusat gempa berada di Laut 54 Tenggara Kota Bima,
2023-12-04 11:12:53+00:00,5.23,96.21,4.3,11.0,"III Pidie Jaya, III Pidie, II Bener Meriah",Pusat gempa berada di Darat 27 Km BaratLaut Kab. Pidie Jaya,
2023-12-05 09:14:13+00:00,-7.23,107.73,3.5,5.0,"III Garut, II-III Majalaya, II-III Kertasari, II-III Ciwidey, II-III Balegede, II-III Rancabali, II Pangalengan",Pusat gempa berada di darat 18 km Baratdaya Garut,
2023-12-05 12:36:37+00:00,2.64,128.24,5.6,18.0,"IV Morotai, III Halmahera Utara",Pusat gempa berada di laut 64 km timur laut Pulaudoi,
2023-12-05 12:50:51+00:00,-6.82,107.07,2.6,11.0,"II-III Cugenang, II-III Cianjur",Pusat gempa berada di darat 7 km barat laut Kab. Cianjur,
2023-12-06 13:20:02+00:00,-6.77,106.52,3.0,5.0,"II-III Bogor Barat, II-III Cisolok, II-III Bayah, II-III Leuwiliang",Pusat gempa berada di darat 24 km barat laut Kab. Sukabumi,
2023-12-06 14:20:06+00:00,-6.76,106.54,3.0,5.0,"II-III Bogor Barat, II-III Cisolok, II-III Bayah, II-III Leuwiliang",Pusat gempa berada di darat 25 km barat laut Kab. Sukabumi,
2023-12-07 09:59:56+00:00,-6.85,107.08,2.8,5.0,"III Cianjur, III Cugenang, III Cipanas, III Pacet",Pusat gempa berada di darat 7 km BaratDaya Kab. Cianjur,
2023-12-07 10:53:39+00:00,-6.82,107.1,2.9,8.0,"III Cianjur, III Cugenang",Pusat gempa berada di darat 4 Km Barat Laut Kabupaten Cianjur,
2023-12-07 14:00:02+00:00,-8.73,115.37,3.1,10.0,II Nusa Dua,Pusat gempa berada di laut 17 km Timur Laut Kuta Selatan,
2023-12-07 19:00:45+00:00,-6.73,106.61,4.0,5.0,III Kalapanunggal Sukabumi,Pusat gempa berada di darat 25 km Barat Daya Kota Bogor,
2023-12-10 04:49:46+00:00,-3.55,141.05,5.3,105.0,"III Kota Jayapura, II Kab. Jayapura",Pusat gempa berada di darat 32 km Tenggara Senggi-Keerom,
2023-12-10 19:52:14+00:00,-4.39,139.67,5.5,72.0,III-IV Oksibil,Pusat gempa berada di darat 55 km TimurLaut Yahukimo,
2023-12-11 04:33:32+00:00,2.62,128.23,5.3,114.0,II Tobelo,Pusat gempa berada di laut 62 km Timur Laut Pulaudoi,
2023-12-11 10:16:40+00:00,-0.49,101.36,5.8,257.0,II Padang,Pusat gempa berada di darat 19 km Baratdaya Kuantan Singingi,
2023-12-12 17:37:16+00:00,-0.73,119.62,3.9,14.0,II-III Palu,Pusat gempa berada di Laut 41 Km Barat Daya Donggala,
2023-12-12 21:01:52+00:00,-0.45,100.25,3.1,5.0,II Padang Panjang,Pusat gempa berada di darat 15 km BaratLaut Padang Panjang,
2023-12-13 10:35:55+00:00,-8.12,107.93,4.3,29.0,"II - III Tasikmalaya, II-III Cipatujah, II - III Cikajang, II-III Ciamis, II-III Pangandaran, II-III Cijulang",Pusat gempa berada di laut 78 Km Barat Daya Kab. Pangandaran,
2023-12-13 15:15:24+00:00,-7.94,110.49,3.6,16.0,"II-III Gunung Kidul, II-III Bantul, II-III Kulon Progo",Pusat gempa berada di darat 14 km Baratlaut Gunungkidul,
2023-12-13 23:35:12+00:00,-6.76,106.53,4.6,5.0,"IV-V Pamijahan, III Panggarangan, III Bayah, III Kalapanunggal, III Cilograng, III Bogor , II - III Ciputat, II - III Tangerang, II Pelabuhan Ratu",Pusat gempa berada di darat 25 km Barat Laut Kab. Sukabumi,
2023-12-14 01:05:52+00:00,0.0,124.08,5.5,99.0,"III Bolaang Uki, II Bone Bolango, II Kotamobagu, II Taliabu",Pusat gempa berada di laut 42 Km Tenggara BOLAANGUKI-BOLSEL,
2023-12-14 07:27:18+00:00,-7.26,106.13,4.9,23.0,"III - IV Malingping, III - IV Malasari, III - IV Leuwiliang, III Bayah, II - III Kalapanunggal, III Pelabuhan Ratu, III Gandasoli, III Cireungas, III Sukabumi, III Karanghawu, III Muarabinuangeun, III Jampang",Pusat gempa berada di laut 39 km BaratDaya Bayah,
2023-12-14 11:08:31+00:00,-6.73,106.55,3.2,10.0,II Pamijahan,Pusat gempa berada di darat 28 km Utara Kab. Sukabumi,
2023-12-15 03:23:23+00:00,-2.93,119.39,2.5,2.0,II Mamasa,Pusat gempa berada di darat 7 km Tenggara Mamasa,
2023-12-15 14:24:34+00:00,-7.15,108.86,4.5,10.0,"III Cirebon, II-III Tegal, II-III Brebes, II-III Banjar, II Subang",Pusat gempa berada di darat 34 km barat daya Kab. Tegal,
2023-12-15 18:42:58+00:00,-7.15,108.89,4.0,10.0,"II-III Majenang, II-III Kuningan",Pusat gempa berada di darat 31 km barat daya Kab. Tegal,
2023-12-16 06:45:54+00:00,-0.35000000000000003,98.75,5.4,19.0,"III-IV Padang Pariaman, III-IV Hibala, II-III Padang Panjang, II-III Padang, III-IV Pariaman, III-IV Lubuk Basung, III-IV Kepulauan Batu, III-IV Pasaman Barat, II Painan, II Pasaman",Pusat gempa berada di laut 130 km BaratDaya Pasaman Barat,
2023-12-17 00:47:38+00:00,-3.11,130.56,4.4,10.0,II-III Bula,"Pusat gempa berada di Laut, 79 km TimurLaut Bula-SBT",
2023-12-17 14:27:34+00:00,-2.19,140.29,5.2,10.0,"II - III Kab. Jayapura, II Kota Jayapura",Pusat gempa berada di laut 45 k BaratLaut Kab. Jayapura,
2023-12-20 05:01:51+00:00,-3.41,135.65,3.5,10.0,II - III Nabire,Pusat gempa berada di darat 17 km Tenggara Nabire,
2023-12-22 11:33:58+00:00,2.7199999999999998,128.18,5.4,23.0,III - IV Morotai,Pusat gempa berada di laut 65 km TimurLaut Pulau Doi,
2023-12-23 03:08:46+00:00,-5.08,123.02,3.3,9.0,III Lasalimu,"Pusat gempa berada di laut 10 km Tenggara Kambowa, Kab. Buton Utara",
2023-12-23 09:09:15+00:00,0.41000000000000003,125.47,4.8,10.0,II Bolaang Mongondow,Pusat gempa berada di laut 102 km Tenggara Tutuyan,
2023-12-23 10:26:22+00:00,-0.51,99.15,4.5,28.0,"III Pariaman, III Agam, II Padang Panjang, III Pasaman Barat, II Pasaman","Pusat gempa berada di laut 82 km BaratDaya Air Bangis, Pasaman Barat",
2023-12-24 06:00:55+00:00,-7.99,117.85,4.7,35.0,II-III Dompu,Pusat gempa berada di laut 73 km TimurLaut Sumbawa,
2023-12-25 05:48:05+00:00,-6.47,107.45,3.1,7.0,"I-II Purwakarta, I-II Cikampek",Pusat gempa berada di darat 9 km TimurLaut Kab. Purwakarta,
2023-12-25 22:47:56+00:00,-8.49,115.83,3.5,19.0,"II-III Mataram, II-III Lombok Barat, II-III Lombok Tengah",Pusat gempa berada di laut 37 km Tenggara Karangasem,
2023-12-26 11:12:57+00:00,-9.66,124.89,4.4,10.0,III Malaka,Pusat gempa berada di darat 14 km BaratDaya Malaka,
2023-12-27 13:08:15+00:00,-6.74,106.55,3.2,8.0,"II-III Pamijahan, II-III Leuwiliang, II-III Kabandungan",Pusat gempa berada di darat 27 km utara Kab. Sukabumi,
2023-12-27 13:10:52+00:00,-6.75,106.55,3.0,9.0,"II Pamijahan, II Kabandungan",Pusat gempa berada di darat 26 km utara Kab. Sukabumi,
2023-12-27 13:32:19+00:00,-6.47,106.55,2.5,8.0,II Pamijahan,Pusat gempa berada di darat 27 km Utara Kab. Sukabumi,
2023-12-27 15:19:28+00:00,-6.75,106.58,2.9,9.0,II Pamijahan,Pusat gempa berada di darat 26 km timur laut Kab. Sukabumi,
2023-12-27 18:52:46+00:00,-10.08,123.78,5.1,32.0,III Kota Kupang,Pusat gempa berada di darat 15 km barat daya Kab. Kupang,
2023-12-27 22:43:54+00:00,-8.11,107.89,5.5,14.0,"IV Garut, III Cilacap, III Pelabuhan Ratu, III Sukabumi, II - III Bandung, III Cianjur, III Pangandaran, II-III Bogor",Pusat gempa berada di laut 80 km Barat Daya Kab. Pangandaran,
2023-12-28 00:41:53+00:00,1.33,127.22,4.4,4.0,III Halmahera Barat,Pusat gempa berada di laut 40 km barat laut Jailolo,
2023-12-28 04:22:54+00:00,-0.21,100.37,2.7,5.0,III Bukittinggi,Pusat gempa berada di darat 10 km timur laut Bukittinggi,
2023-12-28 04:54:14+00:00,-3.5300000000000002,128.34,3.3,10.0,III Passo,Pusat gempa berada didarat 25 Km TimurLaut Ambon,
2023-12-28 05:31:27+00:00,-3.5700000000000003,128.38,2.8,10.0,II-III Ambon,Pusat gempa berada di laut 26 km timur laut Ambon,
2023-12-28 11:43:18+00:00,-1.26,121.12,4.1,4.0,II-III Poso,Pusat gempa berada di laut 43 km timur laut Poso,
2023-12-30 05:08:11+00:00,-6.74,106.59,3.2,9.0,"II-III Pamijahan, II-III Leuwiliang",Pusat gempa berada di darat 27 km TimurLaut Kab. Sukabumi,
2023-12-30 05:19:26+00:00,2.5,92.84,6.6,10.0,"IV Aceh Selatan, IV Simeulue, III Aceh Barat Daya, II Aceh Besar, II Banda Aceh",Pusat gempa berada di laut 386 km BaratDaya Calang-Aceh Jaya,
2023-12-30 17:16:26+00:00,-2.89,139.44,6.5,30.0,"III - IV Kab. Jayapura, III Kota Jayapura, III Sarmi, II - III Wamena",Pusat gempa berada di darat 95 km TimurLaut Kobagma,
2023-12-31 04:52:34+00:00,-8.22,107.87,5.0,10.0,"II-III Garut, II Banjar, II Cianjur, II Tasikmalaya, II-III Pangalengan",Pusat gempa berada di Garut 90 km Barat Daya Kabupaten Pangandaran,
2023-12-31 07:35:34+00:00,-6.85,107.93,4.1,7.0,"IV Sumedang, II-III Cileunyi, II-III Rancaekek, II - III Lembang, II - III Cicalengka, II - III Subang, II Garut, II Bandung",Pusat gempa berada di darat 1 km Timur Laut Kab.Sumedang,
2023-12-31 08:38:10+00:00,-6.84,107.94,3.4,6.0,III Sumedang,Pusat gempa berada di darat 3 km Timur Laut Kab.Sumedang,
2023-12-31 13:34:24+00:00,-6.85,107.94,4.8,5.0,"III-IV Sumedang, III Lembang, II - III Subang, II-III Bandung, II Garut",Pusat gempa berada di darat 2 km Timur Laut Kab.Sumedang,
2023-12-31 15:15:10+00:00,-2.94,119.42,3.1,10.0,II Mamasa,Pusat gempa berada di darat 11 km Tenggara MAMASA,
2024-01-01 03:22:46+00:00,4.62,96.65,3.3,2.0,II Kabupaten Bener Meriah,"Pusat gempa berada di darat, 21 Km BaratDaya Takengon",
2024-01-01 05:22:56+00:00,-7.97,117.87,4.9,20.0,"II - III Sumbawa Besar, II-III Bima, II-III Dompu","Pusat gempa berada di laut, 76 km TimurLaut Sumbawa",
2024-01-01 07:52:44+00:00,-0.2,123.65,5.4,47.0,"III Luwuk, III Bolaang Mongondow Selatan , III Kotamobagu, II - III kab. Gorontalo, II Minahasa Tenggara",Pusat gempa berada di laut 74 km BaratDaya Bolaanguki,
2024-01-01 13:46:48+00:00,-6.82,107.92,4.5,10.0,"III Rancakalong, III Jatinangor, III Bandung, II Cirebon, II Garut, II Subang",Pusat gempa berada di darat 4 km Utara Kab. Sumedang,
2024-01-02 01:03:56+00:00,-8.35,108.47,3.7,14.0,"II Pangandaran, II Legokjawa, II Sindangsari, II Cikalong",Pusat gempa berada dilaut 72 km BaratDaya Kab. Pangandaran,
2024-01-02 04:46:32+00:00,-10.06,123.75,5.1,37.0,"II Kupang, II Kab. Kupang",Pusat gempa berada di darat 16 km BaratDaya Kab.Kupang,
2024-01-02 07:35:22+00:00,-6.88,107.99,2.7,10.0,II Sumedang,Pusat gempa berada di darat 8 km Tenggara Kab. Sumedang,
2024-01-03 00:53:49+00:00,-7.57,106.14,5.9,74.0,"IV Surade, IV Sukabumi, III Pelabuhan Ratu, III Cianjur, III Panggarangan, III Lebak, III Garut, III Tanjung Lesung, III Kota Sukabumi, II-III Lembang, II-III Soreang, II - III Cibabat, II - III Cimahi, II - III Bandung Barat, II - III Kota Bandung, II Purwakarta, II Bogor, II Tangerang Selatan, II Depok, II Jakarta Pusat",Pusat gempa berada di laut 72 Km Barat Daya Bayah,
2024-01-03 11:55:00+00:00,-3.8,136.4,3.9,10.0,II-III Enarotali,Pusat gempa berada di darat 14 km Timur Laut Enarotali,
2024-01-04 00:15:49+00:00,-7.27,107.72,3.1,6.0,"II Pasirwangi, II Pacet, II Darajat, II Kertasari, II Pangalengan, II Cisurupan",Pusat gempa berada di darat 20 km BaratDaya Kab.Garut,
2024-01-04 00:43:19+00:00,-6.72,130.06,5.6,10.0,II Saumlaki,Pusat gempa berada di laut 196 km Barat Laut Tanimbar,
2024-01-04 01:40:05+00:00,-1.87,136.07,4.1,10.0,II-III Serui,Pusat gempa berada di laut 19 km Barat Laut Serui,
2024-01-04 06:54:57+00:00,-8.01,107.89,3.5,28.0,"II Capatujah, II Sindangkerta, II Cikatomas, II Cijulang, II Pangandaran",Pusat gempa berada di laut 75 km BaratDaya Kab. Pangandaran,
2024-01-04 09:22:11+00:00,-6.8100000000000005,107.93,2.5,7.0,II Sumedang,Pusat gempa berada di darat 5 km TimurLaut Kab. Sumedang,
2024-01-07 03:05:45+00:00,3.43,96.55,4.1,25.0,II Blang Pidie,Pusat gempa berada di laut 64 Km Barat Daya Blang Pidie,
2024-01-07 03:27:39+00:00,-0.34,98.81,4.1,10.0,"II Kepulauan Batu, I - II Kepulauan Mentawai, I - II Pasaman Barat",Pusat gempa berada di laut 66 Km Tenggara Kepulauan Batu,
2024-01-07 07:40:25+00:00,-2.98,101.53,4.0,3.0,"II - III Mukomuko, II Pesisir Selatan",Pusat gempa berada dilaut 64 km Tenggara Mukomuko,
2024-01-07 10:38:23+00:00,-1.85,122.49,4.7,10.0,"III Luwuk, III Morowali, II - III Bungku",Pusat gempa berada dilaut 85 km BaratDaya Banggai Kepulauan,
2024-01-08 00:26:07+00:00,-7.2,107.82,2.7,6.0,II Garut,Pusat gempa berada di Darat 8 km Barat Laut Kab. Garut,
2024-01-08 01:21:11+00:00,4.85,96.07,4.4,6.0,"II - III Pidie, II Pidie Jaya",Pusat gempa berada di darat 28 km Barat Daya Kab. Pidie Jaya,
2024-01-08 07:02:03+00:00,-6.8100000000000005,107.95,3.1,7.0,"II-III Sumedang Utara, II-III Cimalaka",Pusat gempa berada di darat 6 km TimurLaut Kab. Sumedang,
2024-01-08 09:51:32+00:00,-2.24,99.66,5.3,24.0,"II-III Tuapejat, II Padang",Pusat gempa berada di darat 24 km Tenggara Tuapejat,
2024-01-08 20:48:45+00:00,4.92,126.33,7.0,56.0,"IV Kepulauan Sangihe, IV Kepulauan Talaud, III Bitung, II-III Halmahera Utara, II Manado",Pusat gempa berada di laut 85 km Barat Laut Pulau Karatung,
2024-01-09 13:50:29+00:00,-2.59,140.28,3.5,21.0,II-III Kab. Jayapura,Pusat gempa berada di darat 12 km Timur laut Genyem-Jayapura,
2024-01-09 16:11:06+00:00,-8.08,107.89,4.2,18.0,II Garut,Pusat gempa berada di laut 79 km Barat Daya Kab. Pangandaran,
2024-01-10 13:17:26+00:00,-6.83,107.95,2.8,6.0,III Sumedang Utara,Pusat gempa berada di darat 4 Km Timur Laut Kab.Sumedang,
2024-01-12 02:04:20+00:00,-3.42,128.72,4.3,10.0,"III Kairatu, III Saparua, II Amahai",Pusat gempa berada di laut 19 km Timur Laut Saparua,
2024-01-12 02:05:04+00:00,4.82,126.36,4.8,10.0,II-III Tahuna,Pusat gempa berada di laut 80 km Barat Laut Pulau Karatung,
2024-01-12 14:40:49+00:00,-2.89,119.43,2.5,2.0,II Mamasa,Pusat gempa berada di darat 11 km TimurLaut Mamasa,
2024-01-12 18:50:30+00:00,-3.56,120.8,2.4,11.0,II - III Lasusua,Pusat gempa berada di laut 10.5 km barat daya Lasusua,
2024-01-13 00:55:31+00:00,-2.54,140.69,2.5,10.0,II Jayapura,Pusat gempa berada di darat 3 km baratlaut kota Jayapura,
2024-01-13 02:24:58+00:00,-2.41,120.94,4.3,6.0,"III Tomoni, II Malili",Pusat gempa berada di darat 32 Km BaratLaut Luwutimur,
2024-01-13 03:26:17+00:00,-8.28,120.64,4.2,28.0,III Ruteng,Pusat gempa berada di darat 41 km TimurLaut Ruteng-Manggarai,
2024-01-13 11:56:20+00:00,-3.87,126.88,3.8,5.0,III Namrole,Pusat gempa berada di laut 16 Km Timur Namrole- Buru Selatan,
2024-01-13 12:22:55+00:00,2.22,96.25,3.9,20.0,II-III Sinabang,Pusat gempa berada dilaut 30 km Barat Daya Sinabang,
2024-01-13 15:09:13+00:00,-2.52,140.69,3.2,10.0,III Kota Jayapura,Pusat gempa berada didarat 5 Km Barat Laut Kota Jayapura,
2024-01-13 20:13:37+00:00,-6.75,106.55,3.5,5.0,II Bogor,Pusat gempa berada di darat 26 km Utara Kab Sukabumi,
2024-01-15 09:07:08+00:00,-3.98,122.45,2.6,9.0,II Kendari,"Pusat gempa berada di darat 2,5 km BaratDaya Puuwati Kota Kendari",
2024-01-16 18:03:51+00:00,1.4100000000000001,126.39,5.0,22.0,"II Bitung, II Ternate",Pusat gempa berada di laut 125 km Barat Laut Jailolo,
2024-01-16 22:28:17+00:00,-8.55,118.37,4.5,114.0,,Pusat gempa berada di darat 10 km BaratDaya Bompu,
2024-01-16 22:30:32+00:00,-8.27,115.53,3.6,10.0,II Karangasem,Pusat gempa berada di darat 8 km TimurLaut Karangasem,
2024-01-17 13:02:24+00:00,-2.35,140.09,4.0,10.0,II-III Kab. Jayapura,Pusat gempa berada di darat 28 km barat laut Genyem,
2024-01-17 15:18:05+00:00,3.89,95.84,4.9,27.0,"III Banda Aceh, II-III Calang Aceh Jaya, II-III Aceh Besar",Pusat gempa berada di laut 42 Km Barat Daya Meulaboh-Aceh Barat,
2024-01-18 16:06:40+00:00,-1.09,121.49,4.5,6.0,"II-III Ampana, II-III Poso",Pusat gempa berada di darat 5 km BaratLaut Tojo Una-Una,
2024-01-18 17:36:18+00:00,-1.1,121.45,5.4,10.0,"III - IV Tojo Una-una, III - IV Poso",Pusat gempa berada di darat 9 km BaratDaya Tojo Una-Una,
2024-01-18 22:05:37+00:00,-0.42,99.1,4.8,42.0,"III Pasaman Barat, II Siberut, II Padang, II Padang Pariaman",Pusat gempa berada di laut 75 km Barat Daya Air Bangis- Pasaman Barat,
2024-01-22 04:02:22+00:00,-10.5,120.18,4.9,22.0,III Waingapu,Pusat gempa berada di laut 20 Km Barat daya Karera Sumba Timur,
2024-01-22 08:19:59+00:00,-8.6,112.38,4.4,129.0,II Trenggalek,Pusat gempa berada di laut 55 km barat daya Kab. Malang,
2024-01-23 04:07:21+00:00,-3.96,133.82,5.4,10.0,IV Kaimana,"Pusat gempa berada di Laut, 75 km Barat Daya Kaimana",
2024-01-23 09:05:03+00:00,-1.42,100.53,4.1,52.0,II Painan,Pusat gempa berada di laut 9 km BaratDaya Painan,
2024-01-23 09:54:40+00:00,-0.63,135.83,4.7,15.0,II-III Supiori,Pusat gempa berada di laut 16 km TimurLaut Supiori,
2024-01-24 01:29:46+00:00,-6.16,130.3,5.9,160.0,"II Kaimana, II Saumlaki",Pusat gempa berada di 230 km Barat Laut Tanimbar,
2024-01-24 08:05:39+00:00,-10.21,123.97,3.0,4.0,I-II Kab. Kupang,Pusat gempa berada di darat 26 km Tenggara Kab. Kupang,
2024-01-25 05:51:40+00:00,-10.16,123.89,3.2,10.0,II Kab. Kupang,Pusat gempa berada di darat 18 km Tenggara Kab. Kupang,
2024-01-25 08:03:17+00:00,-10.17,123.95,3.7,5.0,III Kabupaten Kupang,Pusat gempa berada di darat 21 km Tenggara Kab. Kupang,
2024-01-25 12:24:13+00:00,-8.26,121.2,5.6,11.0,"III Ruteng, III Waingapu, III Bajawa, III Ende, III Maumere, III Labuan Bajo, II Kupang, III Kota Bima",Pusat gempa berada di laut 47 km BaratLaut Mbay,
2024-01-25 14:41:28+00:00,-8.99,115.69,4.8,101.0,"III Mataram, III Lombok Timur , III Lombok Barat, III Lombok Tengah , II-III Kuta, II-III Kuta Selatan, II-III Tabanan, II-III Klungkung, II-III Bangli, II-III Gianyar, II-III Denpasar, II Lombok Utara, II Sumbawa Barat",Pusat gempa berada di laut 55 km Tenggara Kuta Selatan,
2024-01-27 01:47:27+00:00,-6.22,120.29,4.8,6.0,III Selayar,Pusat gempa berada dilaut 25 Km Barat Laut Selayar,
2024-01-27 07:36:55+00:00,0.12,99.99,3.2,3.0,II Pasaman Barat,Pusat gempa berada di darat 11 km Tenggara Talu-Pasaman Barat,
2024-01-27 08:45:44+00:00,-0.56,100.52,3.1,4.0,"II Bukittinggi, II Padang Panjang",Pusat gempa berada di darat 14 km Barat Daya Batusangkar - Tanah Datar,
2024-01-27 09:33:17+00:00,-11.78,113.35,5.6,10.0,"III Kuta, III Mataram , III Lombok Barat, II Denpasar, II Gianyar",Pusat gempa berada di laut 391 km Barat Daya Kuta Selatan,
2024-01-27 13:18:48+00:00,-8.23,121.17,4.3,10.0,III Ende,Pusat gempa berada di laut 51 km Barat Laut Mbay-Nagekeo,
2024-01-27 16:50:44+00:00,-0.52,100.56,4.4,10.0,"III Padang Panjang, III Bukittinggi, II-III Padang, II-III Padang Pariaman, II-III Pariaman, II-III Pasaman Barat, II-III Solok Selatan","Pusat gempa berada di darat 7km Barat Daya Batusangkar, Tanah Datar",
2024-01-27 17:18:23+00:00,-8.56,119.11,4.8,125.0,II Bima,Pusat gempa berada di laut 41 km Tenggara Kota Bima,
2024-01-28 02:30:06+00:00,-2.98,130.5,4.0,10.0,II-III Bula,Pusat gempa berada di laut 15 Km Utara Bula-SBT,
2024-01-29 04:08:31+00:00,-4.03,122.4,2.3,10.0,II Konawe Selatan,"Pusat gempa berada di darat 3 km Timur Laut Ranomeeto Barat, Kab. Konawe Selatan",
2024-01-30 01:38:49+00:00,-3.54,102.42,3.8,3.0,III Kepahiang,Pusat gempa berada di darat 13 km BaratDaya RajangLebong,
2024-01-30 19:39:46+00:00,-8.81,115.82,3.3,14.0,"II Lombok Barat, II Lombok Tengah",Pusat gempa berada dilaut 37 km BaratDaya Lombok Barat,
2024-01-31 12:50:21+00:00,-2.95,119.39,2.6,3.0,II Mamasa,Pusat gempa berada di darat 8 km Tenggara Mamasa,
2024-02-01 11:36:28+00:00,-10.25,124.04,2.8,10.0,II Kabupaten Kupang,Pusat gempa berada di laut 33 km Tenggara Kabupaten Kupang,
2024-02-01 23:07:30+00:00,-2.35,138.21,4.8,25.0,II Kab. Sarmi,Pusat gempa berada di darat 18 km TimurLaut Mamberamoraya,
2024-02-02 03:46:31+00:00,-7.32,107.59,3.2,4.0,"II-III Pangalengan, II-III Cibereum, II-III Bungbulang",Pusat gempa berada di darat 33 km Tenggara Kab. Bandung,
2024-02-02 05:02:21+00:00,-8.2,124.59,2.7,6.0,II Alor,Pusat gempa berada di darat 11 km timur laut Alor,
2024-02-02 10:21:36+00:00,-7.28,107.62,3.1,3.0,"II-III Pangalengan, II-III Cibereum, II-III Cikajang, II-III Bungbulang",Pusat gempa berada di darat 30 km Tenggara Kab. Bandung,
2024-02-02 13:03:08+00:00,-6.08,104.3,4.0,30.0,II Kota Agung,Pusat gempa berada di laut 78 km BaratDaya Tanggamus,
2024-02-03 08:25:10+00:00,2.49,127.06,5.2,10.0,II-III Tobelo,Pusat gempa berada di laut 83 km Barat Laut Pulau Doi,
2024-02-04 04:41:57+00:00,-0.72,133.32,3.7,6.0,II Tambrauw,Pusat gempa berada di darat 31 km TimurLaut Kebar,
2024-02-05 00:52:22+00:00,-2.14,100.41,5.7,16.0,"III Mentawai, III Padang, III Agam, III Padang Pariaman, II Pesisir Selatan, II Padang Panjang, II Bukittinggi",Pusat gempa berada di laut 89 km BaratDaya Pesisir Selatan,
2024-02-05 01:25:23+00:00,-6.79,107.08,2.9,6.0,"III Pacet, III Cugenang, III Cianjur",Pusat gempa berada di darat 7 Km Baratlaut Cianjur,
2024-02-05 01:27:54+00:00,-6.82,107.08,2.1,9.0,"II Pacet, II Cugenang, II Cianjur",Pusat gempa berada di darat 6 km Barat laut Kab. Cianjur,
2024-02-05 10:25:16+00:00,0.77,121.38,4.9,73.0,"III Tolitoli, III Pohuwatu, II - III Boalemo",Pusat gempa berada di darat 22 km Tenggara Buol,
2024-02-05 12:38:46+00:00,-0.42,124.27,5.3,15.0,II - III Banggai Laut,Pusat gempa berada di laut 93 km Tenggara Bolaanguki-Bolaang Mongondow Selatan,
2024-02-05 14:05:24+00:00,-4.01,140.27,5.4,92.0,II Wamena,Pusat gempa berada di darat 66 km Barat Laut Pegunungan Bintang,
2024-02-07 18:31:03+00:00,-7.64,106.91,4.5,29.0,"II Kab. Sukabumi, II Kab. Cianjur",Pusat gempa berada di laut 80 km BaratDaya Kota Sukabumi,
2024-02-08 16:37:01+00:00,-3.54,102.42,4.0,5.0,"III Kepahiang, III Rejang Lebong",Pusat gempa berada di darat 13 km Barat Daya Rejang Lebong,
2024-02-08 17:59:21+00:00,-3.99,122.55,3.2,4.0,"III Kendari, II-III Konawe Selatan",Pusat gempa berada di darat 2 km Baratlaut Kota Kendari,
2024-02-09 23:53:26+00:00,-0.05,135.93,5.2,10.0,II-III Biak,Pusat gempa berada dilaut 82 km Timur Laut SUPIORI,
2024-02-10 14:44:30+00:00,-2.21,140.06,4.2,6.0,II Kab. Jayapura,Pusat gempa berada di 44 km BaratLaut GENYEM-JAYAPURA,
2024-02-11 10:42:01+00:00,-8.62,120.42,2.8,10.0,II Ruteng,Pusat gempa berada di darat 4 km BaratDaya Ruteng-Manggarai,
2024-02-11 13:06:10+00:00,-8.63,120.48,3.2,10.0,II Ruteng,Pusat gempa berada didarat 2 Km Tenggara Ruteng,
2024-02-11 21:04:22+00:00,-10.42,124.22,4.9,13.0,II-III Kota Kupang,Pusat gempa berada di laut 60 km Tenggara Kab. Kupang,
2024-02-13 01:22:24+00:00,-3.19,115.12,4.7,10.0,"II-III Banjarmasin, II-III Kota Marabahan, II-III Pulau Pisau, II-III Palangkaraya, II-III Sampit",Pusat gempa berada di darat 19 km Timur Laut Banjarmasin,
2024-02-13 02:51:56+00:00,2.05,98.93,3.0,4.0,III Tarutung,Pusat gempa berada di darat 5 km BaratLaut Tapanuli Utara,
2024-02-13 07:09:17+00:00,-3.23,115.18,3.3,10.0,III Kab. Banjar,Pusat gempa berada di darat 22 km TimurLaut Banjar,
2024-02-13 18:32:02+00:00,-3.26,115.12,4.1,10.0,II-III Kab. Banjar,Pusat gempa berada di darat 15 km timur laut Banjar,
2024-02-15 11:25:09+00:00,-5.05,123.22,2.9,20.0,II-III Lasalimu,Pusat gempa berada di laut 22 Km Timur laut Lasalimu kabupaten buton,
2024-02-15 15:54:03+00:00,-8.56,112.22,4.6,100.0,"II Blitar, II Karangkates, II Trenggalek, II Malang, II Pacitan",Pusat gempa berada di laut 47 km Tenggara Kab. Blitar,
2024-02-16 08:22:48+00:00,2.15,97.85,4.4,31.0,"III - IV Kab. Aceh Singkil, III Kota Subulussalam",Pusat gempa berada di laut 21 km Tenggara Kab. Aceh Singkil,
2024-02-16 11:51:58+00:00,-7.38,108.24,3.1,6.0,"II-III Tasikmalaya, II-III Pangandaran, II-III Ciamis",Pusat gempa berada di darat 8 km tenggara Kota Tasikmalaya,
2024-02-16 22:28:17+00:00,-8.55,118.37,4.5,114.0,II Sumbawa,Pusat gempa berada di darat 10 km BaratDaya Bompu,
2024-02-17 16:47:28+00:00,-8.38,114.49,4.1,10.0,"III Banyuwangi, III Jembrana",Pusat gempa berada dilaut 12 km BaratDaya Jembrana,
2024-02-18 04:32:42+00:00,-2.7800000000000002,115.69,3.2,10.0,II - III Tapin,Pusat gempa berada di darat 26 km Tenggara Hulu Sungai Tengah,
2024-02-19 00:00:25+00:00,-9.49,115.93,4.3,41.0,"II Mataram, II Lombok Barat, II Lombok Tengah",Pusat gempa berada di Laut 92 km BaratDaya Lombok Barat,
2024-02-20 03:46:55+00:00,-3.46,139.86,4.8,79.0,II Genyem,Pusat gempa berada di darat 58 Km Timurlaut Yalimo,
2024-02-20 04:27:14+00:00,-8.2,108.44,3.7,37.0,III Pangandaran,Pusat gempa berada di Laut 55 km Barat Daya Kab. Pangandaran,
2024-02-20 11:00:52+00:00,-2.56,140.65,2.7,12.0,II Jayapura,"Pusat gempa berada di darat, 5 km BaratLaut Kota Jayapura",
2024-02-21 06:12:47+00:00,-8.35,116.46,3.2,10.0,II Lombok Utara,Pusat gempa berada di darat 33 Km Timur Laut Lombok Utara,
2024-02-22 03:06:34+00:00,-8.05,107.74,3.2,24.0,II Kab. Tasikmalaya,Pusat gempa berada di laut 87 km BaratDaya Kab. Tasikmalaya,
2024-02-22 17:55:09+00:00,-2.95,119.37,2.2,2.0,II Mamasa,Pusat gempa berada di darat 6 km Tenggara Mamasa,
2024-02-23 07:46:30+00:00,-0.67,98.5,5.6,26.0,"III Teluk Dalam, III Pulau Hibala, II Padang",Pusat gempa berada di laut 157 km tenggara Nias Selatan,
2024-02-23 12:55:52+00:00,-2.96,119.38,3.3,5.0,III Mamasa,Pusat gempa berada di darat 8 km tenggara Mamasa,
2024-02-23 13:16:13+00:00,2.22,117.28,2.8,8.0,II-III Berau,Pusat gempa berada di darat 21 km barat laut Berau,
2024-02-25 13:07:03+00:00,-7.61,105.9,5.7,10.0,"II-III Cilacap , II Serang, II-III Panimbang, II-III Cigelis , II Lembang, III Garut, II-III Bandung",Pusat gempa berada di laut 85 km BaratDaya Bayah,
2024-02-25 14:34:29+00:00,-8.42,120.72,3.8,10.0,II Ruteng,Pusat gempa berada didarat 35 Km Timur Laut Ruteng,
2024-02-25 15:04:56+00:00,-7.54,105.95,5.1,10.0,"II Surade, II Pelabuhan Ratu, II Panimbang, II Tanjung Lesung",Pusat gempa berada di laut 75 km BaratDaya Bayah,
2024-02-25 17:33:47+00:00,0.63,98.52,4.8,12.0,II-III Tapanuli Tengah,Pusat gempa berada di laut 78 km TimurLaut Nias Selatan,
2024-02-26 11:30:47+00:00,-3.11,115.22,2.9,10.0,II - III Tapin,Pusat gempa berada didarat 28 Km Tenggara Tapin,
2024-02-26 12:06:49+00:00,-4.02,133.68,4.7,19.0,II Kaimana,Pusat gempa berada di laut 43 km BaratDaya Kaimana,
2024-02-26 17:09:54+00:00,-2.95,119.36,2.3,5.0,II Mamasa,Pusat gempa berada di darat 5 km Tenggara Mamasa,
2024-02-26 20:09:51+00:00,-6.75,107.6,2.8,7.0,III Ciater Subang,"Pusat gempa berada didarat 13Km Timur Laut Kab,Bandung",
2024-02-27 04:49:13+00:00,-9.71,125.05,5.2,10.0,III Malaka,Pusat gempa berada di Laut 25 km Tenggara Malaka,
2024-02-27 10:13:56+00:00,-4.44,122.85,3.0,10.0,II-III Konawe Selatan,Pusat gempa berada di laut 12 km barat daya Kab. Buton Utara,
2024-02-27 10:50:54+00:00,-2.96,119.39,2.6,3.0,II-III Mamasa,Pusat gempa berada di darat 8 km Tenggara Mamasa,
2024-02-28 00:48:09+00:00,-6.7,107.63,2.9,6.0,II-III Subang,Pusat gempa berada di darat 20 km Barat Daya Kab. Subang,
2024-02-28 12:50:12+00:00,-6.9,106.94,1.8,7.0,II Kab. Sukabumi,Pusat gempa berada di darat 2 km TimurLaut Kota Sukabumi,
2024-02-28 17:44:36+00:00,5.14,94.7,4.2,14.0,II Banda Aceh,Pusat gempa berada di laut 101 km BaratDaya JANTHO-ACEH BESAR,
2024-02-29 15:34:21+00:00,-0.26,120.04,4.4,5.0,III Kab. Donggala,Pusat gempa berada di darat 29 km TimurLaut Donggala,
2024-02-29 20:19:45+00:00,-10.48,113.62,5.0,10.0,II Karangkates,Pusat gempa berada di laut 253 km BaratDaya Jember,
2024-03-01 07:06:38+00:00,-4.7,139.54,5.3,10.0,"II Wamena, III Yahukimo",Pusat gempa berada di darat 22 km tenggara Yahukimo,
2024-03-01 13:59:36+00:00,-2.88,119.48,3.2,5.0,III Mamasa,Pusat gempa berada di darat 17 km TimurLaut Mamasa,
2024-03-01 18:39:25+00:00,0.56,98.51,4.7,10.0,"II-III Pinang Sori, II-III Tapanuli Tengah",Pusat gempa berada di Laut 77 km Tenggara Nias Selatan,
2024-03-02 08:27:35+00:00,-4.33,122.65,3.1,5.0,II Kendari,"Pusat gempa berada didarat 5,7 km BaratDaya Kolono, Kab. Konawe Selatan",
2024-03-02 10:48:44+00:00,-7.55,106.68,4.9,28.0,"III Kab Sukabumi, III Pelabuhan Ratu, III Simpenan, III Surade, II-III Kota Sukabumi, II-III Kalapanunggal, II-III Cireunghas, II Cianjur, II Pangalengan, II Tasikmalaya, II Soreang, II Kota Bandung",Pusat gempa berada di laut 64 km Tenggara Kab Sukabumi,
2024-03-02 16:40:55+00:00,-9.51,116.3,4.0,39.0,"II Lombok Tengah , II Mataram, II Lombok Barat",Pusat gempa berada di laut 89 km Tenggara Lombok Tengah,
2024-03-03 02:16:57+00:00,-7.24,107.69,2.9,5.0,"III Pasirwangi, III Kertasari",Pusat gempa berada di darat 23 km BaratDaya Kab. Garut,
2024-03-03 13:37:59+00:00,-2.5,140.43,4.2,10.0,"III Kota Jayapura, III Kab. Jayapura",Pusat gempa berada di darat 10 km TimurLaut Kab. Jayapura,
2024-03-03 15:07:42+00:00,-5.08,103.06,5.1,17.0,"III Liwa, I-II Kaur, I-II Kepahiang, I-II Oku Selatan, I-II Bengkulu Utara",Pusat gempa berada di laut 45 km Barat Daya Kaur,
2024-03-04 02:48:23+00:00,-5.73,102.22,5.6,10.0,"III Enggano, II Liwa, II Semangka",Pusat gempa berada di laut 43 km baratdaya Enggano,
2024-03-04 06:55:13+00:00,-4.92,102.79,4.9,27.0,"II Liwa, I-II Krui",Pusat gempa berada di laut 53 km Barat Daya Bengkulu Selatan,
2024-03-04 15:14:23+00:00,-3.47,128.37,3.5,10.0,III Kairatu,Pusat gempa berada di laut 14 km Selatan Kairatu-SBB,
2024-03-05 01:40:33+00:00,-9.74,119.63,3.7,11.0,II-III Langgaliru,Pusat gempa berada di darat 13 km Tenggara Waibakul,
2024-03-05 09:37:23+00:00,-9.59,115.24,4.5,23.0,"II Denpasar, II Kuta, II Kuta Selatan, II Karangasem",Pusat gempa berada di laut 88 km tenggara Kuta Selatan,
2024-03-07 09:33:09+00:00,-3.66,133.71,2.7,10.0,II Kaimana,Pusat gempa berada di darat 4 km BaratDaya Kaimana,
2024-03-07 13:11:53+00:00,-9.02,112.79,4.5,17.0,II Malang,Pusat gempa berada di laut 101 km Tenggara Kab. Malang,
2024-03-08 09:11:48+00:00,5.73,126.88,6.0,141.0,III Talaud,Pusat gempa berada di laut 110 Km Baratlaut Pulau Karatung,
2024-03-11 15:31:04+00:00,1.1,121.07,3.5,10.0,II - III Toli-Toli,Pusat gempa berada di darat 34 km BaratLaut Buol,
2024-03-12 13:10:46+00:00,-3.2,128.76,4.0,7.0,"III Elpaputih, II Masohi",Pusat gempa berada di darat 10 km Utara Elpaputih,
2024-03-13 11:08:44+00:00,-3.89,102.17,4.3,17.0,"II-III Kepahiang, II-III Bengkulu Tengah, II Argamakmur",Pusat gempa berada di laut 32 km BaratDaya Bengkulu Tengah,
2024-03-13 14:53:20+00:00,4.53,96.41,3.9,5.0,II Seunagan Raya,Pusat gempa berada di darat 34 km Timur Laut Kab. Nagan Raya,
2024-03-13 18:56:14+00:00,-0.21,125.24,6.2,10.0,"III Minahasa Selatan , II Minahasa Utara, II Bolaang Mongondow",Pusat gempa berada di laut laut 128 km Tenggara Tuntuyan BolTim,
2024-03-15 01:29:19+00:00,-7.99,108.1,4.0,51.0,"III Pangandaran, III Garut, III Cijulang, III Pamengpeuk, III Karangnunggal, II Pengalengan",Pusat gempa berada di laut 54 Km Barat Daya Kab. Pangandaran,
2024-03-15 03:37:38+00:00,-8.21,108.22,4.2,31.0,"III Pangandaran, III Garut, III Cisewu, III Karangnunggal, III Tasikmalaya",Pusat gempa berada di laut 64 Km Barat Daya Kab. Pangandaran,
2024-03-16 00:49:43+00:00,-8.19,119.87,4.1,10.0,II Labuhan Bajo,Pusat gempa berada di Laut 33 km BaratLaut Labuhan Bajo,
2024-03-16 08:05:12+00:00,-2.06,125.75,4.5,17.0,III Sanana,Pusat gempa berada di laut 135 km Barat Laut Airbuaya-Buru,
2024-03-16 08:33:56+00:00,-9.45,119.01,4.9,37.0,"II Waingapu, II Kodi, II Bima",Pusat gempa berada di darat 16 km timur laut Kodi-Sumba Barat Daya,
2024-03-17 09:36:45+00:00,-9.17,119.14,4.3,44.0,"II Bima, II Waingapu",Pusat gempa berada di Laut 25 km Barat Laut TAMBOLAKA,
2024-03-17 16:17:00+00:00,-9.34,113.2,4.6,30.0,"II Lumajang, II Banyuwangi",Pusat gempa berada di laut 134 km BaratDaya Lumajang,
2024-03-19 11:11:46+00:00,-10.38,123.85,3.5,25.0,II Kab. Kupang,Pusat gempa berada di laut 43 km Barat Daya Kab. Kupang,
2024-03-20 02:38:21+00:00,-6.95,111.46,2.8,11.0,III Kec. Jepon,Pusat gempa berada di darat 5 km TimurLaut Blora,
2024-03-20 08:24:57+00:00,-2.09,100.44,5.3,21.0,"II - III Mukomuko, II Padang, II-III Pesisir Selatan",Pusat gempa berada di laut 83 km Barat Daya Pesisir Selatan,
2024-03-21 10:45:32+00:00,4.86,94.78,4.2,22.0,II Aceh Besar,Pusat gempa berada di laut 92 Km Barat Laut Calang,
2024-03-21 12:43:56+00:00,0.25,99.98,3.7,10.0,"II-III Pasaman, II-III Pasaman Barat",Pusat gempa berada di darat 2 km Timur Laut Talu-Pasaman Barat,
2024-03-21 23:57:03+00:00,-2.92,119.42,2.1,5.0,II Mamasa,Pusat gempa berada di darat 10 km Tenggara Mamasa,
2024-03-22 04:22:45+00:00,-5.74,112.32,6.0,10.0,"III-IV Bawean, II-III Jepara, IV-V Tuban, II-III Lamongan, II-III Bojonegoro, II-III Surabaya, II-III Kudus, II-III Blora, II-III Pekalongan, II-III Nganjuk, II-III Pacitan, II-III Trenggalek, II-III Tulungagung, II-III Sidoarjo, II-III Madiun, II-III Pasuruan, II-III Malang, II-III Semarang, II-III Yogyakarta, II - III Banjarmasin, II - III Sampit , II - III Barito Kuala",Pusat gempa berada di laut 132 km TimurLaut Tuban,
2024-03-22 05:31:12+00:00,-5.74,112.36,5.3,10.0,"II Surabaya, II Blora",Pusat gempa berada di laut 133 km TimurLaut TUBAN-JATIM,
2024-03-22 08:52:58+00:00,-5.76,112.33,6.5,10.0,"III-IV Blora, III-IV Surabaya, III-IV Kab. Banjar, II-III Mojokerto, II-III Malang, II-III Lumajang, II-III Nganjuk, II Yogyakarta, II-III Pasuruan, II-III Jepara, II-III Rembang, II-III Demak, II-III Kudus, II-III Semarang, II Pacitan, II Trenggalek, II Blitar, II Solo, II Sleman, II Kulonprogo, II Kebumen, II Temanggung, III-IV Madura, III-IV Gresik, II-III Banjarbaru, II-III Sampit, II-III Banjarmasin, II-III Martapura, II-III Balikapapan, II-III Tanah Grogot, II-III Palangkaraya, V-VI Bawean, II-III Madiun",Pusat gempa berada di laut 130 km TimurLaut Tuban,
2024-03-23 12:57:36+00:00,-5.98,112.31,4.6,17.0,"II-III Bawean, II Surabaya",Pusat gempa berada di laut 106 km Timur Laut Tuban,
2024-03-23 13:20:29+00:00,-4.66,102.72,5.6,27.0,"III-IV Kota Bengkulu, III-IV Empat Lawang, III Liwa, III Kepahiang, III Lebong, III Bengkulu Utara, III Mukomuko, III Enggano, III Kota Muaradua, II Semaka, II Sekincau, IV Kaur, IV Bengkulu Selatan, IV Manna",Pusat gempa berada di laut 31 Km Barat Daya Bengkulu Selatan,
2024-03-23 20:22:07+00:00,-4.25,143.07,6.8,63.0,"III Jayapura, II Wamena, II Merauke, III Keerom, II Nabire",Pusat gempa berada di darat 275 km Tenggara Keerom,
2024-03-23 23:14:58+00:00,-5.8,112.34,4.5,2.0,III-IV Bawean,Pusat gempa berada di laut 126 km Timur Laut Tuban,
2024-03-23 23:47:13+00:00,-0.24,123.04,4.9,101.0,"II-III Gorontalo, III Bone Bolango, II-III Kota Gorontalo",Pusat gempa berada di laut 87 km Barat Daya Bone Bolango,
2024-03-24 03:04:10+00:00,-9.64,122.16,6.1,47.0,"IV Ende, III-IV Larantuka , II-III Sabu, III-IV Waingapu, II Bima, III Bajawa, III Maumere",Pusat gempa berada di laut 104 km Tenggara Ende,
2024-03-24 11:53:55+00:00,-1.53,133.36,5.0,27.0,"II-III Manokwari Selatan, II Manokwari",Pusat gempa berada di darat 65 km Barat Laut Teluk Bintuni,
2024-03-24 13:19:01+00:00,-8.22,115.61,3.5,10.0,II Karangasem,Pusat gempa berada di laut 17 km TimurLaut Karangasem,
2024-03-24 15:34:06+00:00,-7.84,108.62,4.7,80.0,"III Pangandaran, II-III Tasikmalaya, II-III Cilacap, II Banyumas",Pusat gempa berada di laut 20 km Tenggara Kabupaten Pangandaran,
2024-03-24 19:49:06+00:00,4.26,96.86,4.9,4.0,II-III Gayo Lues,Pusat gempa berada di darat 40 km Tenggara Takengon-Aceh Tengah,
2024-03-24 19:55:07+00:00,4.1,96.88,4.1,3.0,II-III Gayo Lues,Pusat gempa berada di darat 30 km BaratLaut Blangpidie-Aceh Barat Daya,
2024-03-25 11:54:24+00:00,1.1400000000000001,113.0,4.3,10.0,"III Kapuas Hulu, III Putusibau",Pusat gempa berada di darat 34 km Barat Laut Kapuas Hulu,
2024-03-25 12:37:05+00:00,-1.58,120.21,4.4,10.0,"III Lore Utara, III Lore Peore, II-III Kulawi",Pusat gempa berada di darat 17 km Utara Doda,
2024-03-25 13:21:38+00:00,-4.64,120.38,3.6,7.0,"III Watampone, III Mare, III Sibulue",Pusat gempa berada di darat 36 km Timur Laut Bone,
2024-03-25 13:40:50+00:00,-5.47,105.24,2.0,3.0,II Teluk Betung,Pusat gempa berada di darat 3 Km BaratDaya Bandar Lampung,
2024-03-25 13:54:19+00:00,-5.66,112.41,4.0,10.0,II-III Bawean,Pusat gempa berada dilaut 143 km Timur Laut Tuban,
2024-03-25 17:36:36+00:00,0.8300000000000001,125.4,4.8,40.0,"II-III Bitung, II Manado, II Tondano",Pusat gempa berada di laut 71 km Tenggara Ratahan,
2024-03-25 19:23:23+00:00,-4.09,121.86,2.5,5.0,II Rate-Rate,"Pusat gempa berada di darat 2.9 km Barat Daya Loea, Kab. Kolaka Timur",
2024-03-25 21:05:54+00:00,-5.87,112.46,4.4,6.0,II-III Bawean,Pusat gempa berada di laut 123 km Timur Laut Tuban,
2024-03-25 21:42:09+00:00,-1.62,120.35,3.9,10.0,II-III Poso,"Pusat gempa berada di darat 16 Km Timur Laut Doda, Kab.Poso",
2024-03-25 22:06:04+00:00,-6.82,108.09,3.1,5.0,"II Bandung Barat, II Sumedang",Pusat gempa berada di darat 15 Km Barat Laut Kab.Majalengka,
2024-03-26 06:07:47+00:00,-5.61,112.56,4.3,10.0,II Bawean,Pusat gempa berada di laut 154 km TimurLaut Tuban,
2024-03-26 07:14:12+00:00,-5.73,112.56,4.2,10.0,II Bawean,Pusat gempa berada di laut 142 km Timur Laut Tuban,
2024-03-26 08:29:20+00:00,-4.38,122.64,3.4,5.0,II-III Konawe Selatan,"Pusat gempa berada di darat, 4.1 km TimurLaut Lainea, Kab. Konawe Selatan",
2024-03-26 14:54:10+00:00,-5.61,112.55,4.1,10.0,II-III Bawean,Pusat gempa berada di Laut 154 km TimurLaut Tuban,
2024-03-27 08:10:12+00:00,-2.14,136.64,4.1,17.0,II Serui,Pusat gempa berada didarat 31km TimurLaut Waropen,
2024-03-27 19:46:59+00:00,-8.5,116.87,3.2,11.0,II Kab Sumbawa,Pusat gempa berada di darat 7 km BaratDaya Pulaupanjang,
2024-03-28 02:28:14+00:00,-3.66,116.15,3.3,6.0,II-III Kotabaru,Pusat gempa berada di darat 68 km Tenggara Tanah Bumbu,
2024-03-28 08:01:52+00:00,-9.3,110.17,5.0,10.0,"III Kulonprogo, II Bantul, II Pacitan, II Trenggalek, II Wonogiri, II Sleman",Pusat gempa berada di Laut 153 Km BaratDaya Gunung Kidul,
2024-03-28 21:23:03+00:00,-5.86,112.52,4.8,10.0,"II-III Bawean, II-III Lamongan, II-III Gresik, II-III Tuban, II Pati, II Rembang",Pusat gempa berada di laut 127 km TimurLaut Tuban,
2024-03-29 14:22:42+00:00,-6.73,106.63,3.0,4.0,"II-III Pamijahan, II-III Kalapanunggal, II Bogor",Pusat gempa berada di darat 23 km Barat Daya Kota Bogor,
2024-03-30 12:06:30+00:00,-8.38,119.29,4.3,13.0,II Bima,Pusat gempa berada di laut 60 km TimurLaut Kota Bima,
2024-03-30 21:43:18+00:00,-5.7,112.56,4.1,10.0,II Bawean,Pusat gempa berada di laut 145 km timur laut Tuban,
2024-03-30 22:59:21+00:00,-5.77,112.55,4.0,10.0,II Bawean,Pusat gempa berada di laut 135 km timur laut Tuban,
2024-03-31 06:09:31+00:00,-3.73,114.78,2.8,10.0,I-II Pelaihari,Pusat gempa berada di darat 5km Barat Laut TANAH LAUT,
2024-03-31 13:09:45+00:00,-5.7,112.37,4.7,10.0,II-III Bawean,Pusat gempa berada di laut 138km Timur Laut TUBAN,
2024-03-31 20:21:20+00:00,-5.71,122.66,2.9,5.0,II-III Buton Selatan,"Pusat gempa berada di laut 10.2 km barat daya Sampolawa, Kab. Buton Selatan",
2024-03-31 23:05:19+00:00,-5.73,122.64,3.3,5.0,II-III Buton Selatan,"Pusat gempa berada di laut, 13.2 km BaratDaya Sampolawa",
2024-04-01 10:26:26+00:00,-5.71,112.49,4.7,10.0,II-III Bawean,Pusat gempa berada di laut 141 km Timur Laut Tuban,
2024-04-01 12:43:23+00:00,-3.47,120.35,3.2,6.0,"II-III Bajo, II-III Belopa",Pusat gempa berada di darat 21 km Tenggara Luwu,
2024-04-02 14:05:23+00:00,-1.38,115.52,2.8,10.0,II Banjarmasin,Pusat gempa berada didarat 54Km BaratLaut Tabalong,
2024-04-02 18:35:48+00:00,-5.67,112.6,4.1,5.0,II - III Bawean,Pusat gempa berada di laut 150 km TimurLaut TUBAN,
2024-04-03 09:02:16+00:00,-5.73,112.37,5.6,10.0,"II-III Surabaya, II-III Tuban, II-III Gresik , II-III Kendal, II-III Blora, II-III Bojonegoro, III-IV Bawean",Pusat gempa berada di laut 134 km Timur Laut Tuban,
2024-04-04 10:51:51+00:00,-5.68,112.41,4.1,10.0,III Bawean,Pusat gempa berada di laut 141 km timur laut Tuban,
2024-04-06 08:24:31+00:00,-3.06,138.36,5.2,101.0,II Wamena,Pusat gempa berada didarat 48 Km Barat Laut Tolikara,
2024-04-07 14:57:19+00:00,-8.99,118.52,5.2,10.0,"III Bima, III Dompu, III Sumbawa",Pusat gempa berada di laut 51 km Tenggara Dompu,
2024-04-07 17:46:19+00:00,-6.62,103.97,5.4,64.0,II Krui,Pusat gempa berada di laut 149 km Barat daya Tanggamus,
2024-04-08 02:50:53+00:00,-8.63,118.39,4.1,117.0,II Dompu,Pusat gempa berada di laut 13 km BaratDaya Dompu,
2024-04-08 07:07:59+00:00,-7.26,107.64,2.6,10.0,"II Kec. Majalaya, II Kec. Kertasari",Pusat gempa berada di darat 28 km BaratDaya KAB-GARUT,
2024-04-08 13:31:32+00:00,-7.31,106.57,3.4,34.0,II Sukabumi,Pusat gempa berada di darat 35 km Tenggara Kab.Sukabumi,
2024-04-09 00:02:53+00:00,-1.51,134.54,6.1,10.0,"III-IV Ransiki, III Manokwari, II-III Biak, II-III Serui, II-III Wondama, II Nabire",Pusat gempa berada di laut 42 km Tenggara Ransiki,
2024-04-09 00:58:32+00:00,-4.9,103.01,4.7,33.0,II Liwa,Pusat gempa berada dilaut 39 km Barat Daya Kaur,
2024-04-09 09:48:01+00:00,2.75,127.14,6.5,10.0,"IV Morotai Selatan, III - IV Halmahera Barat , III-IV Sofifi, II-III Halmahera Tengah , III Manado , III Kota Ternate , II Minhasa Utara",Pusat gempa berada di laut 87 km Barat Laut Pulau Doi,
2024-04-11 07:55:28+00:00,-3.15,135.64,4.2,9.0,II Nabire,Pusat gempa berada di darat 28 km TimurLaut Nabire,
2024-04-11 14:42:57+00:00,-8.12,115.27,3.1,6.0,III Buleleng,Pusat gempa berada di darat 19 km Tenggara Buleleng,
2024-04-11 15:50:23+00:00,-2.7199999999999998,129.39,4.9,13.0,III Seram Utara,Pusat gempa berada di laut 14 km barat laut Wahai-Maluku Tengah,
2024-04-12 14:43:40+00:00,-5.69,112.57,4.2,5.0,II Bawean,Pusat gempa berada di laut 146 km timur laut Tuban,
2024-04-13 16:40:55+00:00,2.18,126.72,5.0,10.0,II-III Manado,Pusat gempa berada di laut 118 km barat daya Pulaudoi,
2024-04-14 08:57:36+00:00,3.0,97.42,4.2,16.0,III-IV Aceh Selatan,Pusat gempa berada di darat 37 km Tenggara Kab. Aceh Selatan,
2024-04-16 03:18:23+00:00,-7.37,106.07,4.7,18.0,"II Cibadak, II Kalapanunggal, II Pelabuhan Ratu, II Surade, II Ciracap",Pusat gempa berada di Laut 52 Km Barat Daya Bayah,
2024-04-16 16:10:22+00:00,-2.55,120.79,2.1,15.0,II Mangkutana,Pusat gempa berada di darat 42 km BaratLaut Luwu Timur,
2024-04-17 03:55:39+00:00,-1.53,134.61,4.9,9.0,II Manokwari,Pusat gempa berada di laut 49 km tenggara Ransiki,
2024-04-17 06:35:44+00:00,-2.73,134.55,3.0,10.0,II-III Wondama,Pusat gempa berada di darat 5 km Tenggara Teluk Wondama,
2024-04-17 08:15:03+00:00,-5.58,112.4,5.0,10.0,"II-III Bawean, II-III Gresik, II-III Surabaya, II Blora, II-III Tuban",Pusat gempa berada di laut 151 km TimurLaut Tuban,
2024-04-17 08:32:30+00:00,-2.5300000000000002,121.46,3.2,5.0,II-III Sorowako,Pusat gempa berada didarat 32 km Timurlaut Luwu Timur,
2024-04-18 06:03:40+00:00,-0.6900000000000001,133.53,3.9,18.0,II-III Kebar,"Pusat gempa berada di darat 54 km timur laut Kebar, Manokwari",
2024-04-19 07:22:55+00:00,-2.93,119.4,3.5,6.0,III Mamasa,Pusat gempa berada di darat 8 km Tenggara Mamasa,
2024-04-22 00:48:02+00:00,-8.38,109.24,4.9,39.0,"III Pangandaran, III Ciamis, II Bantul, II Cilacap, II Kebumen, II Banjarnegara",Pusat gempa berada di laut 77 Km Tenggara Cilacap,
2024-04-22 03:03:13+00:00,1.09,127.02,4.6,13.0,III-IV Ternate,Pusat gempa berada di laut 49 km Baratlaut Jailolo,
2024-04-22 06:06:05+00:00,-2.04,100.65,4.6,27.0,"III Pesisir Selatan, III Padang, II Kerinci",Pusat gempa berada di laut 30 Km Baratdaya Airhaji Pesisir Selatan,
2024-04-22 09:05:16+00:00,-7.1,111.85,3.3,9.0,"II-III Tuban, III Bojonegoro",Pusat gempa berada di darat 7 km BaratLaut Bojonegoro,
2024-04-22 11:10:47+00:00,-9.11,111.31,5.1,10.0,"II-III Pacitan, II-III Trenggalek, II-III Gunung Kidul, II Bantul, II Kota Yogyakarta, II Kulonprogo, II Blitar, II Blora, II-III Wonogiri",Pusat gempa berada di laut 105 km Tenggara Pacitan,
2024-04-22 11:18:48+00:00,0.54,123.93,4.8,247.0,I-II Kota Gorontalo,Pusat gempa berada di darat 19 km Barat Laut Bolaanguki,
2024-04-23 16:48:15+00:00,-0.8200000000000001,127.39,3.9,10.0,III Labuha,Pusat gempa berada di Laut 23 Km Barat Daya Labuha,
2024-04-24 05:41:50+00:00,-5.89,112.49,4.2,7.0,III-IV Bawean,Pusat gempa berada di laut 122 Km Timur Laut Tuban,
2024-04-24 16:27:52+00:00,-2.36,120.97,3.1,7.0,II-III Mangkutana,Pusat gempa berada di darat 33 km barat laut Luwu Timur,
2024-04-24 17:01:02+00:00,0.19,122.57,5.3,156.0,"III-IV Gorontalo, IV Kab. Bone Bolango, III-IV Kab. Gorontalo",Pusat gempa berada di laut 45 km Tenggara Boalemo,
2024-04-25 07:06:39+00:00,-3.34,128.37,3.8,10.0,III Kairatu,Pusat gempa berada di darat 2 km Timur Kairatu-SBB,
2024-04-25 08:54:46+00:00,-3.35,128.37,4.5,38.0,III Kairatu,Pusat gempa berada di darat 2 km Timur Kairatu - SSB,
2024-04-25 13:14:31+00:00,-3.3,128.38,3.7,6.0,III Kairatu,Pusat gempa berada di darat 34 km Tenggara Piru-SBB,
2024-04-26 09:57:10+00:00,-2.91,119.41,2.9,5.0,III Mamasa,Pusat gempa berada di darat 9 Km Timur Laut Mamasa,
2024-04-27 05:07:08+00:00,0.5700000000000001,122.35,4.7,63.0,"III-IV Boalemo, III Kabupaten Gorontalo, III Kabupaten Bone-Bolango, II-III Kota Gorontalo",Pusat gempa berada di darat 4 km TimurLaut Boalemo-Gorontalo,
2024-04-27 08:27:12+00:00,-7.14,105.35,4.8,10.0,"III Lebak, II-III Tangerang, II-III Tangerang Selatan, II-III Jakarta Selatan, II-III Bogor, II Sukabumi",Pusat gempa berada di laut 58 km BaratDaya Sumur,
2024-04-27 13:22:59+00:00,-6.83,107.0,3.1,5.0,"III Cianjur, III Sukabumi",Pusat gempa berada di darat 12 km TimurLaut Kota Sukabumi,
2024-04-27 16:29:47+00:00,-8.42,107.26,6.5,10.0,"IV Sukabumi, III-IV Bandung, III Tangerang, IV Tasikmalaya, III-IV Garut, III-IV Bogor, III Jakarta, III Kebumen, III Banyumas, III Cilacap, II Bantul, II Sleman, II Kulonprogo, II Trenggalek, II Malang",Pusat gempa berada di laut 151 km barat daya Kabupaten Garut,
2024-04-27 23:35:50+00:00,3.73,126.72,3.9,25.0,II-III Kabupaten Kepulauan Talaud,Pusat gempa berada di laut 30 km tenggara Melonguane,
2024-04-28 23:38:09+00:00,-8.15,107.88,3.7,23.0,"III Taraju, III Cibalong, III Cipatujah, III Pamengkuk, III Pangandaran, II Cikajang, II Cisurupan",Pusat gempa berada di laut 84 km Barat Daya Kab.Pangandaran,
2024-04-29 19:43:35+00:00,-2.5700000000000003,140.61,3.5,5.0,III Jayapura,Pusat gempa berada di darat 9 km Barat Daya Kota Jayapura,
2024-05-01 03:06:10+00:00,-7.2,107.57,4.2,4.0,"III Majalaya, III Cibereum, III Pangalengan, III Garut, II Soreang",Pusat gempa berada di darat 20 km Tenggara KAB-BANDUNG,
2024-05-01 13:11:49+00:00,-3.23,135.65,3.8,6.0,III-IV Nabire,Pusat gempa berada di darat 22 km Timur Laut Nabire,
2024-05-01 13:35:01+00:00,-7.82,107.26,4.0,24.0,"III Cidora, III Pamengpeuk, III Cisewu, III Bungbulang, III Singaparna, III Talegong, II Cikajang, II Pamulihan",Pusat gempa berada dilaut 93 km BaratDaya KAB-BANDUNG,
2024-05-02 11:03:13+00:00,-5.78,112.33,4.6,4.0,II - III Bawean,Pusat gempa berada di laut 128 km TimurLaut Tuban,
2024-05-02 11:59:06+00:00,-2.8200000000000003,126.66,4.9,10.0,II Namlea,Pusat gempa berada di laut 41 km timur laut Air Buaya - Buru,
2024-05-03 09:48:59+00:00,-4.0,122.63,2.9,5.0,III Kendari,"Pusat gempa berada di darat 3.9 km Barat Laut Moramo Utara, kab. Konawe Selatan",
2024-05-04 04:02:53+00:00,-9.4,119.02,4.9,39.0,II Bima,Pusat gempa berada di Laut 17 km BaratDaya Tambolaka,
2024-05-04 18:07:27+00:00,-3.54,128.74,2.2,10.0,II Saparua,Pusat gempa berada di Laut 11 km Timur Saparua-Maluku Tengah,
2024-05-04 21:38:07+00:00,-5.79,112.47,4.3,5.0,III Bawean,Pusat gempa berada di laut 132 km Timur Laut Tuban,
2024-05-05 14:25:04+00:00,-5.73,112.52,4.3,5.0,II-III Bawean,Pusat gempa berada di laut 140 km Timur Laut Tuban,
2024-05-05 18:33:14+00:00,-3.22,130.98,6.1,45.0,III Bula,Pusat gempa berada di laut 55 km Timur Bula,
2024-05-05 20:37:14+00:00,-3.18,130.94,5.8,14.0,III Bula,Pusat gempa berada di Laut 50 km Timur Bula,
2024-05-06 23:33:42+00:00,-1.09,120.41,4.8,10.0,"III - IV Sausu, II - III Poso",Pusat gempa berada di darat 6 km Barat Daya Sausu-Kab. Parigi Moutong,
2024-05-07 03:34:59+00:00,-8.82,110.93,5.0,24.0,"III Bantul, III Yogyakarta, II Sukoharjo, III Pacitan, II-III Trenggalek, II-III Blitar, II-III Tulungagung, II-III Malang, II Nganjuk, III Wonogiri, II Klaten","Pusat gempa berada di Laut, 73 km BaratDaya Pacitan",
2024-05-07 09:50:01+00:00,0.6000000000000001,110.43,3.2,10.0,II - III Sanggau,Pusat gempa berada di darat 52 km Barat Laut Sanggau,
2024-05-07 15:15:40+00:00,-7.38,111.47,3.3,10.0,III Ngawi,"Pusat gempa berada di darat, 4 km TimurLaut Ngawi",
2024-05-07 22:09:55+00:00,-9.51,115.84,5.2,78.0,"III Badung, III Denpasar, III Gianyar, III Tabanan, III Lombok Tengah, III Lombok Barat, III Lombok Timur, III Lombok Utara, III Kota Mataram, III Sumbawa Barat, II Karangasem",Pusat gempa berada di laut 97 km Barat Daya Lombok Barat,
2024-05-08 03:16:41+00:00,1.48,122.99,4.5,6.0,"II - III Kota Gorontalo, II kab. Gorontalo",Pusat gempa berada di laut 70 km Boroko-Bolaang Mongondow Utara,
2024-05-08 14:37:54+00:00,-5.97,103.64,4.6,10.0,II Liwa,Pusat gempa berada di laut 92 km BaratDaya Pesisir Barat Lampung,
2024-05-09 07:14:18+00:00,-6.79,106.64,3.3,6.0,"III Bogor Barat, III Sukabumi, III Cibadak, III Cicurug, III Kabandungan",Pusat gempa berada di darat 24 km Timur Laut Kabupaten Sukabumi,
2024-05-09 12:12:26+00:00,-2.51,121.4,3.5,10.0,II-III Sorowako,Pusat gempa berada di darat 26 km timur laut Luwu Timur,
2024-05-10 15:20:48+00:00,-3.48,101.63,4.7,24.0,"III Bengkulu Utara, II - III Seluma, II - III Kota Bengkulu, II - III Mukomuko, II - III Bengkulu Tengah, II - III Rejang Lebong, II Kepahiang",Pusat gempa berada di laut 63 km Barat Daya Bengkulu Utara,
2024-05-10 19:34:37+00:00,-9.13,113.06,5.2,10.0,"II - III Jember, II Kepajen, II Pacitan, II Blitar, II Surabaya",Pusat gempa berada di laut 112 km BaratDaya Lumajang,
2024-05-12 14:01:25+00:00,-5.88,112.52,3.2,4.0,II Bawean,Pusat gempa berada dilaut 125 km Timur Laut Tuban,
2024-05-12 14:12:01+00:00,-6.74,106.58,3.2,6.0,"III Kabandungan, II Bogor, II Kalapanunggal",Pusat gempa berada didarat 27 Km Timur Laut Kab. Sukabumi,
2024-05-12 14:33:07+00:00,-5.87,112.56,4.3,8.0,III Tuban,Pusat gempa berada di laut 128 km Timur Laut Tuban,
2024-05-13 06:42:33+00:00,-5.78,112.51,4.9,10.0,III-IV Bawean,Pusat gempa berada di laut 134 km timur laut Tuban,
2024-05-14 01:51:31+00:00,-0.32,121.93,4.3,10.0,III Wakai,Pusat gempa berada di laut 86 km barat daya Pohuwato,
2024-05-14 08:11:10+00:00,-8.4,116.03,5.5,10.0,"III Kota Mataram, III Lombok Barat, III Lombok Timur, III Lombok Tengah, III Lombok Utara, III Sumbawa Barat, III Sumbawa, III Badung, III Denpasar, III Karangasem, III Bangli, II Tabanan",Pusat gempa berada di laut 15 km Barat Daya Lombok Utara,
2024-05-14 12:13:46+00:00,5.5600000000000005,95.47,3.4,5.0,"II - III Banda Aceh, II-III Aceh Besar",Pusat gempa berada di darat 38 km barat laut Jantho-Aceh Besar,
2024-05-15 06:37:21+00:00,-2.91,119.42,2.6,5.0,II Mamasa,Pusat gempa berada di darat 10 km Timur Laut Mamasa,
2024-05-15 07:32:20+00:00,-2.95,119.4,3.0,5.0,II Mamasa,Pusat gempa berada di darat 9 km Tenggara Mamasa,
2024-05-15 07:38:45+00:00,-2.91,119.42,2.8,5.0,II Mamasa,Pusat gempa berada di darat 11 km Tenggara Mamasa,
2024-05-15 08:45:52+00:00,-2.93,119.43,2.7,5.0,II Mamasa,Pusat gempa berada di darat 11 km Tenggara Mamasa,
2024-05-15 13:06:23+00:00,-6.86,107.1,3.0,3.0,"III Kota Cianjur, III Warungkondang, III Cipanas, III Cugenang, III Cilaku",Pusat gempa berada di darat 6km baratdaya Kab. Cianjur,
2024-05-16 01:24:46+00:00,5.26,95.59,3.8,9.0,II-III Pidie,Pusat gempa berada di darat 2 km Timur Laut Jantho Aceh Besar,
2024-05-16 02:36:08+00:00,-3.29,135.48,4.6,25.0,II-III Nabire,Pusat gempa berada di darat 9km Barat Laut Nabire,
2024-05-16 12:52:40+00:00,-4.05,122.49,2.3,5.0,"II-III Kendari, II-III Konawe Selatan",Pusat gempa berada di darat 1.6 km tenggara Baruga,
2024-05-17 15:25:04+00:00,-0.49,130.66,4.0,8.0,III Kab. Raja Ampat,Pusat gempa berada di laut 21 km Baratdaya Rajaampat,
2024-05-17 19:54:53+00:00,-6.82,107.94,3.5,4.0,"III-IV Sumedang Utara, III-IV Sumedang Selatan, III Cimalaka, III Situraja, III Jatimulya, II Bandung",Pusat gempa berada di darat 5 km Timurlaut Kab. Sumedang,
2024-05-20 13:42:24+00:00,-7.69,106.42,4.6,22.0,"III Sindangbarang, III Nagrak, III Cibinong, III Cipamingkis, III Surade, III Jampang, II - III Cigaru, II-III Simpenan, II - III Kabupaten Sukabumi",Pusat gempa berada di laut 79 km BaratDaya Kabupaten Sukabumi,
2024-05-20 19:42:13+00:00,-9.28,112.61,5.3,10.0,"III Karangkates, II Malang, II Jember, II Kepanjen, II Kuta",Pusat gempa berada di laut 127 km tenggara Kabupaten Malang,
2024-05-21 05:16:46+00:00,0.84,121.97,4.7,37.0,II-III Pohuwato,"Pusat gempa berada di darat 42 Km Timur Laut Pohuwato, Gorontalo",
2024-05-21 08:31:58+00:00,-2.19,138.2,5.3,16.0,II - III Mamberamo Raya,Pusat gempa berada di darat 22 km arah Timur Laut Kasonaweja,
2024-05-22 05:27:04+00:00,2.51,95.81,4.7,14.0,I-II Sinabang,Pusat gempa berada di laut 62 km baratlaut Sinabang,
2024-05-22 05:49:14+00:00,-0.02,123.76,5.6,119.0,"III-IV Bolaang Mongondow Selatan, III-IV Bolaang Mongondow Timur, III-IV Bolaang Mongondow, III-IV Kotamobagu",Pusat gempa berada di laut 50 km Baratdaya Bolaanguki,
2024-05-23 08:27:56+00:00,-6.82,107.95,2.8,14.0,III Sumedang,Pusat gempa berada di darat 5 km Timur Laut Kabupaten Sumedang,
2024-05-23 23:25:13+00:00,-3.79,101.86,4.7,31.0,III Bengkulu Kota,Pusat gempa berada di laut 54 km Barat Daya Bengkulu Utara,
2024-05-24 08:43:46+00:00,-2.15,121.3,2.4,5.0,II Morowali Utara,Pusat gempa berada di darat 50 km timur laut Luwu Timur,
2024-05-24 10:00:41+00:00,-8.15,107.88,3.9,25.0,"II Pangandaran, II Tasikmalaya, II - III Pamengpeuk, II - III Singaparna, II - III Karangnunggal",Pusat gempa berada di laut 84 km barat daya Kab. Pangandaran,
2024-05-24 16:38:07+00:00,-6.84,107.06,3.0,7.0,III Kabupaten Cianjur,Pusat gempa berada di darat 9 km BaratDaya Kab. Cianjur,
2024-05-25 20:50:44+00:00,-6.88,107.13,2.3,22.0,III Cianjur,Pusat gempa berada di darat 6 km BaratDaya Kab. Cianjur,
2024-05-26 03:46:32+00:00,-0.33,100.4,3.7,7.0,"II - III Padang Panjang, II - III Bukittinggi, II - III Agam, II Payakumbuh",Pusat gempa berada di darat 4 km tenggara Bukit Tinggi,
2024-05-26 07:42:22+00:00,-0.31,100.41,3.3,3.0,II Bukittinggi,Pusat gempa berada di darat 4 km tenggara Bukittinggi,
2024-05-26 12:11:21+00:00,-2.9,119.42,2.0,5.0,II Mamasa,Pusat gempa berada di darat 10km Timur Laut Mamasa,
2024-05-26 15:32:00+00:00,-2.19,120.81,4.2,5.0,III Mangkutana,Pusat gempa berada di darat 59 km Barat Laut Luwu Timur,
2024-05-28 09:20:22+00:00,-7.67,106.89,4.1,24.0,"III Cipamingkis, II-III Bungbulang, II-III Cikelet",Pusat gempa berada di laut 83 km barat daya Kota Sukabumi,
2024-05-28 11:52:38+00:00,2.76,95.41,6.2,12.0,"IV Nagan Raya, IV Aceh Barat, III Aceh Barat Daya, III Aceh Selatan, IV Simeulue, II Banda Aceh",Pusat gempa berada di laut 111 km baratlaut Sinabang,
2024-05-29 06:38:41+00:00,-5.68,112.52,4.1,10.0,II Bawean,Pusat gempa berada di laut 145 km TimurLaut Tuban,
2024-05-29 18:22:17+00:00,-6.72,106.61,2.8,2.0,II Sukabumi,Pusat gempa berada di darat 24 km baratdaya Kota Bogor,
2024-05-30 01:44:51+00:00,-5.73,112.48,4.2,6.0,II - III Bawean,Pusat gempa berada di laut 138 timurlaut Tuban,
2024-05-30 12:43:33+00:00,-7.27,109.88,2.6,11.0,"II Dieng, II Banjarnegara",Pusat gempa berada di darat 10 Km barat laut Wonosobo,
2024-05-30 13:18:57+00:00,-2.46,120.8,3.0,5.0,II Mangkutana,Pusat gempa berada di darat 43 km baratlaut Luwutimur,
2024-05-30 13:33:48+00:00,-2.48,120.77,3.9,5.0,III Mangkutana,Pusat gempa berada di darat 46 km baratlaut Luwutimur,
2024-05-30 16:42:38+00:00,-3.19,135.56,3.7,20.0,II Nabire,"Pusat gempa berada di darat 20 k, timur laut Nabire",
2024-05-30 17:08:19+00:00,-2.76,122.18,5.1,10.0,III-IV Morowali,Pusat gempa berada di laut 31 km tenggara Morowali,
2024-06-01 08:51:24+00:00,-2.67,140.51,3.5,20.0,II Sentani,Pusat gempa berada di darat 15 km Tenggara Kan. Jayapura,
2024-06-01 11:01:40+00:00,-1.51,134.53,5.2,11.0,"III Ransiki, III Manokwari, II Serui, II Biak",Pusat gempa berada di laut 41 km Tenggara Ransiki,
2024-06-01 23:57:12+00:00,-4.5600000000000005,102.04,4.9,16.0,"II Bengkulu, II-III Seluma",Pusat gempa berada di laut 80 km baratdaya Seluma,
2024-06-02 06:47:29+00:00,0.8,125.38,4.9,32.0,"II-III Bolaang Mongondow Selatan, II-III Minahasa Tenggara, II Manado",Pusat gempa berada di laut 70 km tenggara Ratahan-Mitra,
2024-06-02 13:58:03+00:00,-0.18,122.46,4.8,6.0,III Pohuwato,Pusat gempa berada di laut 79 km tenggara Boalemo,
2024-06-02 21:43:44+00:00,-2.77,138.89,5.0,31.0,"II - III Wamena, II Sarmi",Pusat gempa berada di darat 77 km tenggara Mamberamo Tengah,
2024-06-03 00:10:37+00:00,0.86,117.19,3.5,43.0,III Kutai Timur,Pusat gempa berada di darat 24 km tenggara Kutai Timur,
2024-06-03 21:16:11+00:00,-4.16,123.31,4.7,10.0,II-III Buton Utara,Pusat gempa berada di laut 34 km tenggara Konawe,
2024-06-05 02:20:28+00:00,-3.76,100.54,5.7,34.0,"III Argamakmur, II - III Kerinci, II - III Sungai Penuh, III - IV Mukomuko",Pusat gempa berada di laut 146 km barat daya Mukomuko,
2024-06-05 06:30:20+00:00,-8.23,118.0,4.7,214.0,II Sumbawa,Pusat gempa berada di darat 61 Km barat laut Dompu,
2024-06-05 11:16:14+00:00,0.42,98.5,5.7,57.0,"III Nias Selatan, II Gunung Sitoli, III Pasaman Barat, III Padang Pariaman, III Agam, II Padang Panjang, III Padang Sidempuan, III Tapanuli Utara",Pusat gempa berada di laut 78 Km tenggara Nias Selatan,
2024-06-05 19:21:11+00:00,-6.82,107.93,2.7,9.0,"II Sumedang Selatan, II Cimalaka",Pusat gempa berada di darat 4 km timur laut Kab. Sumedang,
2024-06-06 12:46:26+00:00,-1.15,119.8,3.8,34.0,II Sigi,Pusat gempa berada di darat 29 km Selatan Palu,
2024-06-06 13:15:40+00:00,-9.22,116.94,5.1,10.0,"III Gianyar, III Badung, III Denpasar, III Sumbawa Barat, III Sumbawa, III Lombok Tengah, III Lombok Barat, III Mataram, III Lombok Timur, III Lombok Utara, III Dompu",Pusat gempa berada di laut 52 km Tenggara Sumbawa Barat,
2024-06-06 13:40:29+00:00,-1.43,133.91,3.2,35.0,II Manokwari Selatan,Pusat gempa berada di darat 17 km barat daya Pegunungan Arfak,
2024-06-06 19:57:52+00:00,-7.79,107.29,4.2,24.0,"II Garut, II Cianjur, II Tasikmalaya, II GunungHalu",Pusat gempa berada di laut 89 km BaratDaya Kab Bandung,
2024-06-07 00:46:50+00:00,-3.43,128.13,4.6,69.0,II Ambon,Pusat gempa berada di laut 27 km barat Kairatu,
2024-06-07 16:31:06+00:00,-2.86,139.37,5.8,45.0,III Kab. Jayapura,Pusat gempa berada di darat 95 km timur laut Kobagma,
2024-06-07 22:44:12+00:00,3.02,97.41,3.9,4.0,III Aceh Selatan,Pusat gempa berada di darat 35 km tenggara Kab. Aceh Selatan,
2024-06-08 17:01:56+00:00,-8.12,107.87,4.2,43.0,"II - III Pangandaran, II - III Garut",Pusat gempa berada di laut 82 km BaratDaya Kab. Pangandaran,
2024-06-09 22:54:54+00:00,-0.45,100.25,4.0,10.0,"III Padang Panjang, II - III Bukittinggi, II - III Padang Pariaman, II - III Agam",Pusat gempa berada di darat 15 km barat laut Padang Panjang,
2024-06-10 03:35:35+00:00,-2.7800000000000002,122.14,3.8,5.0,III Bahodopi,Pusat gempa berada di laut 27 km tenggara Morowali,
2024-06-10 06:02:05+00:00,0.17,124.9,4.8,15.0,II Minahasa,Pusat gempa berada di laut 72 km tenggara Tutuyan - Bolaang Mongondow Timur,
2024-06-10 07:08:03+00:00,5.5600000000000005,95.43,3.5,2.0,II-III Aceh Besar,Pusat gempa berada di darat 39 km tenggara Kota Sabang,
2024-06-10 13:30:14+00:00,-2.46,120.78,2.6,5.0,II Mangkutana,Pusat gempa berada di darat 45 km baratlaut Luwu Timur,
2024-06-10 17:29:36+00:00,-6.77,112.06,3.2,9.0,II Tuban,Pusat gempa berada di laut 14 km timur laut Tuban,
2024-06-10 23:46:10+00:00,4.72,95.88,4.6,79.0,II-III Lamno,Pusat gempa berada di darat 34 km timur laut Calang - Aceh Jaya,
2024-06-11 08:07:20+00:00,0.89,97.76,4.5,31.0,"II-III Gunungsitoli, II-III Kab. Nias, II-III Kab. Nias Selatan",Pusat gempa berada di darat 27 km tenggara Nias,
2024-06-12 17:01:23+00:00,4.36,126.65,6.0,30.0,"III Kepulauan Sangihe, III-IV Kepulauan Talaud, II Manado",Pusat gempa berada di laut 40 km barat laut Melonguane,
2024-06-14 05:39:43+00:00,-1.87,100.39,4.7,25.0,"II-III Padang, II-III Pesisir Selatan","Pusat gempa berada di laut 57 km BaratLaut Pesisir Selatan, Sumatera Barat",
2024-06-15 13:08:15+00:00,3.16,127.27,5.7,10.0,"II Tomohon, II Manado, II Bolaang Mongondow Selatan, II Minahasa Tenggara, II Kepulauan Talaud, II Minahasa Utara, II Minahasa, II Siau Tagulandang Biaro",Pusat gempa berada di laut 112 km barat laut Pulau Doi,
2024-06-15 15:31:03+00:00,-4.89,103.02,4.8,30.0,"II-III Bengkulu Selatan, II-III Kaur, III Pesisir Barat, III Lampung Barat",Pusat gempa berada di laut 38 km barat daya Kaur,
2024-06-17 11:21:53+00:00,-6.85,107.07,3.4,10.0,II - III Cianjur,Pusat gempa berada di darat 8 km barat daya Kab. Cianjur,
2024-06-17 23:30:27+00:00,-8.35,116.08,3.5,14.0,II Lombok Utara,Pusat gempa berada di laut 8 km BaratLaut Lombok Utara,
2024-06-18 03:43:35+00:00,-6.84,107.09,2.1,11.0,II Cianjur,Pusat gempa berada di darat 5 km Barat Daya Cianjur,
2024-06-18 11:02:29+00:00,-6.88,107.08,2.5,7.0,II Cugenang,Pusat gempa berada di darat 6 km Barat Daya Cianjur Jawa Barat,
2024-06-19 02:32:25+00:00,2.69,95.7,3.6,22.0,III Alafan,Pusat gempa berada di Laut 78 Km barat laut Sinabang,
2024-06-19 02:34:21+00:00,2.47,95.52,3.8,70.0,III Alafan,Pusat gempa berada di Laut 94 Km barat daya Sinabang,
2024-06-19 02:39:42+00:00,2.42,95.52,4.1,69.0,III Alafan,Pusat gempa berada di Laut 94 Km barat daya Sinabang,
2024-06-20 12:31:42+00:00,-3.51,128.63,2.6,10.0,III Saparua,Pusat gempa berada di laut 8 km utara Saparua - Maluku Tengah,
2024-06-20 12:41:23+00:00,-5.76,112.49,3.6,5.0,II-III Bawean,Pusat gempa berada di laut 136 km timur laut Tuban,
2024-06-21 00:11:19+00:00,-3.54,140.01,5.7,78.0,"II-III Wamena, II Kota Jayapura, II Kab. Jayapura",Pusat gempa berada di darat 68 km timur laut Yalimo,
2024-06-22 17:03:18+00:00,2.58,98.66,3.8,1.0,III Samosir,Pusat gempa berada di darat 6 km barat daya Samosir,
2024-06-22 17:52:52+00:00,2.6,98.67,3.9,5.0,III Samosir,Pusat gempa berada di darat 4 km baratdaya Samosir,
2024-06-22 19:33:43+00:00,2.58,98.66,3.8,4.0,III Samosir,Pusat gempa berada di darat 6 km barat daya Samosir,
2024-06-23 06:54:03+00:00,-0.9500000000000001,119.88,2.6,5.0,II-III Palu,Pusat gempa berada di darat 6 km selatan Palu,
2024-06-23 11:43:50+00:00,-3.44,135.47,3.2,38.0,II Nabire,Pusat gempa berada di darat 9 km barat daya Nabire,
2024-06-23 20:21:46+00:00,-3.3,128.35,3.7,10.0,II-III Kairatu,Pusat gempa berada di darat 32 km tenggara Piru,
2024-06-24 09:55:01+00:00,-7.14,130.02,6.0,153.0,"II Saumlaki, II Tiakur, III Tepa",Pusat gempa berada di laut 170 km barat laut Saumlaki,
2024-06-24 15:14:50+00:00,-2.34,120.85,3.6,5.0,III Mangkutana,Pusat gempa berada di darat 44 Km Barat Laut Luwu Timur,
2024-06-25 01:09:08+00:00,0.2,100.12,3.8,10.0,II Pasaman,Pusat gempa berada di darat 8 km barat laut Lubuksikaping-Pasaman,
2024-06-25 11:12:03+00:00,-2.31,120.88,3.6,10.0,III Mangkutana,Pusat gempa berada di darat 44 km barat laut Luwu Timur,
2024-06-26 07:34:51+00:00,-2.43,120.98,2.9,10.0,II Luwu Timur,Pusat gempa berada di darat 27 km barat laut Luwu Timur,
2024-06-26 18:38:29+00:00,-6.8,107.08,2.3,9.0,II Pacet,Pusat gempa berada di darat 6 km barat laut Kab. Cianjur,
2024-06-26 19:41:27+00:00,-0.34,123.02,4.7,20.0,II - III Luwuk,Pusat gempa berada di laut 70 km timur laut Luwuk,
2024-06-26 22:16:44+00:00,-2.45,140.57,3.2,10.0,II Kota Jayapura,Pusat gempa berada di darat 19 km barat laut Kota Jayapura,
2024-06-27 03:46:32+00:00,-0.24,123.31,5.5,10.0,"II-III Pohuwato, II-III Kota Gorontalo, II - III Luwuk",Pusat gempa berada di laut 88 km Tenggara Bonebolango,
2024-06-27 07:13:09+00:00,-6.14,104.46,4.5,18.0,"IV Pesisir Selatan, II Tanggamus",Pusat gempa berada di laut 77 km baratdaya Tanggamus,
2024-06-27 19:03:57+00:00,-2.49,140.67,2.6,9.0,II - III Kota Jayapura,Pusat gempa berada di darat 8 km barat laut Kota Jayapura,
2024-06-27 19:58:03+00:00,-2.47,140.68,2.5,8.0,II Kota Jayapura,Pusat gempa berada di darat 10 km barat laut Kota Jayapura,
2024-06-28 16:29:46+00:00,-3.41,101.64,4.3,26.0,"III Bengkulu, III Argamakmur",Pusat gempa berada di laut 61 km Barat Laut Bengkulu Utara,
2024-06-28 21:15:46+00:00,-6.94,111.83,3.3,10.0,"II-III Kec. Montong, II - III Kec. Kerek, II - III Kec. Merakurak",Pusat gempa berada di darat 22 km barat daya Tuban,
2024-07-01 09:14:36+00:00,-2.22,120.82,4.9,2.0,III-IV Masamba,Pusat gempa berada di darat 56 km baratlaut Luwu Timur,
2024-07-01 16:05:28+00:00,-2.33,120.65,3.9,5.0,III Luwu Utara,Pusat gempa berada di darat 64 km barat laut Luwu Timur,
2024-07-03 13:27:53+00:00,-3.13,135.62,4.1,9.0,Nabire II-III,Pusat gempa berada di laut 29km Timur Laut Nabire`,
2024-07-03 21:51:22+00:00,-4.87,122.69,2.8,5.0,II - III Duruka,Pusat gempa berada di darat 3.3 km BaratDaya Duruka,
2024-07-05 03:20:58+00:00,-5.31,103.06,4.3,20.0,II Liwa,Pusat gempa berada di laut 65 km barat daya Kaur,
2024-07-05 06:28:55+00:00,-6.82,107.93,3.4,9.0,II Sumedang,Pusat gempa berada di darat 4 km timur laut Kab. Sumedang,
2024-07-05 08:14:55+00:00,2.3,96.19,4.8,15.0,IV Simeuleu,Pusat gempa berada di laut 27 km barat daya Sinabang,
2024-07-05 11:29:14+00:00,-5.85,112.37,3.7,5.0,II - III Bawean,Pusat gempa berada di laut 122 km timur laut Tuban,
2024-07-05 16:31:11+00:00,-0.81,110.31,4.6,3.0,II-III Ketapang,Pusat gempa berada di darat 32 km Kayong Utara,
2024-07-05 18:51:54+00:00,-4.3,102.28,4.6,24.0,II-III Kota Bengkulu,Pusat gempa berada di laut 41 km barat daya Seluma,
2024-07-06 13:26:47+00:00,-8.81,112.48,4.5,56.0,"III Gondanglegi, II - III Karangkates, II - III Kepanjen, II Trenggalek",Pusat gempa berada di laut 75 km barat daya Malang,
2024-07-07 07:35:24+00:00,-6.87,109.75,4.4,6.0,"III Batang, III Pekalongan, II Kendal",Pusat gempa berada di darat 5 km timur laut Batang,
2024-07-08 04:08:05+00:00,-6.82,107.09,2.3,4.0,II-III Warungkondang,"Pusat gempa berada di darat, 5 km barat laut Kab. Cianjur",
2024-07-08 04:33:40+00:00,-7.0,107.18,2.5,6.0,"II - III Cibeber, II - III Cempaka","Pusat gempa berada di darat, 20 km tenggara Kab. Cianjur",
2024-07-09 13:50:01+00:00,1.11,128.28,4.3,10.0,II-III Subaim-Halmahera Timur,Pusat gempa berada di darat 31 km Barat Daya Halmahera Timur,
2024-07-09 15:32:01+00:00,-9.64,118.95,3.1,24.0,II Pero Konda,Pusat gempa berada di laut 6 km barat daya Kodi- Sumba Barat Daya,
2024-07-11 02:13:17+00:00,6.14,123.28,7.0,632.0,"II-III Halmahera Barat, II-III Halmahera Selatan, II-III Halmahera Tengah, II-III Taliabu, II-III Ternate, II - III Talaud",Pusat gempa berada di laut 373 km baratlaut Tahuna,
2024-07-11 03:19:10+00:00,-3.9,122.24,3.4,5.0,"II-III Konawe, II-III Konawe Utara",Pusat gempa berada di darat 2.1 km Tenggara Kab. Konawe,
2024-07-11 10:53:45+00:00,-8.27,115.53,3.2,10.0,"II Karangasem, II Bangli",Pusat gempa berada di darat 8 km timur laut Karangasem,
2024-07-11 20:43:03+00:00,-2.5700000000000003,121.24,3.8,5.0,III Wasuponda,Pusat gempa berada di darat 7 km Timur Laut LUWU TIMUR,
2024-07-12 02:21:09+00:00,2.59,98.64,3.1,3.0,II-III Pangururan,Pusat gempa berada di darat 7 km barat daya Samosir,
2024-07-12 04:52:57+00:00,2.67,97.84,3.4,45.0,II Simpang Kiri,Pusat gempa berada di darat 19 km barat laut Subulussalam,
2024-07-12 06:36:20+00:00,-8.45,117.48,2.9,12.0,II-III Sumbawa,"Pusat gempa berada di darat, 8 km timur laut Sumbawa",
2024-07-12 10:34:03+00:00,1.3599999999999999,126.36,4.8,10.0,"II-III Tondano, II - III Bitung, II - III Minahasa Utara","Pusat gempa berada di laut, 127 km Barat Laut Jailolo",
2024-07-13 00:38:32+00:00,-6.97,109.72,3.0,5.0,III Batang,Pusat gempa berada di darat 6 km BaratDaya Batang,
2024-07-13 06:27:49+00:00,-4.2,122.65,2.9,5.0,II-III Kendari,Pusat gempa berada di darat 46 km barat daya Konawe Kepulauan,
2024-07-13 13:35:25+00:00,-3.2800000000000002,129.42,3.1,15.0,II Tehoru,Pusat gempa berada di darat 46 km tenggara Sawai-Maluku Tengah,
2024-07-14 02:38:33+00:00,-2.21,140.66,3.1,10.0,II Sentani,Pusat gempa berada di laut 39 km barat laut Kota Jayapura,
2024-07-14 23:59:54+00:00,-5.31,121.92,3.1,5.0,III kabaena Tengah,Pusat gempa berada di darat 8 km barat daya Kabaena Tengah,
2024-07-15 05:29:06+00:00,-8.15,114.86,3.7,12.0,II seririt,Pusat gempa berada di laut 25 km barat daya Buleleng,
2024-07-15 06:39:38+00:00,-6.99,109.78,2.6,12.0,II Batang,Pusat gempa berada di darat 10 km tenggara Batang,
2024-07-15 08:54:21+00:00,-2.4,120.89,3.3,5.0,III Angkona,Pusat gempa berada di darat 37 km barat laut Luwu Timur,
2024-07-15 12:55:53+00:00,-3.79,120.0,3.1,5.0,II-III Sidenreng Rappang,Pusat gempa berada di darat 2 km BaratDaya Sidenreng Rappang,
2024-07-16 02:53:09+00:00,-4.35,101.99,4.9,36.0,II-III Kota Bengkulu,Pusat gempa berada di laut 72 km BaratDaya Seluma,
2024-07-16 15:57:03+00:00,-7.21,109.91,3.6,20.0,"III Wonosobo, III Dieng, III Batang, III Kendal, III Temanggung",Pusat gempa berada di darat 17 km timur laut Wonosobo,
2024-07-16 23:39:32+00:00,1.3,126.12,5.6,10.0,"III Manado, III Minahasa, III Minahasa Utara, III Bolaang Mongondow Selatan, III Bitung, III Tomohon, III Ternate, III Sitaro, III Bolaang Mongondow Timur",Pusat gempa berada di laut 111 km tenggara Bitung,
2024-07-17 00:08:01+00:00,-3.8,128.31,3.3,15.0,II Ambon,Pusat gempa berada di laut 18 km Tenggara Ambon,
2024-07-17 17:08:20+00:00,-2.41,120.91,3.7,5.0,III-IV Mangkutana,Pusat gempa berada di darat 34 km baratlaut Luwutimur,
2024-07-19 06:50:00+00:00,-3.22,139.19,4.5,23.0,II - III Wamena,Pusat gempa berada di darat 52 km timur laut Kobagma,
2024-07-19 14:31:32+00:00,1.54,127.79,4.8,10.0,"II-III Galela, II Kao Barat",Pusat gempa berada di darat 12 km barat laut Halmahera Utara,
2024-07-20 12:51:49+00:00,-3.42,135.48,3.4,21.0,III Nabire,Pusat gempa berada di darat 7 km barat daya Nabire,
2024-07-23 03:10:12+00:00,-1.69,99.57,5.0,10.0,"III-IV Mentawai, III Padang, III Pariaman, III Padang Pariaman, III Agam, II Padang Panjang",Pusat gempa berada di laut 36 km Timur Laut Kep. Mentawai,
2024-07-23 09:28:38+00:00,1.54,127.78,4.7,10.0,II-III Tobelo,Pusat gempa berada di darat 13 km barat laut Halmahera Utara,
2024-07-23 18:32:53+00:00,-3.43,128.37,4.1,10.0,III Kairatu,Pusat gempa berada di laut 35 barat laut Saparua,
2024-07-24 00:22:09+00:00,-2.86,139.38,5.3,26.0,II Genyem,Pusat gempa berada di darat 96 km timur laut Kobagma,
2024-07-24 08:09:01+00:00,-10.34,123.76,5.1,33.0,"IV-V Kupang, II-III Soe, I-II Alor",Pusat gempa berada didarat 24 Km Tenggara Kupang,
2024-07-24 15:22:15+00:00,4.5600000000000005,96.41,4.4,5.0,II-III Seunagan,Pusat gempa berada di darat 37 km timur laut Kab. Nagan Raya,
2024-07-24 21:01:58+00:00,-6.98,108.51,3.6,6.0,II-III Kuningan,Pusat gempa berada di darat 3 km tenggara Kab. Kuningan,
2024-07-25 10:36:41+00:00,-6.98,108.5,4.1,5.0,"III Kuningan, II-III Ciamis, II-III Banjar, II - III Talaga, II-III Panawangan, II-III Luragung, II - III Cikijing",Pusat gempa berada di darat 1 km Tenggara Kab. Kuningan,
2024-07-25 12:14:21+00:00,-2.46,120.79,3.2,5.0,II Tomoni,Pusat gempa berada di darat 44 km barat laut Luwutimur,
2024-07-25 17:11:41+00:00,-6.02,102.87,5.2,10.0,II - III Kec. Pesisir Selatan,Pusat gempa berada di laut 100 km tenggara Enggano,
2024-07-25 20:32:18+00:00,-7.6,128.71,6.3,157.0,II - III Tiakur,Pusat gempa berada di laut 121 km TimurLaut MALUKUBRTDAYA,
2024-07-26 03:49:45+00:00,-6.92,108.46,3.9,8.0,"II - III Kuningan, I-II Ciamis, I-II Banjar",Pusat gempa berada di darat 6 Km Baratlaut Kuningan,
2024-07-26 07:30:01+00:00,1.67,125.29,3.8,8.0,III Bitung,Pusat gempa berada di laut 31 km Timur laut Bitung,
2024-07-29 12:50:59+00:00,-8.3,116.59,3.3,10.0,II Lombok Timur,Pusat gempa berada didarat 38 km Baratlaut Pulau Panjang,
2024-07-29 15:01:02+00:00,-1.01,99.68,3.8,37.0,"II-III Padang, II-III Padang Pariaman, II Padang Panjang",Pusat gempa berada di laut 64 km Barat Daya Pariaman,
2024-07-30 23:30:31+00:00,-6.92,109.72,2.1,13.0,II Batang,Pusat gempa berada di darat 1 km baratdaya Batang,
2024-07-31 16:36:00+00:00,-5.37,105.16,2.5,4.0,I-II Pesawaran,Pusat gempa berada di darat 10 km Timutlaut Pesawaran,
2024-08-01 00:00:07+00:00,-0.11,123.29,5.5,129.0,"III Kota Gorontalo, III Kab. Gorontalo, III Kab. Gorontalo Utara",Pusat gempa berada di Laut 73 km Tenggara Bonebolango,
2024-08-01 17:07:47+00:00,-5.87,105.12,3.4,5.0,"I-II Kelumbayan Barat (Kab. Tanggamus), I-II Punduh Pidada (Kab. Pesawaran)",Pusat gempa berada di laut 52 km Tenggara Pesawaran,
2024-08-03 05:32:58+00:00,-3.39,138.09,5.0,100.0,"II Wamena, III Puncakjaya",Pusat gempa berada di 28 km Timurlaut Puncakjaya,
2024-08-03 15:37:55+00:00,-3.27,135.49,3.3,24.0,II-III Nabire,Pusat gempa berada di darat 10 km barat laut Nabire,
2024-08-03 20:39:58+00:00,-6.89,109.74,2.7,17.0,II Batang,"Pusat gempa berada di darat, 2 km TimurLaut Batang",
2024-08-04 04:11:10+00:00,-2.45,140.42,3.4,18.0,II Kota Jayapura,Pusat gempa berada di laut 15 Km TimurLaut Kab. Jayapura,
2024-08-04 06:23:25+00:00,-5.67,113.08,4.1,33.0,II Bawean,Pusat gempa berada di laut 153 km Timur laut Bangkalan,
2024-08-04 08:03:26+00:00,-3.65,128.46,4.8,123.0,II Ambon,Pusat gempa berada di Laut 23 Km Barat Saparua,
2024-08-04 16:16:53+00:00,-6.73,106.63,3.5,4.0,"III Cipeteuy Kabandungan, III Kalapanunggal, III Pamijahan Bogor, II-III Bogor",Pusat gempa berada di darat 23 km barat daya Kota Bogor,
2024-08-05 09:10:32+00:00,1.53,126.93,4.9,106.0,"II - III Ternate, II Siau , II Sitaro",Pusat gempa berada di laut 76 Km Baratlaut Halmahera Barat,
2024-08-05 12:44:03+00:00,-6.33,103.57,5.3,10.0,"III Liwa, III Bengkunat, III Pesisir Barat, II Kota Agung, III Oku Selatan",Pusat gempa berada di laut 133 km BaratDaya Pesisir Barat,
2024-08-06 15:14:22+00:00,-8.43,115.69,2.8,11.0,II Karangasem,Pusat gempa berada di laut 20 km Tenggara KARANGASEM,
2024-08-07 10:40:26+00:00,-4.02,122.46,3.1,5.0,"III Konawe Selatan, II-III Kendari, II-III Konawe","Pusat gempa berada di darat 2 Km BaratLaut Ranomeeto, Kab. Konawe Selatan",
2024-08-08 07:24:27+00:00,-0.8300000000000001,121.94,4.6,10.0,II - III Bangketa,Pusat gempa berada di laut 24 Km Baratlaut Bolaang Kabupaten Banggai,
2024-08-09 10:42:30+00:00,-9.37,114.82,4.0,37.0,II-III Kuta Selatan,Pusat gempa berada di laut 78 km Baratdaya Kuta Selatan,
2024-08-09 14:18:13+00:00,-0.18,100.45,3.4,5.0,II-III Bukittinggi,Pusat gempa berada di darat 16 km timur laut Bukittinggi,
2024-08-09 16:37:28+00:00,-0.22,100.38,3.2,5.0,II-III Bukittinggi,Pusat gempa berada di darat 9 km Timur Laut Bukittinggi,
2024-08-09 16:40:39+00:00,-9.32,120.57,5.3,32.0,II-III Waingapu,Pusat gempa berada di laut 51 km timur laut Waingapu,
2024-08-09 17:35:45+00:00,-0.24,100.35,3.4,5.0,II-III Bukittinggi,Pusat gempa berada di darat 7 km barat laut Bukittinggi,
2024-08-10 07:08:02+00:00,-2.61,118.74,3.9,8.0,III Mamuju,Pusat gempa berada di laut 50 km barat laut Majene,
2024-08-10 08:20:23+00:00,2.8,117.74,4.6,11.0,"III-IV Tarakan, III-IV Tanjung Selor, III-IV Berau",Pusat gempa berada di darat 63 km tenggara Tarakan,
2024-08-11 21:44:58+00:00,-3.15,118.82,2.3,3.0,II - III Majene,Pusat gempa berada di darat 16 km barat daya Majene,
2024-08-12 11:36:13+00:00,2.38,126.65,5.3,10.0,"II-III Tagulandang , II-III Minahasa Tenggara","Pusat gempa berada di Laut, 125km BaratLaut Pulaudoi",
2024-08-13 03:03:52+00:00,-9.18,112.59,4.9,57.0,"III - IV Kabupaten Malang, III Blitar , II Jember, II Lumajang",Pusat gempa berada di laut 115 km Tenggara Kab. Malang,
2024-08-13 13:04:38+00:00,5.29,95.51,4.4,2.0,"III-IV Banda Aceh, III-IV Aceh Besar, II Lammo",Pusat gempa berada di darat 12 km barat laut Jantho-Aceh Besar,
2024-08-13 13:27:27+00:00,5.28,95.51,4.0,3.0,"III Jantho, II - III Aceh Besar",Pusat gempa berada di darat 11 km BaratLaut Jantho,
2024-08-13 13:41:17+00:00,-3.68,128.15,2.5,9.0,II Ambon,Pusat gempa berada di laut 4 km barat Ambon,
2024-08-13 14:00:27+00:00,-2.4,134.29,3.2,10.0,II Teluk Wondama,Pusat gempa berada di darat 43 km BaratLaut Teluk Wondama,
2024-08-13 19:54:01+00:00,-3.4,135.42,4.0,35.0,III Nabire,Pusat gempa berada di darat 10 km barat daya Nabire,
2024-08-14 09:15:08+00:00,-6.65,104.37,4.9,11.0,II Bengkunat,Pusat gempa berada di laut 134 km barat daya Tanggamus,
2024-08-14 14:14:03+00:00,-9.63,114.02,5.0,10.0,"III - IV Banyuwangi, II-III Badung, II - III Tabanan, II Denpasar, II Karangkates",Pusat gempa berada di laut 156 km barat daya Jembrana,
2024-08-14 17:55:42+00:00,-7.7,106.08,5.2,10.0,"III Cianjur, III Kabupaten Sukabumi, III Kabupaten Bandung, II Bogor, II Garut",Pusat gempa berada di laut 87 km barat daya Bayah,
2024-08-15 12:40:14+00:00,-8.65,120.42,3.3,10.0,III Ruteng,Pusat gempa berada di darat 6 km barat daya Ruteng,
2024-08-17 01:25:28+00:00,-2.49,121.18,4.1,10.0,III Malili,Pusat gempa berada di darat 10 km TimurLaut LUWUTIMUR,
2024-08-18 15:27:17+00:00,-3.39,135.74,4.7,10.0,II-III Nabire,Pusat gempa berada di darat 26 km tenggara Nabire,
2024-08-19 03:48:57+00:00,-10.0,123.74,4.3,27.0,"II-III Kota Kupang, III - IV Kab. Kupang",Pusat gempa berada di darat 16 km barat daya Kab. Kupang,
2024-08-19 17:29:48+00:00,-4.08,121.93,3.7,5.0,II - III Kolaka Timur,Pusat gempa berada di darat 9 km Tenggara KOLAKATIMUR,
2024-08-21 00:01:17+00:00,2.47,116.85,4.9,51.0,"II - III Berau, III Tanjung Selor",Pusat gempa berada di darat 50 km barat daya Bulungan,
2024-08-21 11:58:30+00:00,-10.0,116.5,5.2,100.0,"III Lombok Utara, III Lombok Barat, III Lombok Timur, III Lombok Tengah, II Denpasar, II Badung, II Klungkung, II Karangasem, III Mataram",Pusat gempa berada di laut 143 km barat daya Sumbawa Barat,
2024-08-23 03:55:58+00:00,-9.04,119.36,5.3,10.0,"III-IV Labuhan Bajo, III-IV Tambolaka, III Dompu, III Bima, III Sumba Barat, III Sumba Timur, II Ruteng, II Sumbawa, III-IV Sumba Tengah",Pusat gempa berada di laut 43 km timurlaut Tambolaka,
2024-08-23 10:30:28+00:00,-2.52,121.17,4.8,5.0,"III-IV Sorowako, III Malili",Pusat gempa berada di darat 7 Km Barat Laut Luwu Timur,
2024-08-24 01:31:23+00:00,-4.27,122.57,3.9,17.0,"III Konawe Selatan, II Kendari","Pusat gempa berada di darat 11,4 km timur laut Laeya, Kab. Konawe Selatan",
2024-08-24 02:47:23+00:00,-3.56,101.54,4.5,6.0,"II Bengkulu, II Bengkulu Utara, II Mukomuko",Pusat gempa berada di laut 74 km barat daya Bengkulu Utara,
2024-08-24 03:31:59+00:00,-6.8,105.12,4.9,15.0,II Bandar Lampung,Pusat gempa berada di laut 53 km barat daya Sumur,
2024-08-24 13:22:32+00:00,-2.49,121.17,4.0,5.0,III Malili,Pusat gempa berada di darat 10 km barat laut Luwu Timur,
2024-08-24 16:54:34+00:00,-4.43,102.18,5.2,21.0,"III-IV Kota Bengkulu, III-IV Bengkulu Utara, III Kaur, II - III Empat Lawang, II - III Pagar Alam",Pusat gempa berada di laut 59km barat daya Seluma,
2024-08-26 00:17:03+00:00,1.16,126.43,5.0,10.0,II-III Ternate,Pusat gempa berada di laut 112 KM BaratLaut TERNATE,
2024-08-26 12:57:42+00:00,-8.78,110.27,5.8,30.0,"II - III Karangkates, II-III Nganjuk, II - III Malang, III-IV Sleman, III - IV Yogyakarta, III-IV Bantul, III-IV Kulon Progo, II - III Pacitan, II - III Trenggalek, II-III Magelang, II-III Kediri, II-III Blitar, II-III Cilacap, II-III Banyumas, II-III Surakarta, II-III Sukoharjo, II-III Klaten, II-III Wonosobo, II-III Banjarnegara, II-III Purwokerto, II-III Tasikmalaya, II-III Madiun",Pusat gempa berada di laut 95 km barat daya Gunungkidul,
2024-08-27 02:13:32+00:00,-2.5,121.13,3.9,5.0,III Malili,Pusat gempa berada di darat 10 km barat laut Luwuk Timur,
2024-08-27 02:15:17+00:00,-7.36,129.77,6.2,10.0,"III Tepa, II - III Saumlaki, III Masela, III Babar Timur",Pusat gempa berada di Laut 183 Km barat laut Tanimbar,
2024-08-27 02:40:39+00:00,-9.55,118.59,4.9,19.0,III Tambolaka,Pusat gempa berada di laut 44 km barat laut Kodi,
2024-08-28 03:36:48+00:00,-7.74,107.84,3.4,5.0,"III Cipatujah, III Cibalong, III Pamengpeuk",Pusat gempa berada di Laut 51 Km BaratDaya KAB-TASIKMALAYA,
2024-08-30 18:06:57+00:00,-4.9,122.69,2.7,5.0,III Muna,"Pusat gempa berada di darat 5 km barat daya Duruka, Kab. Muna",
2024-08-31 08:04:42+00:00,-4.16,121.7,2.5,5.0,II-III Wundulako,"Pusat gempa berada di darat 3.4 Km TimurLaut Baula, Kab.Kolaka",
2024-08-31 08:53:48+00:00,-3.2800000000000002,140.03,5.2,93.0,II Wamena,Pusat gempa berada di darat 81 km barat laut Keerom,
2024-09-01 11:41:10+00:00,-6.72,106.65,2.8,12.0,II Kec. Pamijahan,Pusat gempa berada di darat 21 km barat daya Kota Bogor,
2024-09-01 11:47:03+00:00,-2.05,125.77,4.4,18.0,III Sanana,Pusat gempa berada di laut 24 km barat Sanana,
2024-09-01 18:48:52+00:00,-4.04,121.82,2.7,5.0,II - III Mowewe,"Pusat gempa berada di darat 4.4 tenggara Lalolae, Kab. Kolaka Timur",
2024-09-01 19:59:25+00:00,3.81,126.68,5.1,21.0,"IV Melonguane, II - III Tahuna, II - III Ondong, II-III Tobelo, II - III Daruba",Pusat gempa berada di laut 21 km Tenggara Melonguane,
2024-09-02 00:39:09+00:00,4.53,96.43,4.9,10.0,"II Aceh Besar, II - III Banda Aceh, II - III Pidie Jaya, III-IV Bener Meriah, III - IV Takengon",Pusat gempa berada di darat 35 Km TimurLaut Nagan Raya Aceh,
2024-09-02 13:51:28+00:00,4.86,96.06,4.7,5.0,"IV Mane, III Calang, II-III Nagan Raya",Pusat gempa berada di darat 28 km barat daya Kab Pidie Jaya,
2024-09-02 23:26:12+00:00,-2.54,121.18,4.1,5.0,III Malili,Pusat gempa berada di darat 4 km timur laut Luwu Timur,
2024-09-03 12:43:40+00:00,-2.0,125.55,4.4,14.0,III Sanana,Pusat gempa berada di laut 49 km barat Sanana,
2024-09-03 13:13:08+00:00,-0.35000000000000003,123.1,4.9,36.0,III Luwuk,Pusat gempa berada di laut 98 km barat daya Bonebolango,
2024-09-03 13:43:45+00:00,-2.54,121.14,2.7,4.0,II Wasuponda,Pusat gempa berada di darat 5 km barat laut Luwuk Timur,
2024-09-04 06:24:17+00:00,-6.88,107.51,1.8,26.0,II Kab. Bandung Barat,Pusat gempa berada di darat 4 km Barat Daya Kab. Bandung,
2024-09-05 04:31:29+00:00,-0.22,124.61,5.1,10.0,"II-III Kab.Minahasa, II-III Kab.Minahasa Selatan, II-III Kotamobagu, II-III Kab. Bolaang Mongondow, II-III Kab. Bolaang Mongondow Selatan, II-III Kab. Bolaang Mongondow Timur",Pusat gempa berada di laut 95 Km tenggara Bolaanguki,
2024-09-05 05:28:07+00:00,4.44,96.59,4.0,5.0,"II Takengon, II Bener Meriah",Pusat gempa berada di darat 35 km barat daya Takengon-Aceh Tengah,
2024-09-05 07:20:18+00:00,-7.21,107.55,3.2,13.0,"II - III Pangalengan, II - III Cibereum, II - III Cimaung, II - III Ciwidey",Pusat gempa berada di darat 21 km tenggara Kab. Bandung,
2024-09-05 20:13:40+00:00,-8.17,115.19,3.0,10.0,II Buleleng,Pusat gempa berada di darat 12 km tenggara Buleleng,
2024-09-06 01:06:36+00:00,-5.49,102.61,5.6,10.0,"III Kota Bengkulu, III Kepahiang, II Pesisir Barat, II Liwa, III-IV Enggano, III Bengkulu Utara",Pusat gempa berada di laut 41 km tenggara Enggano,
2024-09-06 03:55:14+00:00,-3.71,103.24,3.6,4.0,III Kikim,Pusat gempa berada di darat 34 km barat laut Lahat,
2024-09-06 19:02:04+00:00,-8.29,106.83,4.8,14.0,"II Kec. Simpenan, Kab. Sukabumi, II Kecamatan Limbursitu, Kota Sukabumi",Pusat gempa berada di laut 147 km Tenggara Kab. Sukabumi,
2024-09-07 01:51:44+00:00,-8.52,115.35,4.9,10.0,"III-IV Gianyar, III Tabanan, III Badung, III Denpasar, III Klungkung, III Mataram, III Lombok Barat","Pusat gempa berada di darat, 2 km timur laut Gianyar",
2024-09-07 13:51:13+00:00,-4.12,129.79,3.6,10.0,II-III Banda,Pusat gempa berada di laut 47 km Utara Banda,
2024-09-09 20:35:33+00:00,-2.5,121.04,3.3,2.0,II Malili,Pusat gempa berada di darat 17 km BaratLaut Luwutimur,
2024-09-10 05:11:07+00:00,-8.74,124.26,5.2,97.0,II-III Soe,Pusat gempa berada di laut 59 km barat daya Alor,
2024-09-11 18:01:55+00:00,-7.93,117.23,4.4,12.0,III Kab. Sumbawa,Pusat gempa berada di laut 58 km timur laut Pulau Saring,
2024-09-12 03:25:13+00:00,-8.72,110.25,4.5,30.0,"II Gunungkidul, II Bantul, II Pacitan, II Wonogiri",Pusat gempa berada di laut 90 km barat daya Gunungkidul,
2024-09-13 17:19:50+00:00,-9.15,110.4,4.9,5.0,"II-III Pacitan, II-III Wonogiri, II-III Sukoharjo",Pusat gempa berada di laut 130 km baratdaya Gunungkidul,
2024-09-14 01:31:07+00:00,-9.02,115.62,4.4,85.0,"II-III Kota Mataram, II-III Lombok Barat, II - III Lombok Tengah, II Gianyar, II Badung, II Denpasar, II Karangasem",Pusat gempa berada di laut 50 km tenggara Kuta Selatan,
2024-09-14 12:35:35+00:00,-8.5,115.41,2.6,17.0,II Bangli,Pusat gempa berada di darat 4 km Timur Laut Klungkung,
2024-09-14 21:37:38+00:00,1.8599999999999999,98.95,5.7,131.0,"III Tapanuli Tengah, II-III Gunungsitoli",Pusat gempa berada di darat 17 km barat daya Tapanuli Utara,
2024-09-15 09:54:31+00:00,-7.8100000000000005,106.55,5.3,10.0,"III Sukabumi, III Cireungas, III Ujung genteng, III Nagrak, II Cimahi, II Lembang, II Banjaran, II Kab. Bandung",Pusat gempa berada di laut 91 km selatan Kabupaten Sukabumi,
2024-09-15 11:28:55+00:00,1.33,118.44,4.1,11.0,"II - III Kecamatan Batu Putih, II - III Kecamatan Sangkulirang",Pusat gempa berada di darat 143 km tenggara Berau,
2024-09-15 13:08:09+00:00,1.28,118.42,5.6,10.0,"III-IV Berau, III-IV Tanjung Redep, III-IV Teluk Bayur, III-IV Tanjung Selor, III-IV Tarakan, III-IV Bulungan, II-III Bontang, II-III Sangatta, II-III Bengalon, II-III Muara Badak, III-IV Kec. Sangkulirang",Pusat gempa berada di darat 145 km Tenggara Berau,
2024-09-16 00:01:12+00:00,-7.7,106.56,4.1,27.0,III Surade,Pusat gempa berada di laut 79 km Tenggara KAB-SUKABUMI,
2024-09-16 11:39:47+00:00,-0.4,127.63,4.9,10.0,II-III Labuha,Pusat gempa berada di laut timur laut Labuha,
2024-09-16 11:54:43+00:00,-0.47000000000000003,127.74,4.6,10.0,II-III Labuha,Pusat gempa berada di laut. 33 km TimurLaut Labuha,
2024-09-16 13:00:00+00:00,1.07,127.93,4.3,2.0,"II-III Halmahera Utara, II-III Halmahera Timur",Pusat gempa berada di laut 48 km Tenggara Halmahera Utara,
2024-09-16 21:46:30+00:00,-7.22,106.18,4.2,22.0,"III Muarabinuangeun, III Ujung Genteng, III Pelabuhan Ratu, III Surade",Pusat gempa berada di laut 33 km barat daya Bayah,
2024-09-16 22:50:51+00:00,-6.9,105.63,4.6,34.0,"III Sumur, III Muarabinuangeun, III Panimbang, III Cibaliung, III Singdangkerta, III Sobang",Pusat gempa berada di laut 27 km tenggara Sumur,
2024-09-17 01:15:21+00:00,-7.27,109.66,3.0,8.0,II Banjarnegara,Pusat gempa berada di darat 16 Km BaratLaut BANJARNEGARA,
2024-09-17 03:53:39+00:00,-7.26,109.66,2.7,5.0,II Banjarnegara,Pusat gempa berada di darat 17 km barat laut Banjarnegara,
2024-09-18 02:41:08+00:00,-7.19,107.67,5.0,10.0,"III Banjaran, II-III Lembang, II-III Parompong, II-III Kab. Bandung Barat, II-III Baleendah, II-III Garut, III-IV Majalaya, II-III Cileunyi",Pusat gempa berada di darat 24 km Tenggara Kab. Bandung,
2024-09-18 02:48:20+00:00,-7.21,107.7,3.2,8.0,II Pasirwangi,Pusat gempa berada di darat 21 km BaratLaut Kab. Garut,
2024-09-18 05:27:38+00:00,-7.22,107.71,3.5,5.0,II - III Garut,Pusat gempa berada di 20 km Barat Daya Kab-Garut,
2024-09-18 07:56:03+00:00,-7.21,107.66,3.1,5.0,"II Kertasari, II Pasirwangi, II Samarang",Pusat gempa berada di darat 25 km Tenggara Kab. Bandung,
2024-09-19 07:45:33+00:00,2.23,128.68,5.6,10.0,"III-IV Halmahera Utara, II Halmahera Timur, II Ternate, III-IV Morotai, III Pulau Doi",Pusat gempa berada di laut 47 km timur laut Daruba,
2024-09-19 16:14:17+00:00,0.8,98.68,5.3,93.0,"III Gunung Sitoli, III Tapanuli Tengah",Pusat gempa berada di Laut 91 Km BaratDaya Padangsidimpuan,
2024-09-19 16:36:50+00:00,1.28,118.44,3.8,15.0,III-IV Kecamatan Batu Putih,Pusat gempa berada di darat 146 Km tenggara Berau,
2024-09-20 14:31:15+00:00,-3.84,122.24,3.1,5.0,II-III Kab.Konawe,Pusat gempa berada di darat 5 km timur laut Kab.Konawe,
2024-09-20 23:26:20+00:00,-8.57,115.32,4.8,22.0,"IV Gianyar, III Badung, III Denpasar, III Tabanan, III Karangasem, III Bangli, II Buleleng, II Mataram, II Lombok Barat",Pusat gempa berada di darat 3 km baratdaya Gianyar,
2024-09-21 20:21:10+00:00,0.28,110.15,4.2,12.0,III Sanggau,Pusat gempa berada di darat 45 km baratlaut Sanggau,
2024-09-22 03:11:52+00:00,-7.87,109.7,4.0,102.0,III Bantul,Pusat gempa berada di laut 23 km Tenggara Kebumen,
2024-09-22 19:29:18+00:00,-0.74,131.44,3.4,5.0,II-III Sorong,Pusat gempa berada di laut 18 km timur laut kota Sorong,
2024-09-23 11:33:52+00:00,-2.27,134.28,4.5,10.0,II Wasior,Pusat gempa berada di laut 56 km baratlaut Teluk Wondama,
2024-09-23 19:51:04+00:00,-0.11,122.92,6.4,145.0,"III-IV Kotamobagu, III-IV Bolaang Mongondow Selatan, III-IV Pohuwato, III-IV Kab. Gorontalo, III-IV Kota Gorontalo, III-IV Bone Bolango, III-IV Boalemo, III-IV Luwuk, III Gorontalo Utara, III Buol, III Bolaang Mongondow Timur",Pusat gempa berada di laut 74 km Baratdaya Gorontalo,
2024-09-23 20:45:24+00:00,-4.63,102.75,4.7,34.0,"III Bengkulu Selatan, II-III Kaur",Pusat gempa berada di laut 26 km barat daya Bengkulu Selatan,
2024-09-23 23:53:59+00:00,-7.5,107.02,4.4,61.0,"III Cianjur Selatan, II Bogor, II Bayah, II Lebak, II-III Kab. Sukabumi, II Kab. Bandung, II Kab. Garut",Pusat gempa berada di laut 65 km tenggara Kota Sukabumi,
2024-09-24 11:35:17+00:00,0.97,118.97,2.4,9.0,II-III Kutai Timur,Pusat gempa berada di darat 182 km baratlaut Donggala,
2024-09-25 04:49:48+00:00,-2.0,119.43,4.2,5.0,"II-III Topoyo, II-III Tobadak",Pusat gempa berada di darat 11 km baratlaut Mamuju Tengah,
2024-09-25 09:16:35+00:00,-2.91,119.43,3.2,10.0,II Mamasa,Pusat gempa berada di darat 11 km timurlaut Mamasa,
2024-09-28 20:26:03+00:00,-1.73,120.16,4.3,10.0,"IV Lore Tengah, II-III Sigi",Pusat gempa berada di darat 49 km Tenggara Sigi,
2024-09-29 06:27:52+00:00,-4.02,129.82,4.5,10.0,II Banda Naira,Pusat gempa berada di laut 57 km utara Banda - Maluku Tengah,
2024-09-29 08:16:15+00:00,-3.45,135.4,4.1,39.0,III Nabire,Pusat gempa berada di darat 15 km barat daya Nabire,
2024-09-29 15:36:00+00:00,-0.21,119.82,3.9,2.0,II - III Donggala,Pusat gempa berada di darat 23 km barat laut Donggala,
2024-10-01 02:18:22+00:00,1.08,98.8,5.3,108.0,"III Kab. Humbang Hasundutan, II - III Gunungsitoli, II - III Nias Barat, II - III Nias Selatan, II-III Nias Utara",Pusat gempa berada di laut 61 km barat daya Padangsidempuan,
2024-10-01 07:10:39+00:00,0.48,122.31,5.2,94.0,"III - IV Kab. Pohuwato, III Gorontalo Utara, III Kota Gorontalo, III Kab. Gorontalo, III-IV Kab. Boalemo, III Kab. Bone Bolango, III Kab. Bolaang Mongondow, III Kab. Toli-Toli, III Kab. Parigi Moutong, III Kab. Buol",Pusat gempa berada di darat 6 km baratdaya Boalemo,
2024-10-01 20:57:55+00:00,0.84,122.85,4.3,33.0,"II-III Gorontalo Utara, II-III Kab. Gorontalo, II-III Kotamobagu, II-III Bolaang Mongondow Utara",Pusat gempa berada di laut 5 km barat laut Gorontalo Utara,
2024-10-02 01:09:18+00:00,-7.35,106.49,4.5,36.0,"IV Simpenan Sukabumi, III Cikakak, III Pelabuhan Ratu, III Sukabumi, II Kabandungan, III Bayah, III Panggarangan, III Malingping, II-III Rangkasbitung, IV Ujung Genteng, IV Tegalbuleud, III-IV Kalibunder",Pusat gempa berada di darat 40 km BaratDaya Kab-Sukabumi,
2024-10-02 10:17:10+00:00,-1.27,134.19,3.6,11.0,II Ransiki,Pusat gempa berada di darat 21 km timur laut Pegunungan Arfak,
2024-10-02 10:31:17+00:00,-8.45,117.17,3.8,12.0,II Sumbawa,Pusat gempa berada di darat 14 km timur laut Pernang,
2024-10-02 21:38:28+00:00,-3.94,122.51,2.8,5.0,II - III Kendari,"Pusat gempa berada di darat 0.7 km TimurLaut Mandonga, Kota Kendari",
2024-10-03 03:12:41+00:00,-2.48,140.43,3.8,12.0,III Kab. Jayapura,Pusat gempa berada di darat 12 km timurlaut Kab. Jayapura,
2024-10-03 09:04:39+00:00,-6.83,108.73,2.5,22.0,II Kota Cirebon,Pusat gempa berada di darat 23 km tenggara Kota Cirebon,
2024-10-03 15:07:59+00:00,-9.02,119.37,4.3,10.0,II Bima,Pusat gempa berada di laut 46 km timurlaut Tambolaka,
2024-10-04 04:29:31+00:00,-3.94,122.63,3.1,11.0,II-III Konawe,Pusat gempa berada di darat 4.8 km barat daya Soropia,
2024-10-04 19:05:37+00:00,-6.82,107.08,2.7,2.0,"II-III Cugenang, II-III Warungkondang, II-III Cilaku, II-III Cibeber, II-III Cipanas",Pusat gempa berada di darat 6 km barat laut Kab. Cianjur,
2024-10-05 19:40:48+00:00,-6.65,106.83,2.5,5.0,II Bogor,Pusat gempa berada di darat 7 km tenggara Kota Bogor,
2024-10-05 19:44:39+00:00,-7.18,107.75,2.7,8.0,"II Majalaya, II Bandung",Pusat gempa berada di darat 16 km baratlaut Kab. Garut,
2024-10-06 11:31:22+00:00,-2.39,140.34,4.2,10.0,"III Kota Jayapura, III Kab. Jayapura",Pusat gempa berada di laut 23 km barat laut Kab. Jayapura,
2024-10-06 20:00:36+00:00,-7.1,113.16,2.9,9.0,II - III Sampang,Pusat gempa berada di darat 12 km barat laut Sampang,
2024-10-07 04:42:25+00:00,-7.05,111.75,3.3,12.0,"II - III Bojonegoro, II - III Tuban",Pusat gempa berada di darat 18 km baratlaut Bojonegoro,
2024-10-08 14:12:08+00:00,-7.76,106.55,4.9,11.0,"III-IV Kab. Sukabumi, III Bayah, III Malingping, II Garut, II Nagrak, III-IV Kab. Cianjur, III Cibeber, III Panggarangan",Pusat gempa berada di laut 85 km selatan Kab. Sukabumi,
2024-10-09 06:39:21+00:00,0.66,98.49,4.0,11.0,II Pandan,Pusat gempa berada di laut 75 km TimurLaut Nias Selatan,
2024-10-09 11:31:46+00:00,-8.44,117.15,3.3,14.0,II Sumbawa,Pusat gempa berada di darat 12 km timurlaut Pernang,
2024-10-09 22:07:33+00:00,-9.16,115.34,4.0,66.0,"II Lombok Barat, II Lombok Tengah, II Karangasem",Pusat gempa berada di laut 42 km tenggara Kuta Selatan,
2024-10-11 09:35:15+00:00,-7.19,107.76,2.8,8.0,"II Pacet, II Kertasari, II Pasirwangi, II Ibun",Pusat gempa berada di darat 15 km Barat Laut Kabupaten Garut,
2024-10-12 01:11:55+00:00,-0.26,125.16,5.1,10.0,"III Minahasa Tenggara, II Gorontalo","Pusat gempa berada di laut 128 km tenggara Tutuyan, Boltim",
2024-10-12 01:37:40+00:00,-4.6,101.89,4.9,58.0,"III Enggano, II - III Kota Bengkulu",Pusat gempa berada di laut 92 km barat laut Enggano,
2024-10-12 23:16:01+00:00,-9.27,118.62,4.1,44.0,"III Sumbawa, II Bima","Pusat gempa berada di laut 54 km barat laut Kodi, Sumba Barat Daya",
2024-10-13 03:20:41+00:00,-6.73,106.66,2.8,14.0,II Kec. Pamijahan,Pusat gempa berada di darat 21 km barat daya Kota Bogor,
2024-10-13 07:01:34+00:00,5.48,93.87,5.8,10.0,"III-IV Banda Aceh, III-IV Aceh Besar, III Sabang, III Pidie, II Pidie Jaya, II Bireuen",Pusat gempa berada di laut 161 km baratdaya Banda Aceh,
2024-10-13 14:59:02+00:00,-9.59,117.51,3.9,22.0,II Sumbawa,Pusat gempa berada di Laut 118 km tenggara Sumbawa Barat,
2024-10-15 08:03:23+00:00,-9.0,116.6,3.9,10.0,"II-III Lombok Timur, II - III Lombok Barat, II - III Lombok Tengah, II - III Sumbawa Barat",Pusat gempa berada di laut 39 km barat daya Sumbawa Barat,
2024-10-15 18:55:13+00:00,-5.39,122.62,3.0,8.0,II Baubau,Pusat gempa berada di darat 1.4 km BaratDaya Kota Baubau,
2024-10-16 22:08:37+00:00,-3.37,129.0,2.5,8.0,II Masohi,Pusat gempa berada di laut 10 km Tenggara Masohi,
2024-10-17 01:13:13+00:00,-5.9,105.77,3.7,10.0,"III Bakauheni, II Cilegon",Pusat gempa berada di laut 26 km BaratLaut Anyer,
2024-10-18 08:26:54+00:00,-5.79,112.44,3.8,4.0,II Bawean,Pusat gempa berada di laut 130km timur laut Tuban,
2024-10-18 15:32:49+00:00,-4.17,121.92,2.4,15.0,II - III Kolaka Timur,Pusat gempa berada di darat 19 km BaratDaya Kolaka Timur,
2024-10-18 22:16:03+00:00,3.03,97.44,3.7,3.0,III Aceh Selatan,Pusat gempa berada di darat 36 km Tenggara KAB-ACEH SELATAN,
2024-10-19 15:36:19+00:00,5.32,94.36,4.5,8.0,II Banda Aceh,Pusat gempa berada di laut 124 km baratdaya Kota Sabang,
2024-10-19 18:07:13+00:00,0.51,119.85,5.3,34.0,"II - III Berau, III Parigi Moutong, III Toli-toli, II - III Marisa",Pusat gempa berada di laut 103 timurlaut Donggala,
2024-10-20 05:24:50+00:00,0.31,121.01,4.8,86.0,III Parigi Moutong,Pusat gempa berada di laut 37 km Tenggara PARIGIMOUTONG-SULTENG,
2024-10-20 08:22:04+00:00,-0.35000000000000003,131.34,4.1,11.0,III Sorong,Pusat gempa berada di laut 49 km timur laut Sorong,
2024-10-20 09:14:24+00:00,-7.23,107.7,2.6,11.0,"II Pasirwangi, II Kertasari",Pusat gempa berada di darat 21 km Barat Daya Kab. Garut,
2024-10-20 10:43:57+00:00,-5.67,104.79,3.6,5.0,II Limau,Pusat gempa berada di laut 24 km Tenggara Tanggamus,
2024-10-20 16:13:49+00:00,5.31,94.34,4.8,7.0,"II Banda Aceh, II Aceh Besar",Pusat gempa berada di laut 126 km barat daya Kota Sabang,
2024-10-21 03:24:17+00:00,-1.09,127.34,5.6,10.0,"III-IV Labuha, III-IV Obi, II-III Gane Barat",Pusat gempa berada di 53 km Selatan Labuha-MALUT,
2024-10-21 04:10:24+00:00,-1.09,127.35,4.6,10.0,II-III Pulau Obi,Pusat gempa berada di laut 43 km barat laut Obi,
2024-10-21 04:12:18+00:00,-1.03,127.37,5.1,17.0,II-III Pulau Obi,Pusat gempa berada di laut 46 km selatan Labuha,
2024-10-21 06:32:37+00:00,-1.11,127.34,5.7,10.0,III-IV Labuha,Pusat gempa berada di laut 42 km barat laut Obi,
2024-10-21 06:47:50+00:00,-0.87,131.26,3.2,10.0,III Kota Sorong,Pusat gempa berada di 10 km barat daya Kota Sorong,
2024-10-21 08:08:35+00:00,-1.15,127.27,4.8,10.0,II - III Pulau Obi,Pusat gempa berada di laut 47 km barat laut Obi,
2024-10-21 08:15:57+00:00,-1.17,127.3,4.2,10.0,II - III Pulau Obi,Pusat gempa berada di laut 42 km barat laut Obi,
2024-10-21 08:24:08+00:00,-1.11,127.31,5.2,10.0,"III Labuha, III Pulau Obi",Pusat gempa berada di laut 55 km barat daya Labuha,
2024-10-21 09:07:45+00:00,-2.42,120.91,3.4,5.0,II Mangkutana,Pusat gempa berada di darat 34 km barat laut Luwu Timur,
2024-10-21 14:02:40+00:00,5.33,95.7,3.5,3.0,"II Banda Aceh, II Aceh Besar","Pusat gempa berada di darat 14 km Timur Laut Jantho, Aceh Besar",
2024-10-21 17:41:02+00:00,-5.65,104.75,3.6,4.0,"II - III Tanggamus, I - II Lampung Selatan",Pusat gempa berada di Laut 20 km Tenggara Tanggamus,
2024-10-21 19:15:43+00:00,-5.65,104.76,3.3,5.0,"II-III Cukuh Balak, II-III Pagelaran, II-III Pardasuka",Pusat gempa berada di laut 20 km tenggara Tanggamus,
2024-10-22 01:02:52+00:00,-1.11,130.86,3.4,10.0,II - III Sorong,Pusat gempa berada di darat 58 km barat daya Kab. Sorong,
2024-10-22 01:46:41+00:00,-0.91,131.27,2.8,18.0,II Sorong,Pusat gempa berada di darat 14 km barat laut Kab. Sorong,
2024-10-22 05:16:31+00:00,-5.5600000000000005,104.76,3.1,4.0,"I - II Limau, I - II Kota Agung",Pusat gempa berada di laut 20 km Tenggara TANGGAMUS-LAMPUNG,
2024-10-22 05:48:20+00:00,-5.66,104.77,3.6,4.0,"II Kota Agung, II Bulok",Pusat gempa berada di laut 22 km Tenggara Tanggamus,
2024-10-22 09:05:38+00:00,-5.64,104.75,3.6,5.0,"II-III Kota Agung, II - III Bulok",Pusat gempa berada di laut 19 km Tenggara Tanggamus,
2024-10-22 12:43:53+00:00,-7.75,108.33,5.0,72.0,"III-IV Pangandaran, III Garut, II-III Cilacap, II Pelabuhan Ratu, II Kota Sukabumi, II - III Kab. Bandung",Pusat gempa berada di laut 18 km barat daya Kab. Pangandaran,
2024-10-22 23:16:37+00:00,-4.77,121.96,2.3,5.0,II Bombana,Pusat gempa berada di darat 5 km barat daya Bombana,
2024-10-23 07:46:38+00:00,-5.66,104.77,3.2,5.0,II - III Kecamatan Bulok,Pusat gempa berada di Laut 22 Km Tenggara Tanggamus,
2024-10-23 08:09:37+00:00,-5.67,104.78,3.9,5.0,"II-III Kec. Bulok, II-III Kota Agung",Pusat gempa berada di laut 23 km tenggara Tanggamus,
2024-10-23 09:12:48+00:00,-9.25,114.04,4.3,23.0,"II - III Banyuwangi, II Denpasar Selatan, II Kuta",Pusat gempa berada di Laut 117 Km BaratDaya Jembrana,
2024-10-23 11:48:13+00:00,-9.49,117.15,3.5,29.0,II Kab. Sumbawa,Pusat gempa berada di laut 88 km tenggara Sumbawa Barat,
2024-10-23 20:42:17+00:00,-4.18,121.92,2.6,10.0,II - III Kolaka Timur,Pusat gempa berada di darat 2 km barat laut Kolaka Timur,
2024-10-24 06:54:13+00:00,-1.09,119.87,3.8,5.0,II-III Palu,Pusat gempa berada di darat 32 km baratlaut Sigi,
2024-10-24 17:22:42+00:00,-2.29,134.27,5.0,10.0,II-III Teluk Wondama,Pusat gempa berada di laut 55 km baratlaut Teluk Wondama,
2024-10-25 20:15:48+00:00,-2.6,140.67,3.8,10.0,III Kota Jayapura,Pusat gempa berada di darat 5 km barat daya Kota Jayapura,
2024-10-26 14:21:57+00:00,-8.43,119.97,4.6,178.0,"III Sumba Timur, III Manggarai Barat",Pusat gempa berada di darat 11 km timur laut Labuanbajo,
2024-10-27 02:22:51+00:00,-9.11,117.22,3.7,10.0,"III-IV Sumbawa Barat, II Sumbawa",Pusat gempa berada di laut 56 km tenggara Sumbawa Barat,
2024-10-27 17:15:40+00:00,0.84,97.42,4.2,21.0,"III Nias Barat, II-III Nias Selatan",Pusat gempa berada di laut 15 km barat daya Nias Barat,
2024-10-28 02:21:53+00:00,-8.99,114.98,4.4,70.0,"III Denpasar, II Kuta, II Mataram, II Lombok Barat, II Lombok Tengah, II Lombok Timur , II Sumbawa Barat, II Sumbawa, III Kuta Selatan, II Bangli, II Tabanan, II Gianyar, II Jembrana",Pusat gempa berada di Laut 34 Km Barat Daya Kuta Selatan,
2024-10-28 05:07:51+00:00,-5.66,104.79,3.5,5.0,II Limau,Pusat gempa berada di laut 23 km tenggara Tanggamus,
2024-10-28 13:07:09+00:00,1.54,96.99,4.5,22.0,"III Kota Gunung Sitoli, III Kabupaten Nias Utara",Pusat gempa berada di laut 42 km barat laut Nias Utara,
2024-10-28 13:29:22+00:00,-8.13,107.92,3.8,27.0,"II Cipatujah, II Salawu, II Cisompet, II Banjarwangi",Pusat gempa berada di laut 79 km barat daya Kab. Pangandaran,
2024-10-28 13:52:41+00:00,-4.0,122.45,3.0,14.0,II-III Kendari,Pusat gempa berada di darat 46 km Tenggara Konawe,
2024-10-29 02:35:24+00:00,4.8,96.12,4.7,5.0,"II-III Pidie, II Nagan Raya, II Aceh Tengah, II Aceh Jaya, II Bireuen",Pusat gempa berada di darat 27 km barat daya Kab. Pidie Jaya,
2024-10-29 14:12:17+00:00,-4.0,121.4,2.9,5.0,III Kolaka,"Pusat gempa berada di darat 10.7 km Tenggara Samaturu, Kab. Kolaka",
2024-10-29 19:04:15+00:00,-4.76,122.17,2.7,5.0,II-III Muna Barat,Pusat gempa berada di Laut 9 km Timur Laut Kab.Bombana,
2024-10-29 19:25:16+00:00,-4.84,122.18,2.7,5.0,II - III Muna Barat,Pusat gempa berada di Laut 7 km Tenggara Kab.Bombana,
2024-10-30 16:32:49+00:00,-8.07,107.88,4.3,31.0,"III Garut, III Pamengpeuk, III Bungbulang, III Cisewu, III Cilawu, II Sumedang",Pusat gempa berada di laut 79 km barat daya Kab. Pangandaran,
2024-11-01 03:00:56+00:00,4.39,98.1,4.4,9.0,III Aceh Tamiang,Pusat gempa berada di darat 8 km timur laut Kab. Aceh Tamiang,
2024-11-01 15:43:24+00:00,-8.44,119.15,3.6,5.0,II Bima,Pusat gempa berada di laut 44 km timur laut Kota Bima,
2024-11-02 07:20:16+00:00,-9.53,117.54,4.5,15.0,"III-IV Sumbawa, III Sumbawa Barat, III Lombok Timur, II Lombok Tengah, II Kota Mataram",Pusat gempa berada di laut 115 km tenggara Sumbawa Barat,
2024-11-02 10:19:44+00:00,-6.25,103.67,5.4,15.0,"II-III Liwa, II - III Krui, II - III Kota Agung, II - III Gisting, II - III Pematang Sawah, II - III Semaka, II Ngambur, II Sekincau, II - III Pesisir Selatan, II Limau",Pusat gempa berada di laut 121 km barat daya pesisir barat,
2024-11-02 12:41:06+00:00,-0.19,100.4,3.1,1.0,"II Bukittinggi, II Kab. 50 Kota",Pusat gempa berada di laut 13 km timur laut Bukittinggi,
2024-11-02 23:03:25+00:00,-8.11,116.44,3.8,12.0,II Lombok Utara,Pusat gempa berada di laut 41 km timur laut Lombok Utara,
2024-11-03 06:51:26+00:00,-0.2,100.39,3.4,3.0,I - II Bukittinggi,Pusat gempa berada di darat 12 km timur laut Bukittingi,
2024-11-03 21:58:33+00:00,-2.42,120.98,4.3,3.0,"III-IV Malili, III-IV Mangkutana, III-IV Kalaena, III Wotu, III Angkona",Pusat gempa berada di darat 27 km baratlaut Luwu Timur,
2024-11-04 03:26:12+00:00,-8.7,110.3,4.4,43.0,"II Bantul, II Kulonprogo, II Pacitan",Pusat gempa berada di laut 85 km baratdaya Gunung Kidul,
2024-11-05 05:03:48+00:00,-8.71,119.28,3.8,10.0,II Bima,Pusat gempa berada di laut 65 km tenggara Kota Bima,
2024-11-06 11:54:28+00:00,-3.38,120.43,3.6,5.0,"III Belopa Utara, III Luwu",Pusat gempa berada di laut 21 km tenggara Luwu,
2024-11-06 12:50:18+00:00,-2.51,110.2,2.5,10.0,II - III Kendawangan,Pusat gempa berada di darat 110 km Barat Daya Ketapang,
2024-11-06 23:51:46+00:00,-6.39,107.32,2.7,10.0,II-III Telukjambe Barat,Pusat gempa berada di darat 10 km tenggara Kab. Karawang,
2024-11-07 10:14:36+00:00,-7.05,108.5,2.8,18.0,III Kuningan,Pusat gempa berada di darat 8 km tenggara Kabupaten Kuningan,
2024-11-07 11:18:08+00:00,-6.8100000000000005,107.32,2.8,4.0,"III Cipatat, III Cipeundeuy, III Cikalong",Pusat gempa berada di darat 20 km timur laut Kab. Cianjur,
2024-11-08 05:51:42+00:00,-7.39,110.43,2.8,9.0,II-III Kota Salatiga,Pusat gempa berada di darat 9 km Barat Daya Kota Salatiga,
2024-11-08 16:20:11+00:00,-2.41,120.97,3.5,5.0,III Mangkutana,Pusat gempa berada di darat 29 km BaratLaut LuwuTimur,
2024-11-09 02:53:37+00:00,1.24,121.23,5.1,36.0,"III-IV Toli-toli, III-IV Buol",Pusat gempa berada di laut 33 km BaratLaut Buol,
2024-11-09 07:57:05+00:00,-0.8200000000000001,134.49,4.9,10.0,"II-III Manokwari, II Ransiki",Pusat gempa berada di laut 44 km barat laut Pulau Numfor,
2024-11-09 12:34:46+00:00,1.07,127.92,4.1,5.0,III Malifut,Pusat gempa berada di Laut 48 km Tenggara Halmahera Barat,
2024-11-09 14:11:40+00:00,-2.44,120.97,3.1,5.0,III Wotu,Pusat gempa berada di darat 27 km Barat Laut Luwu Timur,
2024-11-11 12:12:45+00:00,-1.35,123.57,4.0,10.0,II-III Salakan,Pusat gempa berada di laut 9 km timur laut Banggai,
2024-11-11 16:12:36+00:00,1.34,118.49,3.6,16.0,II - III Kecamatan Batu Putih,Pusat gempa berada di darat 147 km tenggara Berau,
2024-11-12 02:57:00+00:00,-7.08,106.7,2.9,9.0,II Kec. Simpenan,Pusat gempa berada di darat 19 km Tenggara Kab. Sukabumi,
2024-11-12 16:11:31+00:00,-4.09,122.57,2.7,4.0,III Kendari,"Pusat gempa berada di darat 9 km Tenggara Poasia, Kota Kendari",
2024-11-12 20:44:29+00:00,-8.04,110.41,3.4,13.0,II Bantul,Pusat gempa berada di darat 16 km tenggara Bantul,
2024-11-12 21:51:26+00:00,-7.58,125.25,4.2,363.0,II Kalabahi,Pusat gempa berada di laut 110 km timur laut Alor,
2024-11-13 01:41:07+00:00,-8.47,107.81,5.2,27.0,"III Garut, III Cianjur, III Ciwidey, III Tasikmalaya, III Pangandaran, II Bandung Barat, II Cimahi",Pusat gempa berada di laut 114 km barat daya Kab. Pangandaran,
2024-11-14 10:10:30+00:00,-8.03,107.9,3.9,31.0,"III Ciamis, II Cipatujah, II Cisompet, II Sindangsari, II Cijulang, II Garut, II Singajaya, II Tasikmalaya",Pusat gempa berada di laut 75 km barat daya Pangandaran,
2024-11-14 19:08:16+00:00,-6.24,104.16,5.3,74.0,"II - III Bengkunat, II - III Cukuh Balak",Pusat gempa berada di laut 102 km Barat Daya Tanggamus,
2024-11-15 05:38:10+00:00,-7.73,106.69,3.9,16.0,"II-III Sukabumi, III Cianjur",Pusat gempa berada di laut 83 km tenggara Kab.Sukabumi,
2024-11-15 08:38:17+00:00,-6.78,107.28,3.3,4.0,"II - III Cipatat, II - III Cirata, II - III Cipeundeuy, II - III Rajamandala, II - III Cipeuyem, II - III Cikalong Wetan",Pusat gempa berada di darat 16 km Timur Laut Kab. Cianjur,
2024-11-15 14:31:19+00:00,-6.76,107.28,3.1,4.0,"II-III Cirata, II - III Sukaluyu, II - III Rajamandala, II - III Cipeundeuy",Pusat gempa berada di darat 17 km Timur Laut Kab. Cianjur,
2024-11-15 14:39:51+00:00,2.61,98.64,3.6,1.0,"II Pangururan, II Kecamatan Harian",Pusat gempa berada di darat 6 km barat daya Samosir,
2024-11-16 15:28:37+00:00,1.34,98.28,4.9,26.0,"III Kab. Tapanuli Tengah, II - III Kota Gunung Sitoli, II - III Kab. Nias, II Kab. Nias Selatan",Pusat gempa berada di laut 69 km timur laut Nias,
2024-11-18 12:33:31+00:00,-3.7800000000000002,136.11,4.0,10.0,II - III Deiyai,Pusat gempa berada di darat 27 km timur laut Dogiyai,
2024-11-19 12:28:13+00:00,-8.2,107.59,4.6,15.0,"III Ciamis, II Garut",Pusat gempa berada di laut 109 km barat daya Kab. Tasikmalaya,
2024-11-19 20:50:45+00:00,-9.03,121.97,4.7,80.0,II Ende,Pusat gempa berada di laut 39 km Tenggara Ende,
2024-11-19 21:33:36+00:00,-3.9699999999999998,135.12,3.3,23.0,II - III Nabire,Pusat gempa berada di darat 80 km BaratDaya Nabire,
2024-11-21 01:17:43+00:00,-6.96,107.15,2.2,5.0,II Kec. Cibeber,Pusat gempa berada di darat 15 km tenggara Kab. Cianjur,
2024-11-21 04:25:48+00:00,-6.98,107.15,2.9,9.0,III Kec. Cibeber,Pusat gempa berada di darat 17 km tenggara Cianjur,
2024-11-21 04:27:41+00:00,-7.01,107.18,3.0,10.0,III Kec. Cibeber,Pusat gempa berada di darat 21 km tenggara Cianjur,
2024-11-21 04:28:54+00:00,-6.96,107.15,3.0,5.0,III Kec. Cibeber,Pusat gempa berada di darat 15 km tenggara Cianjur,
2024-11-21 12:12:50+00:00,-2.12,139.15,5.4,10.0,III Sarmi,Pusat gempa berada di darat 53 km tenggara Sarmi,
2024-11-21 22:45:48+00:00,-7.82,107.28,3.8,28.0,II Garut,Pusat gempa berada di laut 92 km barat daya Kab. Bandung,
2024-11-22 01:56:12+00:00,-6.83,120.68,4.0,7.0,"III Pulau Kayuadi, II - III Pulau Jampea",Pusat gempa berada di laut 63 km Tenggara Selayar,
2024-11-22 07:06:27+00:00,-1.04,99.8,3.8,44.0,"II - III Padang, II - III Padang Pariaman",Pusat gempa berada di laut 58 km BaratDaya Pariaman,
2024-11-22 07:51:03+00:00,2.71,128.17,5.4,13.0,III Morotai,Pusat gempa berada di laut 74 km BaratLaut Daruba,
2024-11-24 09:40:47+00:00,-6.98,107.15,2.0,6.0,II Cibeber,"Pusat gempa berada di darat, 17 Km Tenggara KAB-CIANJUR",
2024-11-26 11:19:07+00:00,-3.16,135.74,3.7,21.0,III-IV Nabire,Pusat gempa berada di darat 34 km timur laut Nabire,
2024-11-26 13:25:21+00:00,-4.09,135.14,4.6,21.0,II - III Nabire,Pusat gempa berada di darat 90 km barat daya Nabire,
2024-11-27 11:59:36+00:00,-2.5,140.55,2.6,10.0,II-III Kab. Jayapura,Pusat gempa berada di darat 17 km barat laut Kota Jayapura,
2024-11-27 15:48:46+00:00,-0.97,119.86,2.2,4.0,"II - III Marawola, II - III Kotarindau, II - III Kalukubula",Pusat gempa berada di darat 46 km BaratLaut Sigi,
2024-11-29 01:02:32+00:00,-3.39,115.03,3.7,14.0,"II Kota Banjarbaru, II Kab. Tanah Laut",Pusat gempa berada di darat 8 km tenggara Banjar,
2024-11-29 04:16:13+00:00,-1.06,120.43,3.9,5.0,III Sausu,Pusat gempa berada di darat 51 Km Baratlaut Poso,
2024-11-29 04:49:43+00:00,-9.07,114.65,4.2,57.0,"III Banyuwangi, III Denpasar, III Badung",Pusat gempa berada di laut 70 km barat daya Kuta Selatan Bali,
2024-11-29 05:49:50+00:00,-8.99,118.48,4.8,66.0,"III Sumbawa, III Dompu, III Bima",Pusat gempa berada di laut 50 km tenggara Dompu,
2024-11-29 13:05:07+00:00,-4.16,103.67,3.8,5.0,II Semendo,Pusat gempa berada di darat 40 km barat daya Ogan Komering Ulu,
2024-11-29 15:12:10+00:00,-4.17,103.66,3.6,5.0,II-III Muara Enim,Pusat gempa berada di darat 41 km Barat Daya Ogan Kumering Ulu,
2024-11-29 16:05:49+00:00,-4.18,103.64,4.3,5.0,IV Semendo,"Pusat gempa berada di darat, 44 km BaratDaya OGANKOMERINGULU",
2024-11-30 00:58:20+00:00,-8.29,122.16,4.1,10.0,II-III Maumere,Pusat gempa berada di laut 37 km barat laut Maumere,
2024-11-30 21:11:28+00:00,-2.9699999999999998,128.81,4.2,13.0,II - III Masohi,Pusat gempa berada di darat 16 Km Tengara Taniwel Timur-SBB,
2024-12-02 12:40:03+00:00,-8.11,107.1,4.5,21.0,"III Bungbulang, III Cisompet, III Cijulang, III Sindangbarang, III Babadan, II Bayongbong, II Cikajang",Pusat gempa berada di laut 129 km BaratDaya Kab. Bandung,
2024-12-03 03:15:43+00:00,-3.61,135.55,3.8,14.0,IV Nabire,Pusat gempa berada di darat 28 km tenggara Nabire,
2024-12-03 04:22:29+00:00,-5.87,103.89,4.6,10.0,II Pesisir Barat,Pusat gempa berada di laut 75 km barat daya Pesisir Barat,
2024-12-03 22:15:37+00:00,-3.56,129.06,3.9,10.0,III Masohi,Pusat gempa berada di laut 29 km tenggara Masohi,
2024-12-04 14:21:38+00:00,4.94,95.98,4.6,10.0,"III - IV Aceh Jaya, III - IV Pidie Jaya, II Banda Aceh, II Aceh Besar",Pusat gempa berada di darat 33 Km barat daya Pidie Jaya,
2024-12-06 17:14:57+00:00,1.74,121.22,6.0,17.0,"III-IV Boul , III-IV Toli-toli, II Berau, II - III Pohuwato",Pusat gempa berada di laut 86 km barat laut Boul,
2024-12-06 22:45:03+00:00,-1.54,138.76,4.7,6.0,II - III Kabupaten Sarmi,Pusat gempa berada di laut 37 km Timur Laut Sarmi,
2024-12-07 00:12:21+00:00,-7.24,107.72,4.2,5.0,"III-IV Garut, IV Pasirwangi, IV Samarang, IV Bayongbong, III - IV Malayu, III Majalaya, III Pacet, III Ciparay , II-III Cimahi, II - III Baleendah, II - III Cibiru, II - III Cicalengka, II - III Kopo, II-III Soreang, II - III Sumedang",Pusat gempa berada di darat 19 km barat daya kab. Garut,
2024-12-07 00:37:56+00:00,-1.9300000000000002,115.27,4.3,2.0,"II - III Kab. Barito Timur, II - III Kab. Tabalong",Pusat gempa berada di darat 12 km TimurLaut Barito Timur,
2024-12-07 07:46:46+00:00,-0.35000000000000003,99.19,4.8,12.0,"II - III Padang Pariaman, II - III Pariaman, II - III Padang Panjang, II - III Agam",Pusat gempa berada di laut 64 km barat daya Pasaman Barat,
2024-12-07 09:41:26+00:00,-2.17,124.37,5.1,10.0,IV Taliabu,Pusat gempa berada di laut 180 km Barat Sanana,
2024-12-08 08:36:51+00:00,-7.23,107.69,2.7,10.0,"II Kertasari, II Pengalengan",Pusat gempa berada di darat 22 km barat daya Kabupaten Garut,
2024-12-09 00:06:34+00:00,-7.35,111.55,3.9,11.0,II Blora,Pusat gempa berada di darat 12 km Timur Laut Ngawi,
2024-12-09 08:21:06+00:00,-6.6,103.99,4.9,28.0,"II Liwa, I-II Limau","Pusat gempa berada di Laut, 146 km BaratDaya TANGGAMUS",
2024-12-09 09:22:04+00:00,-0.73,134.11,4.5,10.0,"Manokwari II-III, Ransiki II-III",Pusat gempa berada di laut 19 km timur laut Manokwari,
2024-12-09 09:50:06+00:00,-0.8300000000000001,99.63,4.9,68.0,"Padang III-IV, Padang Pariaman III-IV, Pariaman III-IV, Kab. Agam III-IV, Kab. Pasaman III-IV, Padang Panjang II-III, Bukittinggi II-III, Painan II-III",Pusat gempa berada di laut 59 km barat daya Pariaman,
2024-12-10 09:31:26+00:00,-8.68,116.11,3.6,87.0,"II Lombok Barat, II Lombok Tengah",Pusat gempa berada di darat 3 km baratlaut Lombok Barat,
2024-12-11 10:23:35+00:00,-4.49,102.51,5.4,19.0,"III-IV Bengkulu Selatan, III-IV Seluma, III Kepahiang, III Pagar Alam, II-III Kota Bengkulu, II-III Bengkulu Utara, II-III Oku Selatan, II Muara Enim",Pusat gempa berada di laut 45 km barat daya Bengkulu Selatan,
2024-12-11 10:46:21+00:00,-3.89,122.65,2.3,5.0,II Kendari,"Pusat gempa berada di laut 2.4 km barat laut Soropia, Kab. Konawe",
2024-12-12 06:36:29+00:00,-0.36,99.51,4.9,10.0,"III-IV Padang, III-IV Agam, III-IV Padang Pariaman, III-IV Pariaman, II - III Padang Panjang, II - III Bukittinggi",Pusat gempa berada di laut 57 km barat daya Lubukbasung-Agam,
2024-12-14 17:38:16+00:00,1.6400000000000001,126.61,5.3,10.0,"II - III Ternate, II - III Jailolo, II - III Morotai, II - III Ibu",Pusat gempa berada di laut 113 km BaratLaut Halmahera Barat,
2024-12-15 02:48:35+00:00,-8.1,117.85,4.6,14.0,"III Bima, III Dompu, III Sumbawa",Pusat gempa berada di laut 64 km timur laut Sumbawa,
2024-12-15 10:16:11+00:00,-2.32,140.26,4.0,6.0,II Sentani,Pusat gempa berada di laut 32 km Timur Laut Genyem-Jayapura,
2024-12-15 11:10:23+00:00,-8.64,117.44,4.7,10.0,"II Dompu, II Lombok Tengah, II Kota Mataram, III Lombok Timur, III Sumbawa Barat, III-IV Sumbawa, II Bima",Pusat gempa berada di darat 16 km tenggara Sumbawa,
2024-12-15 13:41:32+00:00,-8.66,117.43,3.7,6.0,II Sumbawa,Pusat gempa berada di darat 18 km tenggara Sumbawa,
2024-12-16 03:50:04+00:00,-1.22,99.76,5.0,20.0,"III-IV Kota Padang, III-IV Pasaman Barat, III-IV Padang Pariaman, III-IV Agam, III-IV Mentawai, II-III Padang Panjang, II-III Bukittinggi, II-III Solok, II-III Solok Selatan, III-IV Pariaman",Pusat gempa berada di laut 78 km barat daya Pariaman,
2024-12-16 07:16:52+00:00,-7.88,121.04,4.6,27.0,"III Bajawa, III Ruteng",Pusat gempa berada di laut 93 km barat laut Mbay-Nagekeo,
2024-12-16 10:14:43+00:00,-3.73,129.26,5.6,10.0,"III Amahai, III Waipia, III Yaputih, III Saparua, II Ambon, II Kairatu",Pusat gempa berada di laut 47 km barat daya Tehoru,
2024-12-16 16:02:32+00:00,-2.5700000000000003,140.82,3.9,10.0,III Kota Jayapura,Pusat gempa berada di laut 14 Km Tenggara Kota Jayapura,
2024-12-17 00:16:43+00:00,-1.71,99.18,4.1,31.0,"II-III Siberut, II-III Tuapejat",Pusat gempa berada di darat 43 km tenggara Pulau Siberut-Kepulauan Mentawai,
2024-12-17 21:13:51+00:00,1.32,118.43,3.8,5.0,II - III Berau,Pusat gempa berada di darat 143 km Tenggara Berau,
2024-12-17 21:41:09+00:00,-6.85,130.34,5.6,170.0,III Saumlaki,Pusat gempa berada di laut 106 km Utara Dawelor Dawera,
2024-12-19 03:17:27+00:00,-6.8,111.99,3.3,12.0,II-III Tuban,Pusat gempa berada di darat 11 km barat laut Tuban,
2024-12-19 23:16:58+00:00,-6.8,111.98,3.1,12.0,II Tuban,Pusat gempa berada di darat 11 km barat laut Tuban,
2024-12-20 16:39:05+00:00,-3.56,127.01,4.4,7.0,II-III Namrole,Pusat gempa berada di darat 34 km Selatan Namlea-BURU,
2024-12-20 18:22:37+00:00,-6.5600000000000005,104.87,5.3,10.0,"II Liwa, III Tanggamus, III Panimbang, III Taman Jaya, II - III Panggarangan, II - III Wanasalam, II-III Bayah",Pusat gempa berada di laut 79 km BaratLaut SUMUR-BANTEN,
2024-12-21 04:25:18+00:00,-8.39,121.91,3.5,9.0,II-III Ende,Pusat gempa berada di laut 41 Km Barat Laut Maumere,
2024-12-21 07:54:09+00:00,-9.08,112.07,4.1,10.0,II Blitar,"Pusat gempa berada di laut, 106 km BaratDaya Kab. Blitar",
2024-12-21 09:02:29+00:00,-5.71,112.55,3.5,5.0,II - III Bawean,Pusat gempa berada di laut 143 km TimurLaut Tuban,
2024-12-21 13:21:09+00:00,-3.69,127.01,3.8,17.0,II-III Namlea,Pusat gempa berada di darat 25 km barat laut Ambalau-Bursel,
2024-12-22 19:18:09+00:00,-4.12,122.45,3.0,5.0,"III Kendari, III Konawe Selatan","Pusat gempa berada di darat 2km Barat Daya Konda, Kab. Konawe Selatan",
2024-12-23 12:39:11+00:00,0.86,122.27,4.1,12.0,III Kab. Gorontalo Utara,Pusat gempa berada di darat 37 km barat laut Boalemo,
2024-12-23 17:23:50+00:00,-2.8200000000000003,122.24,3.7,5.0,III Bahodopi,Pusat gempa berada di laut 39 km tenggara Morowali,
2024-12-25 00:10:15+00:00,-4.25,122.41,2.5,5.0,II-III Konawe Selatan,"Pusat gempa berada di darat 9.2 km barat laut Laeya, Kab.Konawe Selatan",
2024-12-25 02:22:07+00:00,-4.23,122.45,2.6,7.0,III Konawe Selatan,"Pusat gempa berada di darat 5.9 km barat daya Wolasi, Kab. Konawe Selatan",
2024-12-26 14:57:24+00:00,-0.43,123.49,4.7,10.0,II - III Luwuk,Pusat gempa berada di darat 51 km utara Kab. Banggai,
2024-12-26 19:55:20+00:00,-2.7199999999999998,99.65,4.5,33.0,"II-III Tua pejat, II - III Pulau Pagai, I-II Pesisir Selatan",Pusat gempa berada di laut 47 km barat daya Pulau Pagai Utara-Kep.Mentawai,
2024-12-27 13:29:57+00:00,1.29,126.12,4.6,10.0,II-III Batang Dua,Pusat gempa berada di laut 112 km tenggara Bitung,
2024-12-28 05:46:42+00:00,-5.13,102.45,4.5,9.0,II - III Enggano,Pusat gempa berada di laut 31 km timur laut Enggano,
2024-12-28 19:16:56+00:00,-3.7,128.24,2.7,6.0,II - III Ambon,Pusat gempa berada di darat 7 km Timur Ambon,
2024-12-29 06:28:50+00:00,-7.12,111.82,3.1,13.0,II Bojonegoro,Pusat gempa berada di darat 8 km baratlaut Bojonegoro,
2024-12-30 00:43:10+00:00,2.5,128.18,4.1,2.0,III Morotai,Pusat gempa berada di laut 50 km timurlaut Pulaudoi,
2024-12-30 05:38:40+00:00,-7.05,112.62,3.3,14.0,"II - III Kec. Manyar, II - III Gresik",Pusat gempa berada di darat 13 km barat laut Kab. Gresik,
2024-12-30 16:21:00+00:00,-4.13,121.93,3.1,5.0,II - III Kolaka Timur,"Pusat gempa berada di darat 3 km TimurLaut Ladongi, Kab. Kolaka Timur",
2025-01-01 01:44:13+00:00,-8.05,117.98,4.1,29.0,"II Dompu, II Sumbawa, II Bima",Pusat gempa berada di laut 76 km BaratLaut Dompu,
2025-01-01 21:42:15+00:00,-3.41,128.37,3.5,10.0,"III Kairatu, II Ambon",Pusat gempa berada di laut 8 km selatan Kairatu-SBB,
2025-01-01 23:07:20+00:00,-2.05,100.03,4.1,10.0,"II-III Painan, II-III Sipora, II-III Pagai Utara, II Padang",Pusat gempa berada di laut 39 km timur laut Pulau Sipora,
2025-01-03 10:05:38+00:00,-1.08,120.41,3.6,5.0,III Sausu,Pusat gempa berada di darat 51 km barat laut Poso,
2025-01-03 14:44:43+00:00,-4.83,102.86,4.7,31.0,"III Manna, III Oku Selatan, III Kaur",Pusat gempa berada di laut 42 km Barat daya Bengkulu Selatan,
2025-01-04 14:09:12+00:00,-6.73,106.66,2.8,9.0,II Desa Cipeteuy,Pusat gempa berada di darat 21 km barat daya Kota Bogor,
2025-01-04 15:10:08+00:00,1.03,119.96,4.3,6.0,II - III Toli-Toli,Pusat gempa berada di laut 90 km BaratLaut Toli-Toli-SULTENG,
2025-01-04 18:51:46+00:00,-4.76,123.03,2.7,10.0,II-III Buton Utara,"Pusat gempa berada di darat 6.9 km timurlaut Bonegunu, Buton Utara",
2025-01-05 08:26:24+00:00,-2.81,122.21,3.5,5.0,II - III Bahodopi,Pusat gempa berada dilaut 36 km Tenggara Morowali,
2025-01-06 02:30:08+00:00,-2.79,122.23,3.6,2.0,II - III Morowali,Pusat gempa berada di laut 37 km tenggara Morowali,
2025-01-06 11:47:25+00:00,-2.46,140.6,4.6,10.0,"III Kota Jayapura, III Kab. Jayapura",Pusat gempa berada di darat 15 km baratlaut Kota Jayapura,
2025-01-07 04:45:20+00:00,-0.73,119.89,3.4,4.0,II - III Palu,Pusat gempa berada di darat 34 km Tenggara Donggala,
2025-01-07 17:52:23+00:00,-8.21,119.27,4.9,11.0,IV Bima,Pusat gempa berada di laut 64 km timur laut Kota Bima,
2025-01-08 02:14:17+00:00,-8.91,115.44,4.2,121.0,"II Denpasar, II Lombok Barat, II Kota Mataram, II Lombok Tengah, II Badung, II Klungkung",Pusat gempa berada di Laut 26 km Tenggara Kuta Selatan,
2025-01-08 04:41:07+00:00,-8.12,107.89,4.3,25.0,"II-III Garut, II - III Cikelet, II - III Singajaya, II - III Pamengpeuk, II - III Cikalong, II - III Cijulang, II - III Karanganyar, II Simpenan",Pusat gempa berada di laut 81 km barat daya Kabupaten Pangandaran,
2025-01-08 09:09:47+00:00,-3.8200000000000003,135.46,4.0,25.0,II-III Nabire,Pusat gempa berada di darat 51 km barat daya Nabire,
2025-01-08 15:59:36+00:00,-9.49,115.51,4.5,26.0,"III Lombok Tengah, III Lombok Timur, III Lombok Barat, II Kota Mataram, II Denpasar, II Gianyar",Pusat gempa berada di laut 83 Km Tenggara Kuta Selatan,
2025-01-08 16:04:34+00:00,-3.98,122.47,2.1,14.0,II-III Kendari,Pusat gempa berada di darat 2 km tenggara Kota Kendari,
2025-01-09 16:42:16+00:00,1.67,127.24,4.6,3.0,II-III Tidore,Pusat gempa berada dilaut 52 Km Barat Laut Halmahera Barat,
2025-01-10 02:08:04+00:00,2.89,117.42,3.5,12.0,II-III Tanjung Selor,Pusat gempa berada di darat 48 km Tenggara Bulungan,
2025-01-11 07:25:10+00:00,-8.88,110.97,4.9,10.0,"II - III Yogyakarta, II-III Klaten, II Karangkates",Pusat gempa berada di laut 79 km barat daya Pacitan,
2025-01-11 12:02:32+00:00,-4.06,123.38,4.5,20.0,"III Kendari, III Konawe, III-IV Konawe Kepulauan, II-III Buton Utara","Pusat gempa berada di laut 19 km Timur Laut Wawonii Timur, Kab. Konawe Kepulauan",
2025-01-11 17:34:07+00:00,-7.23,107.7,2.2,6.0,II Pasirwangi,Pusat gempa berada di darat 21 km barat daya Kabupaten Garut,
2025-01-11 21:03:05+00:00,-0.32,99.94,4.3,20.0,"III - IV Agam, III - IV Pasaman Barat, II - III Padang Pariaman, II - III Kota Pariaman, I - II Kota Padang, I - II Bukittinggi",Pusat gempa berada di darat 10 km barat daya Agam,
2025-01-12 02:40:19+00:00,-8.04,120.5,3.5,13.0,II Ruteng,"Pusat gempa berada di laut 63 km timur laut Ruteng, Manggarai",
2025-01-12 02:52:08+00:00,-8.28,110.27,4.4,20.0,"II-III Yogyakarta, II-III Pacitan, II-III Trenggalek, II-III Tulungagung",Pusat gempa berada di laut 43 km barat daya Bantul,
2025-01-13 12:54:38+00:00,-2.7,139.68,5.4,27.0,"III Genyem, II Kab. Jayapura, II Kota Jayapura",Pusat gempa berada di darat 52 Km barat laut Lereh-Jayapura,
2025-01-13 19:35:40+00:00,-8.23,116.4,3.2,13.0,II Lombok Utara,Pusat gempa berada di darat 30 km timur laut Lombok Utara,
2025-01-14 16:16:59+00:00,-8.88,118.66,4.8,10.0,"III-IV Kab. Bima, III Dompu, III Kota Bima",Pusat gempa berada di laut 44 km Tenggara Dompu,
2025-01-15 10:10:13+00:00,-7.82,107.28,3.6,29.0,"II - III Kec. Tarogong Kidul, II - III Kec. Samarang",Pusat gempa berada di laut 92 km barat daya Kab. Bandung,
2025-01-15 14:10:22+00:00,3.34,96.75,4.0,32.0,II-III Nagan Raya,Pusat gempa berada di laut 55 km barat laut Kab. Aceh Selatan,
2025-01-16 01:41:51+00:00,-8.39,113.75,3.5,20.0,II-III Jember,Pusat gempa berada di darat 25 km Tenggara Jember,
2025-01-16 13:17:34+00:00,-7.7,117.48,4.9,11.0,"II-III Sumbawa, II - III Sumbawa Barat, II-III Lombok Utara, II-III Lombok Timur, II-III Kota Mataram, II-III Kota Bima, II-III Kabupaten Bima, II-III Kabupaten Dompu, II-III Lombok Barat, II-III Lombok Tengah",Pusat gempa berada di laut 88 km timur laut Sumbawa,
2025-01-17 11:57:38+00:00,-8.39,123.36,3.0,9.0,II-III Kab. Lembata,Pusat gempa berada di laut 16 km barat laut Lembata,
2025-01-17 12:58:23+00:00,-8.48,123.32,2.1,12.0,II Kab. Lembata,Pusat gempa berada di darat 18 km barat daya Lembata,
2025-01-17 13:52:16+00:00,-7.34,107.57,2.9,7.0,II-III Talegong,Pusat gempa berada di darat 35 km tenggara Kab. Bandung,
2025-01-17 17:44:08+00:00,-7.28,106.49,4.3,38.0,"II Cianjur, II Cibeber, II Cipanas, II Bogor, II Palabuhan Ratu, III Surade, II Cidolog",Pusat gempa berada di darat 33 km barat daya Kab. Sukabumi,
2025-01-18 08:37:45+00:00,0.05,126.68,4.8,21.0,III Ternate,Pusat gempa berada di laut 109 km barat daya Tidore,
2025-01-20 03:12:06+00:00,-6.72,106.57,2.6,9.0,,Pusat gempa berada di darat 28km barat daya Kota Bogor,
2025-01-21 14:55:34+00:00,-3.41,119.1,2.0,11.0,II Kab. Polman,Pusat gempa berada di darat 8 km barat daya Polewali Mandar,
2025-01-22 03:09:34+00:00,-6.73,106.59,2.7,10.0,"II - III Lewiliang, II Kabandungan",Pusat gempa berada di darat 27km barat daya Kota Bogor,
2025-01-22 03:12:06+00:00,-6.72,106.57,2.6,9.0,II Lewiliang,Pusat gempa berada di darat 28km barat daya Kota Bogor,
2025-01-24 02:53:58+00:00,-1.81,138.98,4.7,8.0,II - III Sarmi,Pusat gempa berada di laut 26 km timur laut Sarmi,
2025-01-24 13:37:12+00:00,-4.06,121.81,4.9,10.0,"III-IV Kolaka Timur, III-IV Kolaka, III Bombana, II Lasusua, II Kendari, II Konawe, II Konawe Selatan, II Konawe Utara",Pusat gempa berada di darat 14 km barat daya Kolaka,
2025-01-24 13:56:54+00:00,-4.11,121.79,3.4,5.0,III Kolaka Timur,"Pusat gempa berada di darat 9.3 km tenggara Lalolae, Kab. Kolaka Timur",
2025-01-24 13:58:31+00:00,-4.1,121.78,3.2,5.0,III Kolaka Timur,"Pusat gempa berada di darat 8.2 km barat daya Lalolae, Kab. Kolaka Timur",
2025-01-24 21:12:26+00:00,-4.05,121.79,2.9,5.0,II - III Kolaka Timur,Pusat gempa berada didarat 15 km BaratDaya Kolaka Timur,
2025-01-24 23:49:15+00:00,-4.06,121.79,3.2,3.0,II-III Kolaka Timur,Pusat gempa berada di darat 16km barat daya Kolaka Timur,
2025-01-25 09:39:25+00:00,-4.1,121.78,4.2,5.0,"III-IV Kolaka Timur, III-IV Kolaka, II Kota Kendari",Pusat gempa berada di darat 8.2 km barat daya Lalolae Kab. Kolaka Timur,
2025-01-26 04:28:09+00:00,-4.03,121.77,3.0,6.0,II - III Kolaka Timur,"Pusat gempa berada di darat 1.5 km barat daya Lalolae, Kab. Kolaka Timur",
2025-01-26 04:35:59+00:00,-1.43,119.91,4.5,5.0,"III Kab. Sigi, III Kota Palu","Pusat gempa berada di darat 9 km barat Kulawi, Kab. Sigi",
2025-01-26 15:33:57+00:00,-4.03,121.81,2.4,2.0,II Kolaka Timur,"Pusat gempa berada di darat 3 km Tenggara lalolae, Kab. Kolaka Timur",
2025-01-27 00:29:44+00:00,-7.89,107.03,4.7,14.0,"III Sindangbarang, III Cidora, III Pamengpeuk, III Cikalong, III Babadan, II-III Pangalengan, II-III Singajaya, II-III Garut, II-III Cibeber, II-III Cianjur, II Pelabuhan Ratu, II Simpenan",Pusat gempa berada di laut 108 km tenggara kota Sukabumi,
2025-01-27 08:41:46+00:00,-2.56,121.16,3.7,2.0,"III Wasponda, III Malili",Pusat gempa berada di darat 2 km barat laut Luwu Timur,
2025-01-27 16:20:00+00:00,-4.05,121.79,2.8,5.0,II-III Kolaka Timur,Pusat gempa berada di darat 2.7 km tenggara Lalolae,
2025-01-27 16:27:26+00:00,-4.05,121.78,4.1,5.0,"III Kolaka Timur, III Kolaka, II-III Konawe, II-III Kendar","Pusat gempa berada di darat 2.7 km barat daya Lalolae, Kab. Kolaka Timur",
2025-01-27 17:27:48+00:00,-4.06,121.78,4.2,5.0,"III-IV Kolaka, III-IV Kolaka Timur, III Konawe, III Konawe Selatan",Pusat gempa berada di darat 3.8 km baratdaya Lalolae,
2025-01-27 17:37:41+00:00,-2.51,121.17,4.5,4.0,"III Wasuponda, III Malili",Pusat gempa berada di darat 16 km timurlaut Malili,
2025-01-27 19:29:51+00:00,-4.04,121.77,2.6,5.0,II - III Kolaka Timur,"Pusat gempa berada di darat 2.1 km Baratdaya Lalolae, Kab. Kolaka Timur",
2025-01-27 23:22:28+00:00,-4.04,121.79,2.7,5.0,II - III Kolaka,"Pusat gempa berada di darat 1,7 km Tenggara Lalolae",
2025-01-28 07:18:14+00:00,-4.08,121.82,3.5,5.0,III Kolaka Timur,Pusat gempa berada di darat 7.2 km tenggara Kab. Kolaka Timur,
2025-01-28 12:13:45+00:00,-8.52,117.67,3.6,10.0,III Sumbawa,Pusat gempa berada didarat 27Km Tenggara Sumbawa,
2025-01-28 12:22:06+00:00,-4.19,103.67,3.5,5.0,III Semendo,Pusat gempa berada didarat 41Km BaratDaya Ogankomeringulu,
2025-01-28 13:52:06+00:00,-3.85,128.25,3.7,16.0,III Ambon,Pusat gempa berada di laut 19 km tenggara Ambon,
2025-01-28 14:53:34+00:00,0.53,121.18,6.1,91.0,"III Kab. Gorontalo, III Kota Gorontalo, IV Toli-Toli, III Palu, III Sigi, III Parigi, III Kab. Gorontalo Utara, II-III Kab. Bone Bolango, II-III Buol",Pusat gempa berada di darat 42 km tenggara Parigi Moutong,
2025-01-28 17:00:11+00:00,-4.07,121.77,4.7,5.0,"III - IV Kolaka Timur, III - IV Kolaka, III Konawe, III Konawe Selatan, III Kendari","Pusat gempa berada di darat 5.1 km barat daya Lalolae, Kab. Kolaka Timur",
2025-01-28 21:55:03+00:00,-6.74,106.62,3.2,9.0,"II-III Pamijahan, II-III Kabandungan",Pusat gempa berada di darat 25 km barat daya Kota Bogor,
2025-01-28 22:24:41+00:00,-6.76,106.6,3.1,7.0,"II-III Pamijahan, II-III Kabaandungan",Pusat gempa berada di darat 25 km timur laut Kab. Sukabumi,
2025-01-28 23:27:53+00:00,-4.07,121.79,3.2,8.0,"III Kolaka Timur, III Kolaka",Pusat gempa berada di darat 4.9 km tenggara Kab. Kolaka Timur,
2025-01-29 00:50:42+00:00,-4.09,121.81,5.1,10.0,"IV-V Kolaka Timur, IV Kolaka, III Kendari, III Konawe, III Konawe Selatan, II-III Bombana, II-III Konawe Utara",Pusat gempa berada di darat 16 km barat daya Kolaka Timur,
2025-01-29 01:08:37+00:00,-4.08,121.82,3.4,5.0,"III Kolaka Timur, II-III Kendari",Pusat gempa berada di darat 14 km barat daya Kolaka Timur,
2025-01-29 02:02:45+00:00,-4.08,121.8,4.3,5.0,"III - IV Kolaka Timur, III Kolaka",Pusat gempa berada di darat 6 km tenggara Kab. Kolaka Timur,
2025-01-29 02:42:44+00:00,-4.06,121.81,2.6,4.0,II - III Kolaka Timur,"Pusat gempa berada didarat 4.8 km Tenggara Lalolae, Kab. Kolaka Timur",
2025-01-29 03:22:35+00:00,-4.07,121.8,3.0,5.0,II - III Kolaka Timur,Pusat gempa berada di darat 5 km Tenggara Kab. Kolaka Timur,
2025-01-29 03:28:15+00:00,-4.07,121.84,3.8,5.0,"III-IV Kolaka Timur, III Kolaka",Pusat gempa berada di darat 5 km BaratLaut Kab. Kolaka Timur,
2025-01-29 03:51:42+00:00,-4.06,121.79,4.7,5.0,"IV Kolaka Timur, III-IV Kolaka, III Konawe",Pusat gempa berada di darat 4 km tenggara Kab. Kolaka Timur,
2025-01-29 04:18:26+00:00,-2.49,121.1,3.5,5.0,III Malili,Pusat gempa berada di darat 13 km barat laut Luwu Timur,
2025-01-29 14:31:46+00:00,-4.08,121.81,2.7,5.0,II-III Kolaka Timur,"Pusat gempa berada di darat 6.7 km Tenggara Lalolae, Kab. Kolaka Timur",
2025-01-29 16:28:37+00:00,-4.03,121.79,2.2,10.0,II-III Kolaka Timur,"Pusat gempa berada di darat 0.9 km tenggara Lalolae, Kab. Kolaka Timur",
2025-01-29 23:18:21+00:00,-4.05,121.8,3.9,5.0,"III Kolaka Timur, III Kolaka","Pusat gempa berada didarat 3.2 km Tenggara Lalolae, Kab. Kolaka Timur",
2025-01-30 00:33:52+00:00,-4.08,121.9,2.3,3.0,III Kolaka Timur,"Pusat gempa berada didarat 1.7 km TimurLaut Loea, Kolaka Timur",
2025-01-30 00:56:22+00:00,-9.38,118.1,4.6,10.0,"II Sumbawa, II Bima","Pusat gempa berada di laut 101 km baratlaut Kodi, Sumba Barat Daya",
2025-01-30 13:16:11+00:00,-4.06,121.77,2.2,5.0,II-III Kolaka Timur,Pusat gempa berada di darat 4 km barat daya Lalolae Kab. Kolaka Timur,
2025-01-30 13:57:34+00:00,-4.09,121.8,3.3,5.0,III Kolaka Timur,Pusat gempa berada di darat 7.3 km tenggara Lalolae Kab. Kolaka Timur,
2025-01-30 15:33:34+00:00,-4.08,121.83,2.0,5.0,II Kolaka Timur,Pusat gempa berada di darat 6.3 km barat laut Loea Kab. Kolaka Timur,
2025-01-31 11:03:43+00:00,3.15,96.95,6.2,29.0,"IV Kab. Aceh Selatan, IV Kab. Simelue, III Banda Aceh, III Dolok Sanggul, III Humbahas, III Kutacane, III Sigli, III Aceh Besar, III Aceh Jaya, III Gayo Lues, III Aceh Timur, III Aceh Tengah, II Medan, II Gunung Sitoli, III Subusalam, II Tapanuli Utara, II Tapanuli Tengah, II Samosir",Pusat gempa berada di laut 36 km barat daya Kab. Aceh Selatan,
2025-01-31 11:17:58+00:00,3.2,97.02,3.8,29.0,II - III Kab. Aceh Selatan,Pusat gempa berada di laut 27 km BaratDaya Kab. Aceh Selatan,
2025-01-31 20:19:46+00:00,-8.7,117.41,3.1,10.0,III Sumbawa,Pusat gempa berada didarat 23 km Barat Daya Sumbawa,
2025-01-31 20:39:10+00:00,-6.93,106.9,2.9,5.0,II-III Kota Sukabumi,Pusat gempa berada di darat 3 km barat daya Kota Sukabumi,
2025-01-31 21:34:25+00:00,-4.05,121.76,2.3,3.0,II Kolaka Timur,"Pusat gempa berada di darat 3.7 km BaratDaya Lalolae, Kolaka Timur",
2025-01-31 22:31:53+00:00,-4.07,121.79,2.0,3.0,II Kolaka Timur,Pusat gempa berada di darat 4.9 km tenggara Lalolae,
2025-02-01 00:40:14+00:00,-8.81,110.31,5.2,10.0,"III Gunungkidul, III Bantul, III Kulon Progo, III Yogyakarta, III Sleman, III Kebumen, III Purworejo, II Klaten, II Pacitan, II Trenggalek, II Karangkates, III Wonosobo",Pusat gempa berada di laut 96 km barat daya Gunung Kidul,
2025-02-01 06:05:43+00:00,-3.93,121.87,2.2,5.0,II Kolaka Timur,Pusat gempa berada di darat 6.7 km timurlaut Tinondo-Kolaka Timur,
2025-02-01 08:07:53+00:00,-4.12,121.93,3.2,5.0,III Kolaka Timur,Pusat gempa berada di darat 3.8 km timurlaut Ladongi-Kab. Kolaka Timur,
2025-02-01 08:11:30+00:00,-2.44,120.79,2.8,8.0,III Mangkutana,Pusat gempa berada di darat 45 km baratlaut Luwu Timur,
2025-02-01 20:19:09+00:00,-4.07,121.82,3.0,5.0,II-III Kolaka Timur,"Pusat gempa berada di darat 6.3 km Tenggara Lalolae, Kab. Kolaka Timur",
2025-02-02 14:49:40+00:00,-3.96,121.98,2.6,3.0,II - III Kolaka Timur,"Pusat gempa berada di darat 7.8 km barat laut Onembute, Kab. Kolaka",
2025-02-02 15:37:08+00:00,-4.02,121.81,2.0,5.0,II Kolaka Timur,"Pusat gempa berada di darat 3.1 km timur laut Lalolae, Kab. Kolaka Timur",
2025-02-02 21:01:03+00:00,-4.08,121.81,2.1,5.0,II Kolaka Timur,Pusat gempa berada di darat 6.7 km tenggara Kab. Kolaka Timur,
2025-02-02 22:11:40+00:00,-2.45,140.74,2.8,10.0,II Kota Jayapura,Pusat gempa berada di laut 14 km timur laut Kota Jayapura,
2025-02-02 23:54:37+00:00,-5.53,104.55,3.6,3.0,II Kec. Semaka,Pusat gempa berada di darat 15 km barat daya Tanggamus,
2025-02-03 00:38:14+00:00,-4.08,121.81,2.3,5.0,II-III Kolaka Timur,Pusat gempa berada di darat 6.7 km tenggara Kab. Kolaka Timur,
2025-02-03 02:09:24+00:00,-8.24,107.88,3.9,20.0,"III Pamengpeuk, III Cikalong",Pusat gempa berada di laut 90 km barat daya Kab. Pangandaran,
2025-02-03 07:43:35+00:00,-4.11,122.45,2.1,5.0,II Konawe Selatan,"Pusat gempa berada di darat 1.7 km barat laut Konda,Kab. Konawe Selatan",
2025-02-03 15:43:06+00:00,3.1,97.06,4.3,34.0,III Aceh Selatan,Pusat gempa berada di laut 29 km barat daya Kab. Aceh Selatan,
2025-02-03 21:03:38+00:00,-4.03,121.77,2.3,5.0,II-III Kolaka Timur,"Pusat gempa berada di darat 1.5 km barat daya Lalolae, Kab. Kolaka Timur",
2025-02-03 21:35:53+00:00,2.95,128.19,6.2,105.0,"III Morotai, II - III Sangihe",Pusat gempa berada di laut 86 km timur laut Pulau Doi,
2025-02-04 03:12:31+00:00,1.63,127.11,6.0,87.0,"III - IV Manado, III Tondano, II - III Kotamobagu, III Ternate, III Batangdua, III Weda, II Minahasa Utara, IV Sofifi, III Ibu",Pusat gempa berada di laut 61 km barat laut Halmahera barat,
2025-02-05 01:37:47+00:00,-4.06,121.79,2.0,3.0,II-III Kolaka Timur,Pusat gempa berada didarat 3 Km Tenggara Lalolae,
2025-02-05 03:12:31+00:00,1.63,127.11,6.0,87.0,"III - IV Manado, III Tondano, II - III Kotamobagu, III Ternate, III Batangdua, III Weda, II Minahasa Utara, IV Sofifi, III Ibu, III Jailolo, III Galela",Pusat gempa berada di laut 61 km barat laut Halmahera barat,
2025-02-05 14:18:07+00:00,-9.76,119.63,4.7,50.0,II - III Waitabula,Pusat gempa berada di darat 15 km tenggara Waibakul,
2025-02-06 13:16:28+00:00,4.33,126.68,5.5,28.0,"II - III Naha, III Melonguane",Pusat gempa berada di laut 36 km timur laut Melonguane,
2025-02-06 15:15:33+00:00,-4.09,121.83,2.4,5.0,II Kolaka Timur,"Pusat gempa berada di darat 6.3 km barat daya Loea, Kab. Kolaka Timur",
2025-02-06 15:20:26+00:00,-4.08,121.84,2.6,5.0,II - III Kolaka Timur,"Pusat gempa berada di darat 6.3 km barat laut Loea, Kab. Kolaka Timur",
2025-02-06 16:24:53+00:00,-2.5700000000000003,141.9,5.6,10.0,II - III Kota Jayapura,Pusat gempa berada di laut 136 km timurlaut Jayapura,
2025-02-06 17:09:50+00:00,-2.52,141.95,5.5,10.0,II Kota Jayapura,Pusat gempa berada di laut 142 km timurlaut Jayapura,
2025-02-06 20:21:10+00:00,-4.09,121.83,2.1,3.0,II - III Kolaka Timur,"Pusat gempa berada di darat 6.3 km baratdaya Loeba, Kab.Kolaka Timur",
2025-02-07 02:48:06+00:00,-8.18,124.59,2.7,10.0,II-III Alor,Pusat gempa berada di darat 13 km timur laut Alor,
2025-02-07 08:19:25+00:00,-2.43,120.78,3.3,3.0,III Mangkutana,Pusat gempa berada di darat 46 km barat laut Luwu Timur,
2025-02-07 10:39:05+00:00,-3.96,121.72,2.3,5.0,II-III Kolaka Timur,Pusat gempa berada di darat 2 km barat laut Kab. Kolaka Timur,
2025-02-07 18:32:18+00:00,-1.8599999999999999,138.93,5.3,10.0,IV-V Sarmi,Pusat gempa berada di laut 20 km tenggara Sarmi,
2025-02-07 22:29:06+00:00,-0.5,98.73,3.7,33.0,"II - III Kep. Batu, Siberut Utara",Pusat gempa berada di laut 139 km barat daya Pasaman Barat,
2025-02-08 05:00:33+00:00,-6.1,103.2,5.2,10.0,"II-III Liwa, III Krui",Pusat gempa berada di laut 130 km barat daya Pesisir Barat,
2025-02-08 05:42:01+00:00,-8.17,124.61,3.0,10.0,II - III Alor,"Pusat gempa berada di laut, 15 km TimurLaut ALOR",
2025-02-08 12:13:57+00:00,-4.76,119.92,4.1,8.0,"II-III Bone, II - III Soppeng, II Pangkep, II Maros, II Sinjai, II Makassar, II Gowa",Pusat gempa berada di darat 16 km barat daya Bone,
2025-02-09 12:37:01+00:00,-4.05,121.8,2.2,5.0,II Kolaka Timur,"Pusat gempa berada di darat 3 km timurlaut Lalolae, Kolaka Timur",
2025-02-10 15:15:06+00:00,-9.76,119.63,5.1,39.0,"III Sumba Timur, III Bima",Pusat gempa berada di laut 15 km tenggara Waibakul,
2025-02-10 21:24:05+00:00,2.91,118.46,3.9,10.0,"II Berau , II Tanjung Selor",Pusat gempa berada di laut 107 km Tenggara TARAKAN,
2025-02-11 00:37:17+00:00,-7.27,108.77,3.9,16.0,"III Bantarkawung, III Wanareja, III Majenang, II-III Kota Banjar, III Bumiayu","Pusat gempa berada di darat, 28 km TimurLaut KOTA-BANJAR",
2025-02-11 09:13:04+00:00,-2.39,121.04,3.6,2.0,III Malili,Pusat gempa berada di darat 24 km BaratLaut Luwu Timur,
2025-02-11 16:05:55+00:00,4.82,94.96,4.3,28.0,"III Aceh Besar, III Banda Aceh, III Aceh Jaya, II Sabang",Pusat gempa berada di laut 71 km barat laut Calang-Aceh Jaya,
2025-02-12 02:40:31+00:00,-8.44,116.55,3.2,11.0,II Lombok Timur,Pusat gempa berada di darat 23 km timur laut Lombok Timur,
2025-02-12 06:53:35+00:00,1.73,127.27,4.8,21.0,"II-III Galela, II Ibu",Pusat gempa berada di laut 54 km barat laut Halmahera Barat,
2025-02-12 08:57:22+00:00,-3.24,122.24,3.5,7.0,III Konawe Utara,"Pusat gempa berada di darat 1 km barat laut Landawe, Konawe Utara",
2025-02-13 06:27:14+00:00,-8.7,118.39,4.5,109.0,"II - III Bima, II - III Sumbawa, II - III Dompu",Pusat gempa berada di laut 20 km Barat Daya Dompu,
2025-02-13 21:07:33+00:00,-6.14,103.87,4.8,13.0,II - III Liwa,Pusat gempa berada di Laut 106 km Barat Daya Pesisir Barat,
2025-02-14 02:43:17+00:00,-6.8,107.08,2.3,11.0,"II - III Cipanas, II - III Cianjur",Pusat gempa berada didarat 6 km BaratLaut Kab. Cianjur,
2025-02-14 12:28:30+00:00,-7.62,105.49,5.0,10.0,"III Kab. Sukabumi, III Jampang Tengah, III Lengkong, III Kabandungan, III Cikidang, II Pelabuhan Ratu, II Ciracap",Pusat gempa berada di Laut 97 km baratdaya Muarabinuangeun,
2025-02-15 11:00:10+00:00,-4.92,122.77,3.0,5.0,II - III Kab. Muna,"Pusat gempa berada di laut 3 km timur laut Lohia, Muna",
2025-02-17 12:46:49+00:00,-6.78,106.37,3.1,10.0,"II-III Bayah, II-III Cibeber, II Taman Jaya",Pusat gempa berada di darat 21 km timurlaut Bayah,
2025-02-18 23:39:12+00:00,-3.32,131.06,5.9,10.0,III Bula,Pusat gempa berada di Laut 67 km Tenggara Seram Bagian Timur,
2025-02-20 03:19:36+00:00,4.92,94.63,5.2,10.0,"III-IV Banda Aceh, III-IV Aceh Besar, III-IV Aceh Jaya, III Pidie",Pusat gempa berada di laut 103 km barat daya Banda Aceh,
2025-02-20 10:03:59+00:00,0.34,121.93,4.8,132.0,"II-III Bone Bolango, II - III Gorontalo Utara, II Toli-Toli, II Buol",Pusat gempa berada di laut 14 km selatan Marisa,
2025-02-20 10:12:27+00:00,-7.59,106.18,4.5,26.0,"III Ciracap, II-III Sukabumi, II Cidolog, II Pelabuhan Ratu",Pusat gempa berada di laut 73 km Barat Daya Bayah,
2025-02-20 14:35:08+00:00,-6.48,107.24,3.8,4.0,"II-III Purwakarta, II-III Karawang",Pusat gempa berada di darat 14 km tenggara Kab. Bekasi,
2025-02-21 01:20:09+00:00,-0.58,133.93,4.6,8.0,II-III Manokwari,Pusat gempa berada di laut 37 km barat laut Manokwari,
2025-02-22 11:32:03+00:00,-7.22,107.71,3.1,6.0,"III Pasirwangi, II-III Pacet, II-III Darajat",Pusat gempa berada di darat 20 km barat daya Kab. Garut,
2025-02-22 23:44:55+00:00,-5.54,103.03,4.9,21.0,"II Lampung Barat, II Semendo",Pusat gempa berada di laut 87 km tenggara Enggano,
2025-02-23 16:20:41+00:00,-3.35,135.56,4.4,20.0,III Nabire,Pusat gempa berada di darat 6 km Timur Laut Nabire,
2025-02-23 19:21:15+00:00,-9.34,120.34,5.3,10.0,"III - IV Waingapu, III Ruteng, II - III Labuan Bajo, III Bajawa",Pusat gempa berada di laut 36 Km TimurLaut Waingapu,
2025-02-25 00:37:39+00:00,-4.06,121.78,2.9,5.0,III Kolaka Timur,"Pusat gempa berada di darat, 4 km BaratDaya Lalolae, Kolaka Timur",
2025-02-25 04:03:14+00:00,2.15,96.26,4.1,27.0,II-III Sinabang,Pusat gempa berada di laut 37 km baratdaya Sinabang,
2025-02-25 08:40:14+00:00,-2.14,121.3,3.9,10.0,III Morowali,Pusat gempa berada di darat 51 km timur laut Luwu Timur,
2025-02-25 15:59:40+00:00,2.8,125.61,5.4,109.0,"II - III Sangihe, II-III Minahasa, II - III Bitung",Pusat gempa berada di Laut 28 Km TimurLaut Ondong Kep.Sitaro,
2025-02-25 22:55:45+00:00,0.41000000000000003,124.83,6.0,10.0,"IV Bolaang Mongondow Timur, IV Bolaang Mongondow Selatan, III Manado, III Minahasa, III Minahasa Utara, III Kotamobagu, III Gorontalo, III Gorontalo Utara, II-III Boalemo, II - III Taliabu, II-III Tagulandang, IV Minahasa Tenggara, III Minahasa Selatan, III Bitung","Pusat gempa berada di laut 45 km tenggara Tutuyan, Boltim",
2025-02-25 23:11:17+00:00,0.54,124.81,4.8,10.0,II-III Bolaang Mongondow Timur,"Pusat gempa berada di laut 32 km tenggara Tutuyan, Boltim",
2025-02-26 03:10:22+00:00,0.48,124.79,4.7,10.0,II-III Modayag,"Pusat gempa berada di laut 36 km tenggara Tutuyan,BolTim",
2025-02-26 07:56:01+00:00,0.44,124.86,4.9,10.0,II-III Bolaang Mongondow Timur,Pusat gempa berada di laut 44 km tenggara Tutuyan-BOLTIM,
2025-02-26 09:04:28+00:00,0.45,124.87,4.9,10.0,II Bolaang Mongondow,Pusat gempa berada di laut 44 km tenggara Tutuyan-BOLTIM,
2025-02-26 10:17:32+00:00,0.47000000000000003,124.87,4.6,10.0,II Bolaang Mongondow Timur,Pusat gempa berada di laut 42 km tenggara Tutuyan-BOLTIM,
2025-02-26 11:48:51+00:00,0.4,124.89,4.8,10.0,II Bolaang Mongondow Timur,Pusat gempa berada di laut 50 km tenggara Tutuyan-BOLTIM,
2025-02-26 13:15:04+00:00,0.35000000000000003,124.93,4.9,10.0,"II Kotamobagu, II Minahasa Tenggara, II Bolaang Mongondow Selatan, II Bolaang Mongondow Timur",Pusat gempa berada di laut 57 km tenggara Tutuyan-BOLTIM,
2025-02-26 14:33:28+00:00,0.45,124.82,4.9,10.0,"II Bolaang Mongondow Timur, II Minahasa Tenggara",Pusat gempa berada di laut 41 km tenggara Tutuyan-BOLTIM,
2025-02-26 15:04:35+00:00,0.44,124.82,3.8,10.0,II Bolaang Mongondow Timur,Pusat gempa berada di laut 42 km Tenggara Tutuyan-Boltim,
2025-02-26 17:48:29+00:00,0.43,124.8,4.4,3.0,II Bolaang Mongondow Timur,Pusat gempa berada di laut 41 km Tenggara Tutuyan,
2025-02-26 21:31:06+00:00,-9.67,120.0,4.5,29.0,III Waingapu,Pusat gempa berada di darat 13 km Timur Laut Lewa - Sumba Timur,
2025-02-27 01:08:56+00:00,0.42,124.88,4.7,10.0,"II-III Kotamobagu, II Minahasa Tenggara","Pusat gempa berada di laut 47 km tenggara Tutuyan, Boltim",
2025-02-27 11:47:55+00:00,-2.32,120.87,4.7,5.0,"III Mangkutana, III Taripa","Pusat gempa berada di darat 6 km timurlaut Mangkutana, Luwu Timur",
2025-02-27 15:53:00+00:00,-8.44,120.82,5.2,161.0,II - III Waingapu,Pusat gempa berada di darat 41 km TimurLaut Borong,
2025-02-28 10:01:54+00:00,0.32,124.95,4.6,11.0,"II - III Minahasa Tenggara, II - III Bolaang Mongondow, II - III Kotamobagu, II - III Minahasa Selatan, II - III Bolaang Mongondow Timur",Pusat gempa berada di laut 61 km Tenggara Tutuyan-Bolaang Mongondow Timur,
2025-02-28 10:54:16+00:00,-1.18,133.28,4.8,10.0,II Manokwari,Pusat gempa berada di darat 48 km Tenggara Manokwari,
2025-02-28 21:58:41+00:00,-5.8100000000000005,130.68,6.0,158.0,"II Banda Naira, II Sorong, II Saumlaki",Pusat gempa berada di laut 167 km Tenggara Banda,
2025-03-01 21:29:00+00:00,4.57,96.47,4.2,4.0,II Nagan Raya,Pusat gempa berada di darat 41 km timur laut Kab. Nagan Raya,
2025-03-02 05:00:42+00:00,-8.29,110.32,4.4,22.0,"II-III Bantul, II-III Purworejo, II-III Gunungkidul, II Yogyakarta, II Sleman, II Kulonprogo, II Tulungagung, II Pacitan",Pusat gempa berada di laut 43 km baratdaya Bantul,
2025-03-02 07:05:16+00:00,-4.06,121.78,2.2,4.0,II-III Kolaka Timur,"Pusat gempa berada di darat 4 km baratdaya Lalolae, Kolaka Timur",
2025-03-02 11:09:26+00:00,-0.76,131.35,3.5,10.0,II-III Kota Sorong,Pusat gempa berada di laut 7 km timur laut Kota Sorong,
2025-03-02 12:26:37+00:00,0.63,126.78,4.9,18.0,"III-IV Ternate, III Halmahera Selatan",Pusat gempa berada di laut 67 km baratdaya Ternate,
2025-03-02 16:07:45+00:00,0.42,124.87,4.7,10.0,"III Bolaang Mongondow Timur, III Kotamobagu, II Bolaang Mongondow, III Minahasa Selatan, II Bolaang Mongondow Selatan",Pusat gempa berada di laut 47 km Tenggara Tutuyan,
2025-03-02 18:42:08+00:00,-3.41,129.52,5.6,10.0,"IV Yaputih, III Masohi",Pusat gempa berada di darat 63 Tenggara Maluku Tengah,
2025-03-02 19:19:47+00:00,-3.48,129.42,4.0,57.0,II Amahai,"Pusat gempa berada di laut 14 km baratdaya Tehoru, Maluku Tengah",
2025-03-03 00:02:06+00:00,-9.5,117.55,4.3,18.0,"II Sumbawa Barat, II Sumbawa",Pusat gempa berada di laut 113 km Tenggara Sumbawa,
2025-03-04 10:54:45+00:00,-5.9,103.87,4.3,13.0,II Semaka,Pusat gempa berada di laut 79 km baratdaya Pesisir Barat,
2025-03-05 02:15:21+00:00,-3.42,129.45,3.6,10.0,III Tehoru,Pusat gempa berada di darat 7 km barat daya Tehoru-MALTENG,
2025-03-05 05:20:40+00:00,-4.44,121.67,3.4,5.0,II - III Kolaka,Pusat gempa berada di darat 4 km barat daya Polinggona-Kolaka,
2025-03-05 14:23:34+00:00,-8.25,116.37,3.1,10.0,II Lombok Utara,Pusat gempa berada di darat 26 km timur laut Lombok Utara,
2025-03-05 14:35:54+00:00,-8.18,116.37,3.3,11.0,III Lombok Utara,Pusat gempa berada di laut 30 km timur laut Lombok Utara,
2025-03-05 19:01:27+00:00,3.43,129.46,2.8,10.0,II Tehoru,"Pusat gempa berada di darat 7 km barat daya Tehoru, Maluku Tengah",
2025-03-05 20:44:28+00:00,-9.5,117.53,3.6,26.0,III Sumbawa,Pusat gempa berada di laut 111 km tenggara Sumbawa Barat,
2025-03-06 22:19:00+00:00,-2.31,120.85,4.0,5.0,III Mangkutana,Pusat gempa berada di darat 46 km barat laut Luwu Timur,
2025-03-07 00:28:30+00:00,-3.35,135.49,4.1,29.0,II-III Nabire,Pusat gempa berada di darat 2 km barat laut Nabire,
2025-03-07 02:07:03+00:00,-2.2800000000000002,120.92,4.2,10.0,II-III Mangkutana,Pusat gempa berada di darat 43 km baratlaut Luwu Timur,
2025-03-07 02:09:21+00:00,-2.32,120.85,4.4,5.0,II-III Mangkutana,Pusat gempa berada di darat 46 km baratlaut Luwu Timur,
2025-03-07 08:34:04+00:00,-2.47,121.04,5.2,10.0,"III-IV Malili, III-IV Mangkutana, III-IV Wasuponda, III Bungku",Pusat gempa berada di darat 19 km baratlaut Luwu Timur,
2025-03-07 12:42:41+00:00,5.4,94.28,5.4,10.0,"III Banda Aceh, III Aceh Besar, II Sabang, II Pidie",Pusat gempa berada di laut 117 km BaratDaya Banda Aceh,
2025-03-07 13:05:28+00:00,-2.35,120.88,3.6,5.0,II Mangkutana,Pusat gempa berada di darat 41 km Barat Laut Luwu Timur,
2025-03-07 14:17:47+00:00,-2.5,120.97,4.4,2.0,"III-IV Malili, II Mangkutana",Pusat gempa berada di darat 24 km Barat Laut Luwu Timur,
2025-03-07 14:31:12+00:00,-2.31,120.85,3.4,4.0,"III Mangkutana, II Malili",Pusat gempa berada di darat 46 km BaratLaut Luwu Timur,
2025-03-07 14:53:40+00:00,-2.5,120.97,3.6,3.0,II Mangkutana,Pusat gempa berada di darat 24 km barat laut Luwu Timur,
2025-03-07 21:18:08+00:00,-4.11,121.88,2.4,3.0,II - III Kolaka Timur,"Pusat gempa berada di darat 2 km barat daya Loea, Kolaka Timur",
2025-03-08 05:19:09+00:00,-2.5,120.99,3.8,2.0,"III Tomoni Timur, III Malili",Pusat gempa berada di darat 22 km BaratLaut Luwu Timur,
2025-03-08 22:59:55+00:00,-2.41,140.73,2.9,9.0,II Kota Jayapura,Pusat gempa berada di laut 17 km Timurlaut Kota Jayapura,
2025-03-09 04:31:10+00:00,-9.62,117.78,5.3,21.0,"III Sumbawa, III Sumbawa Barat, III Lombok Timur, III Bima, II-III Lombok Tengah, II-III Lombok Barat, II-III Kota Mataram, II-III Kuta Selatan, II Kuta, II Denpasar",Pusat gempa berada di laut 131 Km Tenggara Sumbawa,
2025-03-09 07:31:30+00:00,1.62,99.15,4.5,2.0,"III-IV Pinangsori, III Padang Sidempuan",Pusat gempa berada di darat 14 km barat laut Tapanuli Selatan,
2025-03-09 11:33:32+00:00,-3.19,135.31,3.9,17.0,III Nabire,Pusat gempa berada di Laut 29 km BaratLaut Nabire,
2025-03-10 00:38:50+00:00,1.65,99.16,4.0,5.0,II - III Sibolga,Pusat gempa berada di darat 14 km barat laut Tapanuli Selatan,
2025-03-10 03:24:51+00:00,-5.58,103.62,3.8,17.0,II - III Pesisir Barat,Pusat gempa berada di laut 55 km barat daya Pesisir Barat,
2025-03-10 07:27:37+00:00,-2.34,120.87,3.9,5.0,II-III Mangkutana,Pusat gempa berada di darat 42 km barat laut Luwu Timur,
2025-03-10 13:01:31+00:00,-2.31,120.84,3.9,4.0,II-III Mangkutana,Pusat gempa berada di darat 47 km barat laut Luwu Timur,
2025-03-11 08:56:22+00:00,-4.04,121.87,2.5,17.0,II - III Kolaka Timur,"Pusat gempa berada di darat 1 km Tenggara Tirawuta, Kolaka Timur",
2025-03-11 17:47:27+00:00,-6.19,103.8,4.1,10.0,II Pesisir Barat,Pusat gempa berada di laut 112 km barat daya Pesisir Barat,
2025-03-12 16:32:37+00:00,-9.46,116.14,4.2,27.0,"II Mataram, II Lombok Barat, II Lombok Tengah, II Badung, II Gianyar, II Denpasar",Pusat gempa berada di laut 85 km barat daya Lombok Tengah,
2025-03-13 10:01:42+00:00,-3.61,102.61,3.7,8.0,IV-V Kepahiang,Pusat gempa berada di darat 5 km timur laut Kepahiang,
2025-03-13 16:00:43+00:00,-3.66,102.59,2.7,8.0,II - III Kepahiang,Pusat gempa berada di darat 2 km Tenggara Kepahiang,
2025-03-13 16:06:57+00:00,-1.82,115.88,2.5,12.0,II - III Tanah Grogot,Pusat gempa berada di darat 13 km barat daya Paser,
2025-03-13 21:27:01+00:00,-2.5,120.98,3.8,4.0,II - III Tomoni,Pusat gempa berada di darat 23 km barat laut Luwu Timur,
2025-03-14 11:13:31+00:00,1.13,120.2,5.5,10.0,"III-IV Toli-Toli, III-IV Buol, II-III Berau",Pusat gempa berada di laut 68 km barat laut Toli-Toli,
2025-03-14 11:53:57+00:00,-3.68,102.59,2.1,6.0,II Kepahiang,Pusat gempa berada di darat 4 km Tenggara Kepahiang,
2025-03-14 23:55:10+00:00,-7.15,106.11,5.2,17.0,"III Palabuhan Ratu, III Cicurug, III Kabandungan, III Cidolog, III Sukaraja, III Simpenan, III Bogor, III Cianjur, II-III Serang, III Lebak, III Pandeglang, II-III Tangerang, II - III Depok",Pusat gempa berada di laut 29 km barat daya Bayah,
2025-03-15 02:53:40+00:00,-8.01,106.89,3.0,10.0,"II Garut, II Samarang",Pusat gempa berada di Laut 119 km Tenggara Kabupaten Sukabumi,
2025-03-15 11:50:13+00:00,-4.03,121.78,2.1,5.0,II - III Kolaka Timur,Pusat gempa berada di darat 1 km barat daya Lalolae,
2025-03-16 01:15:08+00:00,-8.81,112.5,4.5,39.0,"II-III Karangkates, II Malang, II Lumajang",Pusat gempa berada di laut 75 km BaratDaya Kab. Malang,
2025-03-16 12:05:08+00:00,-3.65,102.6,1.4,5.0,III Kepahiang,Pusat gempa berada di darat 2 km tenggara Kepahiang,
2025-03-16 12:05:10+00:00,-3.65,102.58,2.5,5.0,III Kepahiang,Pusat gempa berada di darat 1 km tenggara Kepahiang,
2025-03-17 03:19:15+00:00,-0.13,123.05,5.1,107.0,"III Kab. Gorontalo, III Kab. Bone Bolango, II-III Kab. Gorontalo Utara, III Luwuk, II Kota Gorontalo",Pusat gempa berada di laut 74 km baratdaya Bone Bolango,
2025-03-17 17:32:18+00:00,-2.88,130.14,6.0,10.0,"III Masohi, III Werinama, III Tehoru, IV Kobisonta",Pusat gempa berada di laut 46 km barat laut Seram Bagian Timur,
2025-03-17 17:42:26+00:00,-9.04,124.2,5.3,62.0,"III Lembata, II Alor",Pusat gempa berada di laut 63 km Barat Laut Timor Tengah Utara,
2025-03-17 19:02:46+00:00,-5.73,112.61,3.4,5.0,II Bawean,Pusat gempa berada di laut 144 km timur laut Tuban,
2025-03-17 22:22:40+00:00,1.99,99.12,5.5,10.0,"III Sibolga, IV-V Tarutung",Pusat gempa berada di darat 17 km Tenggara Tapanuli Utara,
2025-03-17 22:23:53+00:00,0.47000000000000003,98.93,5.6,109.0,"III Pinangsori, III Padang Sidempuan",Pusat gempa berada di Laut 83 km BaratDaya Mandailing Natal,
2025-03-18 02:16:53+00:00,1.82,99.14,3.3,4.0,III Pahae Julu,Pusat gempa berada di darat 28 Km Barat Laut Tapanuli Selatan,
2025-03-18 09:49:49+00:00,-3.98,121.69,2.2,5.0,II-III Kolaka Timur,Pusat gempa berada di darat 2 km Tenggara Kolaka Timur,
2025-03-18 10:41:04+00:00,-7.43,107.09,4.8,82.0,"II - III Pelabuhan Ratu, II - III Sindangbarang, II - III Cianjur, II - III Cikaso, II - III Sukabumi, II - III Pamengpeuk, II - III Cileunyi, II - III Kab. Bandung, II - III Parongpong, II - III Cipanas",Pusat gempa berada di darat 59 km tenggara Kota Sukabumi,
2025-03-18 11:57:19+00:00,-2.92,130.11,4.8,19.0,III Kobisonta,Pusat gempa berada di laut 27 Km Timur Kobisonta,
2025-03-18 13:48:31+00:00,1.8599999999999999,99.08,3.7,1.0,III-IV Pandan Tapanuli Tengah,Pusat gempa berada di darat 21 km Tenggara Tapanuli Utara,
2025-03-18 15:31:06+00:00,-2.5300000000000002,140.74,3.5,9.0,III Kota Jayapura,Pusat gempa berada di darat 6 km timur laut Kota Jayapura,
2025-03-19 13:17:48+00:00,-8.59,115.07,4.3,146.0,"III Denpasar, III Kuta, III Gianyar, III Karangasem, III Mataram, III Lombok Barat",Pusat gempa berada di laut 8 km BaratDaya TABANAN,
2025-03-19 19:38:49+00:00,-2.48,121.0,3.3,4.0,"III Wotu, Malili",Pusat gempa berada di darat 22 km barat laut Luwu Timur,
2025-03-20 01:35:55+00:00,1.8599999999999999,99.07,2.8,2.0,II Pahae Jae,Pusat gempa berada di darat 20 km Tenggara Tapanuli Utara,
2025-03-20 04:56:04+00:00,-4.0,121.77,2.0,5.0,II-III Lalolae Kolaka Timur,Pusat gempa berada di darat 2 km timur laut Lalolae Kolaka Timur,
2025-03-20 22:09:05+00:00,-8.1,117.92,4.8,15.0,"II-III Sumbawa, II-III Sumbawa Barat, II-III Bima",Pusat gempa berada di darat 70 km timur laut Sumbawa,
2025-03-21 11:19:54+00:00,-4.07,121.82,2.6,5.0,II - III Kolaka Timur,"Pusat gempa berada di darat 2 km BaratLaut Loea, Kolaka Timur",
2025-03-21 18:59:02+00:00,-1.76,119.38,4.1,5.0,II - III Mamuju Tengah,Pusat gempa berada di darat 38 km barat laut Mamuju Tengah,
2025-03-22 15:20:02+00:00,-3.22,128.32,3.6,10.0,III Kairatu,"Pusat gempa berada di darat 4 km timur Kairatu Barat, Seram Bagian Barat",
2025-03-23 17:23:24+00:00,1.85,99.12,4.2,5.0,III Pinang Sori,Pusat gempa berada di darat 25 km Tenggara Tapanuli Utara,
2025-03-24 09:44:36+00:00,-9.28,114.09,4.3,29.0,"II Kuta, II Denpasar",Pusat gempa berada di laut 117 km BaratDaya Jembrana,
2025-03-24 14:10:04+00:00,-7.49,106.7,4.1,31.0,"II - III Surade, II Cidolog",Pusat gempa berada di laut 58 km Tenggara Kab. Sukabumi,
2025-03-24 14:26:28+00:00,3.63,96.75,4.7,3.0,III Aceh Barat Daya,"Pusat gempa berada di laut 33 km Barat Daya Blang Pidie, Aceh Barat Daya",
2025-03-25 07:02:19+00:00,-8.2,107.89,4.9,11.0,"III Garut, II-III Tasikmalaya, II Pelabuhan Ratu, II Bandung, III Kota Banjar",Pusat gempa berada di laut 86 km barat daya Kab. Pangandaran,
2025-03-28 04:48:42+00:00,-6.9,108.06,3.0,6.0,II Jatinangor,Pusat gempa berada di darat 16 km Tenggara kab. Sumedang,
2025-03-28 11:24:12+00:00,-8.62,116.07,2.9,14.0,II Mataram,Pusat gempa berada di laut 10 km barat laut Lombok Barat,
2025-03-28 11:59:01+00:00,-8.13,117.92,4.7,23.0,"II Sumbawa, II Bima",Pusat gempa berada di darat 68 km timur laut Sumbawa,
2025-03-30 02:58:35+00:00,5.63,95.47,5.4,10.0,"IV Banda Aceh , IV Aceh Besar, III Takengon, II-III Pidie Jaya, II-III Sabang, II Lhokseumawe, II Aceh Tengah, II Bireun",Pusat gempa berada di darat 18 Km TimurLaut Banda Aceh,
2025-03-30 08:01:48+00:00,2.98,98.52,3.6,6.0,II - III Karo,Pusat gempa berada di darat 14 km tenggara Kabupaten Karo,
2025-03-30 20:03:58+00:00,-4.0,121.77,3.0,5.0,II-III Kolaka Timur,"Pusat gempa berada di darat 2 km Timurlaut Lalolae, Kolaka Timur",
2025-03-31 00:54:22+00:00,5.55,95.45,3.5,3.0,"II Banda Aceh, II Aceh Besar","Pusat gempa berada di darat 38 km Barat Laut Jantho, Aceh Besar",
2025-03-31 00:58:48+00:00,-4.0,122.36,3.2,5.0,"III Kendari, III Konawe Selatan","Pusat gempa berada di darat 1 km Barat Laut Ranomeeto Barat, Konawe Selatan",
2025-03-31 11:10:44+00:00,5.58,95.46,2.8,8.0,"II Banda Aceh, II Aceh Besar",Pusat gempa berada di darat 14 km Timur Laut Kota Banda Aceh,
2025-03-31 15:54:18+00:00,-10.15,118.97,6.0,10.0,"III Waingapu, III Bima, II Sumbawa, III - IV Tambolaka, II - III Waikabubak",Pusat gempa berada di laut 61 km Barat Daya Wanokaka,
2025-03-31 16:42:48+00:00,5.57,95.48,3.9,4.0,"II Banda Aceh, II Aceh Besar",Pusat gempa berada di darat 39 km barat laut Jantho-Aceh Besar,
2025-03-31 22:56:49+00:00,5.57,95.48,3.2,5.0,II Aceh Besar,"Pusat gempa berada di darat 39 km barat laut Jantho, Aceh Besar",
2025-04-01 02:16:18+00:00,-8.26,117.77,4.7,10.0,"III Sumbawa, III Kab. Bima",Pusat gempa berada di darat 46 km Timur Laut Sumbawa,
2025-04-01 04:28:31+00:00,5.5600000000000005,95.49,3.4,5.0,"II-III Banda Aceh, II-III Aceh Besar","Pusat gempa berada di darat 37 km Baratlaut Jantho, Aceh Besar",
2025-04-01 07:28:02+00:00,-3.98,121.73,2.3,3.0,II Kolaka Timur,"Pusat gempa berada di darat 1 km barat daya Mowewe, Kolaka Timur",
2025-04-01 10:15:55+00:00,-7.68,128.57,6.3,150.0,"III Tiakur, III Pulau Leti, III Kota Kupang, III Kab. Belu, III Kab. Malaka, IV-V Pulau Moa, III - IV Pulau Babar, III - IV Pulau Romang",Pusat gempa berada di laut 101 km timur laut Maluku Barat Daya,
2025-04-02 00:22:07+00:00,3.19,97.61,4.3,60.0,III Kab. Aceh Selatan,"Pusat gempa berada didarat 39 km baratdaya Kutacane, Aceh Tenggara",
2025-04-02 00:29:23+00:00,5.55,95.46,3.8,5.0,"II - III Banda Aceh, II - III Aceh Besar",Pusat gempa berada di darat 38 km baratlaut JANTHO,
2025-04-02 00:53:54+00:00,-8.15,107.81,4.1,24.0,"III Banjar, III Manonjaya, III pamayang, III Cikelet, III Singajaya, III Cipatujah",Pusat gempa berada di laut 90 km baratdaya Kab Pangandaran,
2025-04-02 13:41:19+00:00,-4.11,121.87,2.3,3.0,II-III Kolaka Timur,"Pusat gempa berada di darat barat daya Loea, Kolaka Timur",
2025-04-02 18:45:45+00:00,-4.8,122.79,2.5,3.0,II - III Raha,"Pusat gempa berada di laut 7 km tenggara Lasalepa, Muna",
2025-04-02 21:03:39+00:00,2.13,126.73,6.0,10.0,"II-III Manado, II-III Bitung, II-III Ternate, II-III Jailolo, II-III Minahasa Utara",Pusat gempa berada di laut 118 km barat daya Pulau Doi,
2025-04-03 13:42:20+00:00,0.56,121.51,4.8,65.0,II-III Pohuwato,Pusat gempa berada di darat 48 km tenggara Buol,
2025-04-04 06:59:48+00:00,-8.43,109.18,5.0,10.0,"III Cilacap, III Kebumen, III Bantul, II - III Pacitan, II - III Purbalingga, II Pangandaran",Pusat gempa berada di laut 80 km Tenggara Cilacap,
2025-04-04 11:07:32+00:00,-0.7000000000000001,99.38,4.7,53.0,"II - III Padang Panjang, II - III Bukittinggi, II - III Padang, II - III Pariaman, II - III Padang Pariaman, II - III Pasaman Barat, II - III Kep. Mentawai","Pusat gempa berada di laut 77 km timur laut Pulau Siberut, Kepulauan Mentawai",
2025-04-05 16:54:44+00:00,-6.84,107.08,2.2,10.0,II - III Cugenang,Pusat gempa berada di darat 6 km barat daya Kab. Cianjur,
2025-04-06 06:55:12+00:00,-7.88,106.04,5.1,10.0,"III Bayah , III Malingping, III Pelabuhan Ratu, III - IV Surade, II - III Nagrak, II-III Cibadak, II - III Ciracap, II - III Kabandungan, II - III Kalapa nunggal, II - III Nyalindung, II Kota Sukabumi, II Kec. Cibeber",Pusat gempa berada di laut 108 km Baratdaya Bayah,
2025-04-06 14:49:37+00:00,-4.1,122.35,2.8,5.0,II-III Konawe Selatan,"Pusat gempa berada di darat 1 km timur laut Landono, Konawe Selatan",
2025-04-07 10:52:44+00:00,-3.39,135.39,4.3,33.0,III Nabire,Pusat gempa berada di darat 13 km barat daya Nabire,
2025-04-07 19:48:52+00:00,2.8200000000000003,94.67,6.2,10.0,"III - IV Kab. Simeulue, III Kab. Aceh Selatan, III Kota Subulussalam, III Kab. Singkil, III Kab. Nias Utara, II-III Kab. Karo, II-III Aceh Barat Daya",Pusat gempa berada di laut 192 km barat laut Sinabang,
2025-04-08 10:23:35+00:00,-0.98,100.71,4.2,1.0,"III-IV Kota Solok, III-IV Kab. Solok",Pusat gempa berada di darat 20 km tenggara Kab. Solok,
2025-04-08 13:05:30+00:00,-1.33,119.5,3.9,5.0,III Rio Pakava,Pusat gempa berada di darat 23 km tenggara Pasangkayu,
2025-04-08 15:18:14+00:00,-8.55,116.06,3.0,14.0,"III Mataram, III Lombok Barat",Pusat gempa berada di laut 16 km barat laut Lombok Barat,
2025-04-08 19:25:56+00:00,4.61,125.12,5.0,10.0,III Tahuna,"Pusat gempa berada di laut 118 km baratlaut Tahuna, Kep. Sangihe",
2025-04-09 07:04:30+00:00,-9.09,120.58,3.8,93.0,II-III Waingapu,Pusat gempa berada di laut 38 km barat daya Borong,
2025-04-09 14:16:22+00:00,1.8900000000000001,117.86,2.7,13.0,II-III Tanjung Redep,Pusat gempa berada di darat 57 km tenggara Berau,
2025-04-09 14:20:04+00:00,-2.7199999999999998,119.17,3.2,5.0,III Mamasa,Pusat gempa berada di darat 27 km barat laut Mamasa,
2025-04-10 06:39:39+00:00,-4.07,122.48,2.3,10.0,II-III Kendari,"Pusat gempa berada di darat 1 km tenggara Konda, Konawe Selatan",
2025-04-10 07:53:26+00:00,-5.93,138.77,5.9,60.0,"II-III Merauke, II-III Boven Digoel","Pusat gempa berada di darat 105 km Tenggara Asmat, Papua Selatan",
2025-04-10 09:32:57+00:00,-6.73,106.58,2.9,8.0,"II-III Kabandungan, II-III Kab. Bogor",Pusat gempa berada di darat 28 km baratdaya Kota Bogor,
2025-04-10 09:43:04+00:00,-8.03,110.4,2.9,18.0,III Bantul,Pusat gempa berada di darat 15 km tenggara Bantul,
2025-04-10 11:55:01+00:00,-3.71,136.01,3.0,10.0,II Enarotali,Pusat gempa berada di darat 33 km baratlaut Dogiyai,
2025-04-10 15:16:13+00:00,-6.62,106.8,4.1,5.0,"III Kab. Bogor, III Kota Bogor, III Depok",Pusat gempa berada di darat 2 km Tenggara Kota Bogor,
2025-04-10 23:33:42+00:00,-4.11,121.87,2.6,5.0,II-III Kolaka Timur,"Pusat gempa berada di darat 3 km baratdaya Loea, Kolaka Timur",
2025-04-11 01:43:34+00:00,-4.09,121.9,3.0,3.0,III Kolaka Timur,"Pusat gempa berada di darat 1 km baratdaya Loea, Kolaka Timur",
2025-04-11 11:27:14+00:00,-0.09,100.08,4.3,5.0,"I-II Pasaman Barat, I-II Pasaman",Pusat gempa berada di darat 16 km baratdaya BONJOL-PASAMAN,
2025-04-11 14:05:23+00:00,-1.42,126.43,4.4,14.0,III Sanana,Pusat gempa berada di laut 86 km timur laut Sanana,
2025-04-11 23:34:08+00:00,-4.06,121.83,3.4,5.0,III Kolaka Timur,Pusat gempa berada di darat 2 km BaratLaut Loea-Kolaka Timur,
2025-04-11 23:45:41+00:00,-4.07,121.81,3.2,5.0,II - III Kolaka Timur,Pusat gempa berada di darat 2 km BaratLaut Loea-Kolaka Timur,
2025-04-12 01:09:08+00:00,-4.14,121.89,2.3,10.0,II-III Kolaka Timur,"Pusat gempa berada di darat 3 km barat daya Ladongi, Kolaka Timur",
2025-04-12 06:54:16+00:00,-7.26,107.69,2.6,7.0,"III Kertasari, III Cibeureum, III Pangalengan",Pusat gempa berada di darat 23 km barat daya Kab. Garut,
2025-04-12 12:11:08+00:00,-4.04,121.8,2.8,2.0,III Kolaka Timur,"Pusat gempa berada di darat 2 km tenggara Lalolae, Kolaka Timur",
2025-04-12 20:34:44+00:00,-3.46,128.36,3.4,10.0,III Kairatu,Pusat gempa berada di laut 13 km selatan Kairatu-SBB,
2025-04-13 00:48:40+00:00,-4.1,121.89,2.5,5.0,II-III Kolaka Timur,"Pusat gempa berada di darat 1 km barat daya Loea, Kolaka Timur",
2025-04-13 19:35:40+00:00,-9.13,123.84,5.2,49.0,II Lembata,Pusat gempa berada di laut 83 km tenggara Lembata,
2025-04-14 03:02:37+00:00,-0.65,127.5,3.9,10.0,II - III Labuha,Pusat gempa berada di darat 1 Km Tenggara Labuha,
2025-04-14 20:43:32+00:00,-3.48,129.44,4.6,10.0,"III Amahai, III Tehoru",Pusat gempa berada di laut 12 km Barat Daya Tehoru,
2025-04-14 22:44:02+00:00,-8.42,107.12,4.8,19.0,"II-III Kab. Garut (Cikelet, Pameungpeuk, Cidora), II - III Kab. Cianjur (Sindangbarang), II-III Kab. Sukabumi (Babadan)",Pusat gempa berada di Laut 158 km BaratDaya Kab. Garut,
2025-04-14 23:29:05+00:00,-5.42,123.12,3.2,12.0,III Buton,"Pusat gempa berada di laut 7 km Barat Daya Siotapina, Buton",
2025-04-15 08:33:55+00:00,-8.32,117.75,4.2,18.0,"III Dompu, III Sumbawa, II Bima",Pusat gempa berada di laut 41 km arah Timur Laut Sumbawa,
2025-04-16 02:27:35+00:00,-6.77,107.2,2.5,5.0,II - III Kec. Karangtengah,Pusat gempa berada di darat 8 km timur laut Kab. Cianjur,
2025-04-16 14:07:10+00:00,-8.28,117.75,4.4,10.0,"III Sumbawa, III Bima, III Dompu",Pusat gempa berada di darat 43 km timur laut Sumbawa,
2025-04-16 16:53:32+00:00,-5.66,112.46,4.6,5.0,II - III Bawean,Pusat gempa berada di laut 145 km Timur Laut Tuban,
2025-04-16 18:57:53+00:00,-0.59,127.66,4.1,18.0,III Labuha,Pusat gempa berada di laut 19 km Timur Labuha,
2025-04-17 00:51:25+00:00,0.36,124.9,5.7,10.0,"II Bitung, II Manado, II Minahasa, II Gorontalo, II Minahasa Selatan, II Gorontalo Utara, III-IV Bolaang Mongondow Selatan, III-IV Bolaang Mongondow Timur, III Bolaang Mongondow, III Kotamobagu, III Minahasa Tenggara, II Kota Gorontalo, II Bolaang Mongondow Utara, II Tomohon, II Minahasa Utara","Pusat gempa berada di laut 54 km tenggara Tutuyan, Bolaang Mongondow Timur",
2025-04-17 06:23:08+00:00,-6.85,107.1,2.6,6.0,III Cianjur,Pusat gempa berada di darat 5 km baratdaya Cianjur,
2025-04-17 06:35:01+00:00,-4.35,120.07,4.1,6.0,"II-III Soppeng, II-III Sengkang, II-III Bone",Pusat gempa berada di darat 43 km timurlaut Bone,
2025-04-17 11:14:27+00:00,1.05,118.92,4.1,10.0,III-IV Berau,Pusat gempa berada di darat 190 km timur laut Bontang,
2025-04-18 02:13:05+00:00,-10.03,113.96,4.9,10.0,II Denpasar,Pusat gempa berada di laut 196 km barat daya Kuta Selatan,
2025-04-18 04:52:16+00:00,2.0,99.01,4.0,2.0,II Tarutung,Pusat gempa berada di darat 5 km tenggara Tapanuli Utara,
2025-04-18 22:22:15+00:00,-5.67,112.49,4.3,6.0,"III Bawean, III Gresik",Pusat gempa berada di laut 145 km timur laut Tuban,
2025-04-19 13:47:13+00:00,-0.44,100.45,4.6,10.0,"III-IV Padang Panjang, III-IV Bukittinggi, III-IV Kabupaten Agam, II-III Kab. Solok, II-III Padang, II-III Padang Pariaman, II-III Solok, II-III Pariaman, II-III Batusangkar",Pusat gempa berada di darat 6 Km timur laut Padang Panjang,
2025-04-19 23:06:45+00:00,1.6,128.72,4.8,20.0,II-III Halmahera Timur,Pusat gempa berada di laut 41 km timur laut Halmahera Timur,
2025-04-20 00:36:00+00:00,-2.83,122.17,4.6,10.0,III Bahadopi,Pusat gempa berada di darat 33 km tenggara Morowali,
2025-04-20 05:54:50+00:00,-8.48,116.88,3.8,18.0,"II Sumbawa, II Sumbawa Barat, II Lombok Timur",Pusat gempa berada di laut 5 km baratdaya Pulau Panjang,
2025-04-20 10:27:37+00:00,-8.43,116.91,3.9,12.0,II Lombok Timur,Pusat gempa berada di laut 1 km timur laut Pulau Panjang,
2025-04-20 12:39:19+00:00,-3.39,135.6,4.1,26.0,III Nabire,Pusat gempa berada di darat 11 km Tenggara Nabire,
2025-04-20 18:19:54+00:00,-3.29,131.06,5.5,90.0,III Geser,Pusat gempa berada di laut 66 km timur Bula,
2025-04-21 12:32:10+00:00,-6.8,107.12,2.3,4.0,"III Cugenang, III Cianjur",Pusat gempa berada di darat 3 km BaratLaut Kab. Cianjur,
2025-04-21 13:43:54+00:00,-4.14,122.3,3.4,5.0,"III Konawe Selatan, III Kendari","Pusat gempa berada di darat 2 km Barat Daya Landono, Konawe Selatan",
2025-04-21 19:52:30+00:00,-0.96,119.85,2.7,8.0,"II - III Palu, II - III Sigi",Pusat gempa berada di darat 47 km BaratLaut Sigi,
2025-04-22 02:13:22+00:00,-8.69,117.43,2.5,10.0,II Sumbawa,Pusat gempa berada di darat 22 km tenggara Sumbawa,
2025-04-22 07:01:59+00:00,-2.8,122.16,3.4,10.0,II Bahadopi,Pusat gempa berada di laut 30 km tenggara Morowali,
2025-04-22 10:14:00+00:00,-8.55,106.71,5.6,10.0,"III Nagrak, II - III Sukabumi, II - III Cidolog, II - III Cidadap, II Kota Bandung, III Garut, II Cihanjuang, II Citeko, II Cisarua, II Pelabuhan Ratu, III - IV Tegalbuleud, II - III Cianjur",Pusat gempa berada di laut 174 km tenggara Kabupaten Sukabumi,
2025-04-22 10:17:17+00:00,4.34,127.52,6.6,107.0,"III - IV Melonguane, II - III Manado, II - III Bitung, II - III Bolaang Mongondow Timur, II - III Minahasa Utara, II - III Minahasa Tenggara, II - III Sitaro",Pusat gempa berada di laut 67 km tenggara Pulau Karatung,
2025-04-23 04:27:39+00:00,5.4,94.75,4.5,29.0,"II-III Jantho, II-III Aceh Besar",Pusat gempa berada di Laut 83 km Barat Daya Kota Sabang,
2025-04-23 06:32:54+00:00,-3.92,122.34,3.4,5.0,"III Konawe, III Konawe Selatan, III Kendari","Pusat gempa berada didarat 2 km tenggara Besulutu, Konawe",
2025-04-23 21:50:33+00:00,-2.34,120.83,4.0,5.0,Mangkutana III,Pusat gempa berada di darat 46km barat laut Luwu Timur,
2025-04-24 03:48:13+00:00,-6.89,106.44,3.9,5.0,"III Pelabuhan Ratu, III Bayah, III-IV Cisolok",Pusat gempa berada di darat 16 km Baratlaut Kab. Sukabumi,
2025-04-24 22:20:43+00:00,4.06,97.22,3.6,5.0,III-IV Kab. Gayo Lues,Pusat gempa berada di darat barat laut Kab. Gayo Lues,
2025-04-25 08:58:06+00:00,-6.83,107.11,2.4,19.0,"III Cianjur, III Cilaku, III Cugenang",Pusat gempa berada di darat 3 km barat daya Kab. Cianjur,
2025-04-25 22:27:38+00:00,0.54,97.87,4.4,23.0,II Nias Selatan,Pusat gempa berada di laut 7 km tenggara Nias Selatan,
2025-04-27 22:13:43+00:00,-0.1,124.4,4.9,28.0,II Gorontalo,"Pusat gempa berada di laut 69 km tenggara Bolaang Uki, Bolaang Mongondow Selatan",
2025-04-28 09:23:05+00:00,-0.96,112.67,4.0,21.0,II-III Katingan Hulu,Pusat gempa berada di darat 15 km BaratLaut Katingan,
2025-04-29 03:47:10+00:00,-3.35,128.37,3.4,5.0,III Kairatu,Pusat gempa berada di darat 3 km tenggara Kairatu-Seram Bagian Barat,
2025-04-29 16:09:00+00:00,-4.1,121.91,2.7,10.0,II-III Kolaka Timur,Pusat gempa berada di darat timur laut Ladongi,
2025-04-30 02:59:18+00:00,-3.99,122.8,3.7,7.0,III-IV Kendari,"Pusat gempa berada di laut 9 km BaratLaut Laonti, Konawe Selatan",
2025-04-30 23:10:13+00:00,1.21,123.58,4.5,10.0,II Kab. Gorontalo,Pusat gempa berada di laut 47 km TimurLaut Boroko,
2025-05-02 07:07:44+00:00,-0.45,100.41,4.8,10.0,"III - IV Padang Panjang, III Bukittinggi, III Padang Pariaman, III Pariaman",Pusat gempa berada di darat 2 km Timur Laut Padang Panjang,
2025-05-03 01:33:46+00:00,-7.17,106.48,3.9,57.0,"II-III Surade, II-III Pagelaran, II-III Ujung Genteng, II-III Jampang",Pusat gempa berada di darat 21 km barat daya Kab. Sukabumi,
2025-05-03 02:19:17+00:00,-9.4,114.04,4.8,14.0,"III Malang Selatan, II - III Kuta, II - III Kuta Selatan",Pusat gempa berada di laut 132 km barat daya Jembrana,
2025-05-03 05:10:36+00:00,-3.0,141.34,5.9,10.0,"III - IV Keerom, II Kota Jayapura",Pusat gempa berada di darat 74 km Timur Laut Keerom,
2025-05-03 09:17:53+00:00,-2.51,121.04,3.7,5.0,"III Malili, III Wasuponda",Pusat gempa berada di darat 16 km barat laut Luwu Timur,
2025-05-03 12:51:45+00:00,0.55,121.64,6.0,97.0,"III Gorontalo, III Gorontalo Utara, III Manado, III Berau, II-III Palu, III-IV Boalemo, III-IV Kab. Pohuwato, II Masamba",Pusat gempa berada di darat 35 km barat laut Pohuwato,
2025-05-03 17:04:08+00:00,-2.94,141.48,5.4,10.0,II - III Kota Jayapura,Pusat gempa berada di darat 82 km tenggara Keerom,
2025-05-04 02:25:06+00:00,-4.06,122.29,3.4,5.0,"III Konawe Selatan, III Kendari",Pusat gempa berada di darat 1 km baratlaut Landono,
2025-05-04 06:46:30+00:00,-4.06,121.77,4.2,5.0,"III-IV Kolaka Timur, III Kolaka",Pusat gempa berada di darat 4 km barat daya Lalolae - Kolaka Timur,
2025-05-04 13:56:50+00:00,-7.26,106.63,3.9,92.0,"II Simpenan, Kabupaten Sukabumi",Pusat gempa berada di darat 31 km Tenggara Kabupaten Sukabumi,
2025-05-04 23:47:21+00:00,-7.19,107.43,2.9,2.0,"II-III Rancabali, II-III Rancabolang",Pusat gempa berada di darat 21 km Barat Daya Kab. Bandung,
2025-05-05 07:08:08+00:00,1.3599999999999999,118.03,3.9,12.0,II - III Kecamatan Talisayan,Pusat gempa berada di darat 106 km Tenggara Berau,
2025-05-05 22:57:35+00:00,-0.11,123.78,5.5,106.0,"II-III Kab. Gorontalo, II-III Kab. Boalemo, II-III Kab. Bone Bolango",Pusat gempa berada di Laut 58 km baratdaya Bolaang Uki,
2025-05-06 07:13:10+00:00,-3.59,139.38,5.0,10.0,II Wamena,Pusat gempa berada di darat 21 km barat laut Yalimo,
2025-05-06 07:15:13+00:00,-5.44,103.9,4.0,49.0,"IV Pesisir Selatan, IV Bengkunat, II Kec. Semaka",Pusat gempa berada di laut 28 km Barat Daya Pesisir Barat,
2025-05-06 14:20:10+00:00,-1.73,136.29,4.7,6.0,II - III Serui,Pusat gempa berada di darat 17 km Timur Laut Serui,
2025-05-07 00:16:22+00:00,-9.0,111.92,4.5,84.0,"III Blitar, II Trenggalek, II Kediri, II Tulungagung, II Lumajang, II Pacitan, II Malang",Pusat gempa berada di laut 101 km baratdaya Kab. Blitar,
2025-05-07 07:09:08+00:00,0.78,97.33,5.4,10.0,"IV Nias Barat, IV Nias Selatan, III-IV Nias, III-IV Gunung Sitoli, III-IV Nias Utara",Pusat gempa berada di laut 25 km barat daya Nias Barat,
2025-05-07 07:34:48+00:00,1.11,120.96,3.7,11.0,II-III Toli-Toli,Pusat gempa berada di darat 34 km timur laut Toli-toli,
2025-05-07 13:09:15+00:00,-8.59,117.44,2.4,10.0,II Sumbawa,Pusat gempa berada di darat 11 km Tenggara Sumbawa,
2025-05-07 17:49:32+00:00,-1.72,136.35,5.1,10.0,"III-IV Serui, II Biak",Pusat gempa berada di darat 21 km timur laut Serui,
2025-05-08 04:55:30+00:00,-5.7,112.5,3.9,5.0,II Bawean,Pusat gempa berada di Laut 142 km TimurLaut Tuban,
2025-05-08 12:35:01+00:00,-8.63,117.44,3.7,10.0,III Sumbawa,Pusat gempa berada di darat 15 km tenggara Sumbawa,
2025-05-08 12:37:03+00:00,-8.76,117.42,3.2,10.0,II Sumbawa,Pusat gempa berada di darat 29 km selatan Sumbawa,
2025-05-08 14:51:27+00:00,-3.06,127.29,4.7,77.0,II-III Namlea,Pusat gempa berada di laut 31 km timurlaut Namlea-Buru,
2025-05-09 13:14:07+00:00,-4.21,123.3,4.8,7.0,"IV Konawe Kepulauan, III-IV Buton Utara, III Kendari, III Konawe Selatan, II - III Konawe",Pusat gempa berada di laut 36 km Tenggara Konawe,
2025-05-09 22:45:44+00:00,-7.25,129.29,5.8,223.0,III Pulau Babar,Pusat gempa berada di laut 59 km baratlaut Tepa-MBD,
2025-05-10 04:20:26+00:00,-0.5700000000000001,100.1,2.7,10.0,"II-III Padang Pariaman, II-III Pariaman",Pusat gempa berada di darat 7 km Barat Laut Pariaman,
2025-05-11 07:49:40+00:00,-4.05,122.29,2.9,5.0,"II-III Kendari, II Konawe","Pusat gempa berada di darat 1 km baratlaut Landono, Konawe Selatan",
2025-05-11 08:57:43+00:00,3.67,96.86,6.2,45.0,"IV Aceh Selatan, III-IV Medan, II-III Bener Meriah, II-III Lhokseumawe, II-III Aceh Tengah, II Banda Aceh, II Aceh Tamiang, II Nias Selatan, V Aceh Barat Daya, IV Nagan Raya, IV Meulaboh, IV Subulussalam, III-IV Binjai, III-IV Deli Serdang, III-IV Karo, III-IV Gayo Lues, III Langsa, III Aceh Singkil, III Aceh Timur, II-III Aceh Utara, II-III Pidie, II - III Aceh Tenggara, II-III Nias Utara, II-III Gunung Sitoli, II Simeulue, II Aceh Besar, II Pidie Jaya, III-IV Tapanuli Tengah, III Sibolga",Pusat gempa berada di laut 21 km baratdaya Blangpidie-Aceh Barat Daya,
2025-05-11 15:30:54+00:00,-7.0,106.99,3.2,13.0,III Sukabumi,Pusat gempa berada di darat 11 km tenggara kota Sukabumi,
2025-05-11 16:09:39+00:00,-4.04,122.34,2.9,5.0,"II-III Konawe Selatan, II-III Kendari","Pusat gempa berada di darat 1 km Baratdaya Ranomeeto Barat, Konawe Selatan",
2025-05-11 16:48:48+00:00,-3.9699999999999998,122.37,2.4,13.0,II-III Kendari,"Pusat gempa berada di darat 1 km Timurlaut Besulutu, Konawe",
2025-05-12 03:09:39+00:00,1.11,98.81,5.3,88.0,"III Pinangsori, II Sibolga",Pusat gempa berada di laut 59 km barat daya Padang Sidempuan,
2025-05-12 20:42:05+00:00,-6.7,107.34,2.9,6.0,II-III Purwakarta,Pusat gempa berada di darat 19 km barat daya Kab. Purwakarta,
2025-05-13 05:41:11+00:00,0.61,121.5,4.6,96.0,"II-III Pohuwato, II Bone Bolango",Pusat gempa berada di darat 43 km Tenggara Buol,
2025-05-13 08:57:52+00:00,-3.98,122.35,2.9,5.0,II Kendari,Pusat gempa berada di darat 1 km Baratlaut Besulutu,
2025-05-13 21:16:24+00:00,-2.96,119.39,2.9,10.0,II-III Tawalian,Pusat gempa berada di darat 8 km tenggara Mamasa,
2025-05-14 03:16:58+00:00,-4.33,102.37,4.9,21.0,"III Kota Bengkulu, III Manna, II-III Kepahiang",Pusat gempa berada di laut 36 km Barat Daya Seluma,
2025-05-14 14:35:19+00:00,-1.34,134.38,4.1,10.0,II Ransiki,Pusat gempa berada di laut 29 km Timurlaut Ransiki,
2025-05-15 00:50:49+00:00,-7.32,126.3,5.9,515.0,III Tiakur,Pusat gempa berada di laut 41 km utara Wetar Utara,
2025-05-15 14:01:40+00:00,-0.98,122.02,4.6,12.0,III Banggai,Pusat gempa berada didarat 55 Km Timur Laut Tojouna-Una,
2025-05-15 17:23:56+00:00,-6.83,107.12,2.3,12.0,II Rancagoong,Pusat gempa berada di darat 2 km barat daya Cianjur,
2025-05-16 04:23:03+00:00,-8.63,120.45,3.4,10.0,III Ruteng,Pusat gempa berada di darat 2 km Baratdaya Ruteng - Manggarai,
2025-05-16 23:23:58+00:00,-2.32,140.29,3.6,10.0,II Genyem,Pusat gempa berada di laut 32 km Barat laut Kab. Jayapura,
2025-05-17 07:31:10+00:00,-8.49,117.1,4.4,11.0,"III Sumbawa, III Sumbawa Barat",Pusat gempa berada di darat 7 km Tenggara Pernang,
2025-05-17 14:51:34+00:00,-8.61,120.45,2.9,10.0,II - III Ruteng,"Pusat gempa berada di darat 1 km Barat Laut Ruteng, Manggarai",
2025-05-17 21:20:16+00:00,2.46,95.97,4.8,22.0,III Kab. Simeulue,Pusat gempa berada di laut 44 km baratdaya Sinabang,
2025-05-17 21:30:52+00:00,2.39,95.89,3.5,16.0,II-III Kab. Simeulue,Pusat gempa berada di laut 53 km baratdaya Sinabang,
2025-05-18 04:53:55+00:00,-10.54,116.16,5.2,10.0,"III Mataram, III Lombok Barat, II-III Denpasar, II Lombok Timur, II Badung, II Karangasem",Pusat gempa berada di laut 204 km barat daya Lombok Tengah,
2025-05-18 10:29:23+00:00,-6.57,106.64,2.7,18.0,III Leuwiliang,Pusat gempa berada di darat 17 km barat laut Kota Bogor,
2025-05-18 10:30:17+00:00,-6.6,106.64,2.9,8.0,"III Leuwiliang, II-III Tanah Sereal, II - III Kota Bogor",Pusat gempa berada di darat 17 km barat laut Kota Bogor,
2025-05-18 15:20:10+00:00,-3.98,121.79,2.4,4.0,II Kolaka Timur,"Pusat gempa berada di darat 2 km barat daya Tinondo, Kolaka Timur",
2025-05-19 02:45:52+00:00,4.05,95.92,4.1,27.0,"II - III Meulaboh, II - III Aceh Barat Daya",Pusat gempa berada di laut 25 km barat daya Meulaboh,
2025-05-19 05:59:30+00:00,1.11,97.07,4.6,13.0,II-III Gunungsitoli,Pusat gempa berada di laut 45 km barat laut Nias Barat,
2025-05-19 08:04:20+00:00,1.15,97.11,4.4,16.0,"II - III Gunungsitoli, II - III Lahomi Nias Barat, II-III Nias Utara",Pusat gempa berada di laut 42 km barat daya Nias Utara,
2025-05-20 06:50:52+00:00,-4.8,140.6,4.8,10.0,II Kab. Oksibil,Pusat gempa berada di darat 12 km Barat Laut Oksibil,
2025-05-20 20:10:14+00:00,-6.83,107.94,3.7,4.0,II-III Kec. Cimalaka,Pusat gempa berada di darat 4 Km Timur Laut Kab. Sumedang,
2025-05-21 12:27:26+00:00,-0.42,131.87,4.5,10.0,"Kota Sorong II-III, Kab. Sorong II-III",Pusat gempa berada di laut 73 km Baratlaut Tambrauw,
2025-05-22 19:52:37+00:00,-4.17,102.17,6.3,10.0,"IV - V Kota Bengkulu, IV - V Bengkulu, IV - V Empat Lawang, IV Kepahiang, IV Liwa, III - IV Lemong, III - IV Tais, III Muko - Muko, IV Rejang Lebong, IV Lubuk Linggau, IV - V Seluma",Pusat gempa berada di laut 43 km Barat Daya Bengkulu,
2025-05-23 15:20:22+00:00,-1.28,99.86,4.2,10.0,"II Padang, II Padang Panjang",Pusat gempa berada di laut 67 km barat daya Padang,
2025-05-23 20:41:48+00:00,-4.1,121.87,2.8,5.0,II-III Kolaka Timur,Pusat gempa berada di darat 3 km barat daya Loea Kolaka Timur,
2025-05-23 21:35:31+00:00,-3.9,122.47,3.7,8.0,"III Konawe Selatan, III Konawe, III Kendari",Pusat gempa berada di darat 1 km barat daya Bondoala Konawe,
2025-05-23 23:52:25+00:00,-3.98,121.35,3.5,5.0,III Kolaka,Pusat gempa berada di darat 1 km barat daya Samaturu Kolaka,
2025-05-24 08:36:40+00:00,-4.48,129.97,4.0,66.0,Banda II,Pusat gempa berada di laut 9 km timur laut Banda-MALTENG,
2025-05-24 10:51:59+00:00,-3.98,122.37,2.8,5.0,II Konawe,Pusat gempa berada di darat 1 km barat laut Sampara Konawe,
2025-05-25 16:08:32+00:00,-4.0,122.34,2.6,5.0,II-III Konawe,Pusat gempa berada di darat 2 km barat daya Konawe,
2025-05-26 05:30:26+00:00,-4.11,121.86,3.1,2.0,"III Kolaka, III Kolaka Timur","Pusat gempa berada di darat 4 km baratdaya Loea, Kolaka Timur",
2025-05-26 09:16:49+00:00,-4.11,121.88,2.4,4.0,II-III Kolaka Timur,"Pusat gempa berada di darat 2 km baratdaya Loea, Kolaka Timur",
2025-05-27 00:55:05+00:00,-10.41,110.25,5.7,10.0,"II Nganjuk, II Trenggalek, II Yogyakarta, II Bantul, II Pacitan, II Blitar, II Malang, II Sukoharjo, II Gunungkidul",Pusat gempa berada di laut 265 km baratdaya Pacitan,
2025-05-27 08:09:39+00:00,-3.7800000000000002,101.6,4.7,22.0,"III Kota Bengkulu, III Bengkulu Utara, II-III Lebong, II Kepahiang, II-III Bengkulu Tengah",Pusat gempa berada di laut 76 km baratdaya Bengkulu Utara,
2025-05-27 11:27:10+00:00,-5.0,122.95,4.6,6.0,"IV Buton Utara, IV Muna, IV Buton, III Baubau, III Buton Selatan","Pusat gempa berada di darat 3 km tenggara Kambowa, Buton Utara",
2025-05-28 01:41:25+00:00,-2.35,104.94,4.3,10.0,"II - III Palembang, II - III Musi Banyuasin, III - IV Banyuasin",Pusat gempa berada di darat 35 km Timur Laut Banyuasin,
2025-05-28 13:46:09+00:00,-0.29,100.3,3.3,10.0,"II - III Padang Panjang, II - III Payakumbuh, II - III Bukittinggi",Pusat gempa berada di darat 7 km baratlaut Bukittinggi,
2025-05-29 01:59:23+00:00,-5.75,112.4,3.9,5.0,II-III Bawean,Pusat gempa berada di laut 133 km timurlaut Tuban,
2025-05-29 18:17:56+00:00,-4.28,122.54,2.8,5.0,II-III Konawe Selatan,"Pusat gempa berada di darat 2 km timur laut Laeya, Konawe Selatan",
2025-05-29 21:12:25+00:00,-7.38,107.18,4.2,10.0,"II-III Cianjur, II-III Kec. Pagelaran, II-III Kec. Pasir Kuda",Pusat gempa berada di darat 55 km baratdaya Kab. Bandung,
2025-05-30 02:38:49+00:00,-4.18,122.7,2.9,4.0,II - III Konawe Selatan,"Pusat gempa berada di darat 1 km barat daya Moramo, Konawe Selatan",
2025-05-30 04:40:21+00:00,-4.13,122.6,2.6,5.0,II - III Konawe Selatan,"Pusat gempa berada di darat 2 km BaratDaya Moramo Utara, Konawe Selatan",
2025-05-30 04:53:45+00:00,-5.02,122.94,2.9,6.0,III Buton Utara,"Pusat gempa berada di darat 3 km TimurLaut Kambowa, Buton Utara",
2025-05-30 14:00:26+00:00,-4.15,122.61,3.1,6.0,"III Konawe Selatan, II Kendari",Pusat gempa berada di darat 1 km BaratDaya Moramo-Konawe Selatan,
2025-05-31 04:03:18+00:00,-3.99,122.49,2.2,5.0,II Kendari,"Pusat gempa berada di darat 1 km Timur Laut Wua-Wua, Kota Kendari",
2025-05-31 13:20:23+00:00,-4.0,122.39,2.4,3.0,"II - III Konawe, II - III Konawe Selatan","Pusat gempa berada di darat 1 km Timurlaut Sampara, Konawe",
2025-05-31 13:22:06+00:00,-4.0,122.37,2.6,2.0,"II - III Konawe, II - III Konawe Selatan","Pusat gempa berada di darat 2 km Timur Laut Ranomeeto Barat, Konawe Selatan",
2025-05-31 18:41:50+00:00,-1.07,119.69,4.9,36.0,"III-IV Sigi, III-IV Palu",Pusat gempa berada di darat 28 km baratdaya Palu,
2025-06-01 16:13:14+00:00,-0.47000000000000003,99.91,4.6,83.0,"II - III Padang, I - II Padang Panjang",Pusat gempa berada di laut 21km barat daya Lubuk Basung - Agam,
2025-06-02 10:41:52+00:00,-4.61,102.75,4.7,33.0,III Bengkulu,Pusat gempa berada di laut 25 km Barat Daya Bengkulu Selatan,
2025-06-02 11:39:44+00:00,-3.98,122.35,2.4,5.0,II Konawe,"Pusat gempa berada di darat 1 km baratlaut Besulutu, Konawe.",
2025-06-02 19:37:21+00:00,-4.02,122.3,2.7,3.0,"II - III Konawe, II-III Kendari","Pusat gempa berada di darat 2 km baratlaut Sabulakoa, Konawe Selatan",
2025-06-02 22:34:09+00:00,-3.9699999999999998,122.37,2.2,3.0,II Konawe,"Pusat gempa berada didarat 1 km Timur Laut Besulutu, Konawe",
2025-06-03 16:22:31+00:00,-2.49,140.69,3.0,10.0,III Kota Jayapura,Pusat gempa berada di darat 8 km BaratLaut Kota Jayapura,
2025-06-06 07:44:04+00:00,-8.43,117.54,3.2,10.0,III Sumbawa,Pusat gempa berada di darat 14 km Timur Laut Sumbawa,
2025-06-06 09:27:05+00:00,-3.41,128.64,3.8,5.0,II Saparua,Pusat gempa berada di darat 5 km barat Amalatu,
2025-06-06 14:31:53+00:00,-4.09,122.54,2.2,11.0,II-III Konawe Selatan,Pusat gempa berada di darat 3 km barat laut Konawe Selatan,
2025-06-06 14:34:56+00:00,-4.13,122.58,2.1,5.0,II-III Konawe Selatan,Pusat gempa berada di darat 2 km timur laut Konawe Selatan,
2025-06-06 14:42:01+00:00,-8.77,118.8,4.5,85.0,"III Kab. Bima, III Kota Bima, III Kab. Dompu",Pusat gempa berada di darat 34 km tenggara kota Bima,
2025-06-07 07:48:21+00:00,-3.32,135.66,4.4,20.0,III - IV Nabire,Pusat gempa berada di darat 18 km timur laut Nabire,
2025-06-07 08:42:14+00:00,-3.47,128.65,4.3,10.0,"III Kairatu, II Saparua","Pusat gempa berada di laut 5 km barat daya Amalatu, Seram Bagian Barat",
2025-06-08 11:09:05+00:00,-6.6,107.27,2.5,11.0,I-II Kec. Purwakarta,Pusat gempa berada di darat 19 km barat daya Kab. Purwakarta,
2025-06-09 16:55:06+00:00,-8.08,108.72,5.0,47.0,"III Pangandaran, II - III Cilacap, II - III Banyumas, II - III Kebumen, II - III Tasikmalaya, II - III Garut",Pusat gempa berada di laut 48 km Tenggara Kab. Pangandaran,
2025-06-09 23:15:07+00:00,-5.84,112.24,4.5,5.0,II-III Bawean,Pusat gempa berada di laut 119 km timurlaut Tuban,
2025-06-10 22:28:46+00:00,1.26,97.14,4.1,25.0,III Nias Utara,Pusat gempa berada di laut 31 km baratdaya Nias Utara,
2025-06-12 09:41:23+00:00,-3.25,130.35,5.0,10.0,"III Bula, III Werinama",Pusat gempa berada di darat 14 km BaratDaya Seram Bagian Timur,
2025-06-12 11:26:51+00:00,-9.38,124.45,4.7,39.0,II Kab. Timor Tengah Utara,Pusat gempa berada di darat 18 km BaratLaut Timot Tengah Utara,
2025-06-12 17:49:43+00:00,-7.87,113.76,3.6,2.0,III-IV Situbondo,Pusat gempa berada di darat 20 km barat laut Bondowoso,
2025-06-13 22:31:53+00:00,-6.84,107.11,2.5,6.0,"II-III Nagrak, II-III WarungKondang, II Mekarsari, II-III Cilaku",Pusat gempa berada di darat 3 km baratdaya Kab. Cianjur,
2025-06-14 04:58:00+00:00,-5.4,104.67,3.7,5.0,"III Kota Agung, II Ulu Belu",Pusat gempa berada di darat 9 km barat laut Tanggamus,
2025-06-15 04:08:44+00:00,-3.36,129.16,3.3,10.0,III Amahai,"Pusat gempa berada di darat 26 km timur Masohi, Maluku tengah",
2025-06-15 06:49:45+00:00,-3.52,102.51,3.5,6.0,III Curup,Pusat gempa berada di darat 5 km BaratDaya REJANGLEBONG,
2025-06-15 07:42:14+00:00,-8.24,112.99,3.1,15.0,II - III Lumajang,Pusat gempa berada di darat 28 km BaratDaya Lumajang,
2025-06-15 11:28:23+00:00,4.8100000000000005,96.11,4.4,5.0,"II-III Lamno, Aceh Jaya, III Mane, Pidie",Pusat gempa berada di darat 27 km baratdaya Kab. Pidie Jaya,
2025-06-15 16:31:16+00:00,-8.18,107.64,4.8,10.0,"II-III Pangandaran, II-III Tasikmalaya",Pusat gempa berada di laut 104 km baratdaya Kab. Tasikmalaya,
2025-06-16 03:09:01+00:00,0.73,118.68,4.8,10.0,"II - III Tarakan, II-III Sandaran, II-III Biduk - Biduk",Pusat gempa berada di laut 149 km timur laut Bontang,
2025-06-16 03:51:02+00:00,-2.52,121.12,3.6,2.0,III Malili,Pusat gempa berada di darat 9 km barat laut Luwu Timur,
2025-06-16 11:45:03+00:00,-1.08,129.68,4.2,13.0,II Raja Ampat,Pusat gempa berada di laut 148 km barat daya Raja Ampat,
2025-06-16 23:05:26+00:00,-4.09,121.66,2.9,5.0,II-III Kolaka,"Pusat gempa berada di darat 2 km timurlaut Wundulako, Kolaka",
2025-06-17 14:06:16+00:00,-4.59,102.14,4.3,22.0,II - III Seluma,Pusat gempa berada di laut 74 km Baratdaya SELUMA,
2025-06-17 14:21:12+00:00,-8.44,117.9,4.1,10.0,"III Sumbawa, III Dompu",Pusat gempa berada di laut 53 km Timurlaut SUMBAWA,
2025-06-17 14:51:37+00:00,-3.16,135.43,3.4,11.0,II Nabire,Pusat gempa berada di laut 24 km BaratLaut Nabire,
2025-06-17 14:51:49+00:00,-4.23,122.6,2.6,5.0,"III Konawe Selatan, II Nabire","Pusat gempa berada di darat 3 km BaratDaya Moramo, Konawe Selatan",
2025-06-18 08:24:49+00:00,-8.32,107.27,4.9,13.0,III Garut,Pusat gempa berada di laut 140 km BaratDaya Kabupaten Garut,
2025-06-18 16:52:44+00:00,5.54,95.78,3.7,7.0,II Sare,Pusat gempa berada didarat 26 Km Barat Laut Pidie,
2025-06-18 17:05:58+00:00,4.8,96.18,3.1,5.0,II Geumpang,Pusat gempa berada didarat 24 Km Barat Daya Pidie Jaya,
2025-06-19 01:41:31+00:00,-2.75,134.5,4.3,10.0,II-III Wasior,Pusat gempa berada di darat 3 km barat daya Teluk Wondama,
2025-06-19 03:48:58+00:00,-2.88,122.33,4.2,7.0,"III Bahodopi, II-III Morowali","Pusat gempa berada di laut 15 km timurlaut Lafeu, Kab. Morowali",
2025-06-19 12:26:13+00:00,-8.35,116.45,2.9,10.0,Lombok Timur II,Pusat gempa berada di darat 32 km timur laut Lombok Utara,
2025-06-19 12:40:05+00:00,-3.45,128.63,4.7,10.0,"II - III Ambon, II - III Saparua, II-III Amahai","Pusat gempa berada di laut 6 km barat daya Amalatu, Seram Bagian Barat",
2025-06-21 03:13:34+00:00,-2.83,122.03,2.9,4.0,II-III Bahadopi,"Pusat gempa berada di darat 11 km BaratDaya Bahodopi, Kab.Morowali",
2025-06-21 05:53:06+00:00,-8.1,108.24,4.4,22.0,"II-III Caringin , II - III Pamengpeuk, II-III Cisompet, II-III Pasirwangi, II-III Garut Kota, II-III Sindangkasih",Pusat gempa berada di laut 52 km baratdaya Pangandaran,
2025-06-21 16:34:58+00:00,-6.73,105.15,4.9,17.0,"II-III Kec. Malingping, II Pandeglang, II Labuan, II Kec. Kabandungan",Pusat gempa berada di laut 48 km baratdaya Sumur,
2025-06-22 09:31:20+00:00,-3.47,128.65,4.9,10.0,"III Ambon, III Kairatu, III Saparua","Pusat gempa berada di laut 6 km BaratDaya Amalatu, Seram Bagian Barat",
2025-06-22 11:47:22+00:00,-3.21,130.32,5.0,10.0,III Werinama,Pusat gempa berada di darat 23 km baratdaya Bula,
2025-06-23 15:07:41+00:00,-6.73,106.54,2.5,6.0,II Kab. Bogor,Pusat gempa berada di darat 28 km barat laut Kab. Sukabumi,
2025-06-24 05:21:56+00:00,-3.41,128.68,3.2,10.0,III Saparua,Pusat gempa berada di darat 2 km utara Amalatu-SBB,
2025-06-24 15:18:37+00:00,1.27,117.94,3.7,7.0,II-III Sangkulirang,Pusat gempa berada di darat 107 km tenggara Berau,
2025-06-24 19:39:35+00:00,-4.09,121.87,2.5,5.0,II-III Kolaka Timur,"Pusat gempa berada di darat 2 km barat daya Loea, Kolaka Timur",
2025-06-26 23:08:35+00:00,-8.39,121.91,4.2,10.0,II Ende,Pusat gempa berada di Laut 41 km Barat laut Maumere,
2025-06-27 04:53:53+00:00,-4.12,121.88,3.6,5.0,III - IV Kolaka Timur,Pusat gempa berada di darat 3 km Barat Daya Kolaka Timur,
2025-06-28 04:03:15+00:00,-3.9699999999999998,122.4,2.9,11.0,"II Kendari, II-III Konawe",Pusat gempa berada di darat 1 km tenggara Sampara,
2025-06-28 11:10:55+00:00,-2.6,121.24,2.3,5.0,II Wasuponda,Pusat gempa berada di darat 7 km tenggara Luwu Timur,
2025-06-29 01:49:42+00:00,-6.76,107.63,2.7,6.0,II-III lembang,Pusat gempa berada didarat 14Km Timur Laut Kota Cimahi,
2025-06-29 10:29:01+00:00,-5.16,102.51,4.2,12.0,III Enggano,Pusat gempa berada di laut 33 km timur laut Enggano,
2025-06-29 13:52:36+00:00,-8.88,112.46,3.7,60.0,II-III Lumajang,Pusat gempa berada di Laut 83 km BaratDaya Kab. Malang,
2025-06-29 17:31:16+00:00,-7.26,106.11,4.0,24.0,"II Simpenan, II Jampang Kulon",Pusat gempa berada di Laut 39km baratdaya Bayah,
2025-06-30 16:49:16+00:00,0.55,99.59,4.2,10.0,"IV Kab. Mandailing Natal, II-III Kab. Pasaman, II-III Pasaman Barat, II-III Padang Sidempuan",Pusat gempa berada di darat 35 km tenggara Mandailing Natal,
2025-06-30 17:31:23+00:00,-2.49,140.7,2.6,10.0,II-III Kota Jayapura,Pusat gempa berada di darat 8 km timur laut Kota Jayapura,
2025-07-01 02:00:44+00:00,2.32,117.12,3.6,6.0,II - III Berau,Pusat gempa berada di darat 40 km barat laut Berau,
2025-07-01 13:08:46+00:00,1.55,97.01,4.6,11.0,III Nias Utara,Pusat gempa berada di darat 40 km barat laut Nias Utara,
2025-07-01 15:18:01+00:00,2.27,117.13,3.7,8.0,"II - III Muara Segah, II - III Tanjung Redep",Pusat gempa berada di darat 35 km barat laut Berau,
2025-07-01 16:34:09+00:00,-4.08,121.86,2.4,3.0,II - III Kolaka Timur,"Pusat gempa berada di darat 2 km Tenggara Loea, Kolaka Timur",
2025-07-02 10:33:16+00:00,-1.23,134.02,5.1,10.0,"II-III Manokwari, III Ransiki",Pusat gempa berada di darat 32 km baratlaut Ransiki,
2025-07-02 11:21:19+00:00,-3.39,128.68,2.7,10.0,II Amalatu,Pusat gempa berada di laut 4 km Utara Amalatu-Seram Bagian Barat,
2025-07-02 14:27:38+00:00,-3.7800000000000002,101.85,4.8,20.0,"III Kota Bengkulu, III Bengkulu Utara, II-III Kepahiang, II-III Rejang Lebong",Pusat gempa berada di laut 54 km BaratDaya Bengkulu Utara,
2025-07-03 00:43:47+00:00,4.8,94.62,4.8,7.0,"II-III Aceh Jaya, II Banda Aceh, II Aceh Besar",Pusat gempa berada di laut 108 km Barat laut Calang - Aceh Jaya,
2025-07-04 04:39:01+00:00,-2.68,121.28,4.0,2.0,III - IV Malili,Pusat gempa berada di darat 16 km Tenggara Luwu Timur,
2025-07-04 05:33:51+00:00,6.2,94.68,5.0,10.0,"III Sabang, III Banda Aceh, III Aceh Besar, II Sigli, II Pidie",Pusat gempa berada di laut 50 km barat laut Kota Sabang,
2025-07-04 05:39:57+00:00,5.99,94.68,4.5,6.0,II Sabang,Pusat gempa berada di laut 30 km barat laut Kota Sabang,
2025-07-04 06:19:09+00:00,6.19,95.04,4.6,7.0,,Pusat gempa berada di 45 Km Barat Laut Kota Sabang,
2025-07-04 10:46:27+00:00,-4.33,122.48,2.4,5.0,II-III Konawe Selatan,Pusat gempa berada didarat 1 Km Tenggara Laeya,
2025-07-04 11:21:02+00:00,-4.08,121.87,2.2,12.0,II Kolaka Timur,Pusat gempa berada didarat 2 Km Barat Laut Loea,
2025-07-04 13:59:31+00:00,-3.4,128.64,4.9,10.0,"III-IV Amalatu, III-IV Kairatu, III-IV Masohi, II Ambon","Pusat gempa berada di darat 5 km barat laut Amalatu, Seram Bagian Barat",
2025-07-04 17:21:21+00:00,-3.9699999999999998,126.85,4.2,11.0,III Waesama,Pusat gempa berada dilaut 19 Km Tenggara Namrole-Buru Selatan,
2025-07-05 19:42:22+00:00,6.16,95.04,5.4,10.0,"III Sabang, II-III Banda Aceh, II-III Aceh Besar",Pusat gempa berada di laut 42 km barat laut Kota Sabang,
2025-07-06 11:55:49+00:00,-3.52,128.67,3.1,7.0,III Amalatu,Pusat gempa berada di laut 11 km selatan Amalatu,
2025-07-06 22:38:04+00:00,-8.61,118.4,4.8,114.0,"III Kab. Dompu, III Kab. Bima, III Kota Bima, III Kab. Sumbawa",Pusat gempa berada di darat 11 km barat daya Kab. Dompu,
2025-07-07 01:17:13+00:00,-0.71,119.91,3.5,3.0,II-III Palu,Pusat gempa berada di darat 32 km tenggara Donggala,
2025-07-07 03:29:10+00:00,-0.73,119.91,3.2,2.0,II-III Palu,Pusat gempa berada di darat 35 km tenggara Donggala,
2025-07-07 10:08:18+00:00,-2.6,121.31,3.1,5.0,II-III Sorowako,Pusat gempa berada di darat 15 km Tenggara Luwu Timur,
2025-07-07 10:41:04+00:00,-0.11,130.63,4.8,8.0,III Raja Ampat,Pusat gempa berada di darat 41 km BaratLaut Raja Ampat,
2025-07-08 23:50:39+00:00,-6.52,104.73,5.4,24.0,"III Cibeber, III Bayah, III Pringsewu, II-III Malingping, II - III Banjarsari, II Semaka, II Pematang Sawah, II Kota Agung, II Bandar Lampung, II Sumberjo",Pusat gempa berada di laut 95 km barat laut Sumur,
2025-07-09 05:27:34+00:00,-0.2,122.87,4.7,144.0,II Kabupaten Gorontalo,Pusat gempa berada di laut 87 km barat daya Bonebolango,
2025-07-09 05:41:02+00:00,-3.42,128.68,3.1,10.0,III Amalatu,Pusat gempa berada di darat 1 km Barat laut Amalatu-SBB,
2025-07-09 17:08:12+00:00,-4.09,121.83,2.4,5.0,II - III Kolaka Timur,"Pusat gempa berada di darat 1 km tenggara Loea, Kolaka Timur",
2025-07-10 00:15:00+00:00,-3.43,128.67,3.2,6.0,II Amalatu,"Pusat gempa berada di darat 1 km barat Amalatu, Seram Bagian Barat",
2025-07-10 06:50:48+00:00,-3.85,128.46,4.6,10.0,"III Ambon, II Amalatu",Pusat gempa berada di laut 35 km tenggara Ambon,
2025-07-10 21:02:51+00:00,-8.38,110.64,4.0,68.0,"III Bantul, II Wonogiri, II Pacitan",Pusat gempa berada di laut 43 km Tenggara Gunungkidul,
2025-07-11 01:01:49+00:00,-4.03,122.47,2.2,4.0,II Kendari,"Pusat gempa berada di darat 1 km barat daya Baruga, Kota Kendari",
2025-07-11 12:45:13+00:00,3.15,97.26,5.2,11.0,"IV Aceh Selatan, III Aceh Tenggara, III Kab. Gayo Lues, III Aceh Barat Daya, III Nagan Raya, II-III Medan, II-III Karo, II-III Deli Serdang, III Subussalam, II-III Aceh Singkil",Pusat gempa berada di laut 15 km tenggara Kab. Aceh Selatan,
2025-07-11 23:18:34+00:00,-4.14,122.62,3.3,12.0,III Konawe Selatan,"Pusat gempa berada di darat 1 km barat laut Moramo, Konawe Selatan",
2025-07-12 03:25:56+00:00,-8.58,110.86,4.6,38.0,"III Pacitan, II Bantul, II Kota Yogyakarta, II Gunungkidul, II Sukoharjo, II Tulungagung, II Trenggalek",Pusat gempa berada di laut 52 km BaratDaya Pacitan,
2025-07-12 04:00:37+00:00,1.63,128.43,4.4,10.0,III Halmahera Utara,Pusat gempa berada di laut 35 km BaratLaut Halmahera Timur,
2025-07-12 21:49:02+00:00,-3.27,128.65,2.9,13.0,III Amalatu,"Pusat gempa berada di darat 14 km Barat Elpaputih, Seram Bagian Barat",
2025-07-13 18:42:10+00:00,-4.1,136.33,4.0,10.0,III Enarotali,Pusat gempa berada di darat 7 km Tenggara Deiyai,
2025-07-14 03:49:12+00:00,-3.43,128.63,2.6,10.0,II Amalatu,Pusat gempa berada di darat 5km Barat Amalatu-Seram Bagian Barat,
2025-07-14 05:39:09+00:00,1.31,126.53,5.1,11.0,II - III Ternate Utara,Pusat gempa berada di laut 107 km Barat Laut Jailolo,
2025-07-14 05:49:58+00:00,-6.23,131.31,6.9,108.0,"IV-V Saumlaki, III-IV Dobo, III Banda, III - IV Tual, III Bula, III Sorong, IV Fak-Fak, III Ransiki, III Nabire",Pusat gempa berada di laut 170 km Barat Daya Maluku Tenggara,
2025-07-14 11:38:46+00:00,-4.09,121.81,3.7,5.0,III Kolaka Timur,"Pusat gempa berada di darat 1 km Barat Laut Loea, Kolaka Timur",
2025-07-14 11:39:02+00:00,-6.41,107.18,2.6,5.0,II Cikarang,Pusat gempa berada di darat 5km Tenggara Kabupaten Bekasi,
2025-07-14 12:52:18+00:00,-2.0,120.71,5.3,10.0,"III-IV Poso, III-IV Morowali Utara, III-IV Luwu Timur, III Palopo, II Parigi, III Luwu Utara",Pusat gempa berada di darat 67km Barat daya Poso,
2025-07-14 22:18:26+00:00,-2.71,129.57,4.7,14.0,III Seram Utara,"Pusat gempa berada di laut 14 km timur laut Wahai, Maluku Tengah",
2025-07-15 01:19:37+00:00,-2.71,129.54,4.2,13.0,III Seram Utara,"Pusat gempa berada di laut 12 km timur laut Wahai, Maluku Tengah",
2025-07-15 08:35:55+00:00,-8.4,116.04,4.5,11.0,"III Mataram, III Lombok Barat, III Lombok Utara, II Lombok Tengah, II Lombok Timur, II Karangasem, II Klungkung, II Gianyar, II Kuta Selatan, II Denpasar",Pusat gempa berada di laut 14 km barat daya Lombok Utara,
2025-07-16 06:06:05+00:00,-2.4,120.81,3.5,5.0,"III Tomoni, III Mangkutana",Pusat gempa berada di darat 44 km BaratLaut Luwu Timur,
2025-07-17 05:02:36+00:00,0.26,110.36,3.2,2.0,II-III Sanggau,Pusat gempa berada di darat 22 km Barat laut Sanggau,
2025-07-17 09:04:27+00:00,-10.02,119.22,5.8,10.0,"III-IV Sumba Timur, II-III Tambolaka, III Kab. Bima, III Kota Bima, III Sumbawa Barat, III Sumbawa, II Lombok Tengah, II Lombok Timur, II Lombok Barat",Pusat gempa berada di laut 31 km Barat daya Wanokaka,
2025-07-17 13:34:51+00:00,-3.38,128.62,3.0,10.0,III Amalatu,Pusat gempa berada di darat 9 km Barat Laut Amalatu - Seram Bagian Barat,
2025-07-17 16:40:14+00:00,2.55,96.22,4.4,10.0,III Simeulue,Pusat gempa berada di darat 18 km Barat Laut Sinabang,
2025-07-17 19:02:10+00:00,-0.27,99.06,5.3,20.0,"II - III Pasaman Barat, II - III Pariaman, I - II Padang Panjang",Pusat gempa berada di laut 95 km barat daya Pasaman Barat,
2025-07-17 21:46:34+00:00,-4.17,121.77,2.7,5.0,II-III Kolaka,"Pusat gempa berada di darat 3 km Tenggara Baula, Kolaka",
2025-07-17 23:59:36+00:00,-1.98,117.48,4.6,26.0,"II-III Balikpapan, II-III Kotabaru, II-III Batulicin",Pusat gempa berada di laut 107 km Tenggara Balikpapan,
2025-07-18 05:56:25+00:00,-4.24,122.56,2.5,4.0,III Konawe Selatan,"Pusat gempa berada di darat 4 km barat daya Moramo, Konawe Selatan",
2025-07-18 12:19:06+00:00,-8.02,113.36,3.3,7.0,II Probolinggo,Pusat gempa berada di darat 19 km timur laut Lumajang,
2025-07-18 13:03:46+00:00,-7.86,113.01,2.6,3.0,II-III Probolinggo,Pusat gempa berada di darat 23 km baratdaya Probolinggo,
2025-07-18 13:47:33+00:00,-8.01,113.37,2.4,7.0,II - III Probolinggo,Pusat gempa berada di darat 19 km Barat Daya Kab. Probolinggo,
2025-07-18 19:33:29+00:00,-3.4,101.51,4.1,22.0,II-III Bengkulu Utara,Pusat gempa berada di laut 76 km barat laut Bengkulu Utara,
2025-07-19 00:07:34+00:00,-4.08,121.67,2.2,5.0,II-III Kolaka,Pusat gempa berada di 1 km barat daya Wundulako,
2025-07-19 06:53:43+00:00,-0.67,123.23,5.3,10.0,"II-III Kota Gorontalo, III Luwuk",Pusat gempa berada di darat 74 km Timur Laut Banggai Kepulauan,
2025-07-19 10:52:22+00:00,-4.1,121.64,2.0,5.0,II Kolaka,"Pusat gempa berada di darat 2 km TimurLaut Wundulako, Kolaka",
2025-07-19 11:25:55+00:00,-8.05,107.88,4.4,25.0,"II-III Cidolog, II Garut, III Ciwidey, III Bayongbong, III Cipatujah, III Cidaun, II Tasikmalaya, II Cianjur",Pusat gempa berada di laut 77 km barat daya Kab. Pangandaran,
2025-07-19 14:33:34+00:00,-4.18,122.57,2.8,5.0,III Konawe Selatan,Pusat gempa berada di darat 1 km barat daya Moramo Utara,
2025-07-20 04:47:34+00:00,-7.74,106.49,4.2,12.0,"III Surade, Kabupaten Sukabumi, III Ciracap, Kabupaten Sukabumi",Pusat gempa berada di laut 83 km barat daya Kabupaten Sukabumi,
2025-07-21 04:50:30+00:00,-0.12,123.28,4.9,131.0,II-III Gorontalo,"Pusat gempa berada di laut 74 Km Tenggara, Bonebolango, Gorontalo",
2025-07-21 06:41:21+00:00,-7.76,106.65,3.3,12.0,"II-III Ciracap, II Surade",Pusat gempa berada di laut 86 km tenggara Kabupaten Sukabumi,
2025-07-22 08:40:11+00:00,-7.76,118.92,4.9,21.0,"III Kota Bima, III Kab. Bima",Pusat gempa berada di laut 79 km timur laut Bima,
2025-07-22 09:11:40+00:00,-7.18,107.49,2.4,8.0,"2 Ciwidey, 2 Banjaran, 2 Cimaung",Pusat gempa berada di darat 18 km barat daya Kab. Bandung,
2025-07-23 07:29:14+00:00,-8.3,124.35,3.6,2.0,III Kalabahi,Pusat gempa berada di darat 22 km Barat Daya Alor,
2025-07-23 08:25:31+00:00,-2.92,130.31,5.2,10.0,"III - IV Bula, III - IV Seram Utara Timur Seti",Pusat gempa berada di laut 28 km barat laut Seram Bagian Timur,
2025-07-23 20:33:54+00:00,-6.84,107.11,1.9,8.0,II Cianjur,Pusat gempa berada di darat 3 km barat daya Cianjur,
2025-07-23 20:50:45+00:00,0.43,122.02,6.3,132.0,"III-IV Pohuwato, III Gorontalo, III Bulungan, II-III Manado, II-III Minahasa Utara, III-IV Toli-Toli, III Kab. Kutai Timur, III Kab. Berau, III Bolaang Mongondow Timur, III Tomohon, III Bolaang Mongondow, III Minahasa Selatan, III Kotamobagu, III Bolaang Mongondow Utara, III Minahasa Tenggara, III Boalemo, III Donggala, III Gorontalo Utara, III Bone Bolango, III-IV Parigi Moutong",Pusat gempa berada di darat 8 km tenggara Pohuwato,
2025-07-24 12:53:18+00:00,-1.6099999999999999,116.28,3.1,2.0,,Pusat gempa berada di darat 38 Km Timur Laut Paser,
2025-07-24 13:06:59+00:00,-2.03,120.7,6.0,10.0,"IV - V Poso, III-IV Bungku, IV - V Kolonodale, II - III Palu, IV - V Mangkutana, III - IV Mappadeceng, III - IV Tana Toraja, III - IV Palopo, III Belopa, III Mamuju, III Malunda, III Pasang Kayu",Pusat gempa berada di darat 70 Km Barat Daya Poso,
2025-07-24 23:07:27+00:00,-4.14,122.58,2.4,5.0,II-III Konawe Selatan,Pusat gempa berada di darat 1 Km Timur Laut Moramo Utara,
2025-07-25 00:38:38+00:00,-2.95,119.04,3.4,3.0,"III Maliaya, III Malunda",Pusat gempa berada di darat 17 Km Timur Laut Majene,
2025-07-25 03:20:11+00:00,-3.31,101.25,5.1,10.0,"III Mukomuko, II Bengkulu Utara",Pusat gempa berada di laut 82 km tenggara Mukomuko,
2025-07-25 04:56:23+00:00,-5.41,103.27,4.7,14.0,II Pesisir Barat,Pusat gempa berada di laut 69 km barat daya Kaur,
2025-07-25 21:30:00+00:00,2.04,126.87,6.0,58.0,"III Halmahera Barat, III Ternate, III Tidore, II Halmahera Utara, III Siau, II - III Manado, II - III Minahasa, II Bitung, II - III Talaud",Pusat gempa berada di laut 104 km BaratDaya PulauDoi,
2025-07-25 23:38:07+00:00,-3.39,135.52,2.8,32.0,II Nabire,"Pusat gempa berada di darat 3 Km Tenggara, Nabire",
2025-07-26 05:31:47+00:00,-0.39,131.6,6.0,10.0,"III-IV Kota Sorong, III - IV Kab. Sorong, III Raja Ampat, II Ransiki",Pusat gempa berada di laut 64 km timurlaut Kota Sorong,
2025-07-27 02:52:52+00:00,-2.1,120.69,2.9,3.0,II-III Poso,Pusat gempa berada di darat 75 km barat laut Luwu Timur,
2025-07-27 13:25:04+00:00,-2.04,120.65,3.2,4.0,III Poso,Pusat gempa berada di darat 5 km baratlaut Pendolo (Kab. Poso),
2025-07-28 18:41:55+00:00,6.7,93.24,6.3,15.0,"II-III Banda Aceh, II-III Aceh Besar",Pusat gempa berada di laut 247 km barat laut Kota Sabang,
2025-07-28 19:33:13+00:00,-0.19,110.36,2.3,10.0,II-III Sanggau,Pusat gempa berada di darat 40 km barat daya Sanggau,
2025-07-29 10:00:44+00:00,-5.86,112.31,4.5,10.0,II-III Bawean,Pusat gempa berada di laut 119 km Timur Laut Tuban,
2025-07-29 10:14:05+00:00,-3.41,128.65,3.0,10.0,III Amalatu,Pusat gempa berada di darat 4 km Barat Laut Amalatu - SBB,
2025-07-29 13:33:02+00:00,-8.12,124.84,3.0,8.0,III Alor,Pusat gempa berada di darat 37 km timur laut Alor,
2025-07-30 02:50:21+00:00,-4.5,122.72,4.2,5.0,"III-IV Muna , III Buton Utara, III Konawe Selatan",Pusat gempa berada di laut 3 km Timur Laut Towea-Muna,
2025-07-30 07:00:39+00:00,-4.49,122.7,2.7,6.0,II-III Muna,Pusat gempa berada di darat 4 km Barat Laut Towea-Muna,
2025-07-30 07:14:10+00:00,-8.54,111.69,4.0,116.0,II Karangkates,Pusat gempa berada di laut 50 km baratdaya Trenggalek,
2025-07-30 07:46:25+00:00,-1.22,99.76,4.3,23.0,II-III Padang,Pusat gempa berada di laut 73 km Barat Daya Padang,
2025-07-30 16:58:06+00:00,-2.43,120.8,3.6,5.0,"III-IV Mangkutana, II-III Malili",Pusat gempa berada di darat 44 km Barat Laut Luwu Timur,
2025-07-31 10:56:03+00:00,-7.11,110.07,3.5,10.0,"II-III Kendal, II-III Temanggung",Pusat gempa berada di darat 25 km barat daya Kendal,
2025-07-31 17:40:28+00:00,-8.3,122.09,3.6,10.0,I-II Waioti,Pusat gempa berada di laut 38 km barat laut Maumere,
2025-07-31 22:13:25+00:00,-0.17,123.14,5.2,114.0,"III Kab. Gorontalo, III Luwuk, II-III Tojo Una-una",Pusat gempa berada di laut 72 km timur laut Pulau Puah,
2025-08-01 04:11:15+00:00,-2.03,120.67,3.9,5.0,III Poso,Pusat gempa berada di darat 71 km BaratDaya Poso,
2025-08-01 13:16:10+00:00,-4.38,122.73,2.9,5.0,II-III Konawe Selatan,Pusat gempa berada di 3 km Barat Daya Kolono Timur,
2025-08-02 04:20:23+00:00,-2.03,120.66,3.8,5.0,III Pamona,"Pusat gempa berada di darat 6 Km Barat Laut Pendolo, Kab. Poso",
2025-08-03 05:34:34+00:00,-4.4,102.55,4.3,34.0,"II Kota Bengkulu, II Arga Makmur",Pusat gempa berada di laut 36 km barat daya Seluma,
2025-08-03 16:32:49+00:00,-4.49,129.9,3.5,7.0,II - III Banda,"Pusat gempa berada di laut, 131 km Selatan Tehoru",
2025-08-03 17:51:26+00:00,-2.07,120.69,3.2,10.0,II - III Poso,Pusat gempa berada di darat 75 km BaratDaya POSO,
2025-08-03 19:29:03+00:00,4.83,96.1,4.0,5.0,II Pidie,Pusat gempa berada di darat 26 Km Barat Daya Pidie Jaya,
2025-08-04 14:21:30+00:00,-4.27,122.53,2.9,4.0,III Konawe Selatan,"Pusat gempa berada di darat 2 km Timur Laut Laeya, Konawe Selatan",
2025-08-04 14:36:48+00:00,1.32,124.2,4.5,10.0,"III Kotamobagu, II - III Manado, II Minahasa Utara, II Bolaang Mongondow",Pusat gempa berada di laut 45 km Barat Laut Amurang - Minahasa Selatan,
2025-08-05 20:26:50+00:00,3.59,117.19,2.7,1.0,II Kota Tarakan,Pusat gempa berada di darat 13 km timurlaut Tanatidung,
2025-08-06 23:44:01+00:00,-2.01,120.65,3.7,10.0,II - III Poso,"Pusat gempa berada di darat 8 km barat laut Pendolo, Poso",
2025-08-07 03:47:05+00:00,4.18,126.78,4.7,10.0,III Kab. Talaud,Pusat gempa berada di darat 23 km timur laut Melonguane,
2025-08-07 12:00:47+00:00,-8.38,112.83,3.1,11.0,III Malang,Pusat gempa berada di darat laut 39 km tenggara kab. Malang,
2025-08-07 15:29:00+00:00,1.25,98.77,5.3,84.0,"IV Sibolga, IV Sarudik, IV Pandan, IV Doloksanggul, II-III Sidikalang, II-III Gunung Sitoli, II-III Nias Selatan, II-III Nias Utara, II Humbang Hasundutan",Pusat gempa berada di laut 50 km barat daya Tapanuli Tengah,
2025-08-08 12:22:13+00:00,1.82,127.04,5.4,84.0,"II-III Tagulandang, II-III Halmahera Barat , II Tondano",Pusat gempa berada di laut 80 km Barat Laut Halmahera Barat,
2025-08-09 00:21:24+00:00,-8.3,120.69,3.7,29.0,II-III Ruteng,Pusat gempa berada di laut 42 km TimurLaut RUTENG-MANGGARAI,
2025-08-10 00:39:05+00:00,-8.3,116.78,4.4,10.0,"II Sumbawa, II Sumbawa Barat",Pusat gempa berada di laut 21 km barat laut Pulau Panjang,
2025-08-10 03:27:07+00:00,-4.2,102.47,4.9,23.0,"II-III Seluma, II-III Bengkulu, II-III Kepahiang",Pusat gempa berada di laut 18 km barat daya Seluma,
2025-08-10 20:30:46+00:00,2.04,128.6,4.5,10.0,"III-IV Morotai, II-III Tobelo",Pusat gempa berada di laut 34 km Tenggara Daruba,
2025-08-11 02:11:42+00:00,-9.79,120.52,4.9,51.0,"III-IV Waingapu, III Ende",Pusat gempa berada di darat 32 km tenggara Waingapu,
2025-08-11 03:37:24+00:00,-4.82,122.82,3.4,10.0,III Muna,"Pusat gempa berada di laut 4 km baratlaut Wakorumba Selatan, Muna",
2025-08-11 04:00:51+00:00,-7.72,106.55,3.5,31.0,II-III Ciracap,Pusat gempa berada di laut 81 km selatan Kab. Sukabumi,
2025-08-11 08:03:55+00:00,-1.85,135.17,4.6,10.0,III Supiori,Pusat gempa berada di laut 105 km tenggara Pulau Numfor,
2025-08-11 23:24:32+00:00,-2.06,120.69,3.0,6.0,II-III Pendolo,Pusat gempa berada di darat 74 km barat daya Poso,
2025-08-12 02:14:12+00:00,0.28,123.37,5.3,240.0,III Luwuk,Pusat gempa berada di laut 38 km tenggara Bone Bolango,
2025-08-12 08:24:24+00:00,-1.9,138.99,6.4,13.0,"IV-V Sarmi, II-III Kota Jayapura, II-III Kab. Jayapura, II-III Wamena",Pusat gempa berada di laut 27 km tenggara Sarmi,
2025-08-12 09:26:52+00:00,-1.9500000000000002,139.08,4.4,12.0,II Sarmi,Pusat gempa berada di laut 37 km tenggara Sarmi,
2025-08-12 09:43:27+00:00,-1.92,139.13,5.1,19.0,III Kabupaten Sarmi,Pusat gempa berada di laut 42 km tenggara Sarmi,
2025-08-12 10:27:10+00:00,4.25,97.92,3.2,10.0,II-III Aceh Tamiang,Pusat gempa berada di darat 16 km Barat Daya Kab. Aceh Tamiang,
2025-08-13 01:26:53+00:00,-8.28,116.76,3.7,14.0,II Lombok Timur,Pusat gempa berada di laut 24 km Barat laut Pulau Panjang,
2025-08-13 01:32:27+00:00,-7.66,107.15,4.7,37.0,"III Tegalbuleud, II-III Pelabuhan Ratu, III Campaka, III Naringgul, III Pagelaran, II-III Pangalengan, III Garut, II-III Tasikmalaya, II-III Cianjur",Pusat gempa berada di laut 82 km Barat daya Kab. Bandung,
2025-08-13 16:45:57+00:00,1.03,125.54,5.7,46.0,"II - III Tomohon, III Manado, III Minahasa, III Bitung, III Bolaang Mongondow Timur, III Minahasa Tenggara, II - III Minahasa Selatan, II Bone Bolango",Pusat gempa berada di laut 65 Km tenggara Bitung,
2025-08-13 18:06:34+00:00,-2.06,120.66,3.7,5.0,II-III Pendolo,Pusat gempa berada di darat 74 Km barat daya Poso,
2025-08-13 18:44:28+00:00,-4.28,122.5,3.0,4.0,III Konawe Selatan,"Pusat gempa berada di darat 2 km Tenggara Laeya, Konawe Selatan",
2025-08-14 06:48:12+00:00,-1.96,139.07,5.0,10.0,II - III Sarmi,Pusat gempa berada di laut 37 km tenggara Sarmi,
2025-08-14 09:13:34+00:00,-6.8100000000000005,107.53,1.8,19.0,II - III Pasir Langu,Pusat gempa berada di darat 3 km timur laut Kab. Bandung,
2025-08-14 14:13:20+00:00,-1.72,138.93,2.2,10.0,II Sarmi,Pusat gempa berada di laut 26 km Timur laut Sarmi,
2025-08-14 17:35:12+00:00,-7.7,106.91,4.4,20.0,"III Tegalbuleud, II Pelabuhan Ratu, II Cianjur, III Cidolog, II-III Pabuaran, II - III Kadupandak, II - III Cisurupan, II Garut, II Cililin",Pusat gempa berada di laut 87 km Barat Daya Kota Sukabumi,
2025-08-14 23:30:32+00:00,-2.04,120.65,3.2,5.0,II-III Pendolo,"Pusat gempa berada di darat 5 km arah barat-laut Pendolo, Poso",
2025-08-15 00:53:22+00:00,-3.24,128.64,4.1,10.0,II-III Amalatu,"Pusat gempa berada di darat 15 km Barat Elpaputih, SBB",
2025-08-15 02:28:37+00:00,-2.05,120.67,4.9,5.0,"III-IV Pendolo, II-III Masamba, II-III Wotu, II-III Tomoni Timur",Pusat gempa berada di darat 73 km baratdaya Poso,
2025-08-15 02:39:22+00:00,1.08,125.57,4.5,46.0,III Bitung,Pusat gempa berada di laut 63 km Tenggara Bitung,
2025-08-15 03:32:00+00:00,1.07,125.56,4.5,47.0,"III Manado, III Bitung",Pusat gempa berada di laut 63 km tenggara Bitung,
2025-08-16 22:38:52+00:00,-1.3,120.62,6.0,10.0,"III - IV Luwu Timur , III - IV Mamuju, III - IV Masamba, III Tana Toraja",Pusat gempa berada di laut 18 km barat laut Poso,
2025-08-17 14:27:41+00:00,-1.29,120.62,4.3,5.0,II-III Poso,Pusat gempa berada di laut 18 km barat laut Poso,
2025-08-17 16:35:45+00:00,-1.29,120.6,3.9,5.0,III Poso,Pusat gempa berada di darat 20 km barat laut Poso,
2025-08-17 17:10:18+00:00,-1.06,99.7,4.5,56.0,"III - IV Padang, III Pariaman, II Padang Panjang",Pusat gempa berada di laut 67 Km barat daya Pariaman,
2025-08-18 00:33:13+00:00,-4.15,121.9,2.9,5.0,II - III Kolaka Timur,"Pusat gempa berada di darat 2 Km barat laut Ladongi, Kolaka Timur",
2025-08-18 06:28:00+00:00,-4.15,122.41,2.4,8.0,II-III Konawe Selatan,"Pusat gempa berada di darat 3 km BaratLaut Wolasi, Konawe Selatan",
2025-08-18 10:05:20+00:00,1.06,125.56,5.2,44.0,"III Manado, III Bitung",Pusat gempa berada di laut 64 km Tenggara Bitung,
2025-08-18 14:34:23+00:00,-1.37,120.62,3.4,5.0,II-III Poso,Pusat gempa berada di darat 15 km Barat Laut Poso,
2025-08-18 14:35:38+00:00,-1.34,120.6,3.6,5.0,II-III Poso,Pusat gempa berada di darat 18 km Barat Laut Poso,
2025-08-19 00:17:06+00:00,-3.41,128.64,3.1,10.0,II-III Amalatu,Pusat gempa berada di darat 4 km barat laut Amalatu,
2025-08-19 04:41:57+00:00,-6.82,107.49,2.3,10.0,II-III Bandung Barat,Pusat gempa berada di darat 9 km barat laut Kota Cimahi,
2025-08-19 07:03:09+00:00,-8.78,120.62,3.3,5.0,II-III Borong,Pusat gempa berada di darat 3 km selatan Borong,
2025-08-19 15:10:46+00:00,-0.8200000000000001,134.11,4.3,10.0,III-IV Manokwari,Pusat gempa berada di laut 11 km Timur Laut Manokwari,
2025-08-20 01:53:59+00:00,-2.05,120.66,4.1,5.0,II Pendolo,Pusat gempa berada di darat 4 km barat laut Pendolo Kab. Poso,
2025-08-20 05:28:42+00:00,-6.8100000000000005,107.51,1.7000000000000002,10.0,II Kab. Bandung Barat,Pusat gempa berada di darat 3 km baratlaut Kab. Bandung,
2025-08-20 07:42:05+00:00,-1.3,120.63,3.4,5.0,III Poso,Pusat gempa berada di laut 17 km baratlaut Poso,
2025-08-20 12:54:55+00:00,-6.48,107.24,4.9,10.0,"III Purwakarta, III-IV Bekasi, II-III Jakarta, III Depok, II Tangerang, II-III Tangerang Selatan, II Pelabuhan Ratu, III Cikarang, II-III Bekasi Timur, II Cianjur, II-III Bandung, II Pandeglang, II Lebak",Pusat gempa berada di darat 14 km Tenggara Kabupaten Bekasi,
2025-08-20 15:39:57+00:00,-6.49,107.24,3.9,3.0,"III Karawang, III Purwakarta, II-III Bekasi",Pusat gempa berada di darat 15 Km Tenggara Kab.Bekasi,
2025-08-21 02:01:12+00:00,-2.02,120.66,3.6,5.0,II-III Pendolo,Pusat gempa berada di darat 70 km baratdaya Poso,
2025-08-21 11:27:05+00:00,-6.49,107.26,3.1,9.0,II-III Karawang,Pusat gempa berada di darat 17 km tenggara Kab. Bekasi,
2025-08-21 13:52:46+00:00,-7.03,106.66,2.8,11.0,II-III Kab. Sukabumi,Pusat gempa berada di darat 13km tenggara Kab. Sukabumi,
2025-08-22 12:29:09+00:00,-2.9699999999999998,122.0,4.3,5.0,II-III Morowali,Pusat gempa berada di darat 32 km tenggara Morowali,
2025-08-23 12:24:53+00:00,2.03,96.52,5.8,12.0,"IV Simeulue, III Gunung Sitoli, III Aceh Selatan, III Nias Utara, III Subulussalam",Pusat gempa berada di laut 51 km Tenggara Sinabang,
2025-08-24 07:13:48+00:00,-7.13,107.81,2.4,5.0,"II Leles, II Kadungora",Pusat gempa berada di darat 13 km baratlaut Kab. Garut,
2025-08-24 07:31:14+00:00,-9.46,115.16,4.3,20.0,"II-III Kuta Selatan, II-III Kuta, II-III Kuta Utara",Pusat gempa berada di laut 74 km baratdaya Kuta Selatan,
2025-08-24 15:26:58+00:00,1.07,125.59,4.4,33.0,II Minahasa Utara,Pusat gempa berada di laut 66 km Tenggara Bitung,
2025-08-24 17:22:41+00:00,-1.8599999999999999,139.0,5.0,15.0,III-IV Sarmi,Pusat gempa berada di darat 27 km Tenggara Sarmi,
2025-08-24 20:27:52+00:00,-6.48,107.25,3.2,4.0,"II-III Karawang, II Cikarang",Pusat gempa berada di darat 15 km tenggara Kab. Bekasi,
2025-08-25 00:09:35+00:00,-3.59,135.62,3.7,25.0,II-III Nabire,Pusat gempa berada di darat 28 km Tenggara Nabire,
2025-08-25 00:53:55+00:00,-3.31,135.59,3.6,19.0,II-III Nabire,Pusat gempa berada di darat 11 km Timur Laut Nabire,
2025-08-25 09:48:45+00:00,-2.92,119.41,2.7,7.0,III Mamasa,Pusat gempa berada di darat 9 km Tenggara Mamasa,
2025-08-25 10:19:15+00:00,-3.25,135.64,3.2,6.0,II-III Nabire,Pusat gempa berada di darat 19 km timur laut Nabire,
2025-08-26 03:51:17+00:00,-4.8100000000000005,123.13,2.0,4.0,II Kulisusu,"Pusat gempa berada di laut 5 km barat daya Kulisusu, Buton Utara",
2025-08-26 22:26:54+00:00,-1.1400000000000001,136.35,4.2,14.0,III-IV Biak,Pusat gempa berada di laut 29 km timur laut Biak,
2025-08-27 17:06:44+00:00,-1.34,120.6,3.6,5.0,II-III Poso,Pusat gempa berada di darat 18 km Barat laut Poso,
2025-08-28 19:36:49+00:00,-9.51,116.32,4.2,23.0,"III Lombok Tengah , III Lombok Barat, III Lombok Timur , III Kota Mataram",Pusat gempa berada di laut 89 km tenggara Lombok Tengah,
2025-08-28 20:34:20+00:00,4.48,96.62,3.6,2.0,II-III Takengon,"Pusat gempa berada di darat 29 km Barat Daya Takengon, Aceh Tengah",
2025-08-29 04:45:09+00:00,-7.19,107.44,2.6,4.0,II Ciwidey,Pusat gempa berada di darat 21 km barat daya Kabupaten Bandung,
2025-08-29 10:16:10+00:00,-2.24,140.51,4.7,10.0,II-III Kota Jayapura,Pusat gempa berada di laut 40 km timur laut Kabupaten Jayapura,
2025-08-29 14:02:14+00:00,-8.65,108.79,4.9,10.0,II-III Pangandaran,Pusat gempa berada di laut 105 km Barat Daya Cilacap,
2025-08-30 13:35:34+00:00,-4.92,102.99,5.0,21.0,"III Kepahiang, III Kaur, II Enggano, II Bengkulu Utara, II Empat Lawang, II-III Pagar Alam, II Bengkulu Selatan, II Rejang Lebong",Pusat gempa berada di laut 42 km Baratdaya Kaur,
2025-08-30 14:49:42+00:00,-1.34,120.66,3.4,5.0,III Poso,Pusat gempa berada di laut 12 km baratlaut Poso,
2025-08-31 01:14:43+00:00,0.67,98.53,4.7,18.0,III Kab. Mandailing Natal,Pusat gempa berada di laut 80 km timurlaut Nias Selatan,
2025-08-31 04:18:45+00:00,-6.5,107.25,2.9,9.0,III Tegalwaru,Pusat gempa berada di darat 17 km Tenggara Kab. Bekasi,
2025-08-31 10:23:20+00:00,-3.2,135.41,3.9,29.0,II Nabire,Pusat gempa berada di darat 21 km Barat Laut Nabire,
2025-08-31 23:04:33+00:00,-8.15,107.62,4.4,28.0,"II Tasikmalaya, II Pamengpeuk",Pusat gempa berada di laut 103 km baratdaya Kab. Tasikmalaya,
2025-09-01 07:42:58+00:00,-4.13,121.94,2.6,5.0,III Kolaka Timur,Pusat gempa berada di darat 14 km Tenggara Kolaka Timur,
2025-09-01 23:31:39+00:00,-6.73,107.63,2.1,4.0,II Ciater,Pusat gempa berada di darat 17 km timurlaut KAB-BANDUNG,
2025-09-02 04:52:40+00:00,-6.7,107.65,2.2,9.0,II-III Ciater,Pusat gempa berada di darat 18 km baratdaya KAB-SUBANG,
2025-09-02 12:05:28+00:00,-3.32,129.12,4.3,6.0,III-IV Masohi,Pusat gempa berada di darat 22 km timur Masohi,
2025-09-02 12:36:04+00:00,-3.29,129.09,3.9,10.0,III Masohi,"Pusat gempa berada di darat 19 km timur Masohi, Maluku Tengah",
2025-09-02 13:01:06+00:00,-3.14,128.81,3.2,10.0,III Masohi,"Pusat gempa berada di darat 15 km utara Elpaputih, SBB",
2025-09-02 13:06:41+00:00,-3.33,129.16,3.1,10.0,III Masohi,"Pusat gempa berada di darat 26 km timur Masohi, Maluku Tengah",
2025-09-02 13:10:24+00:00,-3.29,129.14,4.6,10.0,III-IV Masohi,"Pusat gempa berada di darat 24 km timur Masohi, Maluku Tengah",
2025-09-02 13:17:16+00:00,-3.27,129.12,4.3,10.0,III-IV Masohi,"Pusat gempa berada di darat 23 km timur Masohi, Maluku Tengah",
2025-09-02 14:43:17+00:00,-1.6400000000000001,139.1,3.5,10.0,II Sarmi,Pusat gempa berada di laut 46 km Timur Laut Sarmi,
2025-09-02 22:22:42+00:00,-4.0,121.63,2.7,2.0,"III Kolaka, II Kolaka Timur",Pusat gempa berada di darat 2 km baratdaya Kolaka,
2025-09-02 23:53:12+00:00,-0.88,120.28,5.0,10.0,"IV Parigi, III-IV Palu, III Poso",Pusat gempa berada di laut 44 km timurlaut Palu,
2025-09-03 10:18:42+00:00,-1.79,139.12,4.9,10.0,III Sarmi,Pusat gempa berada di laut 42 km Timur Laut Sarmi,
2025-09-03 21:55:06+00:00,-1.75,139.13,4.4,10.0,II Sarmi,Pusat gempa berada dilaut 44 km timurlaut Sarmi,
2025-09-04 00:14:28+00:00,-2.77,130.12,4.9,8.0,II-III Kobisonta,"Pusat gempa berada di laut 36 km timurlaut Kobisonta, Maluku Tengah",
2025-09-04 00:23:15+00:00,-2.79,130.17,3.2,9.0,II-III Kobisonta,"Pusat gempa berada di laut 39 km timurlaut Kobisonta, Maluku Tengah",
2025-09-04 01:09:58+00:00,-0.85,120.29,4.7,5.0,"III-IV Toboli, III Palu",Pusat gempa berada di laut 13 km Timur Parigi,
2025-09-04 11:49:15+00:00,-3.41,128.66,2.9,10.0,II-III Amalatu,"Pusat gempa berada di darat 3 km Barat Laut Amalatu, Seram Bagian Barat",
2025-09-04 19:48:03+00:00,-1.81,137.38,4.7,20.0,"II-III Waropen, II Nabire",Pusat gempa berada di darat 91 km BaratLaut Kasonaweja,
2025-09-04 22:10:30+00:00,-4.3,122.49,2.9,5.0,II-III Konawe Selatan,Pusat gempa berada di darat 3 km TimurLaut Konawe Selatan,
2025-09-05 16:29:07+00:00,-9.69,113.73,4.6,10.0,"III Kuta Selatan, III Kuta",Pusat gempa berada di laut 166 km tenggara Jember,
2025-09-05 18:43:21+00:00,-3.3,129.09,3.8,10.0,III Masohi,"Pusat gempa berada di darat 35 km timur Elpaputih, Seram Bagian Barat",
2025-09-06 03:38:19+00:00,-3.8200000000000003,127.77,3.3,10.0,II Ambon,Pusat gempa berada di laut 48 km barat Ambon,
2025-09-07 00:50:59+00:00,-4.29,122.51,2.8,8.0,II-III Konawe Selatan,"Pusat gempa berada di darat 2 km baratdaya Laeya, Konawe Selatan",
2025-09-07 02:18:08+00:00,-3.94,122.51,3.5,5.0,"II-III Konawe, III Kendari","Pusat gempa berada di darat 1 km Barat daya Mandonga, Kota Kendari",
2025-09-07 02:24:35+00:00,-3.94,122.51,2.7,4.0,II-III Kendari,"Pusat gempa berada di darat 1 km BaratDaya Mandonga, Kota Kendari",
2025-09-07 11:35:53+00:00,-6.72,107.61,1.8,11.0,II Ciater,Pusat gempa berada di darat 18 km TimurLaut Kab. Bandung Barat,
2025-09-07 15:21:57+00:00,-4.32,122.53,3.3,2.0,"III Kendari, III Konawe Selatan","Pusat gempa berada di darat 1 km baratdaya Laeya, Konawe Selatan",
2025-09-08 03:50:15+00:00,-2.02,120.62,2.9,5.0,II-III Pendolo,Pusat gempa berada di darat 71 Km barat daya Poso,
2025-09-08 04:23:03+00:00,-0.98,134.32,4.4,14.0,II Manokwari,Pusat gempa berada di laut 33 km tenggara Manokwari,
2025-09-08 15:49:27+00:00,-0.31,99.44,4.3,53.0,"I-II Padang Panjang, II-III Pasaman Barat, II-III Pariaman, II-III Padang","Pusat gempa berada di laut 57 km Tenggara Air Bangis, Pasaman Barat",
2025-09-09 12:26:16+00:00,-6.79,111.93,2.4,15.0,II Tuban,Pusat gempa berada di darat 16 km barat laut Tuban,
2025-09-09 14:24:22+00:00,-9.07,110.42,3.1,24.0,II Bawean,Pusat gempa berada di laut 121 km barat daya Gunung Kidul,
2025-09-09 21:02:46+00:00,-4.69,121.99,3.3,5.0,III Bombana,"Pusat gempa berada di darat 1 km Barat Daya Rorowatu Utara, Bombana",
2025-09-09 21:19:58+00:00,-4.67,122.02,2.5,5.0,II-III Bombana,"Pusat gempa berada di darat 1 km Tenggara Rorowatu Utara, Bombana",
2025-09-10 13:26:09+00:00,-7.45,106.7,4.7,31.0,"III Bayah, III Pangalengan, III Pelabuhan Ratu, II-III Cilaku, II-III Cireunghas, II-III Sukabumi, II-III Cisolok, II-III Kota Bandung, II-III Bandung Barat, II-III Jampang Kulon, II-III Cicurug, II-III Curugkembar, II-III Kabupaten Bandung, II-III Cimahi, II Cidadap, II Depok",Pusat gempa berada di laut 53 km tenggara Kab. Sukabumi,
2025-09-10 15:06:03+00:00,-3.71,135.53,2.1,10.0,II Nabire,Pusat gempa berada di darat 39 km Tenggara Nabire,
2025-09-10 16:06:14+00:00,-3.55,135.59,3.8,21.0,III Nabire,Pusat gempa berada di darat 23 km Tenggara Nabire,
2025-09-11 03:15:00+00:00,-9.4,112.89,5.0,10.0,"III Kab. Malang, II Trenggalek, II Blitar, II-III Kota Malang, II Tulungagung",Pusat gempa berada di laut 144 tenggara Kab. Malang,
2025-09-11 10:44:09+00:00,-4.22,122.3,2.5,6.0,III Konawe Selatan,"Pusat gempa berada di darat 1 km tenggara Baito, Konawe Selatan",
2025-09-12 14:48:57+00:00,-4.28,122.27,2.5,6.0,III Konawe Selatan,"Pusat gempa berada di darat 1 km baratlaut Baito, Konawe Selatan",
2025-09-13 01:01:11+00:00,-6.36,104.6,4.4,23.0,II Ngaras Bengkunat,Pusat gempa berada di laut 98 km barat daya Tanggamus,
2025-09-14 01:13:43+00:00,2.44,95.59,4.9,2.0,III Simeulue,Pusat gempa berada di laut 86 km barat daya Sinabang,
2025-09-14 14:49:42+00:00,-2.84,100.93,5.2,18.0,"III Sungai Penuh, III Kerinci, III Padang, III Pesisir Selatan, III Solok, III Solok Selatan, IV Mukomuko, II Ipuh",Pusat gempa berada di laut 35 km Barat Daya Mukomuko,
2025-09-15 03:50:41+00:00,-7.05,106.66,3.1,7.0,"II-III Bantargadung, II-III Parungkuda",Pusat gempa berada di darat 13 km Tenggara Kab. Sukabumi,
2025-09-16 18:58:36+00:00,-3.52,135.49,4.3,21.0,III Nabire,Pusat gempa berada di darat 18 km barat daya Nabire,
2025-09-16 19:43:06+00:00,-0.59,135.65,4.3,10.0,III Supiori,Pusat gempa berada di laut 18 Km barat laut Supiori,
2025-09-17 13:11:57+00:00,-2.79,128.06,4.4,13.0,III Piru,Pusat gempa berada di laut 42 km Utara Huamual Belakang-Seram Bagian Barat,
2025-09-18 03:30:32+00:00,-0.66,128.04,4.6,9.0,III-IV Gane Barat Selatan,Pusat gempa berada di darat 60 km timur Labuha,
2025-09-18 07:07:10+00:00,-2.5300000000000002,121.12,3.2,5.0,III Malili,Pusat gempa berada di darat 8 km barat laut Luwu Timur,
2025-09-18 10:26:39+00:00,-4.02,122.29,2.9,5.0,"II Konawe, II Kendari","Pusat gempa berada di darat 2 km timur laut Sabulakoa, Konawe Selatan",
2025-09-18 14:59:34+00:00,-10.3,113.96,4.7,10.0,"II Kuta, II Denpasar",Pusat gempa berada di laut 218 Km barat daya Kuta Selatan,
2025-09-18 18:19:50+00:00,-3.47,135.49,6.6,24.0,"V Nabire, IV-V Wasior, III Timika, III-IV Enarotali, II-III Biak, II-III Supiori",Pusat gempa berada di darat 12 km Barat Daya Nabire,
2025-09-18 18:51:49+00:00,-3.39,135.52,4.0,23.0,II-III Nabire,Pusat gempa berada di darat 3 km Tenggara Nabire,
2025-09-18 22:53:45+00:00,-3.44,135.55,5.1,20.0,III Nabire,Pusat gempa berada di darat 23 km baratlaut Nabire,
2025-09-19 03:06:51+00:00,-3.38,135.56,3.9,23.0,II-III Nabire,Pusat gempa berada di darat 6 km tenggara Nabire,
2025-09-19 06:55:10+00:00,-3.56,122.31,3.5,5.0,III Konawe Utara,Pusat gempa berada di darat 5 km tenggara Konawe Utara,
2025-09-19 16:00:10+00:00,-3.5300000000000002,135.57,3.5,24.0,II Nabire,Pusat gempa berada di darat 20 km tenggara Nabire,
2025-09-20 01:01:13+00:00,-3.16,135.85,3.6,10.0,II Nabire,Pusat gempa berada di darat 44 km timur laut Nabire,
2025-09-20 06:54:15+00:00,-3.73,127.85,4.8,10.0,III-IV Ambon,Pusat gempa berada di laut 37 km barat Ambon,
2025-09-20 08:40:45+00:00,-3.3,135.67,3.4,12.0,II Nabire,Pusat gempa berada di darat 19 km timur laut Nabire,
2025-09-20 08:54:08+00:00,-3.45,135.65,3.4,42.0,II Nabire,Pusat gempa berada di darat 19 km tenggara Nabire,
2025-09-20 10:47:38+00:00,-3.44,135.56,3.2,24.0,II Nabire,Pusat gempa berada di darat 10 km tenggara Nabire,
2025-09-20 16:47:44+00:00,-6.75,106.58,4.0,7.0,"III Pamijahan, II Palabuhanratu, III-IV Kalapa nunggal, III-IV Kabandungan, III Leuwiliang, II-III Bogor, II parungkuda",Pusat gempa berada di darat 26 km timur laut Sukabumi,
2025-09-20 16:56:00+00:00,-6.72,106.6,3.0,6.0,"II-III Kalapanunggal, II-III Kabandungan, II Pamijahan, II Leuwiliang, II Bogor",Pusat gempa berada di darat 25 km barat daya Kota Bogor,
2025-09-20 17:17:40+00:00,-3.37,135.6,3.0,22.0,II Nabire,Pusat gempa berada di darat 10 km tenggara Nabire,
2025-09-20 17:22:08+00:00,-6.75,106.57,2.6,10.0,"II Kalapanunggal, II Kabandungan",Pusat gempa berada di darat 26 km timur laut Kab.Sukabumi,
2025-09-20 18:07:05+00:00,-3.67,134.87,3.7,10.0,II Nabire,Pusat gempa berada di darat 75 km barat daya Nabire,
2025-09-20 18:59:05+00:00,-6.75,106.58,3.8,8.0,"III Leuwiliang, III Kabandungan, II - III Cibadak, III Pamijahan, II Pelabuhan Ratu",Pusat gempa berada di darat 26 km timur laut Kabupaten Sukabumi,
2025-09-20 20:43:41+00:00,-3.42,135.57,3.5,27.0,II - III Nabire,Pusat gempa berada di darat 9 km tenggara Nabire,
2025-09-21 09:23:37+00:00,-6.73,106.58,3.8,8.0,II Kalapanunggal,Pusat gempa berada di darat 28 km timur laut Sukabumi,
2025-09-21 15:57:08+00:00,-3.25,135.54,3.1,17.0,II Nabire,Pusat gempa berada di darat 13 km timur laut Nabire,
2025-09-21 17:12:12+00:00,-3.37,135.6,3.5,25.0,II Nabire,Pusat gempa berada di darat 10 km tenggara Nabire,
2025-09-21 20:34:09+00:00,-3.49,135.51,3.2,24.0,II Nabire,Pusat gempa berada di darat 14 km tenggara Nabire,
2025-09-22 00:30:04+00:00,-3.39,135.55,3.5,27.0,II-III Nabire,Pusat gempa berada di darat 6 Km tenggara Nabire,
2025-09-22 05:41:59+00:00,-6.5,107.26,2.6,8.0,II-III Karawang,Pusat gempa berada di darat 17 km tenggara Kabupaten Bekasi,
2025-09-22 05:50:29+00:00,-3.48,135.57,3.5,34.0,II - III Nabire,Pusat gempa berada di darat 16 km Tenggara Nabire,
2025-09-22 09:50:18+00:00,-3.39,135.56,4.2,23.0,III Nabire,Pusat gempa berada di darat 7 km Tenggara Nabire,
2025-09-22 12:13:10+00:00,4.73,97.16,3.1,15.0,"II - III Kec. Pintu Rime Gayo, Kab. Bener Meriah",Pusat gempa berada di darat 33 km tenggara Bener Meriah,
2025-09-22 12:19:36+00:00,4.85,96.73,3.5,2.0,"II - III Kec. Pintu Rime Gayo, Kab. Bener Meriah",Pusat gempa berada di darat 19 km barat laut Kab. Bener Meriah,
2025-09-22 13:07:16+00:00,4.85,96.82,3.0,15.0,II Kab. Bener Meriah,Pusat gempa berada di darat 14 km barat laut Kab. Bener Meriah,
2025-09-22 16:35:09+00:00,4.85,96.82,3.2,2.0,II-III Kab. Bener Meriah,Pusat gempa berada di darat 14 km barat laut Kab. Bener Meriah,
2025-09-22 23:43:37+00:00,-3.45,135.56,4.1,27.0,III Nabire,Pusat gempa berada di darat 11 km tenggara Nabire,
2025-09-23 19:54:43+00:00,-9.5,119.62,5.1,34.0,"III-IV Waikabubak, III-IV Waibakul, III Waingapu, III Tambolaka, II Kota Bima, II Sumbawa",Pusat gempa berada di darat 13 km timur laut Waibakul,
2025-09-24 15:29:30+00:00,4.15,97.5,4.4,2.0,"III Pining-Gayo Lues, II - III Aceh Tengah, II Bener Meriah",Pusat gempa berada di darat 24 km timur laut Kabupaten Gayo Lues,
2025-09-24 16:40:40+00:00,-3.58,135.57,2.2,28.0,II Nabire,Pusat gempa berada di darat 26 km Tenggara Nabire,
2025-09-25 09:04:12+00:00,-7.82,114.47,5.7,12.0,"IV Banyuwangi, IV Penebel, III Lumajang, III Kuta, III Denpasar, III Buleleng, II-III Jember, II-III Bondowoso, II Situbondo, II Pasuruan, II Surabaya, II Kuta Selatan, II Pamekasan, II Mataram, II Lombok Barat, II Probolinggo",Pusat gempa berada di laut 46 km timur laut Banyuwangi,
2025-09-25 10:06:46+00:00,0.91,117.12,2.9,5.0,II-III Kutai Timur,Pusat gempa berada di darat 15 km tenggara Kutai Timur,
2025-09-26 04:51:42+00:00,1.9500000000000002,99.07,3.6,5.0,II-III Tarutung,Pusat gempa berada di darat 13 km Tenggara Tapanuli Utara,
2025-09-26 10:55:42+00:00,-6.76,106.58,2.5,7.0,II-III Kab. Sukabumi,Pusat gempa berada di darat 25 km Timur Laut Kab. Sukabumi,
2025-09-26 11:24:05+00:00,-6.76,106.6,2.9,8.0,"III Kabandungan, II-III Pamijahan, II-III Kalapanunggal",Pusat gempa berada di darat 25 km TimurLaut Kab. Sukabumi,
2025-09-26 13:22:19+00:00,1.4,117.73,3.4,6.0,II-III Karangan,Pusat gempa berada di darat 83 km tenggara Berau,
2025-09-26 14:55:03+00:00,-5.47,104.51,4.5,5.0,"III-IV Semaka, III Kota Agung, II-III Limau",Pusat gempa berada di darat 19 km barat laut Tanggamus,
2025-09-26 15:08:55+00:00,-6.75,106.57,3.0,9.0,"II-III Kabandungan, II Pamijahan, II Bogor",Pusat gempa berada di darat 26 km timur laut Kab. Sukabumi,
2025-09-27 00:09:10+00:00,-3.33,135.47,4.1,13.0,III Nabire,Pusat gempa berada di darat 5 Km BaratLaut Nabire,
2025-09-27 09:08:55+00:00,-2.73,129.51,5.1,12.0,II Amahai,Pusat gempa berada di laut 88 km Timur Laut Maluku Tengah,
2025-09-28 02:54:26+00:00,-2.3,119.07,3.5,5.0,III Mamuju,Pusat gempa berada di laut 51 km barat daya Mamuju Tengah,
2025-09-28 14:06:20+00:00,-6.7,106.64,2.8,17.0,"II-III Leuwiliang, II Pamijahan",Pusat gempa berada di darat 20 km BaratDaya Kota Bogor,
2025-09-29 05:03:28+00:00,-8.16,124.6,3.1,15.0,II-III Alor,Pusat gempa berada di darat 15 km timur laut Alor,
2025-09-29 15:24:06+00:00,-3.25,135.31,2.7,35.0,II Nabire,Pusat gempa berada di laut 25 km Baratlaut Nabire,
2025-09-29 22:30:15+00:00,-8.2,107.41,4.9,12.0,"II Kota Sukabumi, II-III Kota Garut, II Kertasari, Kab. Bandung, II Kab. Bandung Barat","Pusat gempa berada di laut, 121 km BaratDaya KAB-GARUT",
2025-09-30 01:41:30+00:00,-8.22,107.38,3.5,13.0,II Kabupaten Pangandaran,Pusat gempa berada di laut 125 km baratdaya Kabupaten Garut,
2025-09-30 16:49:43+00:00,-7.25,114.22,6.5,11.0,"III - IV Pamekasan, III Tuban, II-III Tabanan, III - IV Situbondo, II-III Probolinggo, II Lombok Tengah, II Lombok Utara, V - VI Pulau Sapudi, IV Sumenep, II Blitar, III Denpasar, II-III Buleleng, II-III Lumajang, II Bondowoso, III - IV Sampang, III - IV Surabaya, III Gianyar, II-III Kuta, II-III Banyuwangi, II-III Bangkalan, II Mataram, II Malang, II Poncokusumo, II Banjarmasin, II-III Jember, II-III Sidoarjo, II-III Mojokerto",Pusat gempa berada di laut 50 km Tenggara Sumenep - Jawa Timur,
2025-10-01 13:49:51+00:00,-7.61,128.37,6.1,163.0,III Tiakur,Pusat gempa berada di laut 77 km Timur Laut Tiakur,
2025-10-02 05:59:17+00:00,-8.23,124.61,2.3,24.0,II-III Alor,"Pusat gempa berada di darat, 9 km TimurLaut Alor",
2025-10-02 22:45:08+00:00,-2.83,136.32,5.7,43.0,"IV-V Nabire, III Enarotali",Pusat gempa berada di darat 66 km BaratDaya Waropen,
2025-10-03 03:55:54+00:00,1.46,122.99,4.6,10.0,"II-III Kabupaten Bone Bolango, II Kabupaten Gorontalo Utara, II Kabupaten Gorontalo, II Kota Gorontalo",Pusat gempa berada di laut 68 km barat laut Boroko-Bolmut,
2025-10-03 06:02:39+00:00,-2.88,136.32,5.4,10.0,"III Nabire, II - III Enarotali, II - III Dogiyai",Pusat gempa berada dI darat 39 km Baratdaya Waropen,
2025-10-03 06:18:30+00:00,-2.83,136.29,4.8,16.0,II Enarotali,Pusat gempa berada di darat 67 km baratdaya Waropen,
2025-10-03 11:03:18+00:00,-3.08,101.23,4.9,25.0,"III Muko-Muko, II-III Pesisir Selatan",Pusat gempa berada di laut 57 km tenggara Muko-Muko,
2025-10-03 15:26:00+00:00,1.33,117.03,3.1,2.0,II-III Kelay Kab. Berau,Pusat gempa berada di darat 43 km timur laut Kutai Timur,
2025-10-04 12:35:58+00:00,-7.25,114.13,3.6,11.0,II Sapundi,Pusat gempa berada di laut 43 km Tenggara Sumenep,
2025-10-05 20:29:44+00:00,-4.08,121.86,2.2,7.0,II Lalolae,"Pusat gempa berada di darat 2 km tenggara Loea, Kolaka Timur",
2025-10-07 20:59:53+00:00,-3.64,128.21,2.7,10.0,II Ambon,Pusat gempa berada di laut 7 km timur laut Ambon,
2025-10-08 02:07:50+00:00,-7.22,114.18,4.1,18.0,III Sapudi,Pusat gempa berada di laut 44 km Tenggara SUMENEP,
2025-10-08 08:09:05+00:00,-4.27,102.24,4.7,28.0,"II-III Kota Bengkulu, II-III Seluma",Pusat gempa berada di laut 43 km barat daya Seluma,
2025-10-08 09:19:42+00:00,-2.06,120.68,4.6,5.0,III - IV Pendolo (Kab. Poso),Pusat gempa berada di darat 21 km tenggara Taipa (Kab. Poso),
2025-10-08 10:09:31+00:00,-2.06,120.68,4.6,5.0,III - IV Pendolo (kab. Poso),Pusat gempa berada di darat 21 km Tenggara Taipa Kabupaten Poso,
2025-10-08 23:58:06+00:00,-2.31,140.55,3.4,9.0,"II-III Jayapura, II-III Sentani",Pusat gempa berada di laut 32 km barat laut Kota Jayapura,
2025-10-10 06:35:10+00:00,5.14,94.87,4.5,43.0,"II - III Aceh Besar, II - III Banda Aceh, II Aceh Jaya",Pusat gempa berada di laut 82 km barat daya Aceh Besar,
2025-10-10 10:02:50+00:00,-7.09,129.68,5.7,226.0,II Saumlaki,Pusat gempa berada di laut 205 km Barat Laut Tanimbar,
2025-10-10 11:12:12+00:00,6.93,126.66,6.9,56.0,III Naha,Pusat gempa berada di Mindanao,
2025-10-10 12:08:35+00:00,-3.38,135.55,3.0,25.0,II Nabire,Pusat gempa berada di darat 5 km Tenggara Nabire,
2025-10-11 08:15:18+00:00,-6.69,107.79,2.4,4.0,II-III Ciater,Pusat gempa berada di darat 13 km tenggara Kabupaten Subang,
2025-10-12 03:00:34+00:00,-2.5,139.38,5.3,20.0,II Genyem,Pusat gempa berada di darat 100 km Tenggara Sarmi,
2025-10-12 05:58:00+00:00,-5.74,112.54,4.3,10.0,II-III Bawean,Pusat gempa berada di laut 140 km timurlaut Tuban,
2025-10-12 14:41:06+00:00,-4.75,122.64,4.4,10.0,"III - IV Muna, III - IV Muna Barat",Pusat gempa berada di darat 22 km TimurLaut Muna Barat,
2025-10-12 22:08:58+00:00,-4.77,122.59,4.6,5.0,"III - IV Muna Barat, III - IV Muna",Pusat gempa berada di darat 16 km timurlaut Muna Barat,
2025-10-13 07:10:31+00:00,-7.28,114.14,5.0,14.0,"II - III Pasuruan, II - III Pamekasan, III - IV Sapudi, II Kota Malang, III Kab. Sumenep",Pusat gempa berada di laut 47 km Tenggara Sumenep,
2025-10-13 15:09:54+00:00,-2.64,101.8,4.0,10.0,II-III Bangko,Pusat gempa berada di darat 55 km BaratDaya Merangin,
2025-10-13 15:57:08+00:00,0.13,100.04,3.2,4.0,II Lubuk Sikaping,Pusat gempa berada di darat 12 km Tenggara Talu-Pasaman Barat,
2025-10-14 17:03:02+00:00,-3.5300000000000002,135.49,2.9,10.0,II Nabire,Pusat gempa berada di darat 19 km BaratDaya Nabire,
2025-10-16 02:52:07+00:00,-3.45,135.3,3.8,10.0,II-III Nabire,Pusat gempa berada di darat 25 km barat daya Nabire,
2025-10-16 05:48:53+00:00,-1.94,139.03,6.6,18.0,"V Sarmi, III Jayapura, II Wamena, II Timika, II Nabire",Pusat gempa berada di darat 32 km Tenggara Sarmi,
2025-10-16 14:31:06+00:00,-1.9100000000000001,138.91,4.8,20.0,II-III Sarmi,Pusat gempa berada di laut 18 km Tenggara Sarmi,
2025-10-16 16:01:43+00:00,-2.07,139.18,5.0,10.0,II-III Sarmi,Pusat gempa berada di darat 53 km Tenggara Sarmi,
2025-10-16 17:02:58+00:00,-1.9100000000000001,139.21,5.2,14.0,III Sarmi,Pusat gempa berada di laut 51 km Tenggara Sarmi,
2025-10-16 18:25:06+00:00,-1.8900000000000001,139.07,4.1,12.0,II Sarmi,Pusat gempa berada di darat 36 km Tenggara Sarmi,
2025-10-17 02:30:14+00:00,-1.6,139.03,3.0,10.0,II Sarmi,Pusat gempa berada di laut 43 km timur laut Sarmi,
2025-10-17 03:06:20+00:00,-3.36,135.56,3.9,25.0,II Nabire,Pusat gempa berada di darat 6 km timur laut Nabire,
2025-10-17 04:13:04+00:00,-2.21,139.05,4.9,19.0,IV Sarmi,Pusat gempa berada di darat 51 km Tenggara Sarmi,
2025-10-17 09:32:18+00:00,-3.86,118.7,4.2,10.0,III Polewali Mandar,Pusat gempa berada di laut 75 km Barat Daya Polewali Mandar,
2025-10-18 15:57:02+00:00,-8.11,114.78,3.8,197.0,II Kuta,Pusat gempa berada di laut 33 km Jembrana,
2025-10-19 02:52:35+00:00,-1.73,139.04,5.1,40.0,II Sarmi,Pusat gempa berada di laut 35 km timur laut Sarmi,
2025-10-19 06:53:21+00:00,-8.26,109.2,4.5,30.0,"II-III Cilacap, II-III Kroya, II Baturaden , II Purworejo, II Bantul, II Kebumen",Pusat gempa berada di laut 63 km tenggara Cilacap,
2025-10-19 08:58:00+00:00,-2.45,121.22,3.7,5.0,II Malili,Pusat gempa berada di darat 5.8 km tenggara Nuha,
2025-10-19 10:00:19+00:00,-7.76,123.38,4.7,12.0,II-III Ile Ape,Pusat gempa berada di laut 76 km timur laut Larantuka,
2025-10-19 10:05:26+00:00,-1.9300000000000002,138.88,4.5,12.0,II Sarmi,Pusat gempa berada di laut 15 km tenggara Sarmi,
2025-10-19 15:37:20+00:00,1.38,125.85,4.9,21.0,"II-III Bitung, II-III MInahasa Utara, II-III Minahasa, II-III Tomohon, II Manado",Pusat gempa berada di laut 81 km Tenggara Bitung,
2025-10-20 05:56:03+00:00,-9.27,119.86,4.9,17.0,"III Waingapu, III Kab. Bima, III Kota Bima","Pusat gempa berada di laut 47 km barat laut Lewa, Sumba Timur",
2025-10-20 16:15:21+00:00,-1.76,138.96,4.5,16.0,III-IV Sarmi,Pusat gempa berada di laut 26 km timur laut Sarmi,
2025-10-21 00:31:30+00:00,-8.29,120.34,3.1,14.0,I-II Manggarai Timur,Pusat gempa berada di darat 38 km barat laut Ruteng Manggarai,
2025-10-21 07:10:35+00:00,-9.43,120.11,4.1,42.0,II Waingapu,Pusat gempa berada di laut 30 km Barat Daya Waingapu,
2025-10-22 09:07:13+00:00,-4.05,126.26,4.8,12.0,II Leksula,"Pusat gempa berada di laut 59 km Barat Daya Namrole, Buru Selatan",
2025-10-22 13:25:08+00:00,-0.79,127.53,4.0,11.0,II-III Labuha,Pusat gempa berada di darat 17 km tenggara Labuha,
2025-10-22 15:07:57+00:00,5.38,94.76,4.5,38.0,"II Banda Aceh, II Aceh Besar",Pusat gempa berada di laut 84 km Barat Daya Kota Sabang,
2025-10-22 23:24:16+00:00,-3.38,128.63,3.4,11.0,II-III Amalatu,Pusat gempa berada di darat 7 km barat laut Amalatu,
2025-10-23 10:37:26+00:00,-4.61,102.77,4.7,33.0,"II-III Manna, II-III Kedurang",Pusat gempa berada di laut 23 km barat daya Bengkulu Selatan,
2025-10-23 11:46:12+00:00,-6.17,131.08,6.1,117.0,"II Sorong, III Kaimana, II Saumlaki, III Fak-Fak, II Larat",Pusat gempa berada di laut 192 km BaratDaya Maluku Tenggara,
2025-10-23 20:12:11+00:00,-4.0,121.96,3.0,5.0,III Kolaka Timur,Pusat gempa berada di darat 4 km timur laut Kolaka Timur,
2025-10-24 01:52:03+00:00,-4.31,122.39,3.3,10.0,"III Andoolo, III Palangga",Pusat gempa berada di darat 9 km Barat Daya Konawe Selatan,
2025-10-24 04:46:36+00:00,-9.03,123.73,5.3,108.0,"II Maumere, II Ende",Pusat gempa berada di laut 67 km Tenggara Lembata,
2025-10-25 03:59:17+00:00,-2.08,120.67,4.5,5.0,"II Masamba, II-III Pamona",Pusat gempa berada di darat 76 km barat daya Poso,
2025-10-25 04:56:27+00:00,4.42,96.5,5.0,10.0,"III Nagan Raya, II-III Bener Meriah, II-III Aceh Tengah, III Aceh Selatan, III Aceh Utara",Pusat gempa berada di darat 29 km timur laut Kab. Nagan Raya,
2025-10-26 17:04:28+00:00,-9.06,123.97,6.3,75.0,"III-IV Maumere, III-IV Ende, III-IV Kefamenanu, III-IV Kupang, III-IV Waingapu, III-IV Lembata, III-IV Alor, III-IV Larantuka, III-IV Niki Niki",Pusat gempa berada di laut 82 km barat laut Timor Tengah Utara,
2025-10-27 15:56:58+00:00,4.21,97.5,4.3,6.0,"III Gayo Lues , II-III Aceh Selatan, II-III Bener Meriah, II Aceh Tengah, II Aceh Tamiang",Pusat gempa berada di darat 29 km timur laut Kabupaten Gayo Lues,
2025-10-27 23:35:15+00:00,4.89,96.06,5.3,10.0,"III Pidie, II - III Banda Aceh, III Pidie Jaya , II-III Aceh Besar, II Bireun, II Aceh Jaya",Pusat gempa berada di darat 26 km Barat Daya Kab. Pidie Jaya,
2025-10-28 01:31:20+00:00,1.43,121.77,5.5,10.0,"III-IV Kab. Buol, II-III Kab. Pohuwato, II-III Tolitoli, II Kab. Gorontalo Utara",Pusat gempa berada di laut 68 km TimurLaut Buol,
2025-10-28 09:23:53+00:00,2.38,96.96,4.1,11.0,II-III Sinabang,Pusat gempa berada di laut 66 km Tenggara Sinabang,
2025-10-28 14:40:18+00:00,-6.8100000000000005,130.01,6.8,185.0,"III Teluk Bintuni, III Sorong Selatan, III Raja Ampat, III Maybrat, III Kaimana, III Sorong, III Tepa, III Tual, IV Saumlaki, III Manokwari, II-III Fak-fak, II-III Dobo, II Nabire, II-III Dogiyai, II-III Deiyai, II Enarotali",Pusat gempa berada di Laut 183 km BaratLaut Tanimbar,
2025-10-30 03:38:59+00:00,-3.14,128.25,3.3,5.0,III-IV Piru,Pusat gempa berada di 10 km barat laut Kairatu Barat,
2025-10-30 08:04:02+00:00,-2.68,139.44,5.3,52.0,"II Genyem, II-III Sentani",Pusat gempa berada di darat 107 km barat daya Jayapura,
2025-10-30 12:08:04+00:00,-6.69,105.2,4.0,21.0,II Sumur,Pusat gempa berada di laut 41 km barat daya Sumur,
2025-10-31 08:51:22+00:00,-7.11,109.92,3.4,10.0,"II Dieng, II Batang",Pusat gempa berada di darat 28 km timur laut Wonosobo,
2025-10-31 09:54:07+00:00,2.7,117.7,4.0,5.0,II-III Tanjung Selor,Pusat gempa berada di darat 73 km tenggara Tarakan,
2025-11-01 05:26:34+00:00,-3.44,102.44,3.7,6.0,III Rejang Lebong,Pusat gempa berada di darat 10 km Barat Laut Rejang Lebong,
2025-11-01 17:04:19+00:00,-7.16,107.63,3.0,4.0,"III Kertasari, III Pangalengan",Pusat gempa berada di darat 19 km tenggara Bandung,
2025-11-01 21:00:08+00:00,3.94,95.93,4.9,28.0,"III-IV Meulaboh, III Aceh Barat Daya, III Calang, II-III Tapak Tuan, II Aceh Selatan, II Sigli","Pusat gempa berada di laut 31 km barat daya Meulaboh, Aceh Barat",
2025-11-02 06:47:31+00:00,-4.02,121.83,2.9,17.0,II-III Kolaka Timur,Pusat gempa berada di darat 10 km barat daya Kolaka Timur,
2025-11-04 09:23:11+00:00,-0.54,119.72,4.6,23.0,III Palu,Pusat gempa berada di laut 18 km BaratDaya Donggala,
2025-11-04 10:04:36+00:00,-7.19,107.6,3.6,10.0,"III Kec. Pangalengan, II Ciparay, II Kertasari, II Banjaran, II Soreang, II Pangauban, II Pameungpeuk",Pusat gempa berada di darat 20 km Tenggara Kab. Bandung,
2025-11-04 15:58:26+00:00,1.88,127.06,5.1,20.0,III Ibu,Pusat gempa berada di laut 83 km BaratLaut Halmahera Barat,
2025-11-04 23:32:24+00:00,-0.11,123.13,6.2,103.0,"III-IV Bone Bolango, III-IV Luwuk, III Kab. Gorontalo Utara, III Kab. Boalemo, III Ampana, III Taliabu, III Bolaang Mongodow Utara, III Bolaang Mongodow, III Banggai Kepulauan, III Banggai Laut, III Kota Gorontalo, II-III Kab. Pohuwato, II-III Tondano, II Sorowako",Pusat gempa berada di laut 71 km barat daya Bone Bolango,
2025-11-05 10:37:11+00:00,3.33,117.82,4.8,10.0,"IV-V Tarakan, III-IV Tanjung Selor, III-IV Berau, III-IV Nunukan, III Malinau, IV Pulau Bunyu",Pusat gempa berada di laut 24 km tenggara Tarakan,
2025-11-05 15:21:05+00:00,3.29,117.75,2.7,3.0,II-III Kota Tarakan,Pusat gempa berada di laut 18 km Tenggara Tarakan,
2025-11-05 16:32:45+00:00,-3.96,122.7,2.7,4.0,II-III Soropia,Pusat gempa berada di laut 37 km barat Konawe Kepulauan,
2025-11-05 16:56:09+00:00,-4.29,122.51,2.3,3.0,II-III Laeya,Pusat gempa berada di darat 36 km timur Konawe Selatan,
2025-11-06 22:28:29+00:00,3.3,117.73,2.8,5.0,II-III Tarakan,Pusat gempa berada di laut 15 km Tenggara Tarakan,
2025-11-07 08:02:26+00:00,-3.36,135.63,3.6,17.0,III Nabire,Pusat gempa berada di darat 13 km Timur Laut Nabire,
2025-11-08 08:56:36+00:00,3.31,117.67,4.4,10.0,"IV-V Tarakan, III-IV Tanjung Selor, III-IV Tana Tidung, III Nunukan, II-III Tanjung Redep",Pusat gempa berada di laut 9 km tenggara Tarakan,
2025-11-09 03:01:33+00:00,-6.84,108.22,3.1,14.0,III Majalengka,Pusat gempa berada di darat 0 km baratdaya Kab. Majalengka,
2025-11-11 21:23:32+00:00,-5.3,133.93,5.5,10.0,III Dobo,Pusat gempa berada di laut 60 km barat laut Kep. Aru,
2025-11-13 20:07:21+00:00,4.68,95.46,4.9,27.0,"IV Aceh Besar, III Banda Aceh, III Pidie Jaya, II-III Pidie, II Bener Meriah",Pusat gempa berada di laut 14 km Barat Calang- Aceh Jaya,
2025-11-14 13:05:55+00:00,-3.98,136.18,3.7,10.0,"III-IV Waghete, II Enarotali",Pusat gempa berada di darat 14 km barat laut Deiyai,
2025-11-15 02:24:10+00:00,-4.01,136.16,3.7,10.0,II-III Enarotali,Pusat gempa berada di darat 14 km tenggara Dogiyai,
2025-11-15 05:33:29+00:00,4.12,126.79,5.4,10.0,III Kepulauan Talaud,Pusat gempa berada didarat 26 Km Timur Laut Melonguane,
2025-11-15 13:33:35+00:00,-9.36,115.61,4.1,36.0,"III Lombok Barat, III Lombok Tengah, III Kota Mataram, II Denpasar",Pusat gempa berada di laut 75 km tenggara Kuta Selatan,
2025-11-17 12:12:37+00:00,-0.04,124.15,6.2,105.0,"III-IV Bone Bolango, III Kab. Gorontalo, III Kotamobagu, III Bolaang Mongondow, II-III Ampana, II-III Kota Ternate",Pusat gempa berada di laut 49 km tenggara Bolaanguki,
2025-11-17 16:40:55+00:00,-7.2,107.44,2.7,5.0,"II-III Rancabolang, II-III Rancabali, II-III Ciwidey, II Pangalengan",Pusat gempa berada di darat 22 km barat daya Kabupaten Bandung,
2025-11-18 17:13:20+00:00,-3.8200000000000003,122.31,3.1,4.0,III Wawolesea,Pusat gempa berada di darat 29 km timur Konawe,
2025-11-19 03:10:41+00:00,-7.19,107.63,2.9,5.0,"II-III Kertasari, II-III Banjaran",Pusat gempa berada di darat 21 km tenggara Kabupaten Bandung,
2025-11-19 15:54:21+00:00,-7.22,107.58,3.1,5.0,"II-III Kertasari, II-III Cimaung, II-III Pangalengan, II-III Pameungpeuk",Pusat gempa berada di darat 22 km Tenggara Kabupaten Bandung,
2025-11-19 16:50:36+00:00,-7.23,107.59,2.2,5.0,II Pangalengan,Pusat gempa berada di darat 24 km Tenggara Kab. Bandung,
2025-11-19 17:26:56+00:00,-7.22,107.61,3.2,10.0,"III-IV Pangalengan, II-III Banjaran, II-III Ibun, II-III Kertasari, II-III Pasirjambu, II-III Baleendah, II-III Margaasih",Pusat gempa berada di darat 23 km Tenggara Kab. Bandung,
2025-11-20 00:15:35+00:00,0.56,120.44,4.8,10.0,III Tolitoli,Pusat gempa berada di darat 40 km barat daya Parigimoutong,
2025-11-20 02:49:13+00:00,0.45,120.47,4.5,5.0,II-III Tolitoli,Pusat gempa berada di laut 39 km barat daya Parigi Moutong,
2025-11-20 04:19:55+00:00,1.5899999999999999,127.15,5.4,118.0,"II Ternate, III Naha, III Halmahera Barat, III Bitung",Pusat gempa berada di laut 55 km BaratLaut Halmahera Barat,
2025-11-20 06:59:44+00:00,-3.66,128.33,6.0,119.0,"III-IV Amahai, III Ambon, III Sorong, II Fak - Fak",Pusat gempa berada di laut 15 km tenggara Ambon,
2025-11-21 02:26:00+00:00,-6.8100000000000005,107.65,2.2,8.0,"II-III Lembang, II-III Cihideung, II-III Parongpong, Kab. Bandung Barat, II-III Dago, Kota Bandung",Pusat gempa berada di darat 12 km timur laut Kota Cimahi,
2025-11-21 05:15:59+00:00,-2.09,100.6,4.4,25.0,"III-IV Pesisir Selatan, II-III Tua Pejat, II-III Solok Selatan",Pusat gempa berada di laut 37 km barat daya Pesisir Selatan,
2025-11-22 21:36:52+00:00,0.55,120.43,4.2,5.0,III-IV Palasa,Pusat gempa berada di darat 42 km barat Parigi Moutong,
2025-11-23 03:19:57+00:00,1.21,128.48,5.2,10.0,III Tobelo,Pusat gempa berada di darat 11 km Barat Daya Halmahera Timur,
2025-11-23 03:59:40+00:00,-0.33,99.02,3.9,23.0,II Air Bangis,Pusat gempa berada di Laut 71 Km Barat Daya Air Bangis,
2025-11-23 05:57:42+00:00,-9.47,116.53,3.9,29.0,"II Sumbawa, II Lombok Tengah, II Lombok Barat, II Lombok Timur",Pusat gempa berada di laut 87 km Barat Daya Sumbawa Barat,
2025-11-23 13:54:02+00:00,-8.26,123.51,2.5,3.0,II Lembata,Pusat gempa berada di darat 23 km TimurLaut Lembata,
2025-11-23 20:40:21+00:00,-9.35,111.85,5.2,10.0,"II-III Kuta, II Karangkates, II Nganjuk, II Blitar, II Tulungagung, II Bantul",Pusat gempa berada di laut 141 km BaratDaya Kab. Blitar,
2025-11-24 10:27:18+00:00,-2.05,120.67,3.8,5.0,II-III Poso,Pusat gempa berada di darat 75 km Selatan Poso,
2025-11-24 17:30:16+00:00,4.91,96.78,4.7,4.0,"IV Bener Meriah, III Bireuen",Pusat gempa berada di darat 22 Km Barat Laut Kab. Bener Meriah,
2025-11-25 04:20:48+00:00,4.89,96.81,3.7,5.0,II-III Bener Meriah,Pusat gempa berada di darat 19 km Utara Kab. Bener Meriah,
2025-11-27 04:56:24+00:00,2.67,95.84,6.3,10.0,"III-IV Aceh Selatan, III Banda Aceh, III Aceh Besar, III Aceh Barat Daya, III Aceh Tenggara, IV Semeulue, III Singkil, III Subulussalam, II-III Kabanjahe, II-III Tiganderket, II-III Pidie, II-III Lhokseumawe, II Medan, II Silangit, II-III Berastagi",Pusat gempa berada di laut 62 km baratlaut Sinabang,
2025-11-27 17:55:37+00:00,2.64,95.88,3.1,10.0,II-III Simeulue,Pusat gempa berada di darat 57 km Barat Laut Sinabang,
2025-11-28 07:37:34+00:00,-2.9,128.29,4.1,6.0,II - III Piru,Pusat gempa berada di darat 21 km timur laut Piru,
2025-11-28 09:31:53+00:00,-5.35,104.59,3.2,18.0,II - III Tanggamus,Pusat gempa berada di darat 17 km barat laut Tanggamus,
2025-11-28 14:20:53+00:00,-4.91,103.07,3.7,25.0,"II-III Kaur, II-III Bengkulu",Pusat gempa berada di laut 33 Km Baratdaya Kaur,
2025-11-30 06:03:15+00:00,-3.35,135.62,3.4,17.0,II-III Nabire,Pusat gempa berada di darat 13 km timur laut Nabire,
2025-11-30 10:36:39+00:00,-1.9100000000000001,139.03,4.2,9.0,II Sarmi,Pusat gempa berada di laut 31 km Tenggara Sarmi,
2025-11-30 16:39:27+00:00,-5.11,102.38,3.8,14.0,II-III Enggano,Pusat gempa berada di laut 28 km timur laut Enggano,
2025-11-30 23:16:39+00:00,-2.95,130.25,5.1,10.0,III Bula,Pusat gempa berada di laut 31 km Barat Laut Seram Bagian Timur,
2025-12-02 09:33:37+00:00,-6.49,107.34,2.3,9.0,II-III Purwakarta,Pusat gempa berada di darat 14 km Barat Laut Kab. Purwakarta,
2025-12-02 13:16:25+00:00,0.38,98.66,5.0,31.0,"III Sibolga, III Humbang Hasundutan, II Nias Barat",Pusat gempa berada di laut 96 km Tenggara Nias Selatan,
2025-12-03 12:33:26+00:00,-3.45,135.56,3.7,28.0,II-III Nabire,Pusat gempa berada di darat 11 km Tenggara Nabire,
2025-12-04 06:05:18+00:00,2.49,95.8,4.3,28.0,II-III Sinabang,Pusat gempa berada di laut 63 km Barat Laut Sinabang,
2025-12-04 14:42:23+00:00,-4.63,114.77,4.8,7.0,II-III Banjarbaru,Pusat gempa berada di laut 95 km BaratDaya Tanah laut,
2025-12-05 05:40:11+00:00,-4.05,121.77,2.5,4.0,II-III Lalolae,Pusat gempa berada di darat 18 km barat Kolaka Timur,
2025-12-05 11:06:20+00:00,-3.93,122.37,3.2,5.0,"III Morosi-Konawe, III Sawa-Konawe Utara, II Ranomeeto-Konawe Selatan",Pusat gempa berada di darat 36 km timur Konawe,
2025-12-05 13:03:53+00:00,-3.42,135.54,3.2,24.0,II-III Nabire,Pusat gempa berada di darat 7 km tenggara Nabire,
2025-12-05 17:00:14+00:00,-6.8,107.13,2.0,18.0,II-III Cugenang,Pusat gempa berada di darat 2 Km Barat Laut Kab. Cianjur,
2025-12-06 00:44:34+00:00,1.69,127.24,5.3,99.0,"II Manado, II Minahasa, II Ternate",Pusat gempa berada di laut 54 km barat laut Halmahera Barat,
2025-12-06 03:48:21+00:00,-9.37,117.28,4.4,47.0,III Sumbawa Barat,Pusat gempa berada di laut 83 km tenggara Sumbawa Barat,
2025-12-06 04:49:01+00:00,-7.29,107.59,2.5,7.0,II Pangalengan,Pusat gempa berada di darat 30 km tenggara Kabupaten Bandung,
2025-12-06 15:37:50+00:00,-4.11,121.62,2.4,5.0,"II Loea, II Tirawatu",Pusat gempa berada di darat 7 km tenggara Kolaka,
2025-12-06 18:25:37+00:00,-4.03,122.43,3.1,5.0,"III kendari, II-III Konawe Selatan",Pusat gempa berada di darat 43 km Timur laut Konawe Selatan,
2025-12-09 07:02:53+00:00,2.48,95.88,5.4,10.0,"III-IV Simeulue, III Aceh Selatan, II-III Aceh Barat Daya",Pusat gempa berada di laut 54 km barat laut Sinabang,
2025-12-09 13:24:27+00:00,-0.48,100.41,2.8,5.0,II-III Padang Panjang,Pusat gempa berada di darat 2 km Tenggara Padang Panjang,
2025-12-09 19:48:27+00:00,-0.99,100.71,4.7,10.0,"IV Kab. Solok, III Padang, III Solok, II Sijunjung, II Sawahlunto",Pusat gempa berada di darat 18 km barat daya Kab. Solok,
2025-12-09 21:26:08+00:00,1.12,121.28,3.8,5.0,II-III Buol,Pusat gempa berada di darat 19 km barat laut Buol,
2025-12-09 23:19:37+00:00,-5.35,122.54,3.7,5.0,"III Buton Tengah, III Baubau",Pusat gempa berada di darat 5 km barat laut Buton Tengah,
2025-12-10 07:43:01+00:00,5.46,94.59,4.6,24.0,"III-IV Banda Aceh, III-IV Aceh Besar, III Sabang, II-III Pidie",Pusat gempa berada di laut 94 km barat daya Kota Sabang,
2025-12-10 17:16:52+00:00,-4.14,121.98,2.4,10.0,II-III Ladongi,Pusat gempa berada di darat 17 km selatan Kolaka Timur,
2025-12-11 06:45:56+00:00,-8.56,119.89,3.6,37.0,III-IV Labuan Bajo,Pusat gempa berada di darat 8 km selatan Labuan Bajo,
2025-12-11 14:42:06+00:00,-5.99,122.51,4.0,13.0,III Batu Atas,Pusat gempa berada di laut 46 km selatan Buton Selatan,
2025-12-11 18:47:55+00:00,-6.0,122.53,3.2,10.0,II-III Batu Atas,Pusat gempa berada di laut 47 km selatan Buton Selatan,
2025-12-12 03:12:05+00:00,-3.55,128.21,2.6,9.0,II - III Salahutu,Pusat gempa berada di darat 54 km Selatan Seram Bagian Barat,
2025-12-12 04:39:43+00:00,-2.04,120.65,3.9,5.0,II - III Pendolo,Pusat gempa berada di darat 73 km Selatan Poso,
2025-12-13 06:05:41+00:00,-1.06,100.17,3.1,10.0,II - III Padang,Pusat gempa berada di laut 25 km Barat Daya Padang,
2025-12-14 00:58:15+00:00,-3.35,101.26,4.8,54.0,"III Mukomuko, III Bengkulu Utara",Pusat gempa berada di laut 87 km tenggara Mukomuko,
2025-12-16 05:41:28+00:00,-4.71,122.71,4.1,7.0,"III-IV Muna, III-IV Muna Barat",Pusat gempa berada di darat 14 km Utara MUNA-SULTRA,
2025-12-17 04:02:05+00:00,-8.32,124.76,3.8,5.0,II-III Alor,Pusat gempa berada di darat 23 km Timur Alor,
2025-12-18 03:40:38+00:00,4.85,96.06,4.4,11.0,"II Aceh Jaya, II Aceh Barat Daya",Pusat gempa berada di darat 29 km Barat Daya Kab. Pidiejaya Aceh,
2025-12-18 04:22:46+00:00,-8.82,110.31,4.8,13.0,"II-III Gunungkidul, II-III Bantul, II-III Sleman, II-III Kulonprogo, II Wonogiri",Pusat gempa berada di laut 97 km BaratDaya Gunungkidul,
2025-12-18 05:23:39+00:00,-6.74,105.46,4.0,10.0,II-III Sumur,Pusat gempa berada di laut 16 km Barat Daya Sumur,
2025-12-18 05:30:19+00:00,1.38,125.83,4.6,43.0,"III Bitung, III Tondano, III Manado",Pusat gempa berada di laut 79 km Timur Bitung,
2025-12-18 13:48:01+00:00,2.56,95.73,4.0,10.0,II Sinabang,Pusat gempa berada di darat 71 km Barat Sinabang - Aceh,
2025-12-19 00:45:34+00:00,-2.86,127.36,4.8,15.0,"III Namlea, II Ambon",Pusat gempa berada di laut 53 km Timur Laut Buru,
2025-12-20 10:33:27+00:00,0.47000000000000003,121.96,5.2,102.0,"IV Pohuwato, IV Boalemo, III Gorontalo, III Bonebolango, III Buol, III Tolitoli, II-III Kab. Gorontalo, II Kab. Gorontalo Utara",Pusat gempa berada di darat 1 km timur laut Pohuwato,
2025-12-20 13:13:26+00:00,-5.23,102.5,4.6,7.0,"II-III Enggano, II-III Bengkulu",Pusat gempa berada di laut 28 km timur laut Enggano,
2025-12-20 22:59:21+00:00,-2.56,121.63,4.7,2.0,"III Sorowako, III Malili",Pusat gempa berada di darat 34 km barat laut Morowali,
2025-12-21 12:21:14+00:00,-5.32,104.58,2.6,14.0,II-III Ulu Belu,Pusat gempa berada di darat 21 km Barat laut Tanggamus,
2025-12-21 12:21:46+00:00,1.47,126.34,5.6,27.0,"III Manado, III Bitung, III Minahasa, III Minahasa Utara, III Tomohon , II-III Ternate",Pusat gempa berada di laut 133 Km Barat laut Jailolo,
2025-12-23 04:10:36+00:00,-8.06,119.24,4.0,17.0,III Bima,Pusat gempa berada di laut 71 km TimurLaut Kota Bima,
2025-12-24 05:30:34+00:00,-4.46,102.6,4.6,30.0,"II-III Bengkulu Utara, II-III Bengkulu Selatan",Pusat gempa berada di laut 34 km barat Bengkulu Selatan,
2025-12-24 13:34:30+00:00,-2.87,101.06,4.0,23.0,"II-III Mukomuko, II Sungaipenuh",Pusat gempa berada di laut 34 km selatan Mukomuko,
2025-12-25 14:06:46+00:00,4.15,97.5,3.9,2.0,"III Gayo Lues , II-III Aceh Tamiang",Pusat gempa berada di darat 24 km Timur Laut Kab. Gayoh Lues,
2025-12-25 20:26:17+00:00,0.09,129.56,4.1,10.0,III Pulau Gebe,Pusat gempa berada di laut 113 km Barat Raja Ampat,
2025-12-26 06:51:05+00:00,4.11,97.44,4.0,10.0,III Gayo Lues,Pusat gempa berada di darat 17 km timur laut Kab. Gayo Lues,
2025-12-26 07:27:14+00:00,-6.83,107.09,2.1,20.0,II Cugeneng,Pusat gempa berada di darat 5 km BaratDaya KAB-CIANJUR-JABAR,
2025-12-26 07:47:56+00:00,4.13,97.45,3.9,10.0,"II-III Gayo Lues, II Aceh Timur, II-III Aceh Tamiang, II-III Langsa",Pusat gempa berada di darat 19 km Timur Laut KAB-GAYOLUES-ACEH,
2025-12-27 00:22:32+00:00,-5.58,102.27,5.9,19.0,"III Enggano, II-III Kaur, II-III Kota Bengkulu",Pusat gempa berada di laut 26 km Tenggara Enggano,
2025-12-27 01:10:13+00:00,-5.58,102.22,5.8,18.0,"III Enggano, II-III Kaur, II-III Kota Bengkulu, II-III Pagar Alam, I Kepahiang",Pusat gempa berada di laut 24 km Barat Daya Enggano,
2025-12-27 03:00:18+00:00,-5.64,102.28,4.8,17.0,II-III Enggano,Pusat gempa berada di laut 32 km Tenggara Enggano,
2025-12-28 02:11:34+00:00,-0.17,100.1,4.6,10.0,"III-IV Agam, III-IV Bukittinggi, II-III Padang Panjang, II-III Payakumbuh, III-IV Pasaman, III-IV Pasaman Barat",Pusat gempa berada di darat 18 km timur laut Agam,
2025-12-28 02:15:46+00:00,-0.17,100.11,4.7,10.0,"III-IV Agam, III-IV Bukittinggi, II-III Padang Panjang, II-III Payakumbuh",Pusat gempa berada di darat 18 km timur laut Agam,
2025-12-28 10:21:36+00:00,0.76,127.37,2.9,7.0,III Ternate,Pusat gempa berada di darat 1 km Selatan Ternate,
2025-12-28 15:56:08+00:00,4.21,97.5,3.9,10.0,"III Gayo Lues , II-III Aceh Tamiang",Pusat gempa berada di darat 29 km Timur Laut Kab. Gayo Lues,
2025-12-28 23:09:02+00:00,4.73,96.81,2.5,10.0,II Bener Meriah,Pusat gempa berada di darat 5 km Barat Bener Meriah,
2025-12-30 13:43:10+00:00,4.73,96.8,4.6,7.0,"IV Bener Meriah, IV Aceh Tengah, II-III Pidie, II-III Bireuen, II Aceh Timur, II-III Pidie Jaya",Pusat gempa berada di darat 7 km barat Bener Meriah,
2025-12-30 14:06:00+00:00,-5.43,104.65,2.7,5.0,"II-III Gisting, II-III Sumberejo",Pusat gempa berada di darat 7 km BaratLaut Tanggamus,
2025-12-30 15:22:25+00:00,4.73,96.78,3.5,8.0,"III-IV Aceh Tengah, III-IV Bener Meriah",Pusat gempa berada di darat 10 km barat Bener Meriah,
2025-12-30 15:43:41+00:00,4.75,96.8,2.6,6.0,II Bener Meriah,Pusat gempa berada di darat 7 km barat Bener Meriah,
2025-12-30 20:55:09+00:00,1.33,123.23,4.6,15.0,"III Kab. Gorontalo Utara, II-III Kab. Gorontalo, II-III Kab. Bone Bolango, II-III Kota Gorontalo",Pusat gempa berada di laut 47 km utara Boroko-Bolmut,
2025-12-30 23:58:10+00:00,4.77,96.8,2.7,4.0,"II Bener Meriah, II Aceh Tengah",Pusat gempa berada di darat 8 km BaratLaut Kab. Bener Meriah,
2025-12-31 02:13:52+00:00,4.76,94.82,4.4,10.0,"II-III Aceh Besar, II-III Banda Aceh",Pusat gempa berada di laut 86 km Barat Calang-Aceh Jaya,
2025-12-31 04:30:33+00:00,-2.74,121.95,4.8,7.0,III Morowali,Pusat gempa berada di darat 7 km tenggara Morowali,
2025-12-31 06:28:08+00:00,4.08,95.96,3.7,24.0,II Aceh Jaya,Pusat gempa berada di laut 20 km Barat Meulaboh,
2026-01-01 06:02:00+00:00,-4.18,138.44,5.4,133.0,II - III Wamena,Pusat gempa berada di darat 26 km Tenggara Lanny Jaya,
2026-01-02 04:34:12+00:00,-4.09,122.43,3.4,5.0,"III-IV Konawe Selatan, III Kendari",Pusat gempa berada di darat 38 km timur laut Konawe Selatan,
2026-01-02 05:19:47+00:00,-4.05,122.42,1.6,7.0,II Ranomeeto,Pusat gempa berada di darat 41 km timur laut Konawe Selatan,
2026-01-03 02:12:26+00:00,-5.83,112.43,4.9,3.0,"III Tuban, III Bawean",Pusat gempa berada di laut 126 km timur laut Tuban,
2026-01-03 10:55:29+00:00,-4.76,122.71,3.2,10.0,"II-III Muna, II-III Muna Barat",Pusat gempa berada di darat 9 km utara Muna,
2026-01-03 12:13:55+00:00,-3.42,135.63,3.6,29.0,III Nabire,Pusat gempa berada di darat 15 km tenggara Nabire,
2026-01-03 20:00:36+00:00,-3.3,105.53,4.4,17.0,II-III Sukarami,Pusat gempa berada di darat 39 km timur laut Ogan Komering Ilir,
2026-01-03 20:54:48+00:00,4.75,96.81,2.8,6.0,"III-IV Bener Meriah, III-IV Aceh Tengah",Pusat gempa berada di darat 6 km barat Bener Meriah,
2026-01-05 15:59:45+00:00,-3.66,128.16,2.6,6.0,II Ambon,Pusat gempa berada dilaut 52 Km Timur Laut Buru Selatan,
2026-01-05 20:27:48+00:00,-3.66,128.17,1.7000000000000002,10.0,I-II Ambon,Pusat gempa berada di darat 52 km Timur Laut Buru Selatan,
2026-01-06 00:11:32+00:00,-0.61,119.84,3.5,10.0,II-III Palu Utara,Pusat gempa berada di darat 21 km selatan Donggala,
2026-01-07 10:28:36+00:00,-8.23,116.58,3.7,10.0,III Lombok Timur,Pusat gempa berada di laut 42 km Barat Laut Pulau Panjang,
2026-01-07 15:58:40+00:00,-0.21,119.82,3.4,4.0,II - III Sirenja,Pusat gempa berada di darat 24 km utara Donggala,
2026-01-08 14:57:14+00:00,-0.6000000000000001,127.63,4.3,3.0,III Labuha,Pusat gempa berada di laut 16 km timur laut Labuha,
2026-01-08 18:54:34+00:00,4.74,96.77,2.6,6.0,II Bener Meriah,Pusat gempa berada di darat 10 km barat Kab. Bener Meriah,
2026-01-09 01:35:23+00:00,-5.62,103.72,4.5,23.0,"III Bengkunat, II Sekincau, II Liwa, II Suoh",Pusat gempa berada di laut 54 km barat daya Pesisir Barat,
2026-01-09 14:23:55+00:00,-0.68,127.53,3.5,4.0,III Labuha,Pusat gempa berada di darat 5 km tenggara Labuha,
2026-01-09 14:43:56+00:00,-0.72,127.49,2.3,1.0,II Labuha,Pusat gempa berada di darat 8 Km Selatan Labuha,
2026-01-09 15:08:07+00:00,-0.72,127.54,3.2,4.0,II-III Labuha,Pusat gempa berada didarat 10 Km Tenggara Labuha,
2026-01-10 09:34:07+00:00,-9.26,114.78,4.5,34.0,"II-III Kuta, II Jembrana, III Kuta Selatan, II-III Denpasar",Pusat gempa berada di laut 71 km barat daya Kuta Selatan,
2026-01-10 14:58:25+00:00,3.64,126.98,7.1,17.0,"III-IV Tobelo, III-IV Sitaro, II-III Ternate, II-III Minahasa Utara, II-III Bitung, III Morotai, IV-V Talaud, II-III Manado",Pusat gempa berada di laut 52 km tenggara Melonguane,
2026-01-10 23:55:48+00:00,-0.6000000000000001,127.53,2.4,9.0,III Labuha,"Pusat gempa berada di darat 6 km timur laut Labuha, Halmahera Selatan",
2026-01-11 00:26:57+00:00,-3.07,101.15,3.8,21.0,I-II Mukomuko,Pusat gempa berada di laut 55 km selatan Mukomuko,
2026-01-11 17:44:25+00:00,-4.06,121.76,3.6,5.0,"III-IV Kolaka Timur, III-IV Kolaka",Pusat gempa berada di darat 18 km Timur Kolaka,
2026-01-12 12:25:27+00:00,4.29,97.53,4.2,10.0,II-III Gayo Lues,Pusat gempa berada di darat 39 km timur laut Gayo Lues,
2026-01-12 18:50:38+00:00,4.49,96.52,3.9,11.0,"III Takengon, II-III Bener Meriah, II-III Nagan Raya",Pusat gempa berada di darat 36 km timur laut Kab. Naga Raya,
2026-01-13 01:20:45+00:00,-4.77,102.59,4.7,33.0,II-III Bengkulu Selatan,Pusat gempa berada di laut 50 km BaratDaya Bengkulu Selatan,
2026-01-13 17:28:26+00:00,4.7,96.78,2.7,8.0,"II-III Bener Meriah, II-III Aceh Tengah",Pusat gempa berada di darat 9 km Barat Kab. Bener Meriah,
2026-01-13 18:24:56+00:00,4.77,96.73,1.7000000000000002,1.0,"II-III Bener Meriah, II-III Aceh Tengah",Pusat gempa berada didarat 16 km Barat KAB-BENERMERIAH,
2026-01-13 23:48:12+00:00,-3.7,133.59,3.2,10.0,II-III Kaimana,Pusat gempa berada di laut 61 km barat daya Kaimana,
2026-01-14 00:36:47+00:00,0.78,122.45,3.9,55.0,II-III Gorontalo,Pusat gempa berada di darat 31 km timur laut Boalema,
2026-01-14 14:39:22+00:00,-9.15,122.48,4.9,49.0,III Maumere,Pusat gempa berada di laut 66 km tenggara Maumere,
2026-01-15 02:18:04+00:00,4.77,96.87,2.5,3.0,II-III Bener Meriah,Pusat gempa berada di darat 5 km utara Kab. Bener Meriah,
2026-01-15 07:17:19+00:00,-7.9,123.24,2.5,12.0,II Flores Timur,Pusat gempa berada di laut 55 km timurlaut Larantuka,
2026-01-15 14:49:28+00:00,-9.23,118.56,4.4,10.0,"IV Kab. Sumbawa, III Kab. Bima",Pusat gempa berada di laut 62 km Barat Laut Kodi - Sumba Barat Daya,
2026-01-15 21:09:27+00:00,-4.03,121.76,2.8,3.0,III Kolaka Timur,Pusat gempa berada di darat 18 km barat Kolaka Timur,
2026-01-16 00:42:56+00:00,-3.75,133.6,3.1,8.0,II-III Kaimana,Pusat gempa berada di darat 64 km barat daya Kaimana,
2026-01-16 05:33:14+00:00,-8.28,116.65,2.8,10.0,II Lombok Timur,Pusat gempa berada di laut 34 km barat laut PulauPanjang,
2026-01-16 12:41:42+00:00,1.4,120.93,4.5,2.0,III-IV Toli-toli,Pusat gempa berada di laut 61 km Utara Toli-toli,
2026-01-16 15:58:13+00:00,0.79,97.25,4.2,22.0,III Nias Barat,Pusat gempa berada di laut 30 km barat daya Nias Barat,
2026-01-16 23:50:44+00:00,-3.35,128.64,5.5,56.0,"III-IV Liang, III-IV Amahai, III-IV Kairatu, II-III Ambon, II-III Seram Utara, II-III Sorong",Pusat gempa berada di darat 35 km baratdaya Maluku Tengah,
2026-01-17 09:04:41+00:00,4.77,96.77,2.4,2.0,III Bener Meriah,Pusat gempa berada di darat 10 km barat Kabupaten Bener Meriah,
2026-01-17 20:23:41+00:00,4.09,97.55,2.7,10.0,"III-IV Gayo Lues , II Langsa",Pusat gempa berada di darat 26 km timur laut Gayo Lues,
2026-01-18 04:16:48+00:00,0.56,125.34,5.2,67.0,"II-III Minahasa, II Kotamobagu",Pusat gempa berada di laut 81 km Tenggara Ratahan,
2026-01-18 16:32:14+00:00,-4.04,121.83,2.5,7.0,"II-III Loea , II - III Tirawuta",Pusat gempa berada didarat 12 km Barat Daya KOLAKATIMUR,
2026-01-19 09:40:27+00:00,4.75,96.75,3.0,4.0,III Bener Meriah,Pusat gempa berada di darat 12 Km Barat Laut Kabupaten Bener Meriah,
2026-01-19 11:02:49+00:00,-2.59,102.23,5.1,162.0,"II Kota Bengkulu, II Bengkulu Utara",Pusat gempa berada didarat 53 km Tenggara MERANGIN,
2026-01-19 21:37:07+00:00,-1.25,120.61,3.6,10.0,II-III Poso,Pusat gempa berada di laut 21 km barat laut Poso,
2026-01-20 09:31:05+00:00,4.75,96.82,2.2,5.0,II Bener Meriah,Pusat gempa berada di darat 5 km BaratLaut Kab. Bener Meriah,
2026-01-20 18:41:48+00:00,2.37,125.34,4.2,6.0,II-III Tagulandang,"Pusat gempa berada di laut 42 km selatan Ondong, Kepulauan Sitaro",
2026-01-21 05:18:12+00:00,-3.08,101.32,3.8,10.0,II-III Mukomuko,Pusat gempa berada di laut 61 km Selatan Mukomuko,
2026-01-21 05:49:36+00:00,-7.04,129.73,5.7,167.0,II Saumlaki,Pusat gempa berada di laut 203 km barat laut Tanimbar,
2026-01-21 06:11:07+00:00,4.18,97.52,4.2,10.0,"III-IV Gayo Lues, II-III Blangkejeren",Pusat gempa berada di darat 28 km timur laut Kab. Gayo Lues,
2026-01-21 22:44:45+00:00,-0.31,122.63,5.4,64.0,"II-III Kota Gorontalo, II-III Kab. Gorontalo, II-III Kab. Gorontalo Utara, II-III Bone Bolango, II - III Kab Pohuwato, II - III Kab Boalemo",Pusat gempa berada di laut 21 km TimurLaut PULAUPUAH,
2026-01-22 02:40:04+00:00,-1.19,100.28,4.2,56.0,"II-III Padang Panjang, II-III Solok, II-III Solok Selatan, II-III Pesisir Selatan",Pusat gempa berada di laut 37 km barat laut Pesisir Selatan,
2026-01-22 19:32:12+00:00,4.75,96.75,2.4,10.0,III Bener Meriah,Pusat gempa berada di darat 12 km Barat Kab Bener Meriah,
2026-01-23 07:47:56+00:00,0.1,111.78,4.8,10.0,"III-IV Sekadau, III-IV Sintang",Pusat gempa berada di darat 89 km timur Sekadau,
2026-01-23 11:01:40+00:00,2.54,117.0,3.1,45.0,II-III Tanjung Selor,Pusat gempa berada di darat 41 km selatan Bulungan,
2026-01-24 09:46:57+00:00,-0.71,119.82,4.3,5.0,"III-IV Donggala, III Palu, III Parigi",Pusat gempa berada di laut 10 km tenggara Donggala,
2026-01-24 23:41:37+00:00,1.48,127.88,4.4,9.0,III Tobelo,Pusat gempa berada di darat 3 km barat daya Halmahera Utara,
2026-01-24 23:42:37+00:00,0.88,127.66,4.5,9.0,"III Halmahera Utara, II Ternate, II Tidore",Pusat gempa berada di darat 15 km utara Sofifi,
2026-01-25 06:22:36+00:00,-5.91,130.68,5.3,134.0,II Saumlaki,Pusat gempa berada di laut 229 km barat daya Maluku Tenggara,
2026-01-25 08:51:24+00:00,-8.88,110.24,4.6,10.0,"II-III Bantul, II-III Yogyakarta, II-III Gunungkidul, II-III Pacitan, II Sleman, II Kulon Progo, II Wonogiri",Pusat gempa berada di laut 106 km barat daya Gunungkidul,
2026-01-25 12:11:53+00:00,-8.3,117.79,3.4,26.0,III Sumbawa,Pusat gempa berada di darat 46 km Timur Laut Sumbawa,
2026-01-25 18:25:32+00:00,-4.49,122.96,3.9,5.0,III Buton Utara,Pusat gempa berada di darat 37 km barat laut Buton Utara,
2026-01-25 23:47:09+00:00,-2.04,120.64,3.4,5.0,III Pendolo,Pusat gempa berada di darat 72 km Selatan Poso,
2026-01-26 00:50:55+00:00,0.65,99.73,2.6,8.0,II-III Mandailing Natal,Pusat gempa berada di darat 31 km Tenggara Mandailing Natal,
2026-01-26 01:29:19+00:00,-6.38,107.17,2.7,7.0,"II-III Cikarang, II-III Karawang",Pusat gempa berada di darat 2 km Selatan Kabupaten Bekasi,
2026-01-27 01:20:44+00:00,-8.14,111.33,5.5,105.0,"III-IV Pacitan, III-IV Karangkates, III-IV Tulungagung, III Malang, III Nganjuk, III Ponorogo, III Blitar, II-III Madiun, II-III Denpasar, II-III Kuta, II-III Karangasem, II-III Jember, II-III Mojokerto, II Yogyakarta, II Bantul, II Sleman, II Kulon Progo, II Purworejo, II Pasuruan, II Semarang, II Mataram",Pusat gempa berada di darat 25 km timur laut Pacitan,
2026-01-27 05:50:48+00:00,4.75,96.76,2.5,7.0,II-III Bener Meriah,Pusat gempa berada di darat 12 km barat Bener Meriah,
2026-01-27 06:15:32+00:00,-7.87,110.49,4.5,11.0,"III Sleman, III Kulon Progo, III Gunungkidul, III Magelang, II Pacitan, II Solo, II Trenggalek, II Purworejo, II Wonogiri",Pusat gempa berada di darat 16 km timur Bantul,
2026-01-27 08:18:31+00:00,-8.27,109.09,4.2,34.0,II-III Cilacap,Pusat gempa berada di laut 61 km selatan Cilacap,
2026-01-27 14:20:05+00:00,-4.5600000000000005,101.03,4.5,10.0,"I-II Muko-Muko, I-II Bengkulu, I-II Kota Manna",Pusat gempa berada di laut 163 km barat laut Enggano,
2026-01-28 18:30:16+00:00,-8.75,118.43,4.6,128.0,"III Bima, II - III Sumbawa",Pusat gempa berada di darat 45 km tenggara Bima,
2026-01-29 05:04:45+00:00,-7.71,103.98,3.7,10.0,II-III Cilegon,Pusat gempa berada di laut 212 km Barat Daya Sumur,
2026-01-29 14:43:29+00:00,2.88,96.32,4.3,10.0,III Sinabang,Pusat gempa berada di laut 46 km Utara Sinabang,
2026-01-29 22:13:54+00:00,-6.87,107.75,2.7,5.0,"II - III Sukasari, II - III Tanjungsari , II - III Cileunyi , II - III Cilengkrang, II - III Cimenyan",Pusat gempa berada di darat 16 km timur Kota Bandung,
2026-01-30 01:15:29+00:00,-0.39,124.63,5.1,10.0,"II-III Minahasa Tenggara, II Gorontalo Utara",Pusat gempa berada di laut 110 km tenggara Bolaang Uki-BolSel,
2026-01-30 03:01:48+00:00,-4.29,122.51,2.8,5.0,"II - III Wolasi, Konawes Selatan",Pusat gempa berada di darat 35 km timur Konawe Selatan,
2026-01-31 06:50:57+00:00,0.09,111.76,3.9,15.0,II-III Sintang,Pusat gempa berada di darat 87 km timur Sekadau,
2026-01-31 07:11:13+00:00,4.13,97.36,3.2,10.0,III Gayo Lues,Pusat gempa berada di darat 15 km utara Gayo Lues,
2026-02-01 13:29:11+00:00,-8.49,115.66,3.5,9.0,III Kab. Karangasem,Pusat gempa berada di laut 22 km Tenggara Karangasem,
2026-02-01 22:20:41+00:00,-1.17,99.69,4.4,23.0,"II-III kota Padang, II-III Kota Pariaman, II-III Lubuk Basung, II-III Kep. Mentawai",Pusat gempa berada di laut 77 km Barat Daya Pariaman,
2026-02-02 10:16:13+00:00,4.88,97.05,2.3,3.0,II-III Bener Meriah,Pusat gempa berada di darat 27 km timur laut Bener Meriah,
2026-02-02 16:51:47+00:00,4.73,96.76,2.2,5.0,II-III Bener Meriah,Pusat gempa berada di darat 11 km Barat Kab. Bener Meriah,
2026-02-02 21:37:30+00:00,-5.34,104.41,3.7,4.0,II-III Lampung Barat,Pusat gempa berada di darat 34 km barat laut Tanggamus,
2026-02-02 22:38:34+00:00,4.92,96.82,4.1,10.0,"III-IV Bener Meriah, II Bireuen",Pusat gempa berada di darat 21 km barat laut Kab. Bener Meriah,
2026-02-03 08:54:12+00:00,-1.55,133.74,4.4,21.0,III Ransiki,Pusat gempa berada di darat 47 km Barat Ransiki,
2026-02-03 23:26:14+00:00,-5.75,104.52,4.5,7.0,"II Pringsewu, II-III Tanggamus",Pusat gempa berada di darat 34 km barat daya Tanggamus,
2026-02-04 21:52:54+00:00,-0.06,100.18,3.8,10.0,"I-II Padang Panjang, II-III Lubuk Sikaping, II-III Agam, I-II Bukittinggi",Pusat gempa berada di darat 7 km barat daya Bonjol Pasaman,
2026-02-05 01:01:14+00:00,-1.9500000000000002,120.6,3.8,10.0,III Pendolo,Pusat gempa berada di darat 65 km selatan Poso,
2026-02-05 09:54:35+00:00,-6.69,107.74,2.8,5.0,"II Ciater, II Kasomalang",Pusat gempa berada di darat 13 km Selatan Kabupaten Subang,
2026-02-05 15:02:04+00:00,-4.09,121.87,2.2,2.0,II-III Tirawuta,Pusat gempa berada di darat 12 km barat daya Kolaka Timur,
2026-02-05 18:06:10+00:00,-8.99,111.18,6.4,10.0,"IV Pacitan, IV Bantul, IV Sleman, III Kulon Progo, III Trenggalek, III Wonogiri, III Malang, III Cirebon, III Blitar, II Surakarta, III Karanganyar, III Magelang, III Jombang, III Tulungagung, II Tuban, II Jepara, III Ponorogo, III Magetan, III Lumajang, III Bondowoso, III Nganjuk, III Wonosobo, III Banjarnegara, III Temanggung, III Madiun, II Denpasar",Pusat gempa berada di laut 90 km Tenggara Pacitan,
2026-02-06 06:45:31+00:00,-6.87,107.74,3.0,13.0,"II-III Jatinangor, II-III Ciater, II-III Kasomalang, II-III Cileunyi",Pusat gempa berada di 20 km Timur Kota Cimahi,
2026-02-06 08:51:49+00:00,-2.87,99.97,4.2,16.0,II-III Kepulauan Mentawai,"Pusat gempa berada di laut 22 km Barat Daya Pulau Pagai Utara, Kep. Mentawai",
2026-02-06 21:20:16+00:00,-7.82,130.25,5.9,100.0,II Saumlaki,Pusat gempa berada di laut 118 km baratlaut Tanimbar,
2026-02-09 07:27:27+00:00,-2.62,121.26,3.3,2.0,III Wasponda,Pusat gempa berada di darat 10 km Tenggara Luwu Timur,
2026-02-09 13:10:00+00:00,-8.98,111.16,4.3,89.0,II Pacitan,Pusat gempa berada di laut 89 Km Selatan Pacitan,
2026-02-09 14:48:35+00:00,1.75,99.15,3.5,3.0,III Sibolga,Pusat gempa berada di darat 23 km barat laut Tapanuli Selatan,
2026-02-09 22:37:10+00:00,4.95,96.75,3.5,4.0,II-III Bener Meriah,Pusat gempa berada di darat 28 km Barat Laut Kab. Bener Meriah,
2026-02-11 02:05:53+00:00,-1.45,134.24,3.8,10.0,III Ransiki,Pusat gempa berada di laut 10 km timur laut Ransiki,
2026-02-11 03:07:13+00:00,-2.3,140.05,4.1,14.0,III Kabupaten Jayapura,Pusat gempa berada di laut 35 km Barat Laut Genyem Jayapura,
2026-02-11 11:42:16+00:00,-4.6,120.34,2.6,5.0,II Bone,Pusat gempa berada di darat 34 km Timur Laut Bone,
2026-02-11 21:41:40+00:00,-4.08,121.87,3.0,2.0,III Kolaka Timur,Pusat gempa berada di darat 11 km BaratDaya Kolaka Timur,
2026-02-12 01:21:16+00:00,-7.89,110.51,3.1,5.0,II Bantul,Pusat gempa berada di darat 16 km Barat Laut Gunung Kidul,
2026-02-12 12:47:08+00:00,4.71,96.91,2.7,15.0,II-III Bener Meriah,Pusat gempa berada di darat 5 km Tenggara Bener Meriah,
2026-02-12 13:14:15+00:00,4.29,95.83,4.7,19.0,"III Meulaboh, III Nagan Raya, II-III Aceh Jaya, II Aceh Barat Daya, II Bener Meriah",Pusat gempa berada di laut 37km Barat Laut Meulaboh-Aceh Barat,
2026-02-13 01:06:57+00:00,-0.05,119.62,4.3,10.0,II-III Donggala,Pusat gempa berada di laut 48 km barat laut Donggala,
2026-02-13 06:27:48+00:00,-6.72,106.64,3.2,7.0,II - III Kabandungan,Pusat gempa berada di darat 22 km barat daya Kota Bogor,
2026-02-13 18:37:42+00:00,-5.36,104.59,3.2,2.0,"II Ulu Belu, II Kotaagung",Pusat gempa berada di darat 17 km barat laut Tanggamus,
2026-02-14 03:09:45+00:00,-2.81,128.01,4.8,10.0,II-III Piru,Pusat gempa berada di laut 35 Km baratlaut Seram Bagian Barat,
2026-02-14 09:50:45+00:00,-5.34,104.6,2.4,6.0,"II Tanggamus, II Ulu Belu",Pusat gempa berada di darat 18 Km Barat Laut Tanggamus,
2026-02-14 13:36:03+00:00,-5.55,103.62,4.0,15.0,III Bengkunat,Pusat gempa berada di laut 53 km barat daya Pesisir Barat,
2026-02-14 14:21:51+00:00,-2.7199999999999998,128.14,4.9,10.0,"III Piru, III Huamual",Pusat gempa berada di laut 38 km utara Piru-Seram Bagian Barat,
2026-02-15 06:14:43+00:00,-4.28,102.39,4.8,39.0,"III Kota Bengkulu, III Bengkulu Tengah, II-III Kepahiang, II Argamakmur",Pusat gempa berada di laut 30 km barat daya Seluma,
2026-02-15 12:46:04+00:00,-2.5700000000000003,140.62,4.2,11.0,"III-IV Kota Jayapura, III Kab. Jayapura, II Keerom",Pusat gempa berada di darat 1 km Tenggara Kota Jayapura,
2026-02-16 06:00:41+00:00,-0.5,99.18,5.2,48.0,"III Agam, III Pasaman Barat, III Padang Panjang, III Kepulauan Mentawai, II Bukittinggi, II Padang, II Pariaman",Pusat gempa berada di Laut 97 km Barat Daya Agam,
2026-02-16 11:42:16+00:00,-8.6,118.41,3.6,114.0,"III Sumbawa Besar, II Kota Bima",Pusat gempa berada di darat 9 km barat daya Dompu,
2026-02-16 15:47:48+00:00,-0.65,127.55,2.8,1.0,III Labuha,Pusat gempa berada di darat 6 km Timur Labuha,
2026-02-16 19:23:32+00:00,-9.32,114.71,4.3,37.0,"II Kuta, II Kuta Selatan",Pusat gempa berada di laut 81 Km Barat Daya Kuta Selatan,
2026-02-17 13:25:46+00:00,4.75,96.79,2.3,3.0,II Bener Meriah,Pusat gempa berada di darat 9 km barat Bener Meriah,
2026-02-17 17:30:49+00:00,0.51,121.6,4.2,89.0,II Pohuwato,Pusat gempa berada di laut 40 km barat Pohuwato,
2026-02-17 18:00:51+00:00,-8.46,108.11,4.8,10.0,"III Pangandaran, III Tasikmalaya, II-III Garut, II Ciamis, II Kab. Bandung",Pusat gempa berada di laut 94 km barat daya Pangandaran,
2026-02-17 19:23:11+00:00,-8.22,116.39,3.5,10.0,II-III Lombok Timur,Pusat gempa berada di darat 29 km timur laut Lombok Utara,
2026-02-19 00:26:15+00:00,1.54,122.17,5.7,10.0,"III-IV Buol, III Gorontalo Utara, II-III Gorontalo, II-III Boalemo, II-III Bone Bolango, II Manado",Pusat gempa berada di laut 110 Km Timur Laut Buol,
2026-02-19 07:02:20+00:00,-5.6,133.78,5.1,67.0,II Dobo,Pusat gempa berada di laut 52 km barat laut Kepulauan Aru,
2026-02-21 21:05:10+00:00,4.26,97.56,4.2,10.0,"II-III Gayo Lues, II Bener Meriah",Pusat gempa berada di darat 39 km Timur Laut Kab. Gayo Lues,
2026-02-22 15:35:41+00:00,-0.74,99.14,5.2,29.0,"III Kepulauan Mentawai, III Pasaman Barat, III Agam, II Pariaman, II Padang, II Padang Pariaman, II Padang Panjang, II Bukittinggi",Pusat gempa berada di laut 110 km BaratDaya AGAM,
2026-02-22 15:55:07+00:00,-2.89,101.07,3.9,27.0,II Mukomuko,Pusat gempa berada di laut 35 km Baratdaya Mukomuko,
2026-02-22 16:57:46+00:00,6.94,116.26,7.2,628.0,"II Tanjung Selor, II Malinau, II Tarakan, II Tenggarong, II Samarinda",Pusat gempa berada di laut 109 km Timur Laut Kota Kinabalu,
2026-02-22 22:59:17+00:00,-6.7,107.34,2.6,12.0,"II Cirata, II Cipendeuy",Pusat gempa berada di darat 19 km barat daya Kab. Purwakarta,
2026-02-22 23:39:26+00:00,-5.42,122.92,2.7,5.0,II-III Pasarwajo,Pusat gempa berada di darat 10 Km Timur Buton,
2026-02-23 11:36:05+00:00,-9.26,115.65,4.0,44.0,"II Kuta, II Kuta Selatan, II Klungkung, II Lombok Barat, II Lombok Tengah",Pusat gempa berada di laut 70 km tenggara Kuta Selatan,
2026-02-23 13:48:34+00:00,4.73,96.79,2.2,12.0,II-III Bener Meriah,Pusat gempa berada di darat 8 km barat Kab. Bener Meriah,
2026-02-24 03:08:39+00:00,-6.73,106.54,3.1,16.0,"III Kalapanunggal, III Kabandungan, II-III Leuwiliang",Pusat gempa berada di darat 29 km utara Kab. Sukabumi,
2026-02-24 07:46:50+00:00,-1.96,138.95,5.7,10.0,"II-III Kota Jayapura, V Sarmi",Pusat gempa berada di darat 23 km tenggara Sarmi,
2026-02-24 15:20:46+00:00,4.6,96.94,2.8,5.0,II Bener Meriah,Pusat gempa berada di darat 11 km timur Takengon,
2026-02-25 03:18:54+00:00,4.79,95.6,4.2,53.0,II-III Lamno Aceh Jaya,"Pusat gempa berada di darat 17 km Utara Calang, Aceh Jaya",
2026-02-27 06:06:06+00:00,1.47,118.81,4.3,10.0,"III Maratua, II Karangan",Pusat gempa berada di laut 173 km timur Berau,
2026-02-27 19:21:28+00:00,-7.79,117.35,4.7,18.0,"II Sumbawa Barat, II Sumbawa, II Bima, II Lombok Timur",Pusat gempa berada di laut 78 km utara Sumbawa,
2026-02-27 21:49:14+00:00,-3.76,133.52,3.8,31.0,III Kaimana,Pusat gempa berada di laut 30 km barat daya Kaimana,
2026-02-28 06:52:07+00:00,1.28,120.97,5.6,10.0,"IV Tolitoli, IV Buol, II-III Pohuwato",Pusat gempa berada di darat 46 km Timur Laut Toli-Toli Sulawesi Tengah,
2026-02-28 10:12:07+00:00,1.3,120.9,4.2,10.0,II-III Toli-toli,Pusat gempa berada di darat 49 km utara Toli-Toli,
2026-02-28 12:39:55+00:00,-4.08,133.58,4.0,10.0,III Kaimana,Pusat gempa berada di laut 53 km barat daya Kaimana,
2026-02-28 15:11:18+00:00,1.12,120.94,3.6,5.0,II Toli-Toli,Pusat gempa berada di darat 36 km timur laut Toli-Toli,
2026-02-28 20:29:00+00:00,4.75,96.78,2.6,5.0,II-III Bener Meriah,Pusat gempa berada di darat 9 km barat Kab. Bener Meriah,
2026-03-01 00:25:43+00:00,-9.89,120.01,4.4,32.0,III-IV Kab. Sumba Timur,"Pusat gempa berada di darat 26 km tenggara Lewa, Sumba Timur",
2026-03-01 03:19:12+00:00,-7.66,108.38,3.1,128.0,II Pangandaran,Pusat gempa berada di darat 13 km Barat Kabupaten Pangandaran,
2026-03-01 03:52:49+00:00,-9.27,115.53,4.7,83.0,"III Kota Denpasar, III Kab. Badung, III Kab. Tabanan, III Lombok Tengah, III Lombok Barat, III Mataram, II Kab. Gianyar, II Lombok Timur, II Sumbawa Besar, II Sumbawa Barat",Pusat gempa berada di laut 63 km Tenggara Kuta Selatan,
2026-03-01 07:53:51+00:00,1.21,120.91,3.4,5.0,II-III Toli-toli,Pusat gempa berada di darat 11 km Timur Galumpang,
2026-03-01 13:39:51+00:00,-0.88,119.87,2.4,4.0,"II - III Palu, II - III Sigi",Pusat gempa berada di laut 51 km Selatan Donggala,
2026-03-02 09:46:02+00:00,1.1400000000000001,120.74,2.8,5.0,II Toli-Toli,Pusat gempa berada di laut 29 km Utara Toli-Toli,
2026-03-03 04:56:45+00:00,1.9300000000000002,96.48,6.4,13.0,"IV Aceh Singkil, IV Simeulue, IV Aceh Barat Daya, III-IV Nias, III Aceh Selatan, III Meulaboh, II-III Aceh Tengah, II Bener Meriah, III-IV Pinagsori, III Blang Pidie, III Nias Utara, III Medan, III Tarutung, III Aek Godang, III Subulussalam, II-III Gung Sitoli, II-III Aceh Jaya, II-III Gayo Lues, II Banda Aceh, II Aceh Besar",Pusat gempa berada di laut 61 km tenggara Sinabang,
2026-03-03 19:10:29+00:00,-2.35,120.86,4.4,10.0,"II-III Pamona Selatan, II-III Bone-Bone",Pusat gempa berada di darat 41 km Barat Laut Luwu Timur,
2026-03-04 12:22:01+00:00,4.74,96.74,2.3,3.0,II Bener Meriah,Pusat gempa berada di darat 14 km barat Bener Meriah,
2026-03-04 13:36:57+00:00,-7.2,109.84,2.4,10.0,II Dieng,Pusat gempa berada di darat 19 km barat laut Wonosobo,
2026-03-04 19:43:46+00:00,-4.1,121.9,2.8,5.0,"III Kolaka Timur, II-III Kolaka",Pusat gempa berada di darat 13 km Selatan Kolaka Timur,
2026-03-05 11:35:48+00:00,-7.54,106.42,3.7,28.0,"II Pabuaran, II Cidolog",Pusat gempa berada di laut 63 km barat daya Sukabumi,
2026-03-05 13:59:10+00:00,-3.76,135.06,4.0,10.0,II Nabire,Pusat gempa berada di darat 66 km barat daya Nabire,
2026-03-06 08:11:06+00:00,0.52,122.49,2.3,5.0,II Kab. Gorontalo Utara,Pusat gempa berada di darat 16 km Timur BOALEMO,
2026-03-06 15:27:50+00:00,-2.84,130.17,4.8,9.0,II-III Seram Utara Timur Seti,Pusat gempa berada di laut 46 km Barat Laut SERAM BAGIAN TIMUR,
2026-03-06 17:55:54+00:00,1.57,128.81,5.3,10.0,III - IV Halmahera Utara,Pusat gempa berada di laut 46 km TimurLaut HALMAHERATIMUR,
2026-03-06 20:51:26+00:00,-9.1,120.15,4.7,13.0,II-III Sumba Timur,Pusat gempa berada di laut 63 km barat daya Borong,
2026-03-06 21:23:46+00:00,-8.01,111.25,3.2,10.0,II Pacitan,Pusat gempa berada di darat 25 km timur laut Pacitan,
2026-03-07 00:51:21+00:00,2.73,117.56,3.8,4.0,"III Tanjung Selor, II Tarakan",Pusat gempa berada di darat 65 km Timur Bulungan,
2026-03-07 04:15:39+00:00,-1.52,119.46,4.1,5.0,"II-III Pasangkayu, II Sigi",Pusat gempa berada di darat 40 km selatan Pasangkayu,
2026-03-07 05:45:46+00:00,1.13,120.92,3.4,5.0,III Toli-Toli,Pusat gempa berada di darat 33 km timur laut Toli-Toli,
2026-03-07 06:42:03+00:00,-5.25,104.28,4.0,2.0,II Bengkunat,Pusat gempa berada di darat 35 km tenggara Lampung Barat,
2026-03-07 16:58:45+00:00,-2.99,101.63,5.7,47.0,"III Kepahiang, IV Argamakmur, III Bengkulu , IV Mukomuko, IV Silaut, IV Rejang Lebong",Pusat gempa berada di darat 64 km Barat Lebong,
2026-03-07 21:59:41+00:00,-3.73,122.18,4.3,5.0,"IV Konawe, III Konawe Utara, III Kolaka Timur",Pusat gempa berada di darat 20 km timur laut Konawe,
2026-03-08 00:50:41+00:00,-3.7199999999999998,122.16,3.9,4.0,"III Konawe, III Konawe Utara",Pusat gempa berada di darat 20 km timur laut Konawe,
2026-03-08 05:24:26+00:00,-5.32,123.26,4.1,19.0,III Buton,Pusat gempa berada di laut 31 km barat Wakatobi,
2026-03-08 06:05:05+00:00,1.9,96.4,5.6,10.0,"III Simeulue, II Aceh Selatan, II Subulussalam",Pusat gempa berada di laut 63 km Tenggara Sinabang,
2026-03-08 23:25:11+00:00,-2.91,132.27,4.1,10.0,III-IV Fak-fak,Pusat gempa berada di darat 4 km BaratLaut Fakfak,
2026-03-09 12:02:54+00:00,2.48,95.98,4.1,58.0,II-III Simeulue,Pusat gempa berada di laut 43 km barat Sinabang,
2026-03-10 21:45:37+00:00,-9.61,120.55,4.8,37.0,III-IV Waingapu,Pusat gempa berada di laut 33 km timur Waingapu,
2026-03-11 00:56:47+00:00,-8.53,117.24,3.5,10.0,II Kab. Sumbawa,Pusat gempa berada di darat 21 km barat Sumbawa,
2026-03-11 02:12:13+00:00,-0.51,121.87,5.0,10.0,III Ampana,Pusat gempa berada di laut 75 km timur laut Tojo Una-Una,
2026-03-12 09:44:59+00:00,4.97,96.72,3.8,10.0,II-III Bener Meriah,Pusat gempa berada di darat 27 km Selatan Kab. Bireuen,
2026-03-12 09:54:24+00:00,4.91,96.8,2.5,10.0,II Bener Meriah,Pusat gempa berada di darat 21 km Utara Kab. Bener Meriah,
2026-03-12 19:18:20+00:00,-7.96,106.92,5.4,43.0,"IV Cidolog, IV Ciracap, III-IV Garut, III-IV Tasikmalaya, III-IV Cidahu, III-IV Cimanggu, III-IV Jampang Tengah, III-IV Kadupandak, III-IV Tegal Buleud, III Bayah, III Kabupaten Bandung, III Klapanunggal, II-III Pangandaran, II-III Ciamis, III-IV Cijati, III Campaka",Pusat gempa berada di laut 115 km BaratDaya Kota Sukabumi,
2026-03-12 20:04:04+00:00,-0.01,111.9,5.3,10.0,"III Sintang, III Sanggau, II Katingan, II Melawi",Pusat gempa berada di darat 81 km utara Melawi,
2026-03-12 23:48:59+00:00,-4.07,121.85,3.2,4.0,"III Kolaka Timur, II - III Kolaka",Pusat gempa berada di darat 8 km selatan Kolaka Timur,
2026-03-13 03:55:25+00:00,-5.66,122.82,3.2,13.0,II-III Wabula,Pusat gempa berada di laut 17 km Selatan Buton,
2026-03-14 17:36:13+00:00,-6.97,106.98,4.2,10.0,"IV Nyalindung, III-IV Sukabumi, III-IV Kabandungan, III-IV Tugubandung, III-IV Cipeuteuy, III-IV Cihamerang, III-IV Mekarjaya, III-IV Cianaga, II-III Cianjur Kota, II-III Cipanas, II-III Kalapanunggal, II Palabuhan Ratu, II Cimahi, II Lembang",Pusat gempa berada di darat 8 km tenggara Kota Sukabumi,
2026-03-14 18:15:29+00:00,-4.13,122.71,3.0,5.0,II-III Moramo,Pusat gempa berada di darat 29 km tenggara Kendari,
2026-03-15 22:28:20+00:00,-4.1,121.87,3.0,3.0,"III Kolaka Timur, II-III Konawe",Pusat gempa berada di darat 11 km Selatan Kolaka Timur,
2026-03-16 11:41:59+00:00,-9.41,118.18,5.0,37.0,"III Sumbawa, III Bima, III Kab. Bima","Pusat gempa berada di laut 91 km baratlaut Kodi, Sumbawa Barat Daya",
2026-03-16 11:53:26+00:00,-2.13,139.05,4.7,11.0,II-III Sarmi,Pusat gempa berada di darat 43 km tenggara Sarmi,
2026-03-16 23:44:22+00:00,-6.74,107.9,3.0,5.0,"II-III Tanjungkerta, II-III Buahdua, II-III Cipadung, II-III Tanjung Medar",Pusat gempa berada di darat 13 km barat laut Kab. Sumedang,
2026-03-17 01:05:15+00:00,-4.1,121.88,2.7,3.0,II Tirawuta,Pusat gempa berada di darat 11 km selatan Kolaka Timur,
2026-03-17 11:41:49+00:00,-5.41,104.65,2.5,5.0,II Tanggamus,Pusat gempa berada di darat 8 km barat laut Tanggamus,
2026-03-17 14:11:00+00:00,1.25,120.86,3.8,10.0,III Toli-Toli,Pusat gempa berada di darat 43 km utara Toli-Toli,
2026-03-17 14:12:58+00:00,1.4100000000000001,120.85,4.5,10.0,III Toli-Toli,Pusat gempa berada di laut 60 km utara Toli-Toli,
2026-03-18 02:13:27+00:00,4.02,117.66,2.7,10.0,III Nunukan,Pusat gempa berada di darat 74 km Utara Tarakan,
2026-03-18 03:42:33+00:00,-6.76,107.67,1.8,18.0,II - III Subang,Pusat gempa berada di darat 23 km barat daya Subang,
2026-03-18 14:24:03+00:00,-4.47,122.69,3.1,10.0,II-III Muna,Pusat gempa berada di darat 36 km utara Muna,
2026-03-18 17:03:39+00:00,4.46,96.51,3.5,9.0,II-III Aceh Tengah,Pusat gempa berada di darat 33 km timur laut Kabupaten Nagan Raya,
2026-03-19 07:07:44+00:00,4.12,97.49,4.2,5.0,"IV Gayo Lues, III Aceh Tamiang, III-IV Aceh Timur, III-IV Lhokseumawe",Pusat gempa berada di darat 21 km timur laut Kab. Gayo Lues,
2026-03-19 07:08:20+00:00,4.21,97.49,3.6,3.0,III Gayo Lues,Pusat gempa berada di darat 29 km Timur laut Kabupaten Gayo Lues,
2026-03-19 15:01:57+00:00,0.13,111.81,3.1,14.0,II Kayan Hilir,Pusat gempa berada di darat 92 km utara Melawi,
2026-03-20 12:28:09+00:00,2.22,96.04,4.6,10.0,IV Simeulue,Pusat gempa berada di laut 46 km barat daya Sinabang,
2026-03-20 19:33:03+00:00,-1.52,119.49,4.3,4.0,III Pasangkayu,Pusat gempa berada di darat 41 km Selatan Pasangkayu,
2026-03-23 04:19:45+00:00,-8.47,115.69,2.7,12.0,II Karangasem,Pusat gempa berada di laut 23 km tenggara Karangasem,
2026-03-23 15:37:22+00:00,-3.2800000000000002,129.15,4.1,2.0,III-IV Negeri Sepa,Pusat gempa berada di darat 26 km Timur Masohi,
2026-03-25 06:36:52+00:00,-5.15,105.3,2.5,10.0,II Metro,Pusat gempa berada di darat 5 Km Barat daya Kota Metro,
2026-03-26 04:39:49+00:00,-3.7199999999999998,123.44,4.9,10.0,"IV Konawe Kepulauan, III Konawe Selatan, III Kendari",Pusat gempa berada di laut 61 km timur laut Konawe Kepulauan,
2026-03-26 07:14:48+00:00,-8.47,115.69,2.8,14.0,II Karangasem,Pusat gempa berada di laut 23 km tenggara Karangasem,
2026-03-26 22:51:02+00:00,-3.08,139.47,6.2,71.0,"II - III Wamena, III Kota Jayapura, III Kab. Jayapura, II - III Kab. Sarmi",Pusat gempa berada di darat 78 km timur laut Yalimo,
2026-03-28 07:35:47+00:00,-3.5,140.48,5.1,64.0,"III Keerom, III Jayapura, II Kab. Jayapura",Pusat gempa berada di darat 33 km BaratDaya SENGGIKEEROM,
2026-03-28 16:56:00+00:00,-4.01,121.56,2.6,3.0,"II-III Latambaga, II-III Kolaka",Pusat gempa berada di darat 8 km Barat Laut Kolaka,
2026-03-28 18:38:32+00:00,-7.73,127.89,6.5,141.0,IV-V Tiakur,Pusat gempa berada di laut 48 km utara Maluku Barat Daya,
2026-03-29 14:29:44+00:00,-3.7199999999999998,122.13,4.0,2.0,"III-IV Konawe Utara, III Konawe",Pusat gempa berada di darat 18 km Timur Laut Konawe,
2026-03-30 19:03:15+00:00,-5.41,104.65,2.1,4.0,"II Kotaagung, II Sumberejo",Pusat gempa berada di darat 8 km utara Tanggamus,
2026-03-30 22:35:28+00:00,-2.7,134.54,4.3,10.0,III-IV Teluk Wondama,Pusat gempa berada di darat 4 km TimurLaut Teluk Wondama,
2026-03-31 04:55:21+00:00,-2.84,134.4,2.9,7.0,II-III Kab. Teluk Wondama,Pusat gempa berada di darat 18 km Barat Daya Teluk Wondama,
2026-03-31 21:54:41+00:00,-4.1,121.87,3.2,5.0,III Kolaka Timur,Pusat gempa berada di darat 11 km selatan Kolaka Timur,
2026-04-01 00:10:03+00:00,-4.06,122.46,2.1,5.0,II-III Konawe Selatan,Pusat gempa berada di darat 9 km Barat Daya Kendari,
2026-04-01 09:07:29+00:00,-4.1,121.87,3.1,3.0,III Kolaka Timur,Pusat gempa berada di darat 11 km selatan Kolaka Timur,
2026-04-01 12:14:01+00:00,-0.32,129.76,5.2,10.0,"III-IV Pulau Gag, III Pulau Gebe, II Kab. Sorong",Pusat gempa berada di laut 119 km barat laut Raja Ampat,
2026-04-01 22:48:14+00:00,1.21,126.25,7.3,18.0,"V-VI Ternate, V Kec. Ibu, IV-V Manado, III Bone Bolango, III Gorontalo Utara, II-III Kabupaten Boalemo, II-III Pohuwato",Pusat gempa berada di laut 127 km Tenggara Bitung,
2026-04-02 02:45:15+00:00,0.5700000000000001,120.63,3.8,30.0,II-III Tolitoli,Pusat gempa berada di darat 19 km Barat Parigimoutong,
2026-04-02 03:17:49+00:00,1.28,126.44,5.6,15.0,"IV-V Batang Dua, IV Ternate, II-III Manado",Pusat gempa berada di laut 116 km Barat Jailolo,
2026-04-02 03:23:51+00:00,1.23,126.57,5.8,10.0,"IV-V Batang Dua, IV Ternate, II-III Manado, II-III Minahasa, II-III Minahasa Tenggara, II-III MInahasa Utara",Pusat gempa berada di laut 102 km Barat Jailolo,
2026-04-02 06:42:46+00:00,-7.64,106.43,4.5,25.0,"III Ciracap, III Surade, III Kabandungan, II-III Cidolog",Pusat gempa berada di laut 73 km barat daya Kab. Sukabumi,
2026-04-02 08:38:58+00:00,1.18,126.26,4.6,25.0,III Manado,Pusat gempa berada di laut 130 km timur Bitung,
2026-04-02 12:51:25+00:00,-3.66,134.89,4.0,26.0,II-III Nabire,Pusat gempa berada di darat 75 km barat daya Nabire,
2026-04-02 13:42:59+00:00,-3.81,122.45,3.1,11.0,,Pusat gempa berada di darat 19 km utara Kendari,
2026-04-02 14:13:47+00:00,1.3900000000000001,126.56,5.5,10.0,"II-III Manado, II-III Tondano, II-III MInahasa Utara",Pusat gempa berada di laut 107 km barat laut Jailolo,
2026-04-02 14:34:55+00:00,1.3599999999999999,126.45,5.7,10.0,III-IV Ternate,Pusat gempa berada di laut 117 km barat laut Jailolo,
2026-04-02 15:34:24+00:00,1.32,126.56,4.7,12.0,III Batang Dua,Pusat gempa berada di laut 105 km Barat Laut Jailolo,
2026-04-02 15:36:35+00:00,-3.5700000000000003,134.93,5.5,10.0,III Nabire,Pusat gempa berada di darat 68 km Barat Daya Nabire,
2026-04-02 16:10:26+00:00,1.25,126.24,5.2,10.0,III Batang Dua,Pusat gempa berada di laut 126 km Tenggara Bitung,
2026-04-02 16:33:55+00:00,1.1400000000000001,126.44,4.2,18.0,II-III Batang Dua,Pusat gempa berada di laut 111 km Barat Ternate,
2026-04-02 18:46:10+00:00,1.27,126.27,4.2,20.0,II-III Batang Dua,Pusat gempa berada di laut 129 km timur Bitung,
2026-04-02 19:08:00+00:00,1.2,126.23,4.4,16.0,II-III Batang Dua,Pusat gempa berada di laut 126 km timur Bitung,
2026-04-02 20:00:35+00:00,-4.1,121.88,3.4,5.0,III-IV Kolaka Timur,Pusat gempa berada di darat 11 km selatan Kolaka Timur,
2026-04-02 21:06:25+00:00,1.12,126.48,3.5,52.0,II-III Batang Dua,Pusat gempa berada di laut 106 km barat Ternate,
2026-04-02 21:20:33+00:00,1.28,126.19,3.4,32.0,II-III Batang Dua,Pusat gempa berada di laut 120 km timur Bitung,
2026-04-02 23:16:25+00:00,-2.76,134.46,3.1,10.0,II Teluk Wondama,Pusat gempa berada di laut 7 km barat daya Teluk Wondama,
2026-04-03 00:22:18+00:00,1.27,126.62,5.4,10.0,III-IV Kota Ternate,Pusat gempa berada di laut 96 km barat laut Jailolo,
2026-04-03 00:32:55+00:00,1.23,126.83,5.2,10.0,,Pusat gempa berada di laut 94 km barat Jailolo,
2026-04-03 03:37:14+00:00,0.99,126.45,5.3,10.0,"II-III Manado, II-III Tondano",Pusat gempa berada di laut 104 km baratlaut Ternate,
2026-04-03 04:42:04+00:00,1.44,126.26,5.2,17.0,"III Batang Dua, III Ternate",Pusat gempa berada di laut 126 km Timur Bitung,
2026-04-03 08:49:57+00:00,1.33,126.44,4.2,10.0,IV-V Batang Dua,Pusat gempa berada di laut 118 km barat Jailolo,
2026-04-03 09:24:07+00:00,1.48,126.32,4.9,10.0,II - III Batang Dua,Pusat gempa berada di laut 118 km barat Jailolo,
2026-04-03 10:59:05+00:00,1.46,126.37,5.0,10.0,II-III Bitung,Pusat gempa berada di laut 129 km baratlaut Jailolo,
2026-04-03 21:19:04+00:00,1.53,126.34,5.0,10.0,II Bitung,Pusat gempa berada di laut 135 km barat laut Jailolo,
2026-04-04 01:14:32+00:00,0.24,97.76,4.5,27.0,II-III Teluk Dalam,Pusat gempa berada di laut 38 km Selatan Nias Selatan,
2026-04-04 01:35:01+00:00,1.18,126.18,5.8,29.0,"IV Manado, IV Bitung, III Tondano",Pusat gempa berada di laut 121 km Tenggara Bitung,
2026-04-04 05:21:18+00:00,-6.03,104.24,4.5,26.0,III Bengkunat,Pusat gempa berada di laut 78 km barat daya Tanggamus,
2026-04-04 10:34:30+00:00,4.9,126.29,6.2,31.0,"III-IV Kepulauan Talaud, III-IV Naha, II-III Manado",Pusat gempa berada di laut 89 km barat laut Pulau Karatung,
2026-04-04 11:21:11+00:00,-2.05,100.05,5.7,11.0,"III-IV Padang, III-IV Kabupaten Padang Pariaman, III-IV Kota Pariaman, II-III Kabupaten Solok, II-III Kota Solok, II Bukittinggi, II Kota Padang Panjang",Pusat gempa berada di laut 51 km tenggara Tuapejat,
2026-04-05 02:26:12+00:00,-6.89,107.08,2.2,10.0,II Cugenang,Pusat gempa berada di darat 10 km baratdaya Kab Cianjur,
2026-04-05 19:23:15+00:00,-4.08,121.85,2.9,5.0,III Kolaka Timur,Pusat gempa berada di darat 8.9 km barat daya Kolaka Timur,
2026-04-05 22:18:02+00:00,0.97,126.4,4.4,35.0,II-III Ternate,Pusat gempa berada di laut 110 km barat Ternate,
2026-04-06 00:18:24+00:00,-3.56,128.71,2.3,3.0,II - III Saparua,Pusat gempa berada di laut 40 km barat daya Maluku Tengah,
2026-04-06 01:56:46+00:00,1.42,126.4,4.0,21.0,II - III Batang Dua,Pusat gempa berada di laut 126 km barat Jailolo,
2026-04-07 03:43:09+00:00,1.19,126.19,4.0,36.0,"II-III Ternate, IV-V Batang Dua",Pusat gempa berada di laut 122 km Timur Bitung,
2026-04-07 06:44:18+00:00,1.1,120.94,4.3,10.0,III Toli-toli,Pusat gempa berada di darat 32 km Timur Laut Toli-toli,
2026-04-07 13:40:17+00:00,-6.2,103.73,4.8,27.0,"II-III Liwa, II Bengkunat, II Pringsewu, II Semaka",Pusat gempa berada di laut 114 km BaratDaya Pesisir Barat,
2026-04-08 16:17:47+00:00,-8.43,123.12,4.7,10.0,III Lembata,Pusat gempa berada di darat 22 km tenggara Larantuka,
2026-04-08 21:54:48+00:00,-8.44,123.14,3.8,3.0,II-III Flotim,Pusat gempa berada di darat 24 km tenggara Larantuka,
2026-04-09 05:40:11+00:00,-8.43,123.14,2.9,3.0,II-III Lembata,Pusat gempa berada di darat 24 km Tenggara Larantuka,
2026-04-09 12:51:45+00:00,-8.45,123.18,2.7,7.0,II-III Flores Timur,Pusat gempa berada di laut 28 Km Tenggara Larantuka,
2026-04-09 21:26:40+00:00,1.33,126.35,3.8,6.0,III-IV Batang Dua,Pusat gempa berada di laut 128 km Barat Jailolo,
2026-04-10 05:30:02+00:00,1.29,126.39,3.9,3.0,II-III Batang Dua,Pusat gempa berada di laut 122 km barat Jailolo,
2026-04-10 05:39:16+00:00,-8.36,123.13,3.8,3.0,II-III Kabupaten Flores Timur,Pusat gempa berada di darat 19 km timur Larantuka,
2026-04-10 05:52:24+00:00,1.3599999999999999,126.47,4.2,2.0,II-III Batang Dua,Pusat gempa berada di laut 115 km barat Jailolo,
2026-04-10 11:08:55+00:00,-3.43,102.33,5.3,89.0,"II-III Kota Bengkulu, II-III Arga Makmur, II-III Kepahiang, II Muko-Muko, II-III Putri Hijau",Pusat gempa berada di darat 14 km TimurLaut Bengkulu Utara,
2026-04-10 13:24:48+00:00,1.35,126.43,3.8,3.0,III Batang Dua,Pusat gempa berada di laut 119 km Barat Jailolo,
2026-04-10 13:50:28+00:00,1.31,126.46,4.1,1.0,III Batang Dua,Pusat gempa berada di laut 115 km Barat Jailolo,
2026-04-10 13:56:45+00:00,-2.52,121.0,3.6,4.0,III Mangkutana,Pusat gempa berada di darat 17 km Barat Laut Luwu Timur,
2026-04-10 17:35:22+00:00,-3.1,128.16,3.3,5.0,III-IV Piru,Pusat gempa berada di laut 6 km Barat Daya Seram Bagian Barat,
2026-04-10 20:40:56+00:00,-1.32,134.14,4.3,10.0,II Ransiki,Pusat gempa berada di darat 21 km Utara Ransiki,
2026-04-10 21:30:16+00:00,-8.43,123.14,2.6,5.0,II-III Flores Timur,Pusat gempa berada di darat 23 km Tenggara Larantuka,
2026-04-11 05:19:00+00:00,-8.45,123.17,2.5,6.0,II-III Kab. Flores Timur,Pusat gempa berada di laut 28 km Tenggara Larantuka,
2026-04-11 13:49:25+00:00,4.21,97.61,4.0,10.0,III Gayo Lues,Pusat gempa berada di darat 39 km Timur Laut Kab. Gayo Lues,
2026-04-11 19:03:13+00:00,-9.74,119.19,4.3,20.0,II-III Kab. Sumba Timur,Pusat gempa berada di darat 21 km Barat Wanokaka,
2026-04-12 02:40:36+00:00,1.9300000000000002,94.63,5.7,10.0,II Nias Utara,Pusat gempa berada dilaut 202 km barat daya Sinabang,
2026-04-12 03:09:20+00:00,1.27,126.53,3.0,10.0,II-III Batang Dua,Pusat gempa berada di laut 107 km barat Jailolo,
2026-04-13 15:39:05+00:00,-4.12,122.61,2.3,5.0,II Konawe Selatan,Pusat gempa berada di darat 20 km tenggara Kendari,
2026-04-14 03:52:57+00:00,-4.6,120.44,2.5,9.0,II-III Palakka,Pusat gempa berada di laut 16 Km Tenggara Bone Sulawesi Selatan,
2026-04-14 08:10:37+00:00,1.23,126.5,4.5,19.0,II-III Pulau Batang Dua,Pusat gempa berada di laut 110 km barat laut Ternate,
2026-04-14 12:14:00+00:00,3.03,97.25,3.6,12.0,II-III Aceh Selatan,Pusat gempa berada di laut 30 km selatan Kab. Aceh Selatan,
2026-04-14 23:00:55+00:00,-3.9699999999999998,122.54,2.8,5.0,III Kendari,Pusat gempa berada di darat 3 km timur Kendari,
2026-04-15 02:10:43+00:00,-7.32,117.14,5.0,469.0,II Badung,Pusat gempa berada di laut 122 km Timur Laut Pulau Saringi,
2026-04-16 04:21:48+00:00,-4.5600000000000005,122.8,3.3,10.0,"III Maligano, III Raha",Pusat gempa berada di laut 29 km utara Muna,
2026-04-17 17:41:50+00:00,-3.99,122.54,2.5,5.0,III Kendari,Pusat gempa berada di darat 4 km tenggara Kendari,
2026-04-17 21:13:00+00:00,-4.04,122.56,2.8,5.0,"III Kendari, II Konawe Selatan",Pusat gempa berada di darat 10 km Tenggara Kendari,
2026-04-17 23:21:27+00:00,-0.1,123.9,5.8,102.0,"II-III Kab. Gorontalo, II Minahasa Tenggara, III Kota Gorontalo, III Bone Bolango, II-III Bolaang Mongondow Timur, II-III Bolaang Mongondow Selatan",Pusat gempa berada di laut 53 km barat daya Bolaanguki-BOLSEL,
2026-04-17 23:27:32+00:00,1.29,126.33,4.2,22.0,II-III Batang Dua,Pusat gempa berada di laut 129 km barat Jailolo,
2026-04-17 23:29:36+00:00,1.29,126.37,4.5,23.0,II-III Batang Dua,Pusat gempa berada di laut 124 km barat Jailolo,
2026-04-18 02:14:32+00:00,1.27,126.33,4.3,18.0,II-III Batang Dua,Pusat gempa berada di laut 128 km barat laut Ternate,
2026-04-18 20:06:49+00:00,1.1400000000000001,97.04,5.9,10.0,"V Gunung Sitoli, IV Nias Barat, IV Nias Utara, IV Tapanuli Tengah",Pusat gempa berada di laut 48km barat daya Nias Utara,
2026-04-19 03:48:20+00:00,-8.25,123.49,2.5,4.0,II Kab. Lembata,Pusat gempa berada di darat 25 km utara Lembata,
2026-04-20 11:09:38+00:00,1.3900000000000001,117.55,4.2,10.0,"II-III Kecamatan Karangan, II Berau",Pusat gempa berada di darat 76 km selatan Berau,
2026-04-20 12:11:29+00:00,-7.28,106.36,3.4,34.0,II Cidolog,Pusat gempa berada di laut 39 km baratdaya Kab. Sukabumi,
2026-04-20 13:36:27+00:00,-8.47,123.15,3.1,6.0,III-IV Solor Timur,Pusat gempa berada di laut 27 km tenggara Larantuka,
2026-04-20 18:47:06+00:00,-2.03,139.25,5.3,10.0,II-III Sarmi,Pusat gempa berada di laut 57 km Timur Sarmi,
2026-04-21 00:14:37+00:00,-3.6,126.1,4.2,66.0,"I-II Namlea, I-II Namrole",Pusat gempa berada di laut 117 km barat Buru,
2026-04-21 03:17:08+00:00,-8.99,124.2,6.0,31.0,"III-IV Atambua, III Maumere, II-III Kota Kupang, II-III Kabupaten Kupang, II-III Kefamenanu, II-III Malaka, II-III Soe, II-III Lembata, II-III Larantuka, II-III Alor, II-III Ende, II Rote",Pusat gempa berada di laut 67 Km barat laut Timor Tengah Utara,
2026-04-21 04:18:30+00:00,-8.45,123.12,2.6,11.0,"II-III Adonara, II-III Solor",Pusat gempa berada di darat 23 km Tenggara Larantuka,
2026-04-22 05:17:58+00:00,-4.65,102.17,4.5,10.0,II Kota Bengkulu,Pusat gempa berada di laut 78 km utara Enggano,
2026-04-22 21:34:44+00:00,-8.21,115.02,3.8,10.0,"III Kab. Buleleng, III Kab. Tabanan",Pusat gempa berada di darat 13 km barat daya Buleleng,
2026-04-23 03:48:21+00:00,-8.37,123.18,3.8,10.0,II - III Flores Timur,Pusat gempa berada di laut 24 km timur Larantuka,
2026-04-23 15:15:23+00:00,-2.41,120.87,3.4,5.0,III Mangkutana,Pusat gempa berada di darat 36 km barat laut Luwu Timur,
2026-04-24 04:45:19+00:00,1.18,126.42,5.0,12.0,"II-III Ternate, III-IV Batang Dua",Pusat gempa berada di laut 114 km barat laut Ternate,
2026-04-24 08:41:37+00:00,1.51,126.62,4.6,11.0,II-III Batang Dua,Pusat gempa berada di laut 107 km barat laut Jailolo,
2026-04-25 03:42:40+00:00,-4.49,129.9,3.1,3.0,II-III Banda,Pusat gempa berada di laut 167 km barat daya Seram Bagian Timur,
2026-04-25 03:48:48+00:00,-4.5,129.82,2.9,3.0,II-III Banda,Pusat gempa berada dilaut 129 km Selatan Tehoru,
2026-04-25 23:01:03+00:00,-5.44,103.59,4.7,32.0,"III Liwa, III Pesisir Barat",Pusat gempa berada di laut 47 km baratdaya Pesisir Barat,
2026-04-27 01:56:15+00:00,-7.07,110.28,2.6,5.0,"II Boja, Kendal",Pusat gempa berada di darat 14 km barat laut Kabupaten Semarang,
2026-04-27 14:53:53+00:00,-5.34,104.6,2.3,7.0,II Tanggamus,Pusat gempa berada di darat 18 km Barat Laut Tanggamus,
2026-04-27 18:45:39+00:00,-8.09,107.74,4.0,19.0,"II-III Cipatujah, Kab. Tasikmalaya, II-III Cigalontang, Kab. Tasikmalaya, II-III Singajaya, Kab. Garut, II Sukasari, Kab. Bandung Barat , II-III Pakenjeng, Kab. Garut, II-III Kab. Ciamis, II-III Pangandaran",Pusat gempa berada di laut 90 km barat daya Kab. Tasikmalaya,
2026-04-28 10:47:45+00:00,0.8,127.4,2.0,5.0,II Ternate Utara,Pusat gempa berada di laut 4 Km Timur Laut Ternate,
2026-04-29 08:14:16+00:00,-9.22,118.13,4.4,56.0,"II Kab.Sumbawa, II Kab.Sumbawa Barat, II Kab. Bima",Pusat gempa berada di laut 84 km barat daya Dompu,
2026-04-29 10:09:04+00:00,-2.54,121.06,4.3,6.0,"III Malili, III Sorowako",Pusat gempa berada di darat 10 km Barat Laut Luwu Timur,
2026-04-29 16:33:06+00:00,-2.19,100.59,4.2,25.0,"II-III Pulau Pagai, II-III Pesisir Selatan, II-III Kerinci, I-II Muko-Muko, I-II Teluk Bayur",Pusat gempa berada di laut 72 km barat laut Mukomuko,
2026-04-30 18:36:35+00:00,-0.49,134.32,4.5,10.0,III Manokwari,Pusat gempa berada di laut 54 km timurlaut Manokwari,
2026-05-01 09:24:24+00:00,-1.31,134.4,5.1,12.0,"III Ransiki, II-III Manokwari",Pusat gempa berada di laut 33 km Timur Laut Ransiki,
2026-05-02 07:42:33+00:00,-7.79,107.27,4.0,28.0,II Cidolog,Pusat gempa berada di laut 90 km barat daya Kab. Bandung,
2026-05-02 11:04:12+00:00,-7.76,107.25,4.1,28.0,"II-III Cikelet, II-III Kertasari, II-III Pangalengan, II-III Tasik Selatan, II Cimaung, II Soreang",Pusat gempa berada di laut 87 km Barat Daya Kab Bandung,
2026-05-03 16:51:56+00:00,1.15,126.81,4.6,39.0,II-III Kota Ternate,Pusat gempa berada di laut 74 km barat Jailolo,
2026-05-03 19:06:13+00:00,-8.25,108.27,4.0,29.0,"II-III Banjarwangi, II-III Manonjaya, II-III Singaparna, II-III Cikatomas, II-III Sukaramet, II-III Cimaragas, II-III Banjaranyar, II-III Banjarsari, II-III Pangandaran",Pusat gempa berada di laut 66 km selatan Kab. Pangandaran,
2026-05-04 00:56:54+00:00,-7.17,107.83,2.8,4.0,"II-III Kamojang, II-III Leles, II-III Tarogong, II-III Bayongbong, II-III Banyuresmi, II-III Samarang, II-III Kadungora, II-III Sukaresmi, II-III Nagrek",Pusat gempa berada di darat 9 km barat laut Kab. Garut,
2026-05-04 03:37:09+00:00,3.13,126.54,4.4,67.0,II-III Naha,Pusat gempa berada di laut 98 km selatan Melonguane,
2026-05-04 05:09:03+00:00,4.74,96.72,2.5,5.0,II-III Bener Meriah,Pusat gempa berada di darat 16 km barat Bener Meriah,
2026-05-04 05:56:11+00:00,4.74,96.77,3.2,10.0,III Bener Meriah,Pusat gempa berada di darat 10 km Barat Bener Meriah,
2026-05-04 22:14:39+00:00,-8.08,107.92,4.2,14.0,"III Cipatujah, III Langkaplancar, II-III Kota Tasikmalaya, II-III Cikoneng, Ciamis, III Pangandaran, II-III Puspahiang, II-III Kota Banjar",Pusat gempa berada di laut 76 km barat daya Kabupaten Pangandaran,
2026-05-05 06:44:50+00:00,-10.11,119.3,6.0,10.0,"IV Waingapu, IV Karuni, IV Tambolaka, IV Waibakul, IV Waikabubak, III Kab. Bima , III Kota Bima, III Kab. Sumbawa Barat, III Kab. Sumbawa, II Denpasar",Pusat gempa berada di laut 37 km Barat Daya Wanokaka,
2026-05-05 13:17:30+00:00,-5.44,104.65,2.0,10.0,II Gisting,Pusat gempa berada di darat 6 km barat laut Tanggamus,
2026-05-07 06:17:45+00:00,-4.8,122.65,2.9,2.0,II-III Muna Barat,Pusat gempa berada di darat 7 km barat Muna,
2026-05-09 00:10:29+00:00,-1.8900000000000001,139.19,4.6,10.0,II Sarmi,Pusat gempa berada di laut 48 km tenggara Sarmi,
2026-05-10 06:24:55+00:00,3.5700000000000003,98.74,3.0,8.0,II Medan,Pusat gempa berada di darat 15 km barat Deli Serdang,
2026-05-10 12:24:33+00:00,1.2,120.33,4.8,8.0,"II-III Tolitoli, II-III Buol",Pusat gempa berada di laut 60 km barat laut Toli-Toli,
2026-05-11 13:40:41+00:00,-4.06,121.87,2.4,9.0,"II-III Kolaka Timur, II-III Kolaka",Pusat gempa berada di darat 6 km Selatan KOLAKATIMUR,
2026-05-11 21:06:20+00:00,-4.08,121.79,2.9,10.0,"III Kolaka Timur, II-III Kolaka",Pusat gempa berada di darat 12 km barat daya Kolaka Timur,
2026-05-13 06:37:38+00:00,-4.66,122.06,2.3,3.0,II-III Bombana,Pusat gempa berada di laut 10 km timur laut Bombana,
2026-05-14 06:27:35+00:00,-2.15,100.01,4.0,45.0,"I-II Pagai, I-II Sipora",Pusat gempa berada di laut 49 km timur Tuapejat,
2026-05-14 17:53:15+00:00,-6.09,130.56,6.7,163.0,"II-III Saumlaki, II-III Banda, II-III Tual, II-III Masela, II-III Sorong, II-III Raja Ampat, II-III Fak-Fak, II-III Kaimana",Pusat gempa berada di laut 225 km utara Tanimbar,
2026-05-16 01:48:20+00:00,-7.23,106.69,3.5,87.0,II Cidolog,Pusat gempa berada di darat 31 km tenggara Kab. Sukabumi,
2026-05-16 08:34:38+00:00,-1.2,119.89,4.8,10.0,"III Palu, IV Sigi",Pusat gempa berada di darat 21 km utara Sigi,
2026-05-16 16:06:05+00:00,-8.86,111.63,4.3,17.0,"III Trenggalek, II Pacitan, II Bantul",Pusat gempa berada di laut 87 km Selatan Trenggalek,
2026-05-17 00:30:08+00:00,4.77,96.82,2.2,4.0,II Bener Meriah,Pusat gempa berada di darat 7 km Barat Laut Kab. Bener Meriah,
2026-05-17 07:23:19+00:00,-3.47,135.51,3.6,43.0,II Nabire,Pusat gempa berada di darat 12 km tenggara Nabire,
2026-05-17 15:15:01+00:00,-7.53,106.69,4.5,25.0,"II Palabuhan Ratu, II Cisolok, II Cibadak, II Cisaat, II Cidahu, II Cicantayan, II Nagrak, II Ciwidey, II Nyalindung, II Lengkong, II Parungkuda, II Caringin, II Sukabumi, II Cianjur, III Cidolog, III Cidadap, III Pabuaran, III Surade, III Ciracap, III Ciemas, III Jampang Kulon",Pusat gempa berada di laut 63 km Selatan Kab Sukabumi,
2026-05-17 15:38:03+00:00,-3.8200000000000003,128.44,3.8,10.0,II-III Ambon,Pusat gempa berada di laut 78 km Timur Buru Selatan,
2026-05-17 17:58:34+00:00,-3.93,128.38,4.8,4.0,III Ambon,Pusat gempa berada di laut 72 km timur Buru Selatan,
2026-05-18 00:32:20+00:00,-2.02,120.69,3.9,5.0,III Kabupaten Poso,Pusat gempa berada di darat 70 km Timur Laut Luwu Utara,
2026-05-19 06:47:26+00:00,-5.79,112.55,3.9,5.0,II-III Bawean,Pusat gempa berada di laut 135 km Timur Laut Tuban,
2026-05-19 10:50:27+00:00,-6.88,106.81,2.6,12.0,II-III Nagrak,Pusat gempa berada di darat 13 km barat laut Sukabumi,
2026-05-19 18:51:08+00:00,-4.04,121.96,2.9,10.0,III Kolaka Timur,Pusat gempa berada di darat 11 km tenggara Kolaka Timur,
2026-05-20 02:03:27+00:00,2.44,96.2,4.5,16.0,II-III Simeulue,Pusat gempa berada di laut 19 km barat Sinabang,
2026-05-20 10:28:50+00:00,-8.09,119.21,5.2,12.0,"III Kota Bima, III Kab. Bima, III Kab. Dompu",Pusat gempa berada di laut 65 km Timur Laut Kota Bima,
2026-05-20 13:50:40+00:00,-2.44,120.98,4.3,10.0,III Luwu Timur,Pusat gempa berada di darat 25 km Barat Laut Luwu Timur,
2026-05-20 15:25:22+00:00,-5.33,104.63,2.3,5.0,II-III Ulu Belu,Pusat gempa berada di darat 17 km BaratLaut Tanggamus,
2026-05-20 21:04:56+00:00,-8.34,108.25,4.6,23.0,"III Tasikmalaya, III Garut, II-III Ciamis",Pusat gempa berada di laut 76 km selatan Pangandaran,
2026-05-21 04:56:40+00:00,-6.87,106.79,2.9,15.0,"II-III Ciambar, III Cibadak",Pusat gempa berada di darat 16 km Barat Laut Kota Sukabumi,
2026-05-22 00:10:31+00:00,-2.32,140.5,3.7,10.0,"II Kota Jayapura, II Kabupaten Jayapura",Pusat gempa berada di laut 31 km timur laut Kabupaten Jayapura,
2026-05-22 01:05:09+00:00,1.07,126.18,5.8,26.0,"III-IV Batang Dua, II-III Sofifi, II-III Halmahera Barat, II-III Tidore, II-III Manado, III Ternate, III MInahasa Utara",Pusat gempa berada di laut 124 km tenggara Bitung,
2026-05-22 06:28:00+00:00,4.19,97.55,4.4,10.0,"III Gayo Lues, III Sentang Blangkejeren",Pusat gempa berada di darat 31 km Timur Laut Kabupaten Gayolues,
2026-05-22 13:13:17+00:00,-4.61,122.45,3.4,6.0,II-III Muna Barat,Pusat gempa berada di laut 21 km Utara Muna Barat,
2026-05-22 13:39:23+00:00,-4.71,103.1,3.6,10.0,"III Kaur, III Muara Sahung, II Muara Dua, II Oku Selatan, II Lemong, II Pesisir Barat",Pusat gempa berada di laut 29 km Barat Laut Kaur,
2026-05-22 17:05:37+00:00,-2.29,140.49,3.6,5.0,II Kab. Jayapura,Pusat gempa berada di laut 34 km Timur Laut Kab. Jayapura,
2026-05-23 12:40:26+00:00,-4.67,102.57,5.3,17.0,"III-IV Bengkulu Selatan, III-IV Kaur, III-IV Seluma Kota Bengkulu, III Kepahiang, III Rejang Lebong, III Musi Rawas",Pusat gempa berada di laut 45 km barat daya Bengkulu Selatan,
2026-05-24 15:33:11+00:00,0.98,126.15,4.8,22.0,"II-III Manado, II-III Bitung, II-III MInahasa Utara, II-III Minahasa Tenggara",Pusat gempa berada di laut 125 km Tenggara Bitung,
2026-05-25 20:39:21+00:00,1.06,126.19,5.7,22.0,"III Ternate, III Manado, III Tondano, III Bolaang Mongondow Timur, III Tomohon, III Bitung",Pusat gempa berada dilaut 125 Tenggara Bitung,
2026-05-26 08:39:10+00:00,-9.01,113.84,5.1,10.0,"IV Jember, III Bondowoso, III Malang, II Blitar, III-IV Banyuwangi, II-III Denpasar, II Trenggalek, III Kuta, III Kuta Selatan",Pusat gempa berada di laut 93 km tenggara Jember,
2026-05-26 09:30:12+00:00,-3.22,129.01,3.0,10.0,I-II Amahai,Pusat gempa berada di darat 11 km Timur Laut Maluku Tengah,
2026-05-26 19:49:05+00:00,4.12,97.48,4.4,4.0,"III Aceh Tamiang, II Langsa, II Aceh Tengah",Pusat gempa berada di darat 20 km timur laut Gayolues,
2026-05-28 20:03:25+00:00,-8.53,116.08,3.7,11.0,"III Kota Mataram , III Kab. Lombok Utara, III Kab. Lombok Barat, II Kab. Lombok Tengah",Pusat gempa berada di darat 18 km utara Lombok Barat,
2026-05-28 20:59:10+00:00,-8.37,109.03,4.6,30.0,II-III Cilacap,Pusat gempa berada di laut 71 km tenggara Cilacap,
2026-05-28 21:43:40+00:00,-8.49,116.07,3.1,13.0,"II Kota Mataram , II Lombok Barat",Pusat gempa berada di darat 18 km Barat Daya Lombok Utara,
2026-05-28 23:20:01+00:00,-8.53,116.08,3.2,10.0,"II Kota Mataram , II Lombok Barat, II Lombok Tengah",Pusat gempa berada di Darat 18 km utara Lombok Barat,
2026-05-29 06:25:21+00:00,2.56,98.64,3.2,4.0,II Samosir,Pusat gempa berada di darat 10 km Barat Daya Samosir,
2026-05-29 14:34:43+00:00,-3.56,122.3,4.6,4.0,"III-IV Konawe Utara, III-IV Kendari, III Konawe Selatan, III Konawe",Pusat gempa berada di darat 22 km timur Konawe Utara,
2026-05-29 14:50:23+00:00,-5.33,104.62,3.0,4.0,I-II Ulu Belu Tanggamus,Pusat gempa berada di darat 18 Km barat laut Tanggamus,
2026-05-29 15:37:35+00:00,-6.87,108.46,2.4,14.0,II Kuningan,Pusat gempa berada di darat 12 Km utara Kuningan,
2026-05-29 21:46:49+00:00,-3.56,122.28,3.2,4.0,III Konawe Utara,Pusat gempa berada di darat 19 km timur Konawe Utara,
2026-05-31 21:28:19+00:00,-2.01,140.27,4.4,7.0,"II Kota Jayapura, II Kab. Jayapura",Pusat gempa berada di laut 65 km utara Sentani,
2026-05-31 21:30:07+00:00,-8.89,117.64,3.9,10.0,"III Kab. Sumbawa, III Kab. Sumbawa Barat",Pusat gempa berada di darat 50 km tenggara Sumbawa,
2026-06-01 10:32:23+00:00,-5.32,104.6,2.8,9.0,"II-III Tanggamus, II-III Ulu Belu",Pusat gempa berada di darat 20 km barat laut Tanggamus,
2026-06-01 23:01:16+00:00,-1.94,138.95,5.4,10.0,IV Sarmi,Pusat gempa berada di laut 22 km tenggara Sarmi,
2026-06-01 23:01:17+00:00,-2.03,138.91,5.1,19.0,IV Sarmi,Pusat gempa berada di darat 24 km tenggara Sarmi,
2026-06-02 02:17:04+00:00,-3.67,135.41,4.0,13.0,II-III Nabire,Pusat gempa berada di darat 36 km selatan Nabire,
2026-06-02 19:39:49+00:00,-3.96,122.52,2.6,6.0,II-III Kendari,Pusat gempa berada di darat 2 km utara Kendari,
2026-06-02 23:46:48+00:00,-3.54,122.27,3.4,6.0,II-III Konawe Utara,Pusat gempa berada di darat 18 km timur Konawe Utara,
2026-06-02 23:53:16+00:00,-3.56,122.25,3.5,9.0,II-III Konawe Utara,Pusat gempa berada di laut 16 km timur Konawe Utara,
2026-06-03 01:00:38+00:00,-3.54,122.26,3.3,5.0,II-III Konawe Utara,Pusat gempa berada di darat 17 km timur Konawe Utara,
2026-06-03 01:51:45+00:00,-4.63,122.38,2.9,4.0,"II Muna Barat , II Konawe Selatan",Pusat gempa berada di laut 22 km barat laut Muna Barat,
2026-06-03 03:29:40+00:00,-3.52,122.29,3.0,10.0,II Konawe Utara,Pusat gempa berada di laut 20 km timur Konawe Utara,
2026-06-03 10:18:23+00:00,-4.11,121.81,2.9,5.0,"III Kolaka Timur, III Konawe Selatan",Pusat gempa berada di darat 14 km barat daya Kolaka Timur,
2026-06-03 16:55:38+00:00,-8.24,120.14,5.3,164.0,III Waingapu,Pusat gempa berada di laut 39 km TimurLaut LABUANBAJO,
2026-06-03 22:58:46+00:00,-3.92,122.59,3.2,4.0,III Kendari,Pusat gempa berada di darat 11 km timur laut Kendari,
2026-06-04 04:37:30+00:00,-0.8,133.32,4.8,19.0,II-III Kab. Manokwari,Pusat gempa berada di darat 30 km timur laut Kebar-Manokwari,
2026-06-04 23:28:33+00:00,-0.18,123.13,5.6,91.0,"III-IV Luwuk, III Gorontalo, II Taliabu, III-IV Bone Bolango, II-III Pohuwatu, II-III Boalemo, II-III Gorontalo Utara",Pusat gempa berada di laut 70 km timur laut Pulau Puah,
2026-06-05 07:02:39+00:00,-3.5300000000000002,122.26,3.2,8.0,III Konawe Utara,Pusat gempa berada di darat 16 km Timur KONAWEUTARA,
2026-06-05 15:57:07+00:00,-7.8100000000000005,127.32,6.0,120.0,III Tiakur,Pusat gempa berada di Laut 64 km barat laut Maluku Barat Daya,
2026-06-05 21:35:38+00:00,0.54,99.56,3.9,5.0,III Mandailing Natal,Pusat gempa berada didarat 37km Selatan Mandailing Natal,
2026-06-06 10:18:30+00:00,-5.34,104.73,2.8,3.0,II-III Tanggamus,Pusat gempa berada di darat 16 km utara Tanggamus,
2026-06-06 12:57:14+00:00,-6.92,107.12,3.5,7.0,"II-III Cianjur, II-III Cibeber, II-III Cilaku, II-III Warungkondang, II-III Cugenang, II-III Campaka, II Sukabumi",Pusat gempa berada di darat 11 km barat daya Kab. Cianjur,
2026-06-07 02:35:35+00:00,-8.12,107.89,3.9,7.0,II Parigi,Pusat gempa berada di laut 81 km barat daya Kab. Pangandaran,
2026-06-07 05:32:24+00:00,4.74,96.75,4.2,10.0,"III-IV Bener Meriah, III-IV Takengon",Pusat gempa berada di darat 12 km barat Kab. Bener Meriah,
2026-06-07 05:53:04+00:00,4.77,96.77,2.6,5.0,II-III Bener Meriah,Pusat gempa berada di darat 11 km barat laut Kab. Bener Meriah,
2026-06-07 06:01:18+00:00,4.67,96.83,2.5,5.0,II-III Bener Meriah,Pusat gempa berada di darat 5 km utara Takengon,
2026-06-07 06:13:31+00:00,4.68,96.79,2.9,5.0,II-III Bener Meriah,Pusat gempa berada di darat 9 km barat laut Takengon,
2026-06-07 13:06:08+00:00,2.5,96.13,4.5,10.0,II-III Simeulue,Pusat gempa berada di laut 27 km barat Sinabang,
2026-06-07 23:37:42+00:00,5.69,125.05,7.7,105.0,"IV Morotai, IV Halmahera Utara, IV Toli-Toli, III-IV Kab. Gorontalo Utara, III Batang Dua, III Ternate, III Halmahera Barat, III Gorontalo, III Halmahera Selatan, III Halmahera Timur, III Parigi Moutong, III Manado, III Minahasa, III Palu, III Bitung, III Bolaang Mongondow Timur, III Halmahera Tengah",Pusat gempa berada di laut 244 km barat laut Pulau Karatung,
2026-06-08 00:55:10+00:00,5.41,125.29,6.0,10.0,"III Kab. Gorontalo, II-III Manado, II MInahasa Utara, II Kota Gorontalo","Pusat gempa berada di laut 201 km baratlaut Tahuna, Kepulauan Sangihe",
2026-06-08 05:49:13+00:00,4.75,96.81,3.0,4.0,II - III Bener Meriah,Pusat gempa berada di darat 6 km barat laut Kabupaten Bener Meriah,
2026-06-08 06:28:14+00:00,-1.99,124.41,3.8,3.0,II Taliabu,Pusat gempa berada di laut 5 km tenggara Bobong,
2026-06-08 06:39:24+00:00,-0.88,100.25,4.5,68.0,"III Padang Pariaman, III Kota Padang",Pusat gempa berada di laut 28 km selatan Padang Pariaman,
2026-06-08 16:09:13+00:00,-3.54,122.3,3.6,3.0,,Pusat gempa berada di darat 21 km Timur Konawe Utara,
2026-06-08 16:09:52+00:00,-3.55,122.25,3.6,5.0,III Konawe Utara,Pusat gempa berada di darat 16 km Timur Konawe Utara,
2026-06-08 21:55:59+00:00,-3.5700000000000003,122.35,3.7,7.0,III Konawe Utara,Pusat gempa berada di darat 27 km timur Konawe Utara,
2026-06-09 04:33:45+00:00,-6.7,107.59,2.3,5.0,"II-III Ciater, II-III Sagalaherang, II-III Serangpanjang",Pusat gempa berada di darat 18 km timur laut Kabupaten Bandung,
2026-06-09 06:15:14+00:00,5.27,125.32,5.1,10.0,II Kep. Sangihe,Pusat gempa berada di laut 185 km barat laut Tahuna,
2026-06-09 07:00:55+00:00,-3.59,122.32,3.5,10.0,III Konawe Utara,Pusat gempa berada di laut 25 km Timur Konawe Utara,
2026-06-09 17:40:18+00:00,1.29,126.42,3.7,13.0,II-III Pulau Batang Dua,Pusat gempa berada di darat 120 km Barat Jailolo,
2026-06-10 04:01:53+00:00,1.25,117.86,3.3,7.0,II-III Sangkulirang,Pusat gempa berada di darat 103 km timur Kutai Timur,
2026-06-10 13:08:44+00:00,1.23,96.6,4.8,6.0,II-III Sirombu,Pusat gempa berada di laut 88 km barat Nias Utara,
2026-06-10 14:45:26+00:00,1.03,96.98,4.4,7.0,"IV Lahewa, Kab. Nias Utara, IV Sirombu, Kab. Nias Barat, III Gunung Sitoli",Pusat gempa berada di laut 53 km barat Kabupaten Nias Barat,
2026-06-11 01:56:12+00:00,4.89,125.5,5.4,10.0,II-III Kep. Sangihe,"Pusat gempa berada di laut 142 km timur laut Tahuna, Kep. Sangihe",
2026-06-11 01:57:04+00:00,-9.31,118.46,4.2,43.0,"II Kab. Bima, II Kab. Sumbawa","Pusat gempa berada di laut 66 km barat laut Kodi, Sumba Barat Daya",
2026-06-11 07:33:16+00:00,4.87,125.35,5.6,10.0,III Kep. Sangihe,Pusat gempa berada di laut 140 km barat laut Tahuna-Kep. Sangihe,
2026-06-12 09:48:27+00:00,-3.22,135.47,3.6,20.0,II - III Nabire,Pusat gempa berada di laut 17 km utara Nabire,
2026-06-12 13:18:20+00:00,-0.9,121.44,3.5,5.0,II-III Ampana,Pusat gempa berada di laut 25 km Barat Laut Tojo Una-Una,
2026-06-13 12:05:35+00:00,1.1,126.2,5.1,10.0,"III Manado, III Ternate, III Bitung, II Minahasa, II-III Tomohon",Pusat gempa berada di laut 125 km Tenggara BITUNG,
2026-06-13 22:13:05+00:00,-6.98,107.16,2.6,10.0,"II-III Sukabumi, II-III Cibeber, II-III Sukaluyu, II-III Campaka, II-III Cianjur",Pusat gempa berada di darat 18 km selatan Cianjur,
2026-06-14 10:14:39+00:00,4.91,96.11,3.8,11.0,II Kab. Pidie,"Pusat gempa berada di darat 21 km barat daya Kab. Pidie Jaya, Aceh",
2026-06-15 09:18:40+00:00,5.99,126.83,6.2,93.0,"III Rainis, III Miangas , III Naha, III Tahuna, III Melonguane, III Beo",Pusat gempa berada di laut 139 km BaratLaut Pulau Karatung,
2026-06-15 15:30:22+00:00,5.6,125.39,5.7,10.0,II-III Naha,Pusat gempa berada didarat 209 BaratLaut Pulau Karatung,